#ifdef __has_include
#if __has_include("lvgl.h")
#ifndef LV_LVGL_H_INCLUDE_SIMPLE
#define LV_LVGL_H_INCLUDE_SIMPLE
#endif
#endif
#endif

#if defined(LV_LVGL_H_INCLUDE_SIMPLE)
#include "lvgl.h"
#else
#include "lvgl/lvgl.h"
#endif

#ifndef LV_ATTRIBUTE_MEM_ALIGN
#define LV_ATTRIBUTE_MEM_ALIGN
#endif

#ifndef LV_ATTRIBUTE_IMAGE_DOGGY_FACE
#define LV_ATTRIBUTE_IMAGE_DOGGY_FACE
#endif

const LV_ATTRIBUTE_MEM_ALIGN LV_ATTRIBUTE_LARGE_CONST LV_ATTRIBUTE_IMAGE_DOGGY_FACE uint8_t doggy_face_map[] = {
        0x00, 0x00, 0x00, 0x00, 0x00, 0x00, 0x00, 0x00, 0x00, 0x00, 0x00, 0x00, 0x00, 0x00, 0x00, 0x00, 0x00, 0x00, 0x00, 0x00,
        0x00, 0x00, 0x00, 0x00, 0x00, 0x00, 0x00, 0x00, 0x00, 0x00, 0x00, 0x00, 0x00, 0x00, 0x00, 0x00, 0x00, 0x00, 0x00, 0x00,
        0x00, 0x00, 0x00, 0x00, 0x00, 0x00, 0x00, 0x00, 0x00, 0x00, 0x00, 0x00, 0x00, 0x00, 0x00, 0x00, 0x00, 0x00, 0x00, 0x00,
        0x00, 0x00, 0x00, 0x00, 0x00, 0x00, 0x00, 0x00, 0x00, 0x00, 0x00, 0x00, 0x00, 0x00, 0x00, 0x00, 0x00, 0x00, 0x00, 0x00,
        0x00, 0x00, 0x00, 0x00, 0x00, 0x00, 0x00, 0x00, 0x00, 0x00, 0x00, 0x00, 0x00, 0x00, 0x00, 0x00, 0x00, 0x00, 0x00, 0x00,
        0x00, 0x00, 0x00, 0x00, 0x00, 0x00, 0x00, 0x00, 0x00, 0x00, 0x00, 0x00, 0x00, 0x00, 0x00, 0x00, 0x00, 0x00, 0x00, 0x00,
        0x00, 0x00, 0x00, 0x00, 0x00, 0x00, 0x00, 0x00, 0x00, 0x00, 0x00, 0x00, 0x00, 0x00, 0x00, 0x00, 0x00, 0x00, 0x00, 0x00,
        0x00, 0x00, 0x00, 0x00, 0x00, 0x00, 0x00, 0x00, 0x00, 0x00, 0x00, 0x00, 0x00, 0x00, 0x00, 0x00, 0x00, 0x00, 0x00, 0x00,
        0x00, 0x00, 0x00, 0x00, 0x00, 0x00, 0x00, 0x00, 0x00, 0x00, 0x00, 0x00, 0x00, 0x00, 0x00, 0x00, 0x00, 0x00, 0x00, 0x00,
        0x00, 0x00, 0x00, 0x00, 0x00, 0x00, 0x00, 0x00, 0x00, 0x00, 0x00, 0x00, 0x00, 0x00, 0x00, 0x00, 0x00, 0x00, 0x00, 0x00,
        0x00, 0x00, 0x00, 0x00, 0x00, 0x00, 0x00, 0x00, 0x00, 0x00, 0x00, 0x00, 0x00, 0x00, 0x00, 0x00, 0x00, 0x00, 0x00, 0x00,
        0x00, 0x00, 0x00, 0x00, 0x00, 0x00, 0x00, 0x00, 0x00, 0x00, 0x00, 0x00, 0x00, 0x00, 0x00, 0x00, 0x00, 0x00, 0x00, 0x00,
        0x00, 0x00, 0x00, 0x00, 0x00, 0x00, 0x00, 0x00, 0x00, 0x00, 0x00, 0x00, 0x00, 0x00, 0x00, 0x00, 0x00, 0x00, 0x00, 0x00,
        0x00, 0x00, 0x00, 0x00, 0x00, 0x00, 0x00, 0x00, 0x00, 0x00, 0x00, 0x00, 0x00, 0x00, 0x00, 0x00, 0x00, 0x00, 0x00, 0x00,
        0x00, 0x00, 0x00, 0x00, 0x00, 0x00, 0x00, 0x00, 0x00, 0x00, 0x00, 0x00, 0x00, 0x00, 0x00, 0x00, 0x00, 0x00, 0x00, 0x00,
        0x00, 0x00, 0x00, 0x00, 0x00, 0x00, 0x00, 0x00, 0x00, 0x00, 0x00, 0x00, 0x00, 0x00, 0x00, 0x00, 0x00, 0x00, 0x00, 0x00,
        0x00, 0x00, 0x00, 0x00, 0x00, 0x00, 0x00, 0x00, 0x00, 0x00, 0x00, 0x00, 0x00, 0x00, 0x00, 0x00, 0x00, 0x00, 0x00, 0x00,
        0x00, 0x00, 0x00, 0x00, 0x00, 0x00, 0x00, 0x00, 0x00, 0x00, 0x00, 0x00, 0x00, 0x00, 0x00, 0x00, 0x00, 0x00, 0x00, 0x00,
        0x00, 0x00, 0x00, 0x00, 0x00, 0x00, 0x00, 0x00, 0x00, 0x00, 0x00, 0x00, 0x00, 0x00, 0x00, 0x00, 0x00, 0x00, 0x00, 0x00,
        0x00, 0x00, 0x00, 0x00, 0x00, 0x00, 0x00, 0x00, 0x00, 0x00, 0x00, 0x00, 0x00, 0x00, 0x00, 0x00, 0x00, 0x00, 0x00, 0x00,
        0x00, 0x00, 0x00, 0x00, 0x00, 0x00, 0x00, 0x00, 0x00, 0x00, 0x00, 0x00, 0x00, 0x00, 0x00, 0x00, 0x00, 0x00, 0x00, 0x00,
        0x00, 0x00, 0x00, 0x00, 0x00, 0x00, 0x00, 0x00, 0x00, 0x00, 0x00, 0x00, 0x00, 0x00, 0x00, 0x00, 0x00, 0x00, 0x00, 0x00,
        0x00, 0x00, 0x00, 0x00, 0x00, 0x00, 0x00, 0x00, 0x00, 0x00, 0x00, 0x00, 0x00, 0x00, 0x00, 0x00, 0x00, 0x00, 0x00, 0x00,
        0x00, 0x00, 0x00, 0x00, 0x00, 0x00, 0x00, 0x00, 0x00, 0x00, 0x00, 0x00, 0x00, 0x00, 0x00, 0x00, 0x00, 0x00, 0x00, 0x00,
        0x00, 0x00, 0x00, 0x00, 0x00, 0x00, 0x00, 0x00, 0x00, 0x00, 0x00, 0x00, 0x00, 0x00, 0x00, 0x00, 0x00, 0x00, 0x00, 0x00,
        0x00, 0x00, 0x00, 0x00, 0x00, 0x00, 0x00, 0x00, 0x00, 0x00, 0x00, 0x00, 0x00, 0x00, 0x00, 0x00, 0x00, 0x00, 0x00, 0x00,
        0x00, 0x00, 0x00, 0x00, 0x00, 0x00, 0x00, 0x00, 0x00, 0x00, 0x00, 0x00, 0x00, 0x00, 0x00, 0x00, 0x00, 0x00, 0x00, 0x00,
        0x00, 0x00, 0x00, 0x00, 0x00, 0x00, 0x00, 0x00, 0x00, 0x00, 0x00, 0x00, 0x00, 0x00, 0x00, 0x00, 0x00, 0x00, 0x00, 0x00,
        0x00, 0x00, 0x00, 0x00, 0x00, 0x00, 0x00, 0x00, 0x00, 0x00, 0x00, 0x00, 0x00, 0x00, 0x00, 0x00, 0x00, 0x00, 0x00, 0x00,
        0x00, 0x00, 0x00, 0x00, 0x00, 0x00, 0x00, 0x00, 0x00, 0x00, 0x00, 0x00, 0x00, 0x00, 0x00, 0x00, 0x00, 0x00, 0x00, 0x00,
        0x00, 0x00, 0x00, 0x00, 0x00, 0x00, 0x00, 0x00, 0x00, 0x00, 0x00, 0x00, 0x00, 0x00, 0x00, 0x00, 0x00, 0x00, 0x00, 0x00,
        0x00, 0x00, 0x00, 0x00, 0x00, 0x00, 0x00, 0x00, 0x00, 0x00, 0x00, 0x00, 0x00, 0x00, 0x00, 0x00, 0x00, 0x00, 0x00, 0x00,
        0x88, 0x42, 0x88, 0x42, 0x88, 0x3a, 0x88, 0x42, 0x88, 0x3a, 0x88, 0x42, 0x88, 0x42, 0xa8, 0x42, 0x88, 0x42, 0x88, 0x3a,
        0x88, 0x3a, 0x88, 0x3a, 0x88, 0x3a, 0x88, 0x42, 0x88, 0x42, 0x88, 0x42, 0x88, 0x3a, 0x88, 0x3a, 0x88, 0x3a, 0x88, 0x3a,
        0x88, 0x3a, 0x88, 0x3a, 0x88, 0x3a, 0x88, 0x3a, 0x88, 0x3a, 0x88, 0x3a, 0x88, 0x3a, 0x88, 0x3a, 0x88, 0x3a, 0x88, 0x3a,
        0x88, 0x3a, 0x88, 0x3a, 0x88, 0x3a, 0x88, 0x3a, 0x88, 0x3a, 0x88, 0x3a, 0x88, 0x3a, 0x88, 0x3a, 0x88, 0x3a, 0x88, 0x3a,
        0x88, 0x42, 0x88, 0x42, 0xa9, 0x42, 0xa9, 0x42, 0xa9, 0x42, 0xa9, 0x42, 0xa9, 0x42, 0xa9, 0x42, 0xa9, 0x42, 0x88, 0x42,
        0x88, 0x42, 0xa8, 0x42, 0x88, 0x42, 0xa8, 0x42, 0xa9, 0x42, 0xa9, 0x42, 0xa9, 0x42, 0xa9, 0x42, 0xa9, 0x42, 0xa9, 0x42,
        0xa9, 0x42, 0xa9, 0x42, 0xa9, 0x42, 0xa9, 0x42, 0xa9, 0x42, 0xa8, 0x42, 0xa8, 0x42, 0xa8, 0x42, 0xa9, 0x42, 0xa9, 0x42,
        0xa9, 0x42, 0xa9, 0x42, 0xa8, 0x42, 0xa8, 0x42, 0xa8, 0x42, 0xa9, 0x42, 0xa9, 0x42, 0xa9, 0x42, 0xa9, 0x42, 0xa9, 0x42,
        0xa9, 0x42, 0xa8, 0x42, 0xa9, 0x42, 0xa8, 0x42, 0x88, 0x3a, 0x88, 0x3a, 0x88, 0x42, 0xa9, 0x42, 0xa9, 0x42, 0xa9, 0x42,
        0xc9, 0x42, 0xc9, 0x42, 0xa9, 0x42, 0xa8, 0x42, 0x88, 0x42, 0x88, 0x42, 0x88, 0x42, 0x88, 0x3a, 0x88, 0x3a, 0x88, 0x3a,
        0x88, 0x3a, 0x88, 0x3a, 0x88, 0x42, 0xa9, 0x42, 0xa9, 0x42, 0xa8, 0x42, 0x88, 0x42, 0x88, 0x42, 0x88, 0x42, 0xa9, 0x42,
        0xa9, 0x42, 0xa9, 0x42, 0xa9, 0x42, 0xa9, 0x42, 0xa9, 0x42, 0xa9, 0x42, 0xc9, 0x42, 0xc9, 0x42, 0xc9, 0x42, 0xc9, 0x42,
        0xc9, 0x42, 0xa9, 0x42, 0xa9, 0x42, 0xa9, 0x42, 0xa9, 0x42, 0xa9, 0x42, 0xa8, 0x42, 0xa8, 0x42, 0xa8, 0x42, 0xa8, 0x42,
        0xa9, 0x42, 0xa9, 0x42, 0xa9, 0x42, 0xa9, 0x42, 0xa9, 0x42, 0xa9, 0x42, 0xa9, 0x42, 0xa9, 0x42, 0xa8, 0x42, 0xa9, 0x42,
        0xa8, 0x42, 0x88, 0x42, 0x88, 0x3a, 0x88, 0x42, 0xa9, 0x42, 0xa9, 0x42, 0xa8, 0x42, 0x88, 0x3a, 0x88, 0x3a, 0x88, 0x3a,
        0x88, 0x3a, 0x89, 0x42, 0xa9, 0x42, 0xa8, 0x42, 0x88, 0x42, 0x88, 0x42, 0x88, 0x42, 0xa8, 0x42, 0xa9, 0x42, 0xa9, 0x42,
        0xa9, 0x42, 0xa9, 0x42, 0xa9, 0x42, 0x88, 0x42, 0xa8, 0x42, 0xa9, 0x42, 0xa9, 0x42, 0xa8, 0x42, 0xa8, 0x42, 0x88, 0x42,
        0x88, 0x42, 0xa8, 0x42, 0xa9, 0x42, 0xa9, 0x42, 0xa9, 0x42, 0xa8, 0x42, 0xa8, 0x42, 0x88, 0x42, 0x88, 0x42, 0x88, 0x42,
        0x88, 0x42, 0x88, 0x42, 0x88, 0x42, 0x88, 0x42, 0x88, 0x42, 0xa8, 0x42, 0xa8, 0x42, 0xa8, 0x42, 0xa9, 0x42, 0xa9, 0x42,
        0xa9, 0x42, 0xa8, 0x42, 0xa8, 0x42, 0xa9, 0x42, 0xa8, 0x42, 0xa8, 0x42, 0x88, 0x42, 0x88, 0x42, 0xa9, 0x42, 0xa9, 0x42,
        0xa9, 0x42, 0xa9, 0x42, 0xa9, 0x42, 0xa8, 0x42, 0xa8, 0x42, 0xa8, 0x42, 0xa8, 0x42, 0xa8, 0x42, 0xa8, 0x42, 0x88, 0x42,
        0x88, 0x42, 0x88, 0x42, 0xa8, 0x42, 0xa8, 0x42, 0x88, 0x42, 0xa8, 0x42, 0x88, 0x3a, 0x88, 0x3a, 0x88, 0x3a, 0x88, 0x3a,
        0x88, 0x3a, 0x88, 0x3a, 0x88, 0x42, 0x88, 0x42, 0x88, 0x42, 0x88, 0x42, 0x88, 0x42, 0xa9, 0x42, 0xa8, 0x42, 0xa8, 0x42,
        0xa9, 0x42, 0xa9, 0x42, 0xa8, 0x42, 0xa9, 0x42, 0xa9, 0x42, 0xa8, 0x42, 0xa8, 0x42, 0xa8, 0x42, 0xa8, 0x42, 0xa9, 0x42,
        0xa8, 0x42, 0xa9, 0x42, 0xa8, 0x42, 0x88, 0x42, 0x88, 0x42, 0x88, 0x42, 0x88, 0x42, 0x88, 0x3a, 0x88, 0x42, 0x88, 0x42,
        0x88, 0x3a, 0x88, 0x3a, 0x68, 0x3a, 0x88, 0x3a, 0x88, 0x3a, 0x88, 0x42, 0x88, 0x42, 0xa8, 0x42, 0xa8, 0x42, 0xa8, 0x42,
        0x88, 0x42, 0x88, 0x42, 0x88, 0x42, 0x88, 0x42, 0x88, 0x42, 0x88, 0x42, 0x88, 0x42, 0x88, 0x3a, 0x88, 0x42, 0x88, 0x42,
        0x88, 0x42, 0xa8, 0x42, 0xa8, 0x42, 0xa9, 0x42, 0xa9, 0x42, 0xa9, 0x42, 0xa9, 0x42, 0xa9, 0x42, 0xa9, 0x42, 0xa8, 0x42,
        0xa8, 0x42, 0x88, 0x42, 0xa8, 0x42, 0xa9, 0x42, 0xa9, 0x42, 0xa9, 0x42, 0xa9, 0x42, 0xc9, 0x42, 0xa9, 0x42, 0x88, 0x42,
        0x88, 0x3a, 0x88, 0x3a, 0x88, 0x3a, 0x88, 0x3a, 0x88, 0x3a, 0x88, 0x3a, 0x88, 0x42, 0x88, 0x42, 0x88, 0x42, 0x88, 0x42,
        0x88, 0x42, 0x88, 0x3a, 0x88, 0x3a, 0x88, 0x3a, 0x88, 0x3a, 0x88, 0x3a, 0x88, 0x3a, 0x88, 0x3a, 0x88, 0x3a, 0x88, 0x3a,
        0x88, 0x42, 0x88, 0x42, 0x88, 0x42, 0x88, 0x42, 0x88, 0x42, 0x88, 0x42, 0x88, 0x42, 0x88, 0x42, 0x88, 0x42, 0x88, 0x42,
        0x18, 0xaf, 0x18, 0xaf, 0x18, 0xaf, 0x18, 0xaf, 0x18, 0xaf, 0x18, 0xb7, 0x18, 0xb7, 0x18, 0xb7, 0x18, 0xaf, 0x18, 0xaf,
        0x18, 0xb7, 0x18, 0xb7, 0x18, 0xb7, 0x18, 0xb7, 0x18, 0xb7, 0x18, 0xb7, 0x18, 0xb7, 0x18, 0xb7, 0x18, 0xb7, 0x18, 0xb7,
        0x18, 0xb7, 0x18, 0xb7, 0x18, 0xb7, 0x18, 0xb7, 0x18, 0xb7, 0x18, 0xb7, 0x18, 0xb7, 0x18, 0xb7, 0x18, 0xb7, 0x18, 0xaf,
        0x18, 0xb7, 0x18, 0xb7, 0x18, 0xb7, 0x18, 0xb7, 0x18, 0xb7, 0x18, 0xb7, 0x18, 0xb7, 0x18, 0xb7, 0x18, 0xb7, 0x18, 0xb7,
        0x18, 0xb7, 0x18, 0xb7, 0x38, 0xb7, 0x38, 0xb7, 0x38, 0xb7, 0x38, 0xb7, 0x18, 0xb7, 0x18, 0xb7, 0x18, 0xb7, 0x18, 0xb7,
        0x18, 0xb7, 0x38, 0xb7, 0x38, 0xb7, 0x38, 0xb7, 0x38, 0xb7, 0x38, 0xb7, 0x38, 0xb7, 0x38, 0xb7, 0x38, 0xb7, 0x38, 0xb7,
        0x38, 0xb7, 0x38, 0xb7, 0x38, 0xb7, 0x38, 0xb7, 0x38, 0xb7, 0x18, 0xb7, 0x38, 0xb7, 0x38, 0xb7, 0x18, 0xb7, 0x38, 0xb7,
        0x38, 0xb7, 0x38, 0xb7, 0x38, 0xb7, 0x38, 0xb7, 0x38, 0xb7, 0x38, 0xb7, 0x38, 0xb7, 0x38, 0xb7, 0x18, 0xb7, 0x18, 0xb7,
        0x18, 0xb7, 0x38, 0xb7, 0x18, 0xb7, 0x18, 0xaf, 0x18, 0xaf, 0x18, 0xb7, 0x18, 0xb7, 0x18, 0xb7, 0x18, 0xb7, 0x18, 0xb7,
        0x18, 0xb7, 0x18, 0xb7, 0x18, 0xb7, 0x18, 0xb7, 0x18, 0xaf, 0x18, 0xaf, 0x18, 0xb7, 0x18, 0xaf, 0x18, 0xb7, 0x18, 0xb7,
        0x18, 0xb7, 0x18, 0xb7, 0x18, 0xb7, 0x18, 0xb7, 0x18, 0xb7, 0x18, 0xb7, 0x18, 0xb7, 0x18, 0xb7, 0x18, 0xb7, 0x38, 0xb7,
        0x38, 0xb7, 0x38, 0xb7, 0x38, 0xb7, 0x38, 0xb7, 0x38, 0xb7, 0x38, 0xb7, 0x38, 0xb7, 0x39, 0xb7, 0x39, 0xb7, 0x38, 0xb7,
        0x38, 0xb7, 0x38, 0xb7, 0x38, 0xb7, 0x38, 0xb7, 0x38, 0xb7, 0x38, 0xb7, 0x18, 0xb7, 0x18, 0xb7, 0x18, 0xb7, 0x18, 0xb7,
        0x18, 0xb7, 0x38, 0xb7, 0x38, 0xb7, 0x38, 0xb7, 0x38, 0xb7, 0x38, 0xb7, 0x38, 0xb7, 0x18, 0xb7, 0x18, 0xb7, 0x18, 0xb7,
        0x18, 0xb7, 0x18, 0xb7, 0x18, 0xb7, 0x18, 0xb7, 0x18, 0xb7, 0x18, 0xb7, 0x18, 0xb7, 0x18, 0xb7, 0x18, 0xb7, 0x18, 0xb7,
        0x18, 0xb7, 0x18, 0xb7, 0x18, 0xb7, 0x18, 0xb7, 0x18, 0xb7, 0x38, 0xb7, 0x38, 0xb7, 0x18, 0xb7, 0x38, 0xb7, 0x38, 0xb7,
        0x38, 0xb7, 0x38, 0xb7, 0x38, 0xb7, 0x38, 0xb7, 0x38, 0xb7, 0x38, 0xb7, 0x38, 0xb7, 0x18, 0xb7, 0x38, 0xb7, 0x18, 0xb7,
        0x18, 0xb7, 0x18, 0xb7, 0x18, 0xb7, 0x18, 0xb7, 0x18, 0xb7, 0x18, 0xb7, 0x38, 0xb7, 0x38, 0xb7, 0x38, 0xb7, 0x18, 0xb7,
        0x18, 0xb7, 0x18, 0xb7, 0x18, 0xb7, 0x18, 0xb7, 0x18, 0xb7, 0x18, 0xb7, 0x18, 0xb7, 0x18, 0xb7, 0x18, 0xb7, 0x18, 0xb7,
        0x18, 0xb7, 0x38, 0xb7, 0x38, 0xb7, 0x38, 0xb7, 0x18, 0xb7, 0x38, 0xb7, 0x38, 0xb7, 0x38, 0xb7, 0x38, 0xb7, 0x38, 0xb7,
        0x38, 0xb7, 0x18, 0xb7, 0x38, 0xb7, 0x38, 0xb7, 0x38, 0xb7, 0x38, 0xb7, 0x18, 0xb7, 0x18, 0xb7, 0x18, 0xb7, 0x38, 0xb7,
        0x18, 0xb7, 0x38, 0xb7, 0x38, 0xb7, 0x38, 0xb7, 0x38, 0xb7, 0x18, 0xb7, 0x38, 0xb7, 0x18, 0xb7, 0x18, 0xaf, 0x18, 0xaf,
        0x18, 0xb7, 0x18, 0xaf, 0x18, 0xb7, 0x18, 0xb7, 0x18, 0xb7, 0x38, 0xb7, 0x18, 0xb7, 0x18, 0xb7, 0x18, 0xb7, 0x18, 0xb7,
        0x38, 0xb7, 0x18, 0xb7, 0x38, 0xb7, 0x38, 0xb7, 0x38, 0xb7, 0x38, 0xb7, 0x38, 0xb7, 0x38, 0xb7, 0x38, 0xb7, 0x38, 0xb7,
        0x38, 0xb7, 0x38, 0xb7, 0x18, 0xb7, 0x18, 0xb7, 0x38, 0xb7, 0x38, 0xb7, 0x18, 0xb7, 0x18, 0xb7, 0x18, 0xb7, 0x18, 0xb7,
        0x18, 0xb7, 0x18, 0xb7, 0x18, 0xb7, 0x18, 0xb7, 0x18, 0xb7, 0x18, 0xb7, 0x18, 0xb7, 0x18, 0xb7, 0x18, 0xb7, 0x38, 0xb7,
        0x18, 0xb7, 0x18, 0xb7, 0x18, 0xb7, 0x18, 0xb7, 0x18, 0xb7, 0x38, 0xb7, 0x38, 0xb7, 0x18, 0xb7, 0x18, 0xb7, 0x18, 0xb7,
        0x18, 0xb7, 0x38, 0xb7, 0x18, 0xb7, 0x38, 0xaf, 0x38, 0xb7, 0x38, 0xb7, 0x38, 0xb7, 0x38, 0xb7, 0x38, 0xb7, 0x38, 0xb7,
        0x38, 0xb7, 0x38, 0xb7, 0x38, 0xb7, 0x38, 0xb7, 0x38, 0xb7, 0x38, 0xb7, 0x38, 0xb7, 0x38, 0xb7, 0x18, 0xb7, 0x18, 0xb7,
        0x18, 0xb7, 0x18, 0xb7, 0x18, 0xb7, 0x18, 0xb7, 0x18, 0xb7, 0x18, 0xb7, 0x18, 0xb7, 0x18, 0xb7, 0x18, 0xb7, 0x18, 0xb7,
        0x18, 0xb7, 0x18, 0xb7, 0x18, 0xb7, 0x18, 0xb7, 0x18, 0xb7, 0x18, 0xb7, 0x18, 0xb7, 0x18, 0xb7, 0x18, 0xb7, 0x18, 0xb7,
        0x38, 0xb7, 0x38, 0xb7, 0x18, 0xb7, 0x38, 0xb7, 0x18, 0xb7, 0x38, 0xb7, 0x18, 0xb7, 0x18, 0xb7, 0x18, 0xb7, 0x18, 0xb7,
        0xd7, 0xae, 0xd7, 0xae, 0xd7, 0xae, 0xd7, 0xae, 0xd7, 0xae, 0xd7, 0xae, 0xd7, 0xae, 0xd7, 0xae, 0xd7, 0xae, 0xd7, 0xae,
        0xd7, 0xae, 0xd7, 0xae, 0xd7, 0xae, 0xd7, 0xae, 0xd7, 0xae, 0xd7, 0xae, 0xd7, 0xae, 0xd7, 0xae, 0xd7, 0xae, 0xd7, 0xae,
        0xd7, 0xae, 0xd7, 0xae, 0xd7, 0xae, 0xd7, 0xae, 0xd7, 0xae, 0xd7, 0xae, 0xd7, 0xae, 0xd7, 0xae, 0xd7, 0xae, 0xd7, 0xae,
        0xd7, 0xae, 0xd7, 0xae, 0xd7, 0xae, 0xd7, 0xae, 0xd7, 0xae, 0xd7, 0xae, 0xd7, 0xae, 0xd7, 0xae, 0xd7, 0xae, 0xd7, 0xae,
        0xd7, 0xae, 0xd7, 0xae, 0xd7, 0xae, 0xd7, 0xae, 0xd7, 0xae, 0xd7, 0xae, 0xd7, 0xae, 0xd7, 0xae, 0xd7, 0xae, 0xd7, 0xae,
        0xd7, 0xae, 0xd7, 0xae, 0xd7, 0xae, 0xd7, 0xae, 0xf7, 0xae, 0xf7, 0xae, 0xd7, 0xae, 0xf7, 0xae, 0xd7, 0xae, 0xd7, 0xae,
        0xd7, 0xae, 0xd7, 0xae, 0xd7, 0xae, 0xd7, 0xae, 0xd7, 0xae, 0xd7, 0xae, 0xd7, 0xae, 0xd7, 0xae, 0xd7, 0xae, 0xd7, 0xae,
        0xd7, 0xae, 0xd7, 0xae, 0xd7, 0xae, 0xd7, 0xae, 0xd7, 0xae, 0xd7, 0xae, 0xd7, 0xae, 0xd7, 0xae, 0xd7, 0xae, 0xd7, 0xae,
        0xd7, 0xae, 0xd7, 0xae, 0xd7, 0xae, 0xd7, 0xae, 0xd7, 0xae, 0xd7, 0xae, 0xd7, 0xae, 0xd7, 0xae, 0xd7, 0xae, 0xd7, 0xae,
        0xd7, 0xae, 0xd7, 0xae, 0xd7, 0xae, 0xd7, 0xae, 0xd7, 0xae, 0xd7, 0xae, 0xd7, 0xae, 0xd7, 0xae, 0xd7, 0xae, 0xd7, 0xae,
        0xd7, 0xae, 0xd7, 0xae, 0xd7, 0xae, 0xd7, 0xae, 0xd7, 0xae, 0xd7, 0xae, 0xd7, 0xae, 0xd7, 0xae, 0xd7, 0xae, 0xd7, 0xae,
        0xd7, 0xae, 0xd7, 0xae, 0xd7, 0xae, 0xd7, 0xae, 0xd7, 0xae, 0xd7, 0xae, 0xd7, 0xae, 0xd7, 0xae, 0xd7, 0xae, 0xd7, 0xae,
        0xd7, 0xae, 0xd7, 0xae, 0xd7, 0xae, 0xd7, 0xae, 0xd7, 0xae, 0xd7, 0xae, 0xd7, 0xae, 0xd7, 0xae, 0xd7, 0xae, 0xd7, 0xae,
        0xd7, 0xae, 0xd7, 0xae, 0xd7, 0xae, 0xd7, 0xae, 0xd7, 0xae, 0xd7, 0xae, 0xd7, 0xae, 0xd7, 0xae, 0xd7, 0xae, 0xd7, 0xae,
        0xd7, 0xae, 0xd7, 0xae, 0xd7, 0xae, 0xd7, 0xae, 0xd7, 0xae, 0xd7, 0xae, 0xd7, 0xae, 0xd7, 0xae, 0xd7, 0xae, 0xd7, 0xae,
        0xd7, 0xae, 0xd7, 0xae, 0xd7, 0xae, 0xd7, 0xae, 0xd7, 0xae, 0xd7, 0xae, 0xd7, 0xae, 0xd7, 0xae, 0xd7, 0xae, 0xd7, 0xae,
        0xd7, 0xae, 0xd7, 0xae, 0xf7, 0xae, 0xf7, 0xae, 0xd7, 0xae, 0xd7, 0xae, 0xd7, 0xae, 0xd7, 0xae, 0xd7, 0xae, 0xd7, 0xae,
        0xd7, 0xae, 0xd7, 0xae, 0xd7, 0xae, 0xd7, 0xae, 0xd7, 0xae, 0xd7, 0xae, 0xd7, 0xae, 0xd7, 0xae, 0xd7, 0xae, 0xd7, 0xae,
        0xd7, 0xae, 0xd7, 0xae, 0xd7, 0xae, 0xd7, 0xae, 0xd7, 0xae, 0xd7, 0xae, 0xd7, 0xae, 0xd7, 0xae, 0xd7, 0xae, 0xd7, 0xae,
        0xd7, 0xae, 0xd7, 0xae, 0xd7, 0xae, 0xd7, 0xae, 0xd7, 0xae, 0xd7, 0xae, 0xd7, 0xae, 0xf7, 0xae, 0xf7, 0xae, 0xd7, 0xae,
        0xd7, 0xae, 0xd7, 0xae, 0xd7, 0xae, 0xd7, 0xae, 0xd7, 0xae, 0xd7, 0xae, 0xd7, 0xae, 0xd7, 0xae, 0xd7, 0xae, 0xd7, 0xae,
        0xd7, 0xae, 0xd7, 0xae, 0xd7, 0xae, 0xd7, 0xae, 0xd7, 0xae, 0xd7, 0xae, 0xd7, 0xae, 0xd7, 0xae, 0xd7, 0xae, 0xd7, 0xae,
        0xd7, 0xae, 0xd7, 0xae, 0xd7, 0xae, 0xd7, 0xae, 0xd7, 0xae, 0xd7, 0xae, 0xd7, 0xae, 0xd7, 0xae, 0xd7, 0xae, 0xd7, 0xae,
        0xd7, 0xae, 0xd7, 0xae, 0xd7, 0xae, 0xd7, 0xae, 0xd7, 0xae, 0xd7, 0xae, 0xf7, 0xae, 0xd7, 0xae, 0xd7, 0xae, 0xd7, 0xae,
        0xd7, 0xae, 0xd7, 0xae, 0xf7, 0xae, 0xd7, 0xae, 0xd7, 0xae, 0xd7, 0xae, 0xd7, 0xae, 0xd7, 0xae, 0xd7, 0xae, 0xd7, 0xae,
        0xf7, 0xae, 0xf7, 0xae, 0xf7, 0xae, 0xd7, 0xae, 0xd7, 0xae, 0xd7, 0xae, 0xd7, 0xae, 0xd7, 0xae, 0xd7, 0xae, 0xd7, 0xae,
        0xd7, 0xae, 0xd7, 0xae, 0xd7, 0xae, 0xd7, 0xae, 0xd7, 0xae, 0xd7, 0xae, 0xd7, 0xae, 0xd7, 0xae, 0xd7, 0xae, 0xd7, 0xae,
        0xd7, 0xae, 0xd7, 0xae, 0xd7, 0xae, 0xd7, 0xa6, 0xd7, 0xa6, 0xd7, 0xae, 0xd7, 0xae, 0xd7, 0xae, 0xd7, 0xae, 0xd7, 0xae,
        0xd7, 0xae, 0xd7, 0xae, 0xd7, 0xae, 0xd7, 0xae, 0xd7, 0xae, 0xd7, 0xae, 0xd7, 0xae, 0xd7, 0xae, 0xd7, 0xae, 0xd7, 0xae,
        0xd7, 0xae, 0xd7, 0xae, 0xd7, 0xae, 0xd7, 0xae, 0xd7, 0xae, 0xd7, 0xae, 0xd7, 0xae, 0xd7, 0xae, 0xd7, 0xae, 0xd7, 0xae,
        0xd7, 0xae, 0xd7, 0xae, 0xd7, 0xae, 0xd7, 0xae, 0xd7, 0xae, 0xd7, 0xae, 0xd7, 0xae, 0xd7, 0xae, 0xd7, 0xae, 0xd7, 0xae,
        0xf7, 0xae, 0xd7, 0xae, 0xd7, 0xae, 0xf7, 0xae, 0xf7, 0xae, 0xd7, 0xae, 0xd7, 0xae, 0xd7, 0xae, 0xd7, 0xae, 0xd7, 0xae,
        0xd7, 0xae, 0xd7, 0xae, 0xd7, 0xae, 0xd7, 0xae, 0xd7, 0xae, 0xd7, 0xae, 0xd7, 0xae, 0xd7, 0xae, 0xd7, 0xae, 0xd7, 0xae,
        0xd7, 0xae, 0xd7, 0xae, 0xd7, 0xae, 0xd7, 0xae, 0xd7, 0xae, 0xd7, 0xae, 0xd7, 0xae, 0xd7, 0xae, 0xd7, 0xae, 0xd7, 0xae,
        0xd7, 0xae, 0xd7, 0xae, 0xd7, 0xae, 0xd7, 0xae, 0xd7, 0xae, 0xd7, 0xae, 0xd7, 0xae, 0xd7, 0xae, 0xd7, 0xae, 0xd7, 0xae,
        0xd7, 0xae, 0xd7, 0xae, 0xd7, 0xae, 0xd7, 0xae, 0xd7, 0xae, 0xd7, 0xae, 0xd7, 0xae, 0xf7, 0xae, 0xd7, 0xae, 0xd7, 0xae,
        0xd7, 0xae, 0xd7, 0xae, 0xd7, 0xae, 0xd7, 0xae, 0xf7, 0xae, 0xd7, 0xae, 0xd7, 0xae, 0xd7, 0xae, 0xd7, 0xae, 0xd7, 0xae,
        0xd7, 0xae, 0xd7, 0xae, 0xd7, 0xae, 0xd7, 0xae, 0xf7, 0xae, 0xd7, 0xae, 0xd7, 0xae, 0xd7, 0xae, 0xd7, 0xae, 0xd7, 0xae,
        0xd7, 0xae, 0xd7, 0xae, 0xd7, 0xae, 0xd7, 0xae, 0xd7, 0xae, 0xd7, 0xae, 0xd7, 0xae, 0xd7, 0xae, 0xd7, 0xae, 0xd7, 0xae,
        0xd7, 0xae, 0xd7, 0xae, 0xd7, 0xae, 0xd7, 0xae, 0xd7, 0xae, 0xd7, 0xae, 0xd7, 0xae, 0xd7, 0xae, 0xd7, 0xae, 0xd7, 0xae,
        0xd7, 0xae, 0xd7, 0xae, 0xd7, 0xae, 0xd7, 0xae, 0xd7, 0xae, 0xd7, 0xae, 0xd7, 0xae, 0xd7, 0xae, 0xd7, 0xae, 0xd7, 0xae,
        0xd7, 0xae, 0xd7, 0xae, 0xd7, 0xae, 0xd7, 0xae, 0xd7, 0xae, 0xd7, 0xae, 0xd7, 0xae, 0xd7, 0xae, 0xd7, 0xae, 0xd7, 0xae,
        0xd7, 0xae, 0xd7, 0xae, 0xd7, 0xae, 0xd7, 0xae, 0xd7, 0xae, 0xd7, 0xae, 0xd7, 0xae, 0xd7, 0xae, 0xd7, 0xae, 0xd7, 0xae,
        0xd7, 0xae, 0xd7, 0xae, 0xd7, 0xae, 0xd7, 0xae, 0xd7, 0xae, 0xd7, 0xae, 0xd7, 0xae, 0xd7, 0xae, 0xd7, 0xae, 0xd7, 0xae,
        0xd7, 0xae, 0xd7, 0xae, 0xd7, 0xae, 0xd7, 0xae, 0xd7, 0xae, 0xd7, 0xae, 0xd7, 0xae, 0xd7, 0xae, 0xd7, 0xae, 0xd7, 0xae,
        0xd7, 0xae, 0xd7, 0xae, 0xd7, 0xae, 0xd7, 0xae, 0xd7, 0xae, 0xf7, 0xae, 0xf7, 0xae, 0xd7, 0xae, 0xd7, 0xae, 0xd7, 0xae,
        0xd7, 0xae, 0xf7, 0xae, 0xd7, 0xae, 0xd7, 0xae, 0xd7, 0xae, 0xd7, 0xae, 0xd7, 0xae, 0xf7, 0xae, 0xd7, 0xae, 0xd7, 0xae,
        0xd7, 0xae, 0xd7, 0xae, 0xd7, 0xae, 0xd7, 0xae, 0xd7, 0xae, 0xd7, 0xae, 0xd7, 0xae, 0xd7, 0xae, 0xd7, 0xae, 0xd7, 0xae,
        0xd7, 0xae, 0xd7, 0xae, 0xd7, 0xae, 0xf7, 0xae, 0xf7, 0xae, 0xf7, 0xae, 0xf7, 0xae, 0xd7, 0xae, 0xd7, 0xae, 0xd7, 0xae,
        0xd7, 0xae, 0xd7, 0xae, 0xd7, 0xae, 0xd7, 0xae, 0xd7, 0xae, 0xd7, 0xae, 0xd7, 0xae, 0xd7, 0xae, 0xd7, 0xae, 0xd7, 0xae,
        0xd7, 0xae, 0xd7, 0xae, 0xd7, 0xae, 0xd7, 0xae, 0xd7, 0xae, 0xd7, 0xae, 0xd7, 0xae, 0xd7, 0xae, 0xd7, 0xae, 0xd7, 0xae,
        0xd7, 0xae, 0xd7, 0xae, 0xf7, 0xae, 0xf7, 0xae, 0xf7, 0xae, 0xf7, 0xae, 0xf7, 0xae, 0xf7, 0xae, 0xf7, 0xae, 0xd7, 0xae,
        0xd7, 0xae, 0xd7, 0xae, 0xd7, 0xae, 0xd7, 0xae, 0xd7, 0xae, 0xd7, 0xae, 0xf7, 0xae, 0xf7, 0xae, 0xd7, 0xae, 0xd7, 0xae,
        0xd7, 0xae, 0xd7, 0xae, 0xd7, 0xae, 0xd7, 0xae, 0xd7, 0xae, 0xd7, 0xae, 0xd7, 0xae, 0xd7, 0xae, 0xd7, 0xae, 0xd7, 0xae,
        0xd7, 0xae, 0xd7, 0xae, 0xd7, 0xae, 0xd7, 0xae, 0xd7, 0xae, 0xd7, 0xae, 0xd7, 0xae, 0xd7, 0xae, 0xd7, 0xae, 0xd7, 0xae,
        0xd7, 0xae, 0xd7, 0xae, 0xf7, 0xae, 0xd7, 0xae, 0xd7, 0xae, 0xd7, 0xae, 0xf7, 0xae, 0xd7, 0xae, 0xd7, 0xae, 0xd7, 0xae,
        0xf7, 0xae, 0xd7, 0xae, 0xf7, 0xae, 0xd7, 0xae, 0xd7, 0xae, 0xf7, 0xae, 0xf7, 0xae, 0xd7, 0xae, 0xd7, 0xae, 0xd7, 0xae,
        0xd7, 0xae, 0xf7, 0xae, 0xd7, 0xae, 0xd7, 0xae, 0xf7, 0xae, 0xd7, 0xae, 0xd7, 0xae, 0xd7, 0xae, 0xd7, 0xae, 0xd7, 0xae,
        0xd7, 0xae, 0xd7, 0xae, 0xd7, 0xae, 0xd7, 0xae, 0xd7, 0xae, 0xd7, 0xae, 0xd7, 0xae, 0xf7, 0xae, 0xd7, 0xae, 0xd7, 0xae,
        0xd7, 0xae, 0xd7, 0xae, 0xd7, 0xae, 0xd7, 0xae, 0xd7, 0xae, 0xd7, 0xae, 0xd7, 0xae, 0xd7, 0xae, 0xf7, 0xae, 0xd7, 0xae,
        0xd7, 0xae, 0xd7, 0xae, 0xd7, 0xae, 0xd7, 0xae, 0xd7, 0xae, 0xd7, 0xae, 0xd7, 0xae, 0xd7, 0xae, 0xd7, 0xae, 0xd7, 0xae,
        0xd7, 0xae, 0xd7, 0xae, 0xd7, 0xae, 0xd7, 0xae, 0xd7, 0xae, 0xd7, 0xae, 0xd7, 0xae, 0xd7, 0xae, 0xd7, 0xae, 0xd7, 0xae,
        0xd7, 0xae, 0xd7, 0xae, 0xd7, 0xae, 0xd7, 0xae, 0xd7, 0xae, 0xd7, 0xae, 0xd7, 0xae, 0xd7, 0xae, 0xd7, 0xae, 0xd7, 0xae,
        0xd7, 0xae, 0xd7, 0xae, 0xf7, 0xae, 0xf7, 0xae, 0xf7, 0xae, 0xd7, 0xae, 0xd7, 0xae, 0xd7, 0xae, 0xd7, 0xae, 0xd7, 0xae,
        0xd7, 0xae, 0xd7, 0xae, 0xd7, 0xae, 0xd7, 0xae, 0xd7, 0xae, 0xd7, 0xae, 0xd7, 0xae, 0xd7, 0xae, 0xd7, 0xae, 0xd7, 0xae,
        0xd7, 0xae, 0xd7, 0xae, 0xd7, 0xae, 0xd7, 0xae, 0xd7, 0xae, 0xd7, 0xae, 0xd7, 0xae, 0xd7, 0xae, 0xd7, 0xae, 0xd7, 0xae,
        0xd7, 0xae, 0xd7, 0xae, 0xd7, 0xae, 0xd7, 0xae, 0xd7, 0xae, 0xd7, 0xae, 0xd7, 0xae, 0xd7, 0xae, 0xd7, 0xae, 0xd7, 0xae,
        0xd7, 0xae, 0xd7, 0xae, 0xd7, 0xae, 0xd7, 0xae, 0xd7, 0xae, 0xd7, 0xae, 0xd7, 0xae, 0xd7, 0xae, 0xd7, 0xae, 0xd7, 0xae,
        0xd7, 0xae, 0xd7, 0xae, 0xd7, 0xae, 0xd7, 0xae, 0xd7, 0xae, 0xd7, 0xae, 0xd7, 0xae, 0xd7, 0xae, 0xd7, 0xae, 0xd7, 0xae,
        0xd7, 0xae, 0xd7, 0xae, 0xd7, 0xae, 0xd7, 0xae, 0xd7, 0xae, 0xd7, 0xae, 0xd7, 0xae, 0xd7, 0xae, 0xd7, 0xae, 0xd7, 0xae,
        0xd7, 0xae, 0xd7, 0xae, 0xd7, 0xae, 0xd7, 0xae, 0xd7, 0xae, 0xd7, 0xae, 0xd7, 0xae, 0xd7, 0xae, 0xd7, 0xae, 0xd7, 0xae,
        0xd7, 0xae, 0xd7, 0xae, 0xd7, 0xae, 0xd7, 0xae, 0xd7, 0xae, 0xd7, 0xae, 0xd7, 0xae, 0xd7, 0xae, 0xd7, 0xae, 0xd7, 0xae,
        0xd7, 0xae, 0xd7, 0xae, 0xd7, 0xae, 0xd7, 0xae, 0xd7, 0xae, 0xd7, 0xae, 0xd7, 0xae, 0xd7, 0xae, 0xd7, 0xae, 0xd7, 0xae,
        0xd7, 0xae, 0xd7, 0xae, 0xd7, 0xae, 0xd7, 0xae, 0xd7, 0xae, 0xd7, 0xae, 0xd7, 0xae, 0xd7, 0xae, 0xd7, 0xae, 0xd7, 0xae,
        0xd7, 0xae, 0xd7, 0xae, 0xd7, 0xae, 0xd7, 0xae, 0xd7, 0xae, 0xd7, 0xae, 0xd7, 0xae, 0xd7, 0xae, 0xd7, 0xae, 0xd7, 0xae,
        0xd7, 0xae, 0xd7, 0xae, 0xd7, 0xae, 0xd7, 0xae, 0xd7, 0xae, 0xd7, 0xae, 0xd7, 0xae, 0xd7, 0xae, 0xd7, 0xae, 0xd7, 0xae,
        0xd7, 0xae, 0xd7, 0xae, 0xd7, 0xae, 0xd7, 0xae, 0xd7, 0xae, 0xd7, 0xae, 0xd7, 0xae, 0xd7, 0xae, 0xd7, 0xae, 0xd7, 0xae,
        0xd7, 0xae, 0xd7, 0xae, 0xd7, 0xae, 0xd7, 0xae, 0xd7, 0xae, 0xf7, 0xae, 0xd7, 0xae, 0xd7, 0xae, 0xd7, 0xae, 0xd7, 0xae,
        0xd7, 0xae, 0xd7, 0xae, 0xd7, 0xae, 0xd7, 0xae, 0xd7, 0xae, 0xd7, 0xae, 0xd7, 0xae, 0xd7, 0xae, 0xd7, 0xae, 0xd7, 0xae,
        0xd7, 0xae, 0xf7, 0xae, 0xd7, 0xae, 0xd7, 0xae, 0xd7, 0xae, 0xd7, 0xae, 0xd7, 0xae, 0xd7, 0xae, 0xd7, 0xae, 0xd7, 0xae,
        0xd7, 0xae, 0xd7, 0xae, 0xf7, 0xae, 0xf7, 0xae, 0xd7, 0xae, 0xd7, 0xae, 0xd7, 0xae, 0xd7, 0xae, 0xd7, 0xae, 0xf7, 0xae,
        0xf7, 0xae, 0xd7, 0xae, 0xd7, 0xae, 0xd7, 0xae, 0xd7, 0xae, 0xd7, 0xae, 0xd7, 0xae, 0xd7, 0xae, 0xd7, 0xae, 0xd7, 0xae,
        0xd7, 0xae, 0xd7, 0xae, 0xd7, 0xae, 0xd7, 0xae, 0xd7, 0xae, 0xd7, 0xae, 0xd7, 0xae, 0xd7, 0xae, 0xd7, 0xae, 0xd7, 0xae,
        0xd7, 0xae, 0xd7, 0xae, 0xd7, 0xae, 0xd7, 0xae, 0xd7, 0xae, 0xd7, 0xae, 0xd7, 0xae, 0xd7, 0xae, 0xd7, 0xae, 0xd7, 0xae,
        0xd7, 0xae, 0xd7, 0xae, 0xd7, 0xae, 0xd7, 0xae, 0xd7, 0xae, 0xd7, 0xae, 0xd7, 0xae, 0xd7, 0xae, 0xd7, 0xae, 0xd7, 0xae,
        0xd7, 0xae, 0xd7, 0xae, 0xd7, 0xae, 0xd7, 0xae, 0xd7, 0xae, 0xd7, 0xae, 0xd7, 0xae, 0xd7, 0xae, 0xd7, 0xae, 0xd7, 0xae,
        0xd7, 0xae, 0xd7, 0xae, 0xd7, 0xae, 0xd7, 0xae, 0xd7, 0xae, 0xd7, 0xae, 0xd7, 0xae, 0xd7, 0xae, 0xd7, 0xae, 0xd7, 0xae,
        0xd7, 0xae, 0xd7, 0xae, 0xd7, 0xae, 0xd7, 0xae, 0xd7, 0xae, 0xd7, 0xae, 0xd7, 0xae, 0xd7, 0xae, 0xd7, 0xae, 0xd7, 0xae,
        0xd7, 0xae, 0xd7, 0xae, 0xd7, 0xae, 0xd7, 0xae, 0xd7, 0xae, 0xd7, 0xae, 0xd7, 0xae, 0xd7, 0xae, 0xf7, 0xae, 0xd7, 0xae,
        0xd7, 0xae, 0xd7, 0xae, 0xd7, 0xae, 0xd7, 0xae, 0xd7, 0xae, 0xd7, 0xae, 0xd7, 0xae, 0xd7, 0xae, 0xd7, 0xae, 0xd7, 0xae,
        0xd7, 0xae, 0xd7, 0xae, 0xd7, 0xae, 0xd7, 0xae, 0xd7, 0xae, 0xd7, 0xae, 0xd7, 0xae, 0xd7, 0xae, 0xd7, 0xae, 0xd7, 0xae,
        0xd7, 0xae, 0xd7, 0xae, 0xd7, 0xae, 0xd7, 0xae, 0xd7, 0xae, 0xd7, 0xae, 0xd7, 0xae, 0xd7, 0xae, 0xd7, 0xae, 0xd7, 0xae,
        0xd7, 0xae, 0xd7, 0xae, 0xd7, 0xae, 0xd7, 0xae, 0xd7, 0xae, 0xd7, 0xae, 0xd7, 0xae, 0xd7, 0xae, 0xd7, 0xae, 0xd7, 0xae,
        0xd7, 0xae, 0xd7, 0xae, 0xd7, 0xae, 0xd7, 0xae, 0xd7, 0xae, 0xd7, 0xae, 0xd7, 0xae, 0xd7, 0xae, 0xd7, 0xae, 0xd7, 0xae,
        0xd7, 0xae, 0xd7, 0xae, 0xd7, 0xae, 0xd7, 0xae, 0xd7, 0xae, 0xd7, 0xae, 0xd7, 0xae, 0xd7, 0xae, 0xd7, 0xae, 0xd7, 0xae,
        0xd7, 0xae, 0xd7, 0xae, 0xf7, 0xae, 0xd7, 0xae, 0xd7, 0xae, 0xd7, 0xae, 0xd7, 0xae, 0xd7, 0xae, 0xd7, 0xae, 0xd7, 0xae,
        0xd7, 0xae, 0xd7, 0xae, 0xd7, 0xae, 0xd7, 0xae, 0xd7, 0xae, 0xd7, 0xae, 0xd7, 0xae, 0xd7, 0xae, 0xd7, 0xae, 0xd7, 0xae,
        0xd7, 0xae, 0xd7, 0xae, 0xd7, 0xae, 0xd7, 0xae, 0xd7, 0xae, 0xd7, 0xae, 0xd7, 0xae, 0xd7, 0xae, 0xd7, 0xae, 0xd7, 0xae,
        0xd7, 0xae, 0xd7, 0xae, 0xd7, 0xae, 0xd7, 0xae, 0xd7, 0xae, 0xd7, 0xae, 0xd7, 0xae, 0xd7, 0xae, 0xd7, 0xae, 0xd7, 0xae,
        0xd7, 0xae, 0xd7, 0xae, 0xd7, 0xae, 0xd7, 0xae, 0xd7, 0xae, 0xd7, 0xae, 0xd7, 0xae, 0xd7, 0xae, 0xd7, 0xae, 0xd7, 0xae,
        0xd7, 0xae, 0xd7, 0xae, 0xd7, 0xae, 0xd7, 0xae, 0xd7, 0xae, 0xd7, 0xae, 0xd7, 0xae, 0xd7, 0xae, 0xd7, 0xae, 0xd7, 0xae,
        0xd7, 0xae, 0xd7, 0xae, 0xd7, 0xae, 0xd7, 0xae, 0xd7, 0xae, 0xd7, 0xae, 0xd7, 0xae, 0xd7, 0xae, 0xd7, 0xae, 0xd7, 0xae,
        0xd7, 0xae, 0xd7, 0xae, 0xd7, 0xae, 0xd7, 0xae, 0xd7, 0xae, 0xd7, 0xae, 0xd7, 0xae, 0xd7, 0xae, 0xd7, 0xae, 0xd7, 0xae,
        0xd7, 0xae, 0xd7, 0xae, 0xd7, 0xae, 0xd7, 0xae, 0xd7, 0xae, 0xd7, 0xae, 0xd7, 0xae, 0xd7, 0xae, 0xd7, 0xae, 0xd7, 0xae,
        0xd7, 0xae, 0xd7, 0xae, 0xd7, 0xae, 0xd7, 0xae, 0xd7, 0xae, 0xd7, 0xae, 0xd7, 0xae, 0xd7, 0xae, 0xd7, 0xae, 0xd7, 0xae,
        0xd7, 0xae, 0xd7, 0xae, 0xd7, 0xae, 0xd7, 0xae, 0xd7, 0xae, 0xd7, 0xae, 0xd7, 0xae, 0xd7, 0xae, 0xd7, 0xae, 0xd7, 0xae,
        0xd7, 0xae, 0xd7, 0xae, 0xd7, 0xae, 0xd7, 0xae, 0xd7, 0xae, 0xd7, 0xae, 0xd7, 0xae, 0xd7, 0xae, 0xd7, 0xae, 0xd7, 0xae,
        0xd7, 0xae, 0xd7, 0xae, 0xd7, 0xae, 0xd7, 0xae, 0xd7, 0xae, 0xd7, 0xae, 0xd7, 0xae, 0xd7, 0xae, 0xd7, 0xae, 0xd7, 0xae,
        0xd7, 0xae, 0xd7, 0xae, 0xd7, 0xae, 0xd7, 0xae, 0xd7, 0xae, 0xd7, 0xae, 0xd7, 0xae, 0xd7, 0xae, 0xd7, 0xae, 0xd7, 0xae,
        0xd7, 0xae, 0xd7, 0xae, 0xf7, 0xae, 0xd7, 0xae, 0xd7, 0xae, 0xf7, 0xae, 0xd7, 0xae, 0xd7, 0xae, 0xd7, 0xae, 0xd7, 0xae,
        0xd7, 0xae, 0xd7, 0xae, 0xd7, 0xae, 0xd7, 0xae, 0xd7, 0xae, 0xd7, 0xae, 0xf7, 0xae, 0xf7, 0xae, 0xf7, 0xae, 0xd7, 0xae,
        0xd7, 0xae, 0xf7, 0xae, 0xd7, 0xae, 0xd7, 0xae, 0xd7, 0xae, 0xd7, 0xae, 0xd7, 0xae, 0xd7, 0xae, 0xd7, 0xae, 0xd7, 0xae,
        0xf7, 0xae, 0xd7, 0xae, 0xd7, 0xae, 0xf7, 0xae, 0xf7, 0xae, 0xd7, 0xae, 0xd7, 0xae, 0xd7, 0xae, 0xd7, 0xae, 0xd7, 0xae,
        0xd7, 0xae, 0xd7, 0xae, 0xd7, 0xae, 0xd7, 0xae, 0xd7, 0xae, 0xd7, 0xae, 0xd7, 0xae, 0xd7, 0xae, 0xd7, 0xae, 0xd7, 0xae,
        0xd7, 0xae, 0xd7, 0xae, 0xd7, 0xae, 0xd7, 0xae, 0xd7, 0xae, 0xd7, 0xae, 0xd7, 0xae, 0xd7, 0xae, 0xd7, 0xae, 0xd7, 0xae,
        0xd7, 0xae, 0xd7, 0xae, 0xd7, 0xae, 0xd7, 0xae, 0xd7, 0xae, 0xd7, 0xae, 0xd7, 0xae, 0xd7, 0xae, 0xd7, 0xae, 0xd7, 0xae,
        0xd7, 0xae, 0xd7, 0xae, 0xd7, 0xae, 0xd7, 0xae, 0xd7, 0xae, 0xd7, 0xae, 0xd7, 0xae, 0xd7, 0xae, 0xd7, 0xae, 0xd7, 0xae,
        0xd7, 0xae, 0xd7, 0xae, 0xd7, 0xae, 0xd7, 0xae, 0xd7, 0xae, 0xd7, 0xae, 0xd7, 0xae, 0xd7, 0xae, 0xd7, 0xae, 0xd7, 0xae,
        0xd7, 0xae, 0xd7, 0xae, 0xd7, 0xae, 0xd7, 0xae, 0xd7, 0xae, 0xd7, 0xae, 0xd7, 0xae, 0xd7, 0xae, 0xd7, 0xae, 0xd7, 0xae,
        0xd7, 0xae, 0xd7, 0xae, 0xd7, 0xae, 0xd7, 0xae, 0xd7, 0xae, 0xd7, 0xae, 0xd7, 0xae, 0xd7, 0xae, 0xd7, 0xae, 0xd7, 0xae,
        0xd7, 0xae, 0xd7, 0xae, 0xd7, 0xae, 0xd7, 0xae, 0xd7, 0xae, 0xd7, 0xae, 0xd7, 0xae, 0xd7, 0xae, 0xd7, 0xae, 0xd7, 0xae,
        0xd7, 0xae, 0xd7, 0xae, 0xd7, 0xae, 0xd7, 0xae, 0xd7, 0xae, 0xd7, 0xae, 0xd7, 0xae, 0xd7, 0xae, 0xd7, 0xae, 0xd7, 0xae,
        0xd7, 0xae, 0xd7, 0xae, 0xd7, 0xae, 0xd7, 0xae, 0xd7, 0xae, 0xd7, 0xae, 0xd7, 0xae, 0xd7, 0xae, 0xd7, 0xae, 0xd7, 0xae,
        0xd7, 0xae, 0xd7, 0xae, 0xf7, 0xae, 0xd7, 0xae, 0xd7, 0xae, 0xd7, 0xae, 0xd7, 0xae, 0xf7, 0xae, 0xf7, 0xae, 0xd7, 0xae,
        0xd7, 0xae, 0xd7, 0xae, 0xd7, 0xae, 0xd7, 0xae, 0xd7, 0xae, 0xd7, 0xae, 0xd7, 0xae, 0xd7, 0xae, 0xd7, 0xae, 0xd7, 0xae,
        0xd7, 0xae, 0xd7, 0xae, 0xd7, 0xae, 0xd7, 0xae, 0xd7, 0xae, 0xd7, 0xae, 0xd7, 0xae, 0xd7, 0xae, 0xd7, 0xae, 0xd7, 0xae,
        0xd7, 0xae, 0xd7, 0xae, 0xd7, 0xae, 0xd7, 0xae, 0xd7, 0xae, 0xd7, 0xae, 0xd7, 0xae, 0xf7, 0xae, 0xf7, 0xae, 0xf7, 0xae,
        0xd7, 0xae, 0xd7, 0xae, 0xd7, 0xae, 0xd7, 0xae, 0xd7, 0xae, 0xd7, 0xae, 0xd7, 0xae, 0xd7, 0xae, 0xd7, 0xae, 0xd7, 0xae,
        0xd7, 0xae, 0xd7, 0xae, 0xd7, 0xae, 0xd7, 0xae, 0xd7, 0xae, 0xd7, 0xae, 0xd7, 0xae, 0xd7, 0xae, 0xd7, 0xae, 0xd7, 0xae,
        0xd7, 0xae, 0xd7, 0xae, 0xd7, 0xae, 0xd7, 0xae, 0xd7, 0xae, 0xd7, 0xae, 0xd7, 0xae, 0xd7, 0xae, 0xd7, 0xae, 0xd7, 0xae,
        0xd7, 0xae, 0xd7, 0xae, 0xd7, 0xae, 0xd7, 0xae, 0xd7, 0xae, 0xd7, 0xae, 0xd7, 0xae, 0xd7, 0xae, 0xd7, 0xae, 0xd7, 0xae,
        0xd7, 0xae, 0xd7, 0xae, 0xd7, 0xae, 0xd7, 0xae, 0xd7, 0xae, 0xd7, 0xae, 0xd7, 0xae, 0xd7, 0xae, 0xd7, 0xae, 0xd7, 0xae,
        0xd7, 0xae, 0xd7, 0xae, 0xd7, 0xae, 0xd7, 0xae, 0xd7, 0xae, 0xd7, 0xae, 0xd7, 0xae, 0xd7, 0xae, 0xd7, 0xae, 0xd7, 0xae,
        0xd7, 0xae, 0xd7, 0xae, 0xd7, 0xae, 0xd7, 0xae, 0xd7, 0xae, 0xd7, 0xae, 0xd7, 0xae, 0xd7, 0xae, 0xd7, 0xae, 0xd7, 0xae,
        0xd7, 0xae, 0xd7, 0xae, 0xd7, 0xae, 0xd7, 0xae, 0xd7, 0xae, 0xd7, 0xae, 0xd7, 0xae, 0xd7, 0xae, 0xd7, 0xae, 0xd7, 0xae,
        0xd7, 0xae, 0xd7, 0xae, 0xd7, 0xae, 0xd7, 0xae, 0xd7, 0xae, 0xd7, 0xae, 0xd7, 0xae, 0xd7, 0xae, 0xd7, 0xae, 0xd7, 0xae,
        0xd7, 0xae, 0xd7, 0xae, 0xd7, 0xae, 0xd7, 0xae, 0xd7, 0xae, 0xd7, 0xae, 0xd7, 0xae, 0xd7, 0xae, 0xd7, 0xae, 0xd7, 0xae,
        0xd7, 0xae, 0xd7, 0xae, 0xd7, 0xae, 0xd7, 0xae, 0xd7, 0xae, 0xd7, 0xae, 0xd7, 0xae, 0xd7, 0xae, 0xd7, 0xae, 0xd7, 0xae,
        0xd7, 0xae, 0xd7, 0xae, 0xd7, 0xae, 0xd7, 0xae, 0xd7, 0xae, 0xd7, 0xae, 0xd7, 0xae, 0xd7, 0xae, 0xd7, 0xae, 0xd7, 0xae,
        0xd7, 0xae, 0xd7, 0xae, 0xd7, 0xae, 0xd7, 0xae, 0xd7, 0xae, 0xd7, 0xae, 0xd7, 0xae, 0xd7, 0xae, 0xd7, 0xae, 0xd7, 0xae,
        0xd7, 0xae, 0xd7, 0xae, 0xd7, 0xae, 0xd7, 0xae, 0xd7, 0xae, 0xd7, 0xae, 0xd7, 0xae, 0xd7, 0xae, 0xd7, 0xae, 0xd7, 0xae,
        0xd7, 0xae, 0xd7, 0xae, 0xd7, 0xae, 0xd7, 0xae, 0xd7, 0xae, 0xd7, 0xae, 0xd7, 0xae, 0xd7, 0xae, 0xd7, 0xae, 0xd7, 0xae,
        0xd7, 0xae, 0xd7, 0xae, 0xd7, 0xae, 0xd7, 0xae, 0xd7, 0xae, 0xd7, 0xae, 0xd7, 0xae, 0xf7, 0xae, 0xd7, 0xae, 0xd7, 0xae,
        0xd7, 0xae, 0xd7, 0xae, 0xd7, 0xae, 0xd7, 0xae, 0xd7, 0xae, 0xd7, 0xae, 0xd7, 0xae, 0xd7, 0xae, 0xd7, 0xae, 0xd7, 0xae,
        0xd7, 0xae, 0xd7, 0xae, 0xd7, 0xae, 0xd7, 0xae, 0xf7, 0xae, 0xf7, 0xae, 0xf7, 0xae, 0xf7, 0xae, 0xf7, 0xae, 0xd7, 0xae,
        0xd7, 0xae, 0xd7, 0xae, 0xd7, 0xae, 0xd7, 0xae, 0xd7, 0xae, 0xd7, 0xae, 0xd7, 0xae, 0xd7, 0xae, 0xd7, 0xae, 0xd7, 0xae,
        0xd7, 0xae, 0xd7, 0xae, 0xd7, 0xae, 0xd7, 0xae, 0xd7, 0xae, 0xd7, 0xae, 0xd7, 0xae, 0xd7, 0xae, 0xd7, 0xae, 0xd7, 0xae,
        0xd7, 0xae, 0xd7, 0xae, 0xd7, 0xae, 0xd7, 0xae, 0xd7, 0xae, 0xd7, 0xae, 0xf7, 0xae, 0xf7, 0xae, 0xd7, 0xae, 0xd7, 0xae,
        0xd7, 0xae, 0xd7, 0xae, 0xd7, 0xae, 0xd7, 0xae, 0xd7, 0xae, 0xd7, 0xae, 0xd7, 0xae, 0xd7, 0xae, 0xd7, 0xae, 0xd7, 0xae,
        0xd7, 0xae, 0xd7, 0xae, 0xd7, 0xae, 0xd7, 0xae, 0xd7, 0xae, 0xd7, 0xae, 0xd7, 0xae, 0xd7, 0xae, 0xd7, 0xae, 0xd7, 0xae,
        0xd7, 0xae, 0xd7, 0xae, 0xd7, 0xae, 0xd7, 0xae, 0xd7, 0xae, 0xd7, 0xae, 0xd7, 0xae, 0xd7, 0xae, 0xd7, 0xae, 0xd7, 0xae,
        0xd7, 0xae, 0xd7, 0xae, 0xd7, 0xae, 0xd7, 0xae, 0xd7, 0xae, 0xd7, 0xae, 0xd7, 0xae, 0xd7, 0xae, 0xd7, 0xae, 0xd7, 0xae,
        0xd7, 0xae, 0xd7, 0xae, 0xd7, 0xae, 0xd7, 0xae, 0xd7, 0xae, 0xd7, 0xae, 0xd7, 0xae, 0xd7, 0xae, 0xd7, 0xae, 0xd7, 0xae,
        0xd7, 0xae, 0xd7, 0xae, 0xd7, 0xae, 0xd7, 0xae, 0xd7, 0xae, 0xf7, 0xae, 0xd7, 0xae, 0xd7, 0xae, 0xd7, 0xae, 0xd7, 0xae,
        0xd7, 0xae, 0xd7, 0xae, 0xd7, 0xae, 0xd7, 0xae, 0xd7, 0xae, 0xd7, 0xae, 0xd7, 0xae, 0xd7, 0xae, 0xd7, 0xae, 0xf7, 0xae,
        0xf7, 0xae, 0xd7, 0xae, 0xd7, 0xae, 0xd7, 0xae, 0xd7, 0xae, 0xd7, 0xae, 0xd7, 0xae, 0xd7, 0xae, 0xd7, 0xae, 0xd7, 0xae,
        0xd7, 0xae, 0xd7, 0xae, 0xd7, 0xae, 0xd7, 0xae, 0xd7, 0xae, 0xd7, 0xae, 0xd7, 0xae, 0xd7, 0xae, 0xd7, 0xae, 0xd7, 0xae,
        0xd7, 0xae, 0xd7, 0xae, 0xd7, 0xae, 0xd7, 0xae, 0xd7, 0xae, 0xd7, 0xae, 0xd7, 0xae, 0xd7, 0xae, 0xd7, 0xae, 0xd7, 0xae,
        0xd7, 0xae, 0xd7, 0xae, 0xd7, 0xae, 0xd7, 0xae, 0xd7, 0xae, 0xd7, 0xae, 0xd7, 0xae, 0xd7, 0xae, 0xd7, 0xae, 0xd7, 0xae,
        0xd7, 0xae, 0xd7, 0xae, 0xd7, 0xae, 0xd7, 0xae, 0xd7, 0xae, 0xd7, 0xae, 0xd7, 0xae, 0xd7, 0xae, 0xd7, 0xae, 0xd7, 0xae,
        0xd7, 0xae, 0xd7, 0xae, 0xd7, 0xae, 0xd7, 0xae, 0xd7, 0xae, 0xd7, 0xae, 0xd7, 0xae, 0xd7, 0xae, 0xd7, 0xae, 0xd7, 0xae,
        0xd7, 0xae, 0xd7, 0xae, 0xd7, 0xae, 0xd7, 0xae, 0xd7, 0xae, 0xd7, 0xae, 0xd7, 0xae, 0xd7, 0xae, 0xd7, 0xae, 0xd7, 0xae,
        0xd7, 0xae, 0xd7, 0xae, 0xd7, 0xae, 0xd7, 0xae, 0xd7, 0xae, 0xd7, 0xae, 0xd7, 0xae, 0xd7, 0xae, 0xd7, 0xae, 0xd7, 0xae,
        0xd7, 0xae, 0xd7, 0xae, 0xd7, 0xae, 0xd7, 0xae, 0xd7, 0xae, 0xd7, 0xae, 0xd7, 0xae, 0xd7, 0xae, 0xd7, 0xae, 0xd7, 0xae,
        0xd7, 0xae, 0xd7, 0xae, 0xd7, 0xae, 0xd7, 0xae, 0xd7, 0xae, 0xd7, 0xae, 0xd7, 0xae, 0xd7, 0xae, 0xd7, 0xae, 0xd7, 0xae,
        0xd7, 0xae, 0xd7, 0xae, 0xd7, 0xae, 0xd7, 0xae, 0xd7, 0xae, 0xd7, 0xae, 0xd7, 0xae, 0xd7, 0xae, 0xd7, 0xae, 0xd7, 0xae,
        0xd7, 0xae, 0xd7, 0xae, 0xd7, 0xae, 0xd7, 0xae, 0xd7, 0xae, 0xd7, 0xae, 0xd7, 0xae, 0xd7, 0xae, 0xd7, 0xae, 0xd7, 0xae,
        0xd7, 0xae, 0xd7, 0xae, 0xd7, 0xae, 0xd7, 0xae, 0xd7, 0xae, 0xd7, 0xae, 0xd7, 0xae, 0xd7, 0xae, 0xd7, 0xae, 0xd7, 0xae,
        0xd7, 0xae, 0xd7, 0xae, 0xd7, 0xae, 0xd7, 0xae, 0xd7, 0xae, 0xd7, 0xae, 0xd7, 0xae, 0xd7, 0xae, 0xd7, 0xae, 0xd7, 0xae,
        0xd7, 0xae, 0xd7, 0xae, 0xd7, 0xae, 0xd7, 0xae, 0xd7, 0xae, 0xd7, 0xae, 0xd7, 0xae, 0xd7, 0xae, 0xd7, 0xae, 0xd7, 0xae,
        0xd7, 0xae, 0xd7, 0xae, 0xd7, 0xae, 0xd7, 0xae, 0xd7, 0xae, 0xd7, 0xae, 0xd7, 0xae, 0xd7, 0xae, 0xd7, 0xae, 0xd7, 0xae,
        0xd7, 0xae, 0xd7, 0xae, 0xd7, 0xae, 0xd7, 0xae, 0xd7, 0xae, 0xd7, 0xae, 0xd7, 0xae, 0xd7, 0xae, 0xd7, 0xae, 0xd7, 0xae,
        0xd7, 0xae, 0xd7, 0xae, 0xd7, 0xae, 0xd7, 0xae, 0xd7, 0xae, 0xd7, 0xae, 0xd7, 0xae, 0xd7, 0xae, 0xd7, 0xae, 0xd7, 0xae,
        0xd7, 0xae, 0xd7, 0xae, 0xd7, 0xae, 0xf7, 0xae, 0xf7, 0xae, 0xd7, 0xae, 0xd7, 0xae, 0xd7, 0xae, 0xd7, 0xae, 0xd7, 0xae,
        0xd7, 0xae, 0xd7, 0xae, 0xd7, 0xae, 0xd7, 0xae, 0xd7, 0xae, 0xd7, 0xae, 0xd7, 0xae, 0xd7, 0xae, 0xd7, 0xae, 0xd7, 0xae,
        0xd7, 0xae, 0xd7, 0xae, 0xd7, 0xae, 0xd7, 0xae, 0xd7, 0xae, 0xd7, 0xae, 0xd7, 0xae, 0xd7, 0xae, 0xd7, 0xae, 0xd7, 0xae,
        0xd7, 0xae, 0xd7, 0xae, 0xd7, 0xae, 0xd7, 0xae, 0xd7, 0xae, 0xf7, 0xae, 0xf7, 0xae, 0xd7, 0xae, 0xf7, 0xae, 0xd7, 0xae,
        0xd7, 0xae, 0xd7, 0xae, 0xd7, 0xae, 0xd7, 0xae, 0xd7, 0xae, 0xd7, 0xae, 0xd7, 0xae, 0xd7, 0xae, 0xd7, 0xae, 0xd7, 0xae,
        0xd7, 0xae, 0xd7, 0xae, 0xd7, 0xae, 0xd7, 0xae, 0xd7, 0xae, 0xd7, 0xae, 0xd7, 0xae, 0xd7, 0xae, 0xd7, 0xae, 0xd7, 0xae,
        0xd7, 0xae, 0xd7, 0xae, 0xd7, 0xae, 0xd7, 0xae, 0xd7, 0xae, 0xd7, 0xae, 0xd7, 0xae, 0xf7, 0xae, 0xd7, 0xae, 0xd7, 0xae,
        0xd7, 0xae, 0xd7, 0xae, 0xd7, 0xae, 0xd7, 0xae, 0xd7, 0xae, 0xd7, 0xae, 0xd7, 0xae, 0xd7, 0xae, 0xd7, 0xae, 0xd7, 0xae,
        0xd7, 0xae, 0xd7, 0xae, 0xd7, 0xae, 0xd7, 0xae, 0xd7, 0xae, 0xd7, 0xae, 0xd7, 0xae, 0xd7, 0xae, 0xd7, 0xae, 0xd7, 0xae,
        0xd7, 0xae, 0xd7, 0xae, 0xd7, 0xae, 0xd7, 0xae, 0xd7, 0xae, 0xd7, 0xae, 0xd7, 0xae, 0xd7, 0xae, 0xd7, 0xae, 0xd7, 0xae,
        0xd7, 0xae, 0xd7, 0xae, 0xd7, 0xae, 0xd7, 0xae, 0xd7, 0xae, 0xd7, 0xae, 0xd7, 0xae, 0xd7, 0xae, 0xd7, 0xae, 0xd7, 0xae,
        0xd7, 0xae, 0xd7, 0xae, 0xd7, 0xae, 0xd7, 0xae, 0xd7, 0xae, 0xd7, 0xae, 0xd7, 0xae, 0xd7, 0xae, 0xd7, 0xae, 0xd7, 0xae,
        0xd7, 0xae, 0xd7, 0xae, 0xd7, 0xae, 0xd7, 0xae, 0xd7, 0xae, 0xd7, 0xae, 0xd7, 0xae, 0xd7, 0xae, 0xd7, 0xae, 0xd7, 0xae,
        0xd7, 0xae, 0xd7, 0xae, 0xf7, 0xae, 0xf7, 0xae, 0xf7, 0xae, 0xd7, 0xae, 0xd7, 0xae, 0xd7, 0xae, 0xd7, 0xae, 0xd7, 0xae,
        0xf7, 0xae, 0xd7, 0xae, 0xd7, 0xae, 0xd7, 0xae, 0xd7, 0xae, 0xd7, 0xae, 0xd7, 0xae, 0xd7, 0xae, 0xd7, 0xae, 0xd7, 0xae,
        0xd7, 0xae, 0xd7, 0xae, 0xd7, 0xae, 0xd7, 0xae, 0xd7, 0xae, 0xd7, 0xae, 0xd7, 0xae, 0xd7, 0xae, 0xd7, 0xae, 0xd7, 0xae,
        0xd7, 0xae, 0xd7, 0xae, 0xd7, 0xae, 0xd7, 0xae, 0xd7, 0xae, 0xd7, 0xae, 0xd7, 0xae, 0xd7, 0xae, 0xd7, 0xae, 0xd7, 0xae,
        0xd7, 0xae, 0xd7, 0xae, 0xd7, 0xae, 0xd7, 0xae, 0xd7, 0xae, 0xd7, 0xae, 0xd7, 0xae, 0xd7, 0xae, 0xd7, 0xae, 0xd7, 0xae,
        0xd7, 0xae, 0xd7, 0xae, 0xd7, 0xae, 0xd7, 0xae, 0xd7, 0xae, 0xd7, 0xae, 0xd7, 0xae, 0xd7, 0xae, 0xd7, 0xae, 0xd7, 0xae,
        0xd7, 0xae, 0xd7, 0xae, 0xd7, 0xae, 0xd7, 0xae, 0xd7, 0xae, 0xd7, 0xae, 0xd7, 0xae, 0xd7, 0xae, 0xd7, 0xae, 0xd7, 0xae,
        0xd7, 0xae, 0xd7, 0xae, 0xd7, 0xae, 0xd7, 0xae, 0xd7, 0xae, 0xd7, 0xae, 0xd7, 0xae, 0xd7, 0xae, 0xd7, 0xae, 0xd7, 0xae,
        0xd7, 0xae, 0xd7, 0xae, 0xd7, 0xae, 0xd7, 0xae, 0xd7, 0xae, 0xd7, 0xae, 0xd7, 0xae, 0xd7, 0xae, 0xd7, 0xae, 0xd7, 0xae,
        0xd7, 0xae, 0xd7, 0xae, 0xd7, 0xae, 0xd7, 0xae, 0xd7, 0xae, 0xd7, 0xae, 0xd7, 0xae, 0xd7, 0xae, 0xd7, 0xae, 0xd7, 0xae,
        0xd7, 0xae, 0xd7, 0xae, 0xd7, 0xae, 0xd7, 0xae, 0xd7, 0xae, 0xd7, 0xae, 0xd7, 0xae, 0xd7, 0xae, 0xd7, 0xae, 0xd7, 0xae,
        0xd7, 0xae, 0xd7, 0xae, 0xd7, 0xae, 0xd7, 0xae, 0xd7, 0xae, 0xd7, 0xae, 0xd7, 0xae, 0xd7, 0xae, 0xd7, 0xae, 0xd7, 0xae,
        0xd7, 0xae, 0xd7, 0xae, 0xd7, 0xae, 0xd7, 0xae, 0xd7, 0xae, 0xd7, 0xae, 0xd7, 0xae, 0xd7, 0xae, 0xd7, 0xae, 0xd7, 0xae,
        0xd7, 0xae, 0xd7, 0xae, 0xd7, 0xae, 0xd7, 0xae, 0xd7, 0xae, 0xd7, 0xae, 0xd7, 0xae, 0xd7, 0xae, 0xd7, 0xae, 0xd7, 0xae,
        0xd7, 0xae, 0xd7, 0xae, 0xd7, 0xae, 0xd7, 0xae, 0xd7, 0xae, 0xd7, 0xae, 0xd7, 0xae, 0xd7, 0xae, 0xd7, 0xae, 0xd7, 0xae,
        0xd7, 0xae, 0xd7, 0xae, 0xd7, 0xae, 0xd7, 0xae, 0xd7, 0xae, 0xd7, 0xae, 0xd7, 0xae, 0xd7, 0xae, 0xd7, 0xae, 0xd7, 0xae,
        0xd7, 0xae, 0xd7, 0xae, 0xd7, 0xae, 0xd7, 0xae, 0xd7, 0xae, 0xd7, 0xae, 0xd7, 0xae, 0xd7, 0xae, 0xd7, 0xae, 0xd7, 0xae,
        0xd7, 0xae, 0xd7, 0xae, 0xd7, 0xae, 0xd7, 0xae, 0xd7, 0xae, 0xd7, 0xae, 0xd7, 0xae, 0xd7, 0xae, 0xd7, 0xae, 0xd7, 0xae,
        0xd7, 0xae, 0xd7, 0xae, 0xd7, 0xae, 0xd7, 0xae, 0xd7, 0xae, 0xd7, 0xae, 0xd7, 0xae, 0xd7, 0xae, 0xd7, 0xae, 0xd7, 0xae,
        0xd7, 0xae, 0xd7, 0xae, 0xd7, 0xae, 0xd7, 0xae, 0xd7, 0xae, 0xf7, 0xae, 0xd7, 0xae, 0xd7, 0xae, 0xd7, 0xae, 0xd7, 0xae,
        0xd7, 0xae, 0xd7, 0xae, 0xd7, 0xae, 0xd7, 0xae, 0xd7, 0xae, 0xd7, 0xae, 0xd7, 0xae, 0xd7, 0xae, 0xd7, 0xae, 0xd7, 0xae,
        0xd7, 0xae, 0xd7, 0xae, 0xd7, 0xae, 0xd7, 0xae, 0xd7, 0xae, 0xd7, 0xae, 0xd7, 0xae, 0xd7, 0xae, 0xd7, 0xae, 0xd7, 0xae,
        0xd7, 0xae, 0xd7, 0xae, 0xf7, 0xae, 0xf7, 0xae, 0xd7, 0xae, 0xd7, 0xae, 0xd7, 0xae, 0xd7, 0xae, 0xd7, 0xae, 0xf7, 0xae,
        0xd7, 0xae, 0xd7, 0xae, 0xd7, 0xae, 0xd7, 0xae, 0xd7, 0xae, 0xd7, 0xae, 0xd7, 0xae, 0xd7, 0xae, 0xd7, 0xae, 0xd7, 0xae,
        0xd7, 0xae, 0xd7, 0xae, 0xd7, 0xae, 0xd7, 0xae, 0xd7, 0xae, 0xd7, 0xae, 0xd7, 0xae, 0xd7, 0xae, 0xd7, 0xae, 0xd7, 0xae,
        0xd7, 0xae, 0xd7, 0xae, 0xd7, 0xae, 0xd7, 0xae, 0xd7, 0xae, 0xd7, 0xae, 0xd7, 0xae, 0xd7, 0xae, 0xd7, 0xae, 0xd7, 0xae,
        0xd7, 0xae, 0xd7, 0xae, 0xd7, 0xae, 0xd7, 0xae, 0xd7, 0xae, 0xd7, 0xae, 0xd7, 0xae, 0xd7, 0xae, 0xd7, 0xae, 0xd7, 0xae,
        0xd7, 0xae, 0xd7, 0xae, 0xd7, 0xae, 0xd7, 0xae, 0xd7, 0xae, 0xd7, 0xae, 0xd7, 0xae, 0xd7, 0xae, 0xd7, 0xae, 0xd7, 0xae,
        0xd7, 0xae, 0xd7, 0xae, 0xd7, 0xae, 0xd7, 0xae, 0xd7, 0xae, 0xd7, 0xae, 0xd7, 0xae, 0xd7, 0xae, 0xd7, 0xae, 0xd7, 0xae,
        0xd7, 0xae, 0xd7, 0xae, 0xd7, 0xae, 0xd7, 0xae, 0xd7, 0xae, 0xd7, 0xae, 0xd7, 0xae, 0xd7, 0xae, 0xd7, 0xae, 0xd7, 0xae,
        0xd7, 0xae, 0xd7, 0xae, 0xd7, 0xae, 0xd7, 0xae, 0xd7, 0xae, 0xd7, 0xae, 0xd7, 0xae, 0xd7, 0xae, 0xd7, 0xae, 0xd7, 0xae,
        0xd7, 0xae, 0xd7, 0xae, 0xd7, 0xae, 0xd7, 0xae, 0xd7, 0xae, 0xd7, 0xae, 0xd7, 0xae, 0xd7, 0xae, 0xd7, 0xae, 0xd7, 0xae,
        0xd7, 0xae, 0xd7, 0xae, 0xd7, 0xae, 0xf7, 0xae, 0xd7, 0xae, 0xd7, 0xae, 0xd7, 0xae, 0xd7, 0xae, 0xd7, 0xae, 0xd7, 0xae,
        0xd7, 0xae, 0xd7, 0xae, 0xf7, 0xae, 0xd7, 0xae, 0xd7, 0xae, 0xd7, 0xae, 0xd7, 0xae, 0xd7, 0xae, 0xd7, 0xae, 0xd7, 0xae,
        0xd7, 0xae, 0xd7, 0xae, 0xd7, 0xae, 0xd7, 0xae, 0xd7, 0xae, 0xd7, 0xae, 0xd7, 0xae, 0xd7, 0xae, 0xd7, 0xae, 0xd7, 0xae,
        0xd7, 0xae, 0xd7, 0xae, 0xd7, 0xae, 0xd7, 0xae, 0xd7, 0xae, 0xd7, 0xae, 0xd7, 0xae, 0xd7, 0xae, 0xd7, 0xae, 0xd7, 0xae,
        0xd7, 0xae, 0xd7, 0xae, 0xd7, 0xae, 0xd7, 0xae, 0xd7, 0xae, 0xd7, 0xae, 0xd7, 0xae, 0xd7, 0xae, 0xd7, 0xae, 0xd7, 0xae,
        0xd7, 0xae, 0xd7, 0xae, 0xd7, 0xae, 0xd7, 0xae, 0xd7, 0xae, 0xd7, 0xae, 0xd7, 0xae, 0xd7, 0xae, 0xd7, 0xae, 0xd7, 0xae,
        0xd7, 0xae, 0xd7, 0xae, 0xd7, 0xae, 0xd7, 0xae, 0xd7, 0xae, 0xd7, 0xae, 0xd7, 0xae, 0xd7, 0xae, 0xd7, 0xae, 0xd7, 0xae,
        0xd7, 0xae, 0xd7, 0xae, 0xd7, 0xae, 0xd7, 0xae, 0xd7, 0xae, 0xd7, 0xae, 0xd7, 0xae, 0xd7, 0xae, 0xd7, 0xae, 0xd7, 0xae,
        0xd7, 0xae, 0xd7, 0xae, 0xd7, 0xae, 0xd7, 0xae, 0xd7, 0xae, 0xd7, 0xae, 0xd7, 0xae, 0xd7, 0xae, 0xd7, 0xae, 0xd7, 0xae,
        0xd7, 0xae, 0xd7, 0xae, 0xd7, 0xae, 0xd7, 0xae, 0xd7, 0xae, 0xd7, 0xae, 0xd7, 0xae, 0xd7, 0xae, 0xd7, 0xae, 0xd7, 0xae,
        0xd7, 0xae, 0xd7, 0xae, 0xd7, 0xae, 0xd7, 0xae, 0xd7, 0xae, 0xd7, 0xae, 0xd7, 0xae, 0xd7, 0xae, 0xd7, 0xae, 0xd7, 0xae,
        0xd7, 0xae, 0xd7, 0xae, 0xd7, 0xae, 0xd7, 0xae, 0xd7, 0xae, 0xd7, 0xae, 0xd7, 0xae, 0xd7, 0xae, 0xd7, 0xae, 0xd7, 0xae,
        0xd7, 0xae, 0xd7, 0xae, 0xd7, 0xae, 0xd7, 0xae, 0xd7, 0xae, 0xd7, 0xae, 0xd7, 0xae, 0xd7, 0xae, 0xd7, 0xae, 0xd7, 0xae,
        0xd7, 0xae, 0xd7, 0xae, 0xd7, 0xae, 0xd7, 0xae, 0xd7, 0xae, 0xd7, 0xae, 0xd7, 0xae, 0xd7, 0xae, 0xd7, 0xae, 0xd7, 0xae,
        0xd7, 0xae, 0xd7, 0xae, 0xd7, 0xae, 0xd7, 0xae, 0xd7, 0xae, 0xd7, 0xae, 0xd7, 0xae, 0xd7, 0xae, 0xd7, 0xae, 0xd7, 0xae,
        0xd7, 0xae, 0xd7, 0xae, 0xd7, 0xae, 0xd7, 0xae, 0xd7, 0xae, 0xd7, 0xae, 0xd7, 0xae, 0xd7, 0xae, 0xd7, 0xae, 0xd7, 0xae,
        0xd7, 0xae, 0xd7, 0xae, 0xd7, 0xae, 0xd7, 0xae, 0xd7, 0xae, 0xd7, 0xae, 0xd7, 0xae, 0xd7, 0xae, 0xd7, 0xae, 0xd7, 0xae,
        0xd7, 0xae, 0xd7, 0xae, 0xd7, 0xae, 0xd7, 0xae, 0xd7, 0xae, 0xd7, 0xae, 0xd7, 0xae, 0xd7, 0xae, 0xd7, 0xae, 0xd7, 0xae,
        0xd7, 0xae, 0xd7, 0xae, 0xd7, 0xae, 0xd7, 0xae, 0xd7, 0xae, 0xd7, 0xae, 0xd7, 0xae, 0xd7, 0xae, 0xd7, 0xae, 0xd7, 0xae,
        0xd7, 0xae, 0xd7, 0xae, 0xd7, 0xae, 0xd7, 0xae, 0xd7, 0xae, 0xf7, 0xae, 0xd7, 0xae, 0xd7, 0xae, 0xd7, 0xae, 0xd7, 0xae,
        0xd7, 0xae, 0xd7, 0xae, 0xd7, 0xae, 0xd7, 0xae, 0xd7, 0xae, 0xd7, 0xae, 0xd7, 0xae, 0xd7, 0xae, 0xd7, 0xae, 0xd7, 0xae,
        0xd7, 0xae, 0xd7, 0xae, 0xd7, 0xae, 0xd7, 0xae, 0xd7, 0xae, 0xd7, 0xae, 0xd7, 0xae, 0xd7, 0xae, 0xd7, 0xae, 0xd7, 0xae,
        0xd7, 0xae, 0xd7, 0xae, 0xd7, 0xae, 0xd7, 0xae, 0xd7, 0xae, 0xd7, 0xae, 0xd7, 0xae, 0xd7, 0xae, 0xd7, 0xae, 0xd7, 0xae,
        0xd7, 0xae, 0xd7, 0xae, 0xd7, 0xae, 0xd7, 0xae, 0xd7, 0xae, 0xd7, 0xae, 0xd7, 0xae, 0xd7, 0xae, 0xd7, 0xae, 0xd7, 0xae,
        0xd7, 0xae, 0xd7, 0xae, 0xd7, 0xae, 0xd7, 0xae, 0xd7, 0xae, 0xd7, 0xae, 0xd7, 0xae, 0xd7, 0xae, 0xd7, 0xae, 0xd7, 0xae,
        0xd7, 0xae, 0xd7, 0xae, 0xd7, 0xae, 0xd7, 0xae, 0xd7, 0xae, 0xd7, 0xae, 0xd7, 0xae, 0xd7, 0xae, 0xd7, 0xae, 0xd7, 0xae,
        0xd7, 0xae, 0xd7, 0xae, 0xd7, 0xae, 0xd7, 0xae, 0xd7, 0xae, 0xd7, 0xae, 0xd7, 0xae, 0xd7, 0xae, 0xd7, 0xae, 0xd7, 0xae,
        0xd7, 0xae, 0xd7, 0xae, 0xd7, 0xae, 0xd7, 0xae, 0xd7, 0xae, 0xd7, 0xae, 0xd7, 0xae, 0xd7, 0xae, 0xd7, 0xae, 0xd7, 0xae,
        0xd7, 0xae, 0xd7, 0xae, 0xd7, 0xae, 0xd7, 0xae, 0xd7, 0xae, 0xd7, 0xae, 0xd7, 0xae, 0xd7, 0xae, 0xd7, 0xae, 0xd7, 0xae,
        0xd7, 0xae, 0xd7, 0xae, 0xd7, 0xae, 0xd7, 0xae, 0xd7, 0xae, 0xd7, 0xae, 0xd7, 0xae, 0xd7, 0xae, 0xd7, 0xae, 0xd7, 0xae,
        0xd7, 0xae, 0xd7, 0xae, 0xd7, 0xae, 0xd7, 0xae, 0xd7, 0xae, 0xd7, 0xae, 0xd7, 0xae, 0xd7, 0xae, 0xd7, 0xae, 0xd7, 0xae,
        0xd7, 0xae, 0xd7, 0xae, 0xd7, 0xae, 0xd7, 0xae, 0xd7, 0xae, 0xd7, 0xae, 0xd7, 0xae, 0xd7, 0xae, 0xd7, 0xae, 0xd7, 0xae,
        0xd7, 0xae, 0xd7, 0xae, 0xd7, 0xae, 0xd7, 0xae, 0xd7, 0xae, 0xd7, 0xae, 0xd7, 0xae, 0xd7, 0xae, 0xd7, 0xae, 0xd7, 0xae,
        0xd7, 0xae, 0xd7, 0xae, 0xd7, 0xae, 0xd7, 0xae, 0xd7, 0xae, 0xd7, 0xae, 0xd7, 0xae, 0xd7, 0xae, 0xd7, 0xae, 0xd7, 0xae,
        0xd7, 0xae, 0xd7, 0xae, 0xd7, 0xae, 0xd7, 0xae, 0xd7, 0xae, 0xd7, 0xae, 0xd7, 0xae, 0xd7, 0xae, 0xd7, 0xae, 0xd7, 0xae,
        0xd7, 0xae, 0xd7, 0xae, 0xd7, 0xae, 0xd7, 0xae, 0xd7, 0xae, 0xd7, 0xae, 0xd7, 0xae, 0xd7, 0xae, 0xd7, 0xae, 0xd7, 0xae,
        0xd7, 0xae, 0xd7, 0xae, 0xd7, 0xae, 0xd7, 0xae, 0xd7, 0xae, 0xd7, 0xae, 0xd7, 0xae, 0xd7, 0xae, 0xd7, 0xae, 0xd7, 0xae,
        0xd7, 0xae, 0xd7, 0xae, 0xd7, 0xae, 0xd7, 0xae, 0xd7, 0xae, 0xd7, 0xae, 0xd7, 0xae, 0xd7, 0xae, 0xd7, 0xae, 0xd7, 0xae,
        0xd7, 0xae, 0xd7, 0xae, 0xd7, 0xae, 0xd7, 0xae, 0xd7, 0xae, 0xd7, 0xae, 0xd7, 0xae, 0xd7, 0xae, 0xd7, 0xae, 0xd7, 0xae,
        0xd7, 0xae, 0xd7, 0xae, 0xd7, 0xae, 0xd7, 0xae, 0xd7, 0xae, 0xd7, 0xae, 0xd7, 0xae, 0xd7, 0xae, 0xd7, 0xae, 0xd7, 0xae,
        0xd7, 0xae, 0xd7, 0xae, 0xd7, 0xae, 0xd7, 0xae, 0xd7, 0xae, 0xd7, 0xae, 0xd7, 0xae, 0xd7, 0xae, 0xd7, 0xae, 0xd7, 0xae,
        0xd7, 0xae, 0xd7, 0xae, 0xd7, 0xae, 0xd7, 0xae, 0xd7, 0xae, 0xd7, 0xae, 0xd7, 0xae, 0xd7, 0xae, 0xd7, 0xae, 0xd7, 0xae,
        0xd7, 0xae, 0xd7, 0xae, 0xd7, 0xae, 0xd7, 0xae, 0xd7, 0xae, 0xd7, 0xae, 0xd7, 0xae, 0xd7, 0xae, 0xd7, 0xae, 0xd7, 0xae,
        0xd7, 0xae, 0xd7, 0xae, 0xd7, 0xae, 0xd7, 0xae, 0xd7, 0xae, 0xd7, 0xae, 0xd7, 0xae, 0xd7, 0xae, 0xd7, 0xae, 0xd7, 0xae,
        0xd7, 0xae, 0xd7, 0xae, 0xd7, 0xae, 0xd7, 0xae, 0xd7, 0xae, 0xd7, 0xae, 0xd7, 0xae, 0xd7, 0xae, 0xd7, 0xae, 0xd7, 0xae,
        0xd7, 0xae, 0xd7, 0xae, 0xd7, 0xae, 0xd7, 0xae, 0xd7, 0xae, 0xd7, 0xae, 0xd7, 0xae, 0xd7, 0xae, 0xd7, 0xae, 0xd7, 0xae,
        0xd7, 0xae, 0xd7, 0xae, 0xd7, 0xae, 0xd7, 0xae, 0xd7, 0xae, 0xd7, 0xae, 0xd7, 0xae, 0xd7, 0xae, 0xd7, 0xae, 0xd7, 0xae,
        0xd7, 0xae, 0xd7, 0xae, 0xd7, 0xae, 0xd7, 0xae, 0xd7, 0xae, 0xd7, 0xae, 0xd7, 0xae, 0xd7, 0xae, 0xd7, 0xae, 0xd7, 0xae,
        0xd7, 0xae, 0xd7, 0xae, 0xd7, 0xae, 0xd7, 0xae, 0xd7, 0xae, 0xd7, 0xae, 0xd7, 0xae, 0xd7, 0xae, 0xd7, 0xae, 0xd7, 0xae,
        0xd7, 0xae, 0xd7, 0xae, 0xd7, 0xae, 0xd7, 0xae, 0xd7, 0xae, 0xd7, 0xae, 0xd7, 0xae, 0xd7, 0xae, 0xd7, 0xae, 0xd7, 0xae,
        0xd7, 0xae, 0xd7, 0xae, 0xd7, 0xae, 0xd7, 0xae, 0xd7, 0xae, 0xd7, 0xae, 0xd7, 0xae, 0xd7, 0xae, 0xd7, 0xae, 0xd7, 0xae,
        0xf7, 0xae, 0xd7, 0xae, 0xd7, 0xae, 0xd7, 0xae, 0xd7, 0xae, 0xd7, 0xae, 0xd7, 0xae, 0xd7, 0xae, 0xd7, 0xae, 0xd7, 0xae,
        0xd7, 0xae, 0xd7, 0xae, 0xd7, 0xae, 0xd7, 0xae, 0xd7, 0xae, 0xd7, 0xae, 0xd7, 0xae, 0xd7, 0xae, 0xd7, 0xae, 0xd7, 0xae,
        0xd7, 0xae, 0xd7, 0xae, 0xd7, 0xae, 0xd7, 0xae, 0xd7, 0xae, 0xd7, 0xae, 0xd7, 0xae, 0xd7, 0xae, 0xd7, 0xae, 0xd7, 0xae,
        0xd7, 0xae, 0xd7, 0xae, 0xd7, 0xae, 0xd7, 0xae, 0xd7, 0xae, 0xd7, 0xae, 0xd7, 0xae, 0xd7, 0xae, 0xd7, 0xae, 0xd7, 0xae,
        0xd7, 0xae, 0xd7, 0xae, 0xd7, 0xae, 0xd7, 0xae, 0xd7, 0xae, 0xd7, 0xae, 0xd7, 0xae, 0xd7, 0xae, 0xd7, 0xae, 0xd7, 0xae,
        0xd7, 0xae, 0xd7, 0xae, 0xd7, 0xae, 0xd7, 0xae, 0xd7, 0xae, 0xd7, 0xae, 0xd7, 0xae, 0xd7, 0xae, 0xd7, 0xae, 0xd7, 0xae,
        0xd7, 0xae, 0xd7, 0xae, 0xd7, 0xae, 0xd7, 0xae, 0xd7, 0xae, 0xd7, 0xae, 0xd7, 0xae, 0xd7, 0xae, 0xd7, 0xae, 0xd7, 0xae,
        0xd7, 0xae, 0xd7, 0xae, 0xd7, 0xae, 0xd7, 0xae, 0xd7, 0xae, 0xd7, 0xae, 0xd7, 0xae, 0xd7, 0xae, 0xd7, 0xae, 0xd7, 0xae,
        0xd7, 0xae, 0xd7, 0xae, 0xd7, 0xae, 0xd7, 0xae, 0xd7, 0xae, 0xd7, 0xae, 0xd7, 0xae, 0xd7, 0xae, 0xd7, 0xae, 0xd7, 0xae,
        0xd7, 0xae, 0xd7, 0xae, 0xd7, 0xae, 0xd7, 0xae, 0xd7, 0xae, 0xd7, 0xae, 0xd7, 0xae, 0xd7, 0xae, 0xd7, 0xae, 0xd7, 0xae,
        0xd7, 0xae, 0xd7, 0xae, 0xd7, 0xae, 0xd7, 0xae, 0xd7, 0xae, 0xd7, 0xae, 0xd7, 0xae, 0xd7, 0xae, 0xd7, 0xae, 0xd7, 0xae,
        0xd7, 0xae, 0xd7, 0xae, 0xd7, 0xae, 0xd7, 0xae, 0xd7, 0xae, 0xd7, 0xae, 0xd7, 0xae, 0xd7, 0xae, 0xd7, 0xae, 0xd7, 0xae,
        0xd7, 0xae, 0xd7, 0xae, 0xd7, 0xae, 0xd7, 0xae, 0xd7, 0xae, 0xd7, 0xae, 0xd7, 0xae, 0xd7, 0xae, 0xd7, 0xae, 0xd7, 0xae,
        0xd7, 0xae, 0xd7, 0xae, 0xd7, 0xae, 0xd7, 0xae, 0xd7, 0xae, 0xd7, 0xae, 0xd7, 0xae, 0xd7, 0xae, 0xd7, 0xae, 0xd7, 0xae,
        0xd7, 0xae, 0xd7, 0xae, 0xd7, 0xae, 0xd7, 0xae, 0xd7, 0xae, 0xd7, 0xae, 0xd7, 0xae, 0xd7, 0xae, 0xd7, 0xae, 0xd7, 0xae,
        0xd7, 0xae, 0xd7, 0xae, 0xd7, 0xae, 0xd7, 0xae, 0xd7, 0xae, 0xd7, 0xae, 0xd7, 0xae, 0xd7, 0xae, 0xd7, 0xae, 0xd7, 0xae,
        0xd7, 0xae, 0xd7, 0xae, 0xd7, 0xae, 0xd7, 0xae, 0xd7, 0xae, 0xd7, 0xae, 0xd7, 0xae, 0xd7, 0xae, 0xd7, 0xae, 0xd7, 0xae,
        0xd7, 0xae, 0xd7, 0xae, 0xd7, 0xae, 0xd7, 0xae, 0xd7, 0xae, 0xd7, 0xae, 0xd7, 0xae, 0xd7, 0xae, 0xd7, 0xae, 0xd7, 0xae,
        0xd7, 0xae, 0xd7, 0xae, 0xd7, 0xae, 0xd7, 0xae, 0xd7, 0xae, 0xd7, 0xae, 0xd7, 0xae, 0xd7, 0xae, 0xd7, 0xae, 0xd7, 0xae,
        0xd7, 0xae, 0xd7, 0xae, 0xd7, 0xae, 0xd7, 0xae, 0xd7, 0xae, 0xd7, 0xae, 0xd7, 0xae, 0xd7, 0xae, 0xd7, 0xae, 0xd7, 0xae,
        0xd7, 0xae, 0xd7, 0xae, 0xd7, 0xae, 0xd7, 0xae, 0xd7, 0xae, 0xd7, 0xae, 0xd7, 0xae, 0xd7, 0xae, 0xd7, 0xae, 0xd7, 0xae,
        0xd7, 0xae, 0xd7, 0xae, 0xd7, 0xae, 0xd7, 0xae, 0xd7, 0xae, 0xd7, 0xae, 0xd7, 0xae, 0xd7, 0xae, 0xd7, 0xae, 0xd7, 0xae,
        0xd7, 0xae, 0xd7, 0xae, 0xd7, 0xae, 0xd7, 0xae, 0xd7, 0xae, 0xd7, 0xae, 0xd7, 0xae, 0xd7, 0xae, 0xd7, 0xae, 0xd7, 0xae,
        0xd7, 0xae, 0xd7, 0xae, 0xd7, 0xae, 0xd7, 0xae, 0xd7, 0xae, 0xd7, 0xae, 0xd7, 0xae, 0xd7, 0xae, 0xd7, 0xae, 0xd7, 0xae,
        0xd7, 0xae, 0xd7, 0xae, 0xd7, 0xae, 0xd7, 0xae, 0xd7, 0xae, 0xd7, 0xae, 0xd7, 0xae, 0xd7, 0xae, 0xd7, 0xae, 0xd7, 0xae,
        0xd7, 0xae, 0xd7, 0xae, 0xd7, 0xae, 0xd7, 0xae, 0xd7, 0xae, 0xd7, 0xae, 0xd7, 0xae, 0xd7, 0xae, 0xd7, 0xae, 0xd7, 0xae,
        0xd7, 0xae, 0xd7, 0xae, 0xd7, 0xae, 0xd7, 0xae, 0xd7, 0xae, 0xd7, 0xae, 0xd7, 0xae, 0xd7, 0xae, 0xd7, 0xae, 0xd7, 0xae,
        0xd7, 0xae, 0xd7, 0xae, 0xd7, 0xae, 0xd7, 0xae, 0xd7, 0xae, 0xd7, 0xae, 0xd7, 0xae, 0xd7, 0xae, 0xd7, 0xae, 0xd7, 0xae,
        0xd7, 0xae, 0xd7, 0xae, 0xd7, 0xae, 0xd7, 0xae, 0xd7, 0xae, 0xd7, 0xae, 0xd7, 0xae, 0xd7, 0xae, 0xd7, 0xae, 0xd7, 0xae,
        0xd7, 0xae, 0xd7, 0xae, 0xd7, 0xae, 0xd7, 0xae, 0xd7, 0xae, 0xd7, 0xae, 0xd7, 0xae, 0xd7, 0xae, 0xd7, 0xae, 0xd7, 0xae,
        0xd7, 0xae, 0xd7, 0xae, 0xd7, 0xae, 0xd7, 0xae, 0xd7, 0xae, 0xd7, 0xae, 0xd7, 0xae, 0xd7, 0xae, 0xd7, 0xae, 0xd7, 0xae,
        0xd7, 0xae, 0xd7, 0xae, 0xd7, 0xae, 0xd7, 0xae, 0xd7, 0xae, 0xd7, 0xae, 0xd7, 0xae, 0xd7, 0xae, 0xd7, 0xae, 0xd7, 0xae,
        0xf7, 0xae, 0xd7, 0xae, 0xd7, 0xae, 0xd7, 0xae, 0xd7, 0xae, 0xd7, 0xae, 0xd7, 0xae, 0xd7, 0xae, 0xd7, 0xae, 0xd7, 0xae,
        0xd7, 0xae, 0xd7, 0xae, 0xd7, 0xae, 0xd7, 0xae, 0xd7, 0xae, 0xd7, 0xae, 0xd7, 0xae, 0xd7, 0xae, 0xd7, 0xae, 0xd7, 0xae,
        0xd7, 0xae, 0xd7, 0xae, 0xd7, 0xae, 0xd7, 0xae, 0xd7, 0xae, 0xd7, 0xae, 0xd7, 0xae, 0xd7, 0xae, 0xd7, 0xae, 0xd7, 0xae,
        0xd7, 0xae, 0xd7, 0xae, 0xd7, 0xae, 0xd7, 0xae, 0xd7, 0xae, 0xd7, 0xae, 0xd7, 0xae, 0xd7, 0xae, 0xd7, 0xae, 0xd7, 0xae,
        0xd7, 0xae, 0xd7, 0xae, 0xd7, 0xae, 0xd7, 0xae, 0xd7, 0xae, 0xd7, 0xae, 0xd7, 0xae, 0xd7, 0xae, 0xd7, 0xae, 0xd7, 0xae,
        0xd7, 0xae, 0xd7, 0xae, 0xd7, 0xae, 0xd7, 0xae, 0xd7, 0xae, 0xd7, 0xae, 0xd7, 0xae, 0xd7, 0xae, 0xd7, 0xae, 0xd7, 0xae,
        0xd7, 0xae, 0xd7, 0xae, 0xd7, 0xae, 0xd7, 0xae, 0xd7, 0xae, 0xd7, 0xae, 0xd7, 0xae, 0xd7, 0xae, 0xd7, 0xae, 0xd7, 0xae,
        0xd7, 0xae, 0xd7, 0xae, 0xd7, 0xae, 0xd7, 0xae, 0xd7, 0xae, 0xd7, 0xae, 0xd7, 0xae, 0xd7, 0xae, 0xd7, 0xae, 0xd7, 0xae,
        0xd7, 0xae, 0xd7, 0xae, 0xd7, 0xae, 0xd7, 0xae, 0xd7, 0xae, 0xd7, 0xae, 0xd7, 0xae, 0xd7, 0xae, 0xd7, 0xae, 0xd7, 0xae,
        0xd7, 0xae, 0xd7, 0xae, 0xd7, 0xae, 0xd7, 0xae, 0xd7, 0xae, 0xd7, 0xae, 0xd7, 0xae, 0xd7, 0xae, 0xd7, 0xae, 0xd7, 0xae,
        0xd7, 0xae, 0xd7, 0xae, 0xd7, 0xae, 0xd7, 0xae, 0xd7, 0xae, 0xd7, 0xae, 0xd7, 0xae, 0xd7, 0xae, 0xd7, 0xae, 0xd7, 0xae,
        0xd7, 0xae, 0xd7, 0xae, 0xd7, 0xae, 0xd7, 0xae, 0xd7, 0xae, 0xd7, 0xae, 0xd7, 0xae, 0xd7, 0xae, 0xd7, 0xae, 0xd7, 0xae,
        0xd7, 0xae, 0xd7, 0xae, 0xd7, 0xae, 0xd7, 0xae, 0xd7, 0xae, 0xd7, 0xae, 0xd7, 0xae, 0xd7, 0xae, 0xd7, 0xae, 0xd7, 0xae,
        0xd7, 0xae, 0xd7, 0xae, 0xd7, 0xae, 0xd7, 0xae, 0xd7, 0xae, 0xd7, 0xae, 0xd7, 0xae, 0xd7, 0xae, 0xd7, 0xae, 0xd7, 0xae,
        0xd7, 0xae, 0xd7, 0xae, 0xd7, 0xae, 0xd7, 0xae, 0xd7, 0xae, 0xd7, 0xae, 0xd7, 0xae, 0xd7, 0xae, 0xd7, 0xae, 0xd7, 0xae,
        0xd7, 0xae, 0xd7, 0xae, 0xd7, 0xae, 0xd7, 0xae, 0xd7, 0xae, 0xd7, 0xae, 0xd7, 0xae, 0xd7, 0xae, 0xd7, 0xae, 0xd7, 0xae,
        0xd7, 0xae, 0xd7, 0xae, 0xd7, 0xae, 0xd7, 0xae, 0xd7, 0xae, 0xd7, 0xae, 0xd7, 0xae, 0xd7, 0xae, 0xd7, 0xae, 0xd7, 0xae,
        0xd7, 0xae, 0xd7, 0xae, 0xd7, 0xae, 0xd7, 0xae, 0xd7, 0xae, 0xd7, 0xae, 0xd7, 0xae, 0xd7, 0xae, 0xd7, 0xae, 0xd7, 0xae,
        0xd7, 0xae, 0xd7, 0xae, 0xd7, 0xae, 0xd7, 0xae, 0xd7, 0xae, 0xd7, 0xae, 0xd7, 0xae, 0xd7, 0xae, 0xd7, 0xae, 0xd7, 0xae,
        0xd7, 0xae, 0xd7, 0xae, 0xd7, 0xae, 0xd7, 0xae, 0xd7, 0xae, 0xd7, 0xae, 0xd7, 0xae, 0xd7, 0xae, 0xd7, 0xae, 0xd7, 0xae,
        0xd7, 0xae, 0xd7, 0xae, 0xd7, 0xae, 0xd7, 0xae, 0xd7, 0xae, 0xd7, 0xae, 0xd7, 0xae, 0xd7, 0xae, 0xd7, 0xae, 0xd7, 0xae,
        0xd7, 0xae, 0xd7, 0xae, 0xd7, 0xae, 0xd7, 0xae, 0xd7, 0xae, 0xd7, 0xae, 0xd7, 0xae, 0xd7, 0xae, 0xd7, 0xae, 0xd7, 0xae,
        0xd7, 0xae, 0xd7, 0xae, 0xd7, 0xae, 0xd7, 0xae, 0xd7, 0xae, 0xd7, 0xae, 0xd7, 0xae, 0xd7, 0xae, 0xd7, 0xae, 0xd7, 0xae,
        0xd7, 0xae, 0xd7, 0xae, 0xd7, 0xae, 0xd7, 0xae, 0xd7, 0xae, 0xd7, 0xae, 0xd7, 0xae, 0xd7, 0xae, 0xd7, 0xae, 0xd7, 0xae,
        0xd7, 0xae, 0xd7, 0xae, 0xd7, 0xae, 0xd7, 0xae, 0xd7, 0xae, 0xd7, 0xae, 0xd7, 0xae, 0xd7, 0xae, 0xd7, 0xae, 0xd7, 0xae,
        0xd7, 0xae, 0xd7, 0xae, 0xd7, 0xae, 0xd7, 0xae, 0xd7, 0xae, 0xd7, 0xae, 0xd7, 0xae, 0xd7, 0xae, 0xd7, 0xae, 0xd7, 0xae,
        0xd7, 0xae, 0xd7, 0xae, 0xd7, 0xae, 0xd7, 0xae, 0xd7, 0xae, 0xd7, 0xae, 0xd7, 0xae, 0xd7, 0xae, 0xd7, 0xae, 0xd7, 0xae,
        0xd7, 0xae, 0xd7, 0xae, 0xd7, 0xae, 0xd7, 0xae, 0xd7, 0xae, 0xd7, 0xae, 0xd7, 0xae, 0xd7, 0xae, 0xd7, 0xae, 0xd7, 0xae,
        0xd7, 0xae, 0xd7, 0xae, 0xd7, 0xae, 0xd7, 0xae, 0xd7, 0xae, 0xd7, 0xae, 0xd7, 0xae, 0xd7, 0xae, 0xd7, 0xae, 0xd7, 0xae,
        0xd7, 0xae, 0xd7, 0xae, 0xd7, 0xae, 0xd7, 0xae, 0xd7, 0xae, 0xd7, 0xae, 0xd7, 0xae, 0xd7, 0xae, 0xd7, 0xae, 0xd7, 0xae,
        0xd7, 0xae, 0xd7, 0xae, 0xd7, 0xae, 0xd7, 0xae, 0xd7, 0xae, 0xd7, 0xae, 0xd7, 0xae, 0xd7, 0xae, 0xd7, 0xae, 0xd7, 0xae,
        0xd7, 0xae, 0xd7, 0xae, 0xd7, 0xae, 0xd7, 0xae, 0xd7, 0xae, 0xd7, 0xae, 0xd7, 0xae, 0xd7, 0xae, 0xd7, 0xae, 0xd7, 0xae,
        0xd7, 0xae, 0xd7, 0xae, 0xd7, 0xae, 0xd7, 0xae, 0xd7, 0xae, 0xd7, 0xae, 0xd7, 0xae, 0xd7, 0xae, 0xd7, 0xae, 0xd7, 0xae,
        0xd7, 0xae, 0xd7, 0xae, 0xd7, 0xae, 0xd7, 0xae, 0xd7, 0xae, 0xd7, 0xae, 0xd7, 0xae, 0xd7, 0xae, 0xd7, 0xae, 0xd7, 0xae,
        0xd7, 0xae, 0xd7, 0xae, 0xd7, 0xae, 0xd7, 0xae, 0xd7, 0xae, 0xd7, 0xae, 0xd7, 0xae, 0xd7, 0xae, 0xd7, 0xae, 0xd7, 0xae,
        0xd7, 0xae, 0xd7, 0xae, 0xd7, 0xae, 0xd7, 0xae, 0xd7, 0xae, 0xd7, 0xae, 0xd7, 0xae, 0xd7, 0xae, 0xd7, 0xae, 0xd7, 0xae,
        0xd7, 0xae, 0xd7, 0xae, 0xd7, 0xae, 0xd7, 0xae, 0xd7, 0xae, 0xd7, 0xae, 0xd7, 0xae, 0xd7, 0xae, 0xd7, 0xae, 0xd7, 0xae,
        0xd7, 0xae, 0xd7, 0xae, 0xd7, 0xae, 0xd7, 0xae, 0xd7, 0xae, 0xd7, 0xae, 0xd7, 0xae, 0xd7, 0xae, 0xd7, 0xae, 0xd7, 0xae,
        0xd7, 0xae, 0xd7, 0xae, 0xd7, 0xae, 0xd7, 0xae, 0xd7, 0xae, 0xd7, 0xae, 0xd7, 0xae, 0xd7, 0xae, 0xd7, 0xae, 0xd7, 0xae,
        0xd7, 0xae, 0xd7, 0xae, 0xd7, 0xae, 0xd7, 0xae, 0xd7, 0xae, 0xd7, 0xae, 0xd7, 0xae, 0xd7, 0xae, 0xd7, 0xae, 0xd7, 0xae,
        0xd7, 0xae, 0xd7, 0xae, 0xd7, 0xae, 0xd7, 0xae, 0xd7, 0xae, 0xd7, 0xae, 0xd7, 0xae, 0xd7, 0xae, 0xd7, 0xae, 0xd7, 0xae,
        0xd7, 0xae, 0xd7, 0xae, 0xd7, 0xae, 0xd7, 0xae, 0xd7, 0xae, 0xd7, 0xae, 0xd7, 0xae, 0xd7, 0xae, 0xd7, 0xae, 0xd7, 0xae,
        0xd7, 0xae, 0xd7, 0xae, 0xd7, 0xae, 0xd7, 0xae, 0xd7, 0xae, 0xd7, 0xae, 0xd7, 0xae, 0xd7, 0xae, 0xd7, 0xae, 0xd7, 0xae,
        0xd7, 0xae, 0xd7, 0xae, 0xd7, 0xae, 0xd7, 0xae, 0xd7, 0xae, 0xd7, 0xae, 0xd7, 0xae, 0xd7, 0xae, 0xd7, 0xae, 0xd7, 0xae,
        0xd7, 0xae, 0xd7, 0xae, 0xd7, 0xae, 0xd7, 0xae, 0xd7, 0xae, 0xd7, 0xae, 0xd7, 0xae, 0xd7, 0xae, 0xd7, 0xae, 0xd7, 0xae,
        0xd7, 0xae, 0xd7, 0xae, 0xd7, 0xae, 0xd7, 0xae, 0xd7, 0xae, 0xd7, 0xae, 0xd7, 0xae, 0xd7, 0xae, 0xd7, 0xae, 0xd7, 0xae,
        0xd7, 0xae, 0xd7, 0xae, 0xd7, 0xae, 0xd7, 0xae, 0xd7, 0xae, 0xd7, 0xae, 0xd7, 0xae, 0xd7, 0xae, 0xd7, 0xae, 0xd7, 0xae,
        0xd7, 0xae, 0xd7, 0xae, 0xd7, 0xae, 0xd7, 0xae, 0xd7, 0xae, 0xd7, 0xae, 0xd7, 0xae, 0xd7, 0xae, 0xd7, 0xae, 0xd7, 0xae,
        0xd7, 0xae, 0xd7, 0xae, 0xd7, 0xae, 0xd7, 0xae, 0xd7, 0xae, 0xd7, 0xae, 0xd7, 0xae, 0xd7, 0xae, 0xd7, 0xae, 0xd7, 0xae,
        0xd7, 0xae, 0xd7, 0xae, 0xd7, 0xae, 0xd7, 0xae, 0xd7, 0xae, 0xd7, 0xae, 0xd7, 0xae, 0xd7, 0xae, 0xd7, 0xae, 0xd7, 0xae,
        0xd7, 0xae, 0xd7, 0xae, 0xd7, 0xae, 0xd7, 0xae, 0xd7, 0xae, 0xd7, 0xae, 0xd7, 0xae, 0xd7, 0xae, 0xd7, 0xae, 0xd7, 0xae,
        0xd7, 0xae, 0xd7, 0xae, 0xd7, 0xae, 0xd7, 0xae, 0xd7, 0xae, 0xd7, 0xae, 0xd7, 0xae, 0xd7, 0xae, 0xd7, 0xae, 0xd7, 0xae,
        0xd7, 0xae, 0xd7, 0xae, 0xd7, 0xae, 0xd7, 0xae, 0xd7, 0xae, 0xd7, 0xae, 0xd7, 0xae, 0xd7, 0xae, 0xd7, 0xae, 0xd7, 0xae,
        0xd7, 0xae, 0xd7, 0xae, 0xd7, 0xae, 0xd7, 0xae, 0xd7, 0xae, 0xd7, 0xae, 0xd7, 0xae, 0xd7, 0xae, 0xd7, 0xae, 0xd7, 0xae,
        0xd7, 0xae, 0xd7, 0xae, 0xd7, 0xae, 0xd7, 0xae, 0xd7, 0xae, 0xd7, 0xae, 0xd7, 0xae, 0xd7, 0xae, 0xd7, 0xae, 0xd7, 0xae,
        0xd7, 0xae, 0xd7, 0xae, 0xd7, 0xae, 0xd7, 0xae, 0xd7, 0xae, 0xd7, 0xae, 0xd7, 0xae, 0xd7, 0xae, 0xd7, 0xae, 0xd7, 0xae,
        0xd7, 0xae, 0xd7, 0xae, 0xd7, 0xae, 0xd7, 0xae, 0xd7, 0xae, 0xd7, 0xae, 0xd7, 0xae, 0xd7, 0xae, 0xd7, 0xae, 0xd7, 0xae,
        0xd7, 0xae, 0xd7, 0xae, 0xd7, 0xae, 0xd7, 0xae, 0xd7, 0xae, 0xd7, 0xae, 0xd7, 0xae, 0xd7, 0xae, 0xd7, 0xae, 0xd7, 0xae,
        0xd7, 0xae, 0xd7, 0xae, 0xd7, 0xae, 0xd7, 0xae, 0xd7, 0xae, 0xd7, 0xae, 0xd7, 0xae, 0xd7, 0xae, 0xd7, 0xae, 0xd7, 0xae,
        0xd7, 0xae, 0xd7, 0xae, 0xd7, 0xae, 0xd7, 0xae, 0xd7, 0xae, 0xd7, 0xae, 0xd7, 0xae, 0xd7, 0xae, 0xd7, 0xae, 0xd7, 0xae,
        0xd7, 0xae, 0xd7, 0xae, 0xd7, 0xae, 0xd7, 0xae, 0xd7, 0xae, 0xd7, 0xae, 0xd7, 0xae, 0xd7, 0xae, 0xd7, 0xae, 0xd7, 0xae,
        0xd7, 0xae, 0xd7, 0xae, 0xd7, 0xae, 0xd7, 0xae, 0xd7, 0xae, 0xd7, 0xae, 0xd7, 0xae, 0xd7, 0xae, 0xd7, 0xae, 0xd7, 0xae,
        0xd7, 0xae, 0xd7, 0xae, 0xd7, 0xae, 0xd7, 0xae, 0xd7, 0xae, 0xd7, 0xae, 0xd7, 0xae, 0xd7, 0xae, 0xd7, 0xae, 0xd7, 0xae,
        0xd7, 0xae, 0xd7, 0xae, 0xd7, 0xae, 0xd7, 0xae, 0xd7, 0xae, 0xd7, 0xae, 0xd7, 0xae, 0xd7, 0xae, 0xd7, 0xae, 0xd7, 0xae,
        0xd7, 0xae, 0xd7, 0xae, 0xd7, 0xae, 0xd7, 0xae, 0xd7, 0xae, 0xd7, 0xae, 0xd7, 0xae, 0xd7, 0xae, 0xd7, 0xae, 0xd7, 0xae,
        0xd7, 0xae, 0xd7, 0xae, 0xd7, 0xae, 0xd7, 0xae, 0xd7, 0xae, 0xd7, 0xae, 0xd7, 0xae, 0xd7, 0xae, 0xd7, 0xae, 0xd7, 0xae,
        0xd7, 0xae, 0xd7, 0xae, 0xd7, 0xae, 0xd7, 0xae, 0xd7, 0xae, 0xd7, 0xae, 0xd7, 0xae, 0xd7, 0xae, 0xd7, 0xae, 0xd7, 0xae,
        0xd7, 0xae, 0xd7, 0xae, 0xd7, 0xae, 0xd7, 0xae, 0xd7, 0xae, 0xd7, 0xae, 0xd7, 0xae, 0xd7, 0xae, 0xd7, 0xae, 0xd7, 0xae,
        0xd7, 0xae, 0xd7, 0xae, 0xd7, 0xae, 0xd7, 0xae, 0xd7, 0xae, 0xd7, 0xae, 0xd7, 0xae, 0xd7, 0xae, 0xd7, 0xae, 0xd7, 0xae,
        0xd7, 0xae, 0xd7, 0xae, 0xd7, 0xae, 0xd7, 0xae, 0xd7, 0xae, 0xd7, 0xae, 0xd7, 0xae, 0xd7, 0xae, 0xd7, 0xae, 0xd7, 0xae,
        0xd7, 0xae, 0xd7, 0xae, 0xd7, 0xae, 0xd7, 0xae, 0xd7, 0xae, 0xd7, 0xae, 0xd7, 0xae, 0xd7, 0xae, 0xd7, 0xae, 0xd7, 0xae,
        0xd7, 0xae, 0xd7, 0xae, 0xd7, 0xae, 0xd7, 0xae, 0xd7, 0xae, 0xd7, 0xae, 0xd7, 0xae, 0xd7, 0xae, 0xd7, 0xae, 0xd7, 0xae,
        0xd7, 0xae, 0xd7, 0xae, 0xd7, 0xae, 0xd7, 0xae, 0xd7, 0xae, 0xd7, 0xae, 0xd7, 0xae, 0xd7, 0xae, 0xd7, 0xae, 0xd7, 0xae,
        0xd7, 0xae, 0xd7, 0xae, 0xd7, 0xae, 0xd7, 0xae, 0xd7, 0xae, 0xd7, 0xae, 0xd7, 0xae, 0xd7, 0xae, 0xd7, 0xae, 0xd7, 0xae,
        0xd7, 0xae, 0xd7, 0xae, 0xd7, 0xae, 0xd7, 0xae, 0xd7, 0xae, 0xd7, 0xae, 0xd7, 0xae, 0xd7, 0xae, 0xd7, 0xae, 0xd7, 0xae,
        0xd7, 0xae, 0xd7, 0xae, 0xd7, 0xae, 0xd7, 0xae, 0xd7, 0xae, 0xd7, 0xae, 0xd7, 0xae, 0xd7, 0xae, 0xd7, 0xae, 0xd7, 0xae,
        0xd7, 0xae, 0xd7, 0xae, 0xd7, 0xae, 0xd7, 0xae, 0xd7, 0xae, 0xd7, 0xae, 0xd7, 0xae, 0xd7, 0xae, 0xd7, 0xae, 0xd7, 0xae,
        0xd7, 0xae, 0xd7, 0xae, 0xd7, 0xae, 0xd7, 0xae, 0xd7, 0xae, 0xd7, 0xae, 0xd7, 0xae, 0xd7, 0xae, 0xd7, 0xae, 0xd7, 0xae,
        0xd7, 0xae, 0xd7, 0xae, 0xd7, 0xae, 0xd7, 0xae, 0xd7, 0xae, 0xd7, 0xae, 0xd7, 0xae, 0xd7, 0xae, 0xd7, 0xae, 0xd7, 0xae,
        0xd7, 0xae, 0xd7, 0xae, 0xd7, 0xae, 0xd7, 0xae, 0xd7, 0xae, 0xd7, 0xae, 0xd7, 0xae, 0xd7, 0xae, 0xd7, 0xae, 0xd7, 0xae,
        0xd7, 0xae, 0xd7, 0xae, 0xd7, 0xae, 0xd7, 0xae, 0xd7, 0xae, 0xd7, 0xae, 0xd7, 0xae, 0xd7, 0xae, 0xd7, 0xae, 0xd7, 0xae,
        0xd7, 0xae, 0xd7, 0xae, 0xd7, 0xae, 0xd7, 0xae, 0xd7, 0xae, 0xd7, 0xae, 0xd7, 0xae, 0xd7, 0xae, 0xd7, 0xae, 0xd7, 0xae,
        0xd7, 0xae, 0xd7, 0xae, 0xd7, 0xae, 0xd7, 0xae, 0xd7, 0xae, 0xd7, 0xae, 0xd7, 0xae, 0xd7, 0xae, 0xd7, 0xae, 0xd7, 0xae,
        0xd7, 0xae, 0xd7, 0xae, 0xd7, 0xae, 0xd7, 0xae, 0xd7, 0xae, 0xd7, 0xae, 0xd7, 0xae, 0xd7, 0xae, 0xd7, 0xae, 0xd7, 0xae,
        0xd7, 0xae, 0xd7, 0xae, 0xd7, 0xae, 0xd7, 0xae, 0xd7, 0xae, 0xd7, 0xae, 0xd7, 0xae, 0xd7, 0xae, 0xd7, 0xae, 0xd7, 0xae,
        0xd7, 0xae, 0xd7, 0xae, 0xd7, 0xae, 0xd7, 0xae, 0xd7, 0xae, 0xd7, 0xae, 0xd7, 0xae, 0xd7, 0xae, 0xd7, 0xae, 0xd7, 0xae,
        0xd7, 0xae, 0xd7, 0xae, 0xd7, 0xae, 0xd7, 0xae, 0xd7, 0xae, 0xd7, 0xae, 0xd7, 0xae, 0xd7, 0xae, 0xd7, 0xae, 0xd7, 0xae,
        0xd7, 0xae, 0xd7, 0xae, 0xd7, 0xae, 0xd7, 0xae, 0xd7, 0xae, 0xd7, 0xae, 0xd7, 0xae, 0xd7, 0xae, 0xd7, 0xae, 0xd7, 0xae,
        0xd7, 0xae, 0xd7, 0xae, 0xd7, 0xae, 0xd7, 0xae, 0xd7, 0xae, 0xd7, 0xae, 0xd7, 0xae, 0xd7, 0xae, 0xd7, 0xae, 0xd7, 0xae,
        0xd7, 0xae, 0xd7, 0xae, 0xd7, 0xae, 0xd7, 0xae, 0xd7, 0xae, 0xd7, 0xae, 0xd7, 0xae, 0xd7, 0xae, 0xd7, 0xae, 0xd7, 0xae,
        0xd7, 0xae, 0xd7, 0xae, 0xd7, 0xae, 0xd7, 0xae, 0xd7, 0xae, 0xd7, 0xae, 0xd7, 0xae, 0xd7, 0xae, 0xd7, 0xae, 0xd7, 0xae,
        0xd7, 0xae, 0xd7, 0xae, 0xd7, 0xae, 0xd7, 0xae, 0xd7, 0xae, 0xd7, 0xae, 0xd7, 0xae, 0xd7, 0xae, 0xd7, 0xae, 0xd7, 0xae,
        0xd7, 0xae, 0xd7, 0xae, 0xd7, 0xae, 0xd7, 0xae, 0xd7, 0xae, 0xd7, 0xae, 0xd7, 0xae, 0xd7, 0xae, 0xd7, 0xae, 0xd7, 0xae,
        0xd7, 0xae, 0xd7, 0xae, 0xd7, 0xae, 0xd7, 0xae, 0xd7, 0xae, 0xd7, 0xae, 0xd7, 0xae, 0xd7, 0xae, 0xd7, 0xae, 0xd7, 0xae,
        0xd7, 0xa6, 0xd7, 0xae, 0xd7, 0xae, 0xd7, 0xae, 0xd7, 0xae, 0xd7, 0xae, 0xd7, 0xae, 0xd7, 0xae, 0xd7, 0xae, 0xd7, 0xae,
        0xd7, 0xae, 0xd7, 0xae, 0xd7, 0xae, 0xd7, 0xae, 0xd7, 0xae, 0xd7, 0xae, 0xd7, 0xae, 0xd7, 0xae, 0xd7, 0xae, 0xd7, 0xae,
        0xd7, 0xae, 0xd7, 0xae, 0xd7, 0xae, 0xd7, 0xae, 0xd7, 0xae, 0xd7, 0xae, 0xd7, 0xae, 0xd7, 0xae, 0xd7, 0xae, 0xd7, 0xae,
        0xd7, 0xae, 0xd7, 0xae, 0xd7, 0xae, 0xd7, 0xae, 0xd7, 0xae, 0xd7, 0xae, 0xd7, 0xae, 0xd7, 0xae, 0xd7, 0xae, 0xd7, 0xae,
        0xd7, 0xae, 0xd7, 0xae, 0xd7, 0xae, 0xd7, 0xae, 0xd7, 0xae, 0xd7, 0xae, 0xd7, 0xae, 0xd7, 0xae, 0xd7, 0xae, 0xd7, 0xae,
        0xd7, 0xae, 0xd7, 0xae, 0xd7, 0xae, 0xd7, 0xae, 0xd7, 0xae, 0xd7, 0xae, 0xd7, 0xae, 0xd7, 0xae, 0xd7, 0xae, 0xd7, 0xae,
        0xd7, 0xae, 0xd7, 0xae, 0xd7, 0xae, 0xd7, 0xae, 0xd7, 0xae, 0xd7, 0xae, 0xd7, 0xae, 0xd7, 0xae, 0xd7, 0xae, 0xd7, 0xae,
        0xd7, 0xae, 0xd7, 0xae, 0xd7, 0xae, 0xd7, 0xae, 0xd7, 0xae, 0xd7, 0xae, 0xd7, 0xae, 0xd7, 0xae, 0xd7, 0xae, 0xd7, 0xae,
        0xd7, 0xae, 0xd7, 0xae, 0xd7, 0xae, 0xd7, 0xae, 0xd7, 0xae, 0xd7, 0xae, 0xd7, 0xae, 0xd7, 0xae, 0xd7, 0xae, 0xd7, 0xae,
        0xd7, 0xae, 0xd7, 0xae, 0xd7, 0xae, 0xd7, 0xae, 0xd7, 0xae, 0xd7, 0xae, 0xd7, 0xae, 0xd7, 0xae, 0xd7, 0xae, 0xd7, 0xae,
        0xd7, 0xae, 0xd7, 0xae, 0xd7, 0xae, 0xd7, 0xae, 0xd7, 0xae, 0xd7, 0xae, 0xd7, 0xae, 0xd7, 0xae, 0xd7, 0xae, 0xd7, 0xae,
        0xd7, 0xae, 0xd7, 0xae, 0xd7, 0xae, 0xd7, 0xae, 0xd7, 0xae, 0xd7, 0xae, 0xd7, 0xae, 0xd7, 0xae, 0xd7, 0xae, 0xd7, 0xae,
        0xd7, 0xae, 0xd7, 0xae, 0xd7, 0xae, 0xd7, 0xae, 0xd7, 0xae, 0xd7, 0xae, 0xd7, 0xae, 0xd7, 0xae, 0xd7, 0xae, 0xd7, 0xae,
        0xd7, 0xae, 0xd7, 0xae, 0xd7, 0xae, 0xd7, 0xae, 0xd7, 0xae, 0xd7, 0xae, 0xd7, 0xae, 0xd7, 0xae, 0xd7, 0xae, 0xd7, 0xae,
        0xd7, 0xae, 0xd7, 0xae, 0xd7, 0xae, 0xd7, 0xae, 0xd7, 0xae, 0xd7, 0xae, 0xd7, 0xae, 0xd7, 0xae, 0xd7, 0xae, 0xd7, 0xae,
        0xd7, 0xae, 0xd7, 0xae, 0xd7, 0xae, 0xd7, 0xae, 0xd7, 0xae, 0xd7, 0xae, 0xd7, 0xae, 0xd7, 0xae, 0xd7, 0xae, 0xd7, 0xae,
        0xd7, 0xae, 0xd7, 0xae, 0xd7, 0xae, 0xd7, 0xae, 0xd7, 0xae, 0xd7, 0xae, 0xd7, 0xae, 0xd7, 0xae, 0xd7, 0xae, 0xd7, 0xae,
        0xd7, 0xae, 0xd7, 0xae, 0xd7, 0xae, 0xd7, 0xae, 0xd7, 0xae, 0xd7, 0xae, 0xd7, 0xae, 0xd7, 0xae, 0xd7, 0xae, 0xd7, 0xae,
        0xd7, 0xae, 0xd7, 0xae, 0xd7, 0xae, 0xd7, 0xae, 0xd7, 0xae, 0xd7, 0xae, 0xd7, 0xae, 0xd7, 0xae, 0xd7, 0xae, 0xd7, 0xae,
        0xd7, 0xae, 0xd7, 0xae, 0xd7, 0xae, 0xd7, 0xae, 0xd7, 0xae, 0xd7, 0xae, 0xd7, 0xae, 0xd7, 0xae, 0xd7, 0xae, 0xd7, 0xae,
        0xd7, 0xae, 0xd7, 0xae, 0xd7, 0xae, 0xd7, 0xae, 0xd7, 0xae, 0xd7, 0xae, 0xd7, 0xae, 0xd7, 0xae, 0xd7, 0xae, 0xd7, 0xae,
        0xd7, 0xae, 0xd7, 0xae, 0xd7, 0xae, 0xd7, 0xae, 0xd7, 0xae, 0xd7, 0xae, 0xd7, 0xae, 0xd7, 0xae, 0xd7, 0xae, 0xd7, 0xae,
        0xd7, 0xae, 0xd7, 0xae, 0xd7, 0xae, 0xd7, 0xae, 0xd7, 0xae, 0xd7, 0xae, 0xd7, 0xae, 0xd7, 0xae, 0xd7, 0xae, 0xd7, 0xae,
        0xd7, 0xae, 0xd7, 0xae, 0xd7, 0xae, 0xd7, 0xae, 0xd7, 0xae, 0xd7, 0xae, 0xd7, 0xae, 0xd7, 0xae, 0xd7, 0xae, 0xd7, 0xae,
        0xd7, 0xae, 0xd7, 0xae, 0xd7, 0xae, 0xd7, 0xae, 0xd7, 0xae, 0xd7, 0xae, 0xd7, 0xae, 0xd7, 0xae, 0xd7, 0xae, 0xd7, 0xae,
        0xd7, 0xae, 0xd7, 0xae, 0xd7, 0xae, 0xd7, 0xae, 0xd7, 0xae, 0xd7, 0xae, 0xd7, 0xae, 0xd7, 0xae, 0xd7, 0xae, 0xd7, 0xae,
        0xd7, 0xae, 0xd7, 0xae, 0xd7, 0xae, 0xd7, 0xae, 0xd7, 0xae, 0xd7, 0xae, 0xd7, 0xae, 0xd7, 0xae, 0xd7, 0xae, 0xd7, 0xae,
        0xd7, 0xae, 0xd7, 0xae, 0xd7, 0xae, 0xd7, 0xae, 0xd7, 0xae, 0xd7, 0xae, 0xd7, 0xae, 0xd7, 0xae, 0xd7, 0xae, 0xd7, 0xae,
        0xd7, 0xae, 0xd7, 0xae, 0xd7, 0xae, 0xd7, 0xae, 0xd7, 0xae, 0xd7, 0xae, 0xd7, 0xae, 0xd7, 0xae, 0xd7, 0xae, 0xd7, 0xae,
        0xd7, 0xae, 0xd7, 0xae, 0xd7, 0xae, 0xd7, 0xae, 0xd7, 0xae, 0xd7, 0xae, 0xd7, 0xae, 0xd7, 0xae, 0xd7, 0xae, 0xd7, 0xae,
        0xd7, 0xae, 0xd7, 0xae, 0xd7, 0xae, 0xd7, 0xae, 0xd7, 0xae, 0xd7, 0xae, 0xd7, 0xae, 0xd7, 0xae, 0xd7, 0xae, 0xd7, 0xae,
        0xd7, 0xae, 0xd7, 0xae, 0xd7, 0xae, 0xd7, 0xae, 0xd7, 0xae, 0xd7, 0xae, 0xd7, 0xae, 0xd7, 0xae, 0xd7, 0xae, 0xd7, 0xa6,
        0xd7, 0xa6, 0xb7, 0xa6, 0xd7, 0xa6, 0xd7, 0xa6, 0xd7, 0xae, 0xd7, 0xae, 0xd7, 0xae, 0xd7, 0xae, 0xd7, 0xae, 0xd7, 0xae,
        0xd7, 0xae, 0xd7, 0xae, 0xd7, 0xae, 0xd7, 0xae, 0xd7, 0xae, 0xd7, 0xae, 0xd7, 0xae, 0xd7, 0xae, 0xd7, 0xae, 0xd7, 0xae,
        0xd7, 0xae, 0xd7, 0xae, 0xd7, 0xae, 0xd7, 0xae, 0xd7, 0xae, 0xd7, 0xae, 0xd7, 0xae, 0xd7, 0xae, 0xd7, 0xae, 0xd7, 0xae,
        0xd7, 0xae, 0xd7, 0xae, 0xd7, 0xae, 0xd7, 0xae, 0xd7, 0xae, 0xd7, 0xae, 0xd7, 0xae, 0xd7, 0xae, 0xd7, 0xae, 0xd7, 0xae,
        0xd7, 0xae, 0xd7, 0xae, 0xd7, 0xae, 0xd7, 0xae, 0xd7, 0xae, 0xd7, 0xae, 0xd7, 0xae, 0xd7, 0xae, 0xd7, 0xae, 0xd7, 0xae,
        0xd7, 0xae, 0xd7, 0xae, 0xd7, 0xae, 0xd7, 0xae, 0xd7, 0xae, 0xd7, 0xae, 0xd7, 0xae, 0xd7, 0xae, 0xd7, 0xae, 0xd7, 0xae,
        0xd7, 0xae, 0xd7, 0xae, 0xd7, 0xae, 0xd7, 0xae, 0xd7, 0xae, 0xd7, 0xae, 0xd7, 0xae, 0xd7, 0xae, 0xd7, 0xae, 0xd7, 0xae,
        0xd7, 0xae, 0xd7, 0xae, 0xd7, 0xae, 0xd7, 0xae, 0xd7, 0xae, 0xd7, 0xae, 0xd7, 0xae, 0xd7, 0xae, 0xd7, 0xae, 0xd7, 0xae,
        0xd7, 0xae, 0xd7, 0xae, 0xd7, 0xae, 0xd7, 0xae, 0xd7, 0xae, 0xd7, 0xae, 0xd7, 0xae, 0xd7, 0xae, 0xd7, 0xae, 0xd7, 0xae,
        0xd7, 0xae, 0xd7, 0xae, 0xd7, 0xae, 0xd7, 0xae, 0xd7, 0xae, 0xd7, 0xae, 0xd7, 0xae, 0xd7, 0xae, 0xd7, 0xae, 0xd7, 0xae,
        0xd7, 0xae, 0xd7, 0xae, 0xd7, 0xae, 0xd7, 0xae, 0xd7, 0xae, 0xd7, 0xae, 0xd7, 0xae, 0xd7, 0xae, 0xd7, 0xae, 0xd7, 0xae,
        0xd7, 0xae, 0xd7, 0xae, 0xd7, 0xae, 0xd7, 0xae, 0xd7, 0xae, 0xd7, 0xae, 0xd7, 0xae, 0xd7, 0xae, 0xd7, 0xae, 0xd7, 0xae,
        0xd7, 0xae, 0xd7, 0xae, 0xd7, 0xae, 0xd7, 0xae, 0xd7, 0xae, 0xd7, 0xae, 0xd7, 0xae, 0xd7, 0xae, 0xd7, 0xae, 0xd7, 0xae,
        0xd7, 0xae, 0xd7, 0xae, 0xd7, 0xae, 0xd7, 0xae, 0xd7, 0xae, 0xd7, 0xae, 0xd7, 0xae, 0xd7, 0xae, 0xd7, 0xae, 0xd7, 0xae,
        0xd7, 0xae, 0xd7, 0xae, 0xd7, 0xae, 0xd7, 0xae, 0xd7, 0xae, 0xd7, 0xae, 0xd7, 0xae, 0xd7, 0xae, 0xd7, 0xae, 0xd7, 0xae,
        0xd7, 0xae, 0xd7, 0xae, 0xd7, 0xae, 0xd7, 0xae, 0xd7, 0xae, 0xd7, 0xae, 0xd7, 0xae, 0xd7, 0xae, 0xd7, 0xae, 0xd7, 0xae,
        0xd7, 0xae, 0xd7, 0xae, 0xd7, 0xae, 0xd7, 0xae, 0xd7, 0xae, 0xd7, 0xae, 0xd7, 0xae, 0xd7, 0xae, 0xd7, 0xae, 0xd7, 0xae,
        0xd7, 0xae, 0xd7, 0xae, 0xd7, 0xae, 0xd7, 0xae, 0xd7, 0xae, 0xd7, 0xae, 0xd7, 0xae, 0xd7, 0xae, 0xd7, 0xae, 0xd7, 0xae,
        0xd7, 0xae, 0xd7, 0xae, 0xd7, 0xae, 0xd7, 0xae, 0xd7, 0xae, 0xd7, 0xae, 0xd7, 0xae, 0xd7, 0xae, 0xd7, 0xae, 0xd7, 0xae,
        0xd7, 0xae, 0xd7, 0xae, 0xd7, 0xae, 0xd7, 0xae, 0xd7, 0xae, 0xd7, 0xae, 0xd7, 0xae, 0xd7, 0xae, 0xd7, 0xae, 0xd7, 0xae,
        0xd7, 0xae, 0xd7, 0xae, 0xd7, 0xae, 0xd7, 0xae, 0xd7, 0xae, 0xd7, 0xae, 0xd7, 0xae, 0xd7, 0xae, 0xd7, 0xae, 0xd7, 0xae,
        0xd7, 0xae, 0xd7, 0xae, 0xd7, 0xae, 0xd7, 0xae, 0xd7, 0xae, 0xd7, 0xae, 0xd7, 0xae, 0xd7, 0xae, 0xd7, 0xae, 0xd7, 0xae,
        0xd7, 0xae, 0xd7, 0xae, 0xd7, 0xae, 0xd7, 0xae, 0xd7, 0xae, 0xd7, 0xae, 0xd7, 0xae, 0xd7, 0xae, 0xd7, 0xae, 0xd7, 0xae,
        0xd7, 0xae, 0xd7, 0xae, 0xd7, 0xae, 0xd7, 0xae, 0xd7, 0xae, 0xd7, 0xae, 0xd7, 0xae, 0xd7, 0xae, 0xd7, 0xae, 0xd7, 0xae,
        0xd7, 0xae, 0xd7, 0xae, 0xd7, 0xae, 0xd7, 0xae, 0xd7, 0xae, 0xd7, 0xae, 0xd7, 0xae, 0xd7, 0xae, 0xd7, 0xae, 0xd7, 0xae,
        0xd7, 0xae, 0xd7, 0xae, 0xd7, 0xae, 0xd7, 0xae, 0xd7, 0xae, 0xd7, 0xae, 0xd7, 0xae, 0xd7, 0xae, 0xd7, 0xae, 0xd7, 0xae,
        0xd7, 0xae, 0xd7, 0xae, 0xd7, 0xae, 0xd7, 0xae, 0xd7, 0xae, 0xd7, 0xae, 0xd7, 0xae, 0xd7, 0xae, 0xd7, 0xae, 0xd7, 0xae,
        0xd7, 0xae, 0xd7, 0xae, 0xd7, 0xae, 0xd7, 0xae, 0xd7, 0xae, 0xd7, 0xae, 0xd7, 0xae, 0xd7, 0xae, 0xd7, 0xae, 0xd7, 0xae,
        0xd7, 0xae, 0xd7, 0xae, 0xd7, 0xae, 0xd7, 0xae, 0xd7, 0xae, 0xd7, 0xae, 0xd7, 0xae, 0xd7, 0xae, 0xd7, 0xae, 0xd7, 0xae,
        0xd7, 0xae, 0xd7, 0xae, 0xd7, 0xae, 0xd7, 0xae, 0xd7, 0xae, 0xd7, 0xae, 0xd7, 0xae, 0xd7, 0xae, 0xd7, 0xae, 0xd7, 0xae,
        0xd7, 0xae, 0xd7, 0xae, 0xd7, 0xae, 0xd7, 0xae, 0xd7, 0xae, 0xd7, 0xae, 0xd7, 0xae, 0xd7, 0xae, 0xd7, 0xae, 0xd7, 0xae,
        0xd7, 0xae, 0xd7, 0xae, 0xd7, 0xae, 0xd7, 0xae, 0xd7, 0xae, 0xd7, 0xae, 0x18, 0xb7, 0x39, 0xb7, 0x39, 0xb7, 0x18, 0xb7,
        0x18, 0xaf, 0x18, 0xaf, 0x18, 0xaf, 0x18, 0xaf, 0x38, 0xb7, 0x39, 0xb7, 0x39, 0xb7, 0x39, 0xb7, 0x18, 0xb7, 0x18, 0xb7,
        0x18, 0xb7, 0x38, 0xb7, 0xf8, 0xae, 0xd7, 0xae, 0xd7, 0xae, 0xd7, 0xae, 0xd7, 0xae, 0xd7, 0xae, 0xd7, 0xae, 0xd7, 0xae,
        0xd7, 0xae, 0xd7, 0xae, 0xd7, 0xae, 0xd7, 0xae, 0xd7, 0xae, 0xd7, 0xae, 0xd7, 0xae, 0xd7, 0xae, 0xd7, 0xae, 0xd7, 0xae,
        0xd7, 0xae, 0xd7, 0xae, 0xd7, 0xae, 0xd7, 0xae, 0xd7, 0xae, 0xd7, 0xae, 0xd7, 0xae, 0xd7, 0xae, 0xd7, 0xae, 0xd7, 0xae,
        0xd7, 0xae, 0xd7, 0xae, 0xd7, 0xae, 0xd7, 0xae, 0xd7, 0xae, 0xd7, 0xae, 0xd7, 0xae, 0xd7, 0xae, 0xf7, 0xae, 0xd7, 0xae,
        0xd7, 0xae, 0xd7, 0xae, 0xd7, 0xae, 0xd7, 0xae, 0xd7, 0xae, 0xd7, 0xae, 0xd7, 0xae, 0xd7, 0xae, 0xd7, 0xae, 0xd7, 0xae,
        0xd7, 0xae, 0xd7, 0xae, 0xd7, 0xae, 0xd7, 0xae, 0xd7, 0xae, 0xd7, 0xae, 0xd7, 0xae, 0xd7, 0xae, 0xd7, 0xae, 0xd7, 0xae,
        0xd7, 0xae, 0xd7, 0xae, 0xd7, 0xae, 0xd7, 0xae, 0xd7, 0xae, 0xd7, 0xae, 0xd7, 0xae, 0xd7, 0xae, 0xd7, 0xae, 0xd7, 0xae,
        0xd7, 0xae, 0xd7, 0xae, 0xd7, 0xae, 0xd7, 0xae, 0xd7, 0xae, 0xd7, 0xae, 0xd7, 0xae, 0xd7, 0xae, 0xd7, 0xae, 0xd7, 0xae,
        0xd7, 0xae, 0xd7, 0xae, 0xd7, 0xae, 0xd7, 0xae, 0xd7, 0xae, 0xd7, 0xae, 0xd7, 0xa6, 0xd7, 0xa6, 0xd7, 0xae, 0x18, 0xaf,
        0x18, 0xb7, 0x18, 0xb7, 0x18, 0xb7, 0x18, 0xb7, 0x18, 0xb7, 0x18, 0xaf, 0x18, 0xb7, 0x18, 0xb7, 0x18, 0xb7, 0x18, 0xb7,
        0x19, 0xb7, 0x18, 0xb7, 0x18, 0xb7, 0x18, 0xaf, 0xd7, 0xae, 0xd7, 0xa6, 0xd7, 0xae, 0xd7, 0xae, 0xd7, 0xae, 0xd7, 0xae,
        0xd7, 0xae, 0xd7, 0xae, 0xd7, 0xae, 0xd7, 0xae, 0xd7, 0xae, 0xd7, 0xae, 0xd7, 0xae, 0xd7, 0xae, 0xd7, 0xae, 0xd7, 0xae,
        0xd7, 0xae, 0xd7, 0xae, 0xd7, 0xae, 0xd7, 0xae, 0xd7, 0xae, 0xd7, 0xae, 0xd7, 0xae, 0xd7, 0xae, 0xd7, 0xae, 0xd7, 0xae,
        0xd7, 0xae, 0xd7, 0xae, 0xd7, 0xae, 0xd7, 0xae, 0xd7, 0xae, 0xd7, 0xae, 0xd7, 0xae, 0xd7, 0xae, 0xd7, 0xae, 0xd7, 0xae,
        0xd7, 0xae, 0xd7, 0xae, 0xd7, 0xae, 0xd7, 0xae, 0xd7, 0xae, 0xd7, 0xae, 0xd7, 0xae, 0xd7, 0xae, 0xd7, 0xae, 0xd7, 0xae,
        0xd7, 0xae, 0xd7, 0xae, 0xd7, 0xae, 0xd7, 0xae, 0xd7, 0xae, 0xd7, 0xae, 0xd7, 0xae, 0xd7, 0xae, 0xd7, 0xae, 0xd7, 0xae,
        0xd7, 0xae, 0xd7, 0xae, 0xd7, 0xae, 0xd7, 0xae, 0xd7, 0xae, 0xd7, 0xae, 0xd7, 0xae, 0xd7, 0xae, 0xd7, 0xae, 0xd7, 0xae,
        0xd7, 0xae, 0xd7, 0xae, 0xd7, 0xae, 0xd7, 0xae, 0xd7, 0xae, 0xd7, 0xae, 0xd7, 0xae, 0xd7, 0xae, 0xd7, 0xae, 0xd7, 0xae,
        0xd7, 0xae, 0xd7, 0xae, 0xd7, 0xae, 0xd7, 0xae, 0xd7, 0xae, 0xd7, 0xae, 0xd7, 0xae, 0xd7, 0xae, 0xd7, 0xae, 0xd7, 0xae,
        0xd7, 0xae, 0xd7, 0xae, 0xd7, 0xae, 0xd7, 0xae, 0xd7, 0xae, 0xd7, 0xae, 0xd7, 0xae, 0xd7, 0xae, 0xd7, 0xae, 0xd7, 0xae,
        0xd7, 0xae, 0xd7, 0xae, 0xd7, 0xae, 0xd7, 0xae, 0xd7, 0xae, 0xd7, 0xae, 0xd7, 0xae, 0xd7, 0xae, 0xd7, 0xae, 0xd7, 0xae,
        0xd7, 0xae, 0xd7, 0xae, 0xd7, 0xae, 0xd7, 0xae, 0xd7, 0xae, 0xd7, 0xae, 0xd7, 0xae, 0xd7, 0xae, 0xd7, 0xae, 0xd7, 0xae,
        0xd7, 0xae, 0xd7, 0xae, 0xd7, 0xae, 0xd7, 0xae, 0xd7, 0xae, 0xd7, 0xae, 0xd7, 0xae, 0xd7, 0xae, 0xd7, 0xae, 0xd7, 0xae,
        0xd7, 0xae, 0xd7, 0xae, 0xd7, 0xae, 0xd7, 0xae, 0xd7, 0xae, 0xd7, 0xae, 0xd7, 0xae, 0xd7, 0xae, 0xd7, 0xae, 0xd7, 0xae,
        0xd7, 0xae, 0xd7, 0xae, 0xd7, 0xae, 0xd7, 0xae, 0xd7, 0xae, 0xd7, 0xae, 0xd7, 0xae, 0xd7, 0xae, 0xd7, 0xae, 0xd7, 0xae,
        0xd7, 0xae, 0xd7, 0xae, 0xd7, 0xae, 0xd7, 0xae, 0xd7, 0xae, 0xd7, 0xae, 0xd7, 0xae, 0xd7, 0xae, 0xd7, 0xae, 0xd7, 0xae,
        0xd7, 0xae, 0xd7, 0xae, 0xd7, 0xae, 0xd7, 0xae, 0xd7, 0xae, 0xd7, 0xae, 0xd7, 0xae, 0xd7, 0xae, 0xd7, 0xae, 0xd7, 0xae,
        0xd7, 0xae, 0xd7, 0xae, 0xd7, 0xae, 0xd7, 0xae, 0xd7, 0xae, 0xd7, 0xae, 0xd7, 0xae, 0xd7, 0xae, 0xd7, 0xae, 0xd7, 0xae,
        0xd7, 0xae, 0xd7, 0xae, 0xd7, 0xae, 0xd7, 0xae, 0xd7, 0xae, 0xd7, 0xae, 0xd7, 0xae, 0xd7, 0xae, 0xd7, 0xae, 0xd7, 0xae,
        0xd7, 0xae, 0xd7, 0xae, 0xd7, 0xae, 0xd7, 0xae, 0xd7, 0xae, 0xd7, 0xae, 0xd7, 0xae, 0xd7, 0xae, 0xd7, 0xae, 0xd7, 0xae,
        0xd7, 0xae, 0xd7, 0xae, 0xd7, 0xae, 0xd7, 0xae, 0xd7, 0xae, 0xd7, 0xae, 0xd0, 0x7c, 0x4f, 0x6c, 0x6f, 0x6c, 0x6f, 0x6c,
        0x4e, 0x6c, 0x2e, 0x6c, 0x2e, 0x6c, 0x4e, 0x6c, 0x6f, 0x6c, 0x6f, 0x74, 0x8f, 0x74, 0x90, 0x74, 0x8f, 0x74, 0x6f, 0x6c,
        0x8f, 0x6c, 0x6f, 0x74, 0xd4, 0x95, 0xf8, 0xae, 0xd7, 0xae, 0xd7, 0xae, 0xd7, 0xae, 0xd7, 0xae, 0xd7, 0xae, 0xd7, 0xae,
        0xd7, 0xae, 0xd7, 0xae, 0xd7, 0xae, 0xd7, 0xae, 0xd7, 0xae, 0xd7, 0xae, 0xd7, 0xae, 0xd7, 0xae, 0xd7, 0xae, 0xd7, 0xae,
        0xd7, 0xae, 0xd7, 0xae, 0xd7, 0xae, 0xd7, 0xae, 0xd7, 0xae, 0xd7, 0xae, 0xd7, 0xae, 0xd7, 0xae, 0xd7, 0xae, 0xd7, 0xae,
        0xd7, 0xae, 0xd7, 0xae, 0xd7, 0xae, 0xd7, 0xae, 0xd7, 0xae, 0xd7, 0xae, 0xd7, 0xae, 0xd7, 0xae, 0xd7, 0xae, 0xd7, 0xae,
        0xd7, 0xae, 0xd7, 0xae, 0xd7, 0xae, 0xd7, 0xae, 0xd7, 0xae, 0xd7, 0xae, 0xd7, 0xae, 0xd7, 0xae, 0xd7, 0xae, 0xd7, 0xae,
        0xd7, 0xae, 0xd7, 0xae, 0xd7, 0xae, 0xd7, 0xae, 0xd7, 0xae, 0xd7, 0xae, 0xd7, 0xae, 0xd7, 0xae, 0xd7, 0xae, 0xd7, 0xae,
        0xd7, 0xae, 0xd7, 0xae, 0xd7, 0xae, 0xd7, 0xae, 0xd7, 0xae, 0xd7, 0xae, 0xd7, 0xae, 0xd7, 0xae, 0xd7, 0xae, 0xd7, 0xae,
        0xd7, 0xae, 0xd7, 0xae, 0xd7, 0xae, 0xd7, 0xae, 0xd7, 0xae, 0xd7, 0xae, 0xd7, 0xae, 0xd7, 0xae, 0xd7, 0xae, 0xd7, 0xae,
        0xd7, 0xae, 0xd7, 0xae, 0xd7, 0xae, 0xd7, 0xae, 0xd7, 0xae, 0xd7, 0xae, 0xd7, 0xa6, 0xd7, 0xa6, 0x96, 0xa6, 0x93, 0x85,
        0x52, 0x85, 0x72, 0x8d, 0x52, 0x8d, 0x52, 0x85, 0x52, 0x85, 0x52, 0x85, 0x73, 0x8d, 0x73, 0x8d, 0x73, 0x8d, 0x73, 0x8d,
        0x73, 0x8d, 0x72, 0x8d, 0x52, 0x85, 0x52, 0x85, 0x76, 0x9e, 0xd7, 0xa6, 0xd7, 0xa6, 0xd7, 0xae, 0xd7, 0xae, 0xd7, 0xae,
        0xd7, 0xae, 0xd7, 0xae, 0xd7, 0xae, 0xd7, 0xae, 0xd7, 0xae, 0xd7, 0xae, 0xd7, 0xae, 0xd7, 0xae, 0xd7, 0xae, 0xd7, 0xae,
        0xd7, 0xae, 0xd7, 0xae, 0xd7, 0xae, 0xd7, 0xae, 0xd7, 0xae, 0xd7, 0xae, 0xd7, 0xae, 0xd7, 0xae, 0xd7, 0xae, 0xd7, 0xae,
        0xd7, 0xae, 0xd7, 0xae, 0xd7, 0xae, 0xd7, 0xae, 0xd7, 0xae, 0xd7, 0xae, 0xd7, 0xae, 0xd7, 0xae, 0xd7, 0xae, 0xd7, 0xae,
        0xd7, 0xae, 0xd7, 0xae, 0xd7, 0xae, 0xd7, 0xae, 0xd7, 0xae, 0xd7, 0xae, 0xd7, 0xae, 0xd7, 0xae, 0xd7, 0xae, 0xd7, 0xae,
        0xd7, 0xae, 0xd7, 0xae, 0xd7, 0xae, 0xd7, 0xae, 0xd7, 0xae, 0xd7, 0xae, 0xd7, 0xae, 0xd7, 0xae, 0xd7, 0xae, 0xd7, 0xae,
        0xd7, 0xae, 0xd7, 0xae, 0xd7, 0xae, 0xd7, 0xae, 0xd7, 0xae, 0xd7, 0xae, 0xd7, 0xae, 0xd7, 0xae, 0xd7, 0xae, 0xd7, 0xae,
        0xd7, 0xae, 0xd7, 0xae, 0xd7, 0xae, 0xd7, 0xae, 0xd7, 0xae, 0xd7, 0xae, 0xd7, 0xae, 0xd7, 0xae, 0xd7, 0xae, 0xd7, 0xae,
        0xd7, 0xae, 0xd7, 0xae, 0xd7, 0xae, 0xd7, 0xae, 0xd7, 0xae, 0xd7, 0xae, 0xd7, 0xae, 0xd7, 0xae, 0xd7, 0xae, 0xd7, 0xae,
        0xd7, 0xae, 0xd7, 0xae, 0xd7, 0xae, 0xd7, 0xae, 0xd7, 0xae, 0xd7, 0xae, 0xd7, 0xae, 0xd7, 0xae, 0xd7, 0xae, 0xd7, 0xae,
        0xd7, 0xae, 0xd7, 0xae, 0xd7, 0xae, 0xd7, 0xae, 0xd7, 0xae, 0xd7, 0xae, 0xd7, 0xae, 0xd7, 0xae, 0xd7, 0xae, 0xd7, 0xae,
        0xd7, 0xae, 0xd7, 0xae, 0xd7, 0xae, 0xd7, 0xae, 0xd7, 0xae, 0xd7, 0xae, 0xd7, 0xae, 0xd7, 0xae, 0xd7, 0xae, 0xd7, 0xae,
        0xd7, 0xae, 0xd7, 0xae, 0xd7, 0xae, 0xd7, 0xae, 0xd7, 0xae, 0xd7, 0xae, 0xd7, 0xae, 0xd7, 0xae, 0xd7, 0xae, 0xd7, 0xae,
        0xd7, 0xae, 0xd7, 0xae, 0xd7, 0xae, 0xd7, 0xae, 0xd7, 0xae, 0xd7, 0xae, 0xd7, 0xae, 0xd7, 0xae, 0xd7, 0xae, 0xd7, 0xae,
        0xd7, 0xae, 0xd7, 0xae, 0xd7, 0xae, 0xd7, 0xae, 0xd7, 0xae, 0xd7, 0xae, 0xd7, 0xae, 0xd7, 0xae, 0xd7, 0xae, 0xd7, 0xae,
        0xd7, 0xae, 0xd7, 0xae, 0xd7, 0xae, 0xd7, 0xae, 0xd7, 0xae, 0xd7, 0xae, 0xd7, 0xae, 0xd7, 0xae, 0xd7, 0xae, 0xd7, 0xae,
        0xd7, 0xae, 0xd7, 0xae, 0xd7, 0xae, 0xd7, 0xae, 0xd7, 0xae, 0xd7, 0xae, 0xd7, 0xae, 0xd7, 0xae, 0xd7, 0xae, 0xd7, 0xae,
        0xd7, 0xae, 0xd7, 0xae, 0xd7, 0xae, 0xd7, 0xae, 0xd7, 0xae, 0xd7, 0xae, 0xd7, 0xae, 0xd7, 0xae, 0xd7, 0xae, 0xd7, 0xae,
        0xd7, 0xae, 0xd7, 0xae, 0xd7, 0xae, 0xd7, 0xae, 0xd7, 0xae, 0xd7, 0xae, 0xd7, 0xae, 0xd7, 0xae, 0xd7, 0xae, 0xd7, 0xae,
        0xd7, 0xae, 0xd7, 0xae, 0xd7, 0xae, 0xd7, 0xae, 0xd7, 0xae, 0xd7, 0xae, 0xd7, 0xae, 0xd7, 0xae, 0xd7, 0xae, 0xd7, 0xae,
        0xd7, 0xae, 0xd7, 0xae, 0xd7, 0xae, 0xd7, 0xae, 0xf7, 0xae, 0xb7, 0xa6, 0x23, 0x19, 0x00, 0x00, 0x00, 0x00, 0x00, 0x00,
        0x00, 0x00, 0x00, 0x00, 0x00, 0x00, 0x00, 0x00, 0x00, 0x00, 0x00, 0x00, 0x00, 0x00, 0x00, 0x00, 0x00, 0x00, 0x00, 0x00,
        0x00, 0x00, 0x00, 0x00, 0xcd, 0x63, 0x38, 0xb7, 0xd7, 0xa6, 0xd7, 0xae, 0xd7, 0xae, 0xd7, 0xae, 0xd7, 0xae, 0xd7, 0xae,
        0xd7, 0xae, 0xd7, 0xae, 0xd7, 0xae, 0xd7, 0xae, 0xd7, 0xae, 0xd7, 0xae, 0xd7, 0xae, 0xd7, 0xae, 0xd7, 0xae, 0xd7, 0xae,
        0xd7, 0xae, 0xd7, 0xae, 0xd7, 0xae, 0xd7, 0xae, 0xd7, 0xae, 0xd7, 0xae, 0xd7, 0xae, 0xd7, 0xae, 0xd7, 0xae, 0xd7, 0xae,
        0xd7, 0xae, 0xd7, 0xae, 0xd7, 0xae, 0xd7, 0xae, 0xd7, 0xae, 0xd7, 0xae, 0xd7, 0xae, 0xd7, 0xae, 0xd7, 0xae, 0xd7, 0xae,
        0xd7, 0xae, 0xd7, 0xae, 0xd7, 0xae, 0xf7, 0xae, 0xd7, 0xae, 0xd7, 0xae, 0xd7, 0xae, 0xd7, 0xae, 0xd7, 0xae, 0xd7, 0xae,
        0xd7, 0xae, 0xd7, 0xae, 0xd7, 0xae, 0xd7, 0xae, 0xd7, 0xae, 0xd7, 0xae, 0xd7, 0xae, 0xd7, 0xae, 0xd7, 0xae, 0xd7, 0xae,
        0xd7, 0xae, 0xd7, 0xae, 0xd7, 0xae, 0xd7, 0xae, 0xd7, 0xae, 0xd7, 0xae, 0xd7, 0xae, 0xd7, 0xae, 0xd7, 0xae, 0xd7, 0xae,
        0xd7, 0xae, 0xd7, 0xae, 0xd7, 0xae, 0xd7, 0xae, 0xd7, 0xae, 0xd7, 0xae, 0xd7, 0xae, 0xd7, 0xae, 0xd7, 0xae, 0xd7, 0xae,
        0xd7, 0xae, 0xd7, 0xae, 0xd7, 0xae, 0xd7, 0xae, 0xd7, 0xae, 0xd7, 0xae, 0xd7, 0xae, 0x18, 0xaf, 0xb3, 0x8d, 0x61, 0x00,
        0x20, 0x00, 0x20, 0x00, 0x20, 0x00, 0x20, 0x00, 0x20, 0x00, 0x20, 0x00, 0x20, 0x00, 0x40, 0x00, 0x20, 0x00, 0x40, 0x00,
        0x20, 0x00, 0x20, 0x00, 0x20, 0x00, 0x20, 0x00, 0x52, 0x85, 0x18, 0xaf, 0xd7, 0xa6, 0xd7, 0xa6, 0xd7, 0xae, 0xd7, 0xae,
        0xd7, 0xae, 0xd7, 0xae, 0xd7, 0xae, 0xd7, 0xae, 0xd7, 0xae, 0xd7, 0xae, 0xd7, 0xae, 0xd7, 0xae, 0xd7, 0xae, 0xd7, 0xae,
        0xd7, 0xae, 0xd7, 0xae, 0xd7, 0xae, 0xd7, 0xae, 0xd7, 0xae, 0xd7, 0xae, 0xd7, 0xae, 0xd7, 0xae, 0xd7, 0xae, 0xd7, 0xae,
        0xd7, 0xae, 0xd7, 0xae, 0xd7, 0xae, 0xd7, 0xae, 0xd7, 0xae, 0xd7, 0xae, 0xd7, 0xae, 0xd7, 0xae, 0xd7, 0xae, 0xd7, 0xae,
        0xd7, 0xae, 0xd7, 0xae, 0xd7, 0xae, 0xd7, 0xae, 0xd7, 0xae, 0xd7, 0xae, 0xd7, 0xae, 0xd7, 0xae, 0xd7, 0xae, 0xd7, 0xae,
        0xd7, 0xae, 0xd7, 0xae, 0xd7, 0xae, 0xd7, 0xae, 0xd7, 0xae, 0xd7, 0xae, 0xd7, 0xae, 0xd7, 0xae, 0xd7, 0xae, 0xd7, 0xae,
        0xd7, 0xae, 0xd7, 0xae, 0xd7, 0xae, 0xd7, 0xae, 0xd7, 0xae, 0xd7, 0xae, 0xd7, 0xae, 0xd7, 0xae, 0xd7, 0xae, 0xd7, 0xae,
        0xd7, 0xae, 0xd7, 0xae, 0xd7, 0xae, 0xd7, 0xae, 0xd7, 0xae, 0xd7, 0xae, 0xd7, 0xae, 0xd7, 0xae, 0xd7, 0xae, 0xd7, 0xae,
        0xd7, 0xae, 0xd7, 0xae, 0xd7, 0xae, 0xd7, 0xae, 0xd7, 0xae, 0xd7, 0xae, 0xd7, 0xae, 0xd7, 0xae, 0xd7, 0xae, 0xd7, 0xae,
        0xd7, 0xae, 0xd7, 0xae, 0xd7, 0xae, 0xd7, 0xae, 0xd7, 0xae, 0xd7, 0xae, 0xd7, 0xae, 0xd7, 0xae, 0xd7, 0xae, 0xd7, 0xae,
        0xd7, 0xae, 0xd7, 0xae, 0xd7, 0xae, 0xd7, 0xae, 0xd7, 0xae, 0xd7, 0xae, 0xd7, 0xae, 0xd7, 0xae, 0xd7, 0xae, 0xd7, 0xae,
        0xd7, 0xae, 0xd7, 0xae, 0xd7, 0xae, 0xd7, 0xae, 0xd7, 0xae, 0xd7, 0xae, 0xd7, 0xae, 0xd7, 0xae, 0xd7, 0xae, 0xd7, 0xae,
        0xd7, 0xae, 0xd7, 0xae, 0xd7, 0xae, 0xd7, 0xae, 0xd7, 0xae, 0xd7, 0xae, 0xd7, 0xae, 0xd7, 0xae, 0xd7, 0xae, 0xd7, 0xae,
        0xd7, 0xae, 0xd7, 0xae, 0xd7, 0xae, 0xd7, 0xae, 0xd7, 0xae, 0xd7, 0xae, 0xd7, 0xae, 0xd7, 0xae, 0xd7, 0xae, 0xd7, 0xae,
        0xd7, 0xae, 0xd7, 0xae, 0xd7, 0xae, 0xd7, 0xae, 0xd7, 0xae, 0xd7, 0xae, 0xd7, 0xae, 0xd7, 0xae, 0xd7, 0xae, 0xd7, 0xae,
        0xd7, 0xae, 0xd7, 0xae, 0xd7, 0xae, 0xd7, 0xae, 0xd7, 0xae, 0xd7, 0xae, 0xd7, 0xae, 0xd7, 0xae, 0xd7, 0xae, 0xd7, 0xae,
        0xd7, 0xae, 0xd7, 0xae, 0xd7, 0xae, 0xd7, 0xae, 0xd7, 0xae, 0xd7, 0xae, 0xd7, 0xae, 0xd7, 0xae, 0xd7, 0xae, 0xd7, 0xae,
        0xd7, 0xae, 0xd7, 0xae, 0xd7, 0xae, 0xd7, 0xae, 0xd7, 0xae, 0xd7, 0xae, 0xd7, 0xae, 0xd7, 0xae, 0xd7, 0xae, 0xd7, 0xae,
        0xd7, 0xae, 0xd7, 0xae, 0xd7, 0xae, 0xd7, 0xae, 0xd7, 0xae, 0xd7, 0xae, 0xd7, 0xae, 0xd7, 0xae, 0xd7, 0xae, 0xd7, 0xae,
        0xd7, 0xae, 0xd7, 0xae, 0xd7, 0xae, 0xd7, 0xae, 0xd7, 0xae, 0xd7, 0xae, 0xd7, 0xae, 0xd7, 0xae, 0xd7, 0xae, 0xd7, 0xae,
        0xd7, 0xae, 0xd7, 0xae, 0xd7, 0xae, 0xd7, 0xae, 0xf7, 0xae, 0xb6, 0xa6, 0x44, 0x19, 0x00, 0x00, 0x00, 0x00, 0x00, 0x00,
        0x00, 0x00, 0x00, 0x00, 0x00, 0x00, 0x00, 0x00, 0x00, 0x00, 0x20, 0x00, 0x00, 0x00, 0x00, 0x00, 0x00, 0x00, 0x00, 0x00,
        0x20, 0x00, 0x00, 0x00, 0xed, 0x63, 0x18, 0xaf, 0xb7, 0xa6, 0xb7, 0xa6, 0xd7, 0xa6, 0xd7, 0xae, 0xd7, 0xae, 0xd7, 0xae,
        0xd7, 0xae, 0xd7, 0xae, 0xd7, 0xae, 0xd7, 0xae, 0xd7, 0xae, 0xd7, 0xae, 0xd7, 0xae, 0xd7, 0xae, 0xd7, 0xae, 0xd7, 0xae,
        0xd7, 0xae, 0xd7, 0xae, 0xd7, 0xae, 0xd7, 0xae, 0xd7, 0xae, 0xd7, 0xae, 0xd7, 0xae, 0xd7, 0xae, 0xd7, 0xae, 0xd7, 0xae,
        0xd7, 0xae, 0xd7, 0xae, 0xd7, 0xae, 0xd7, 0xae, 0xd7, 0xae, 0xf7, 0xae, 0xd7, 0xae, 0xd7, 0xae, 0xd7, 0xae, 0xd7, 0xae,
        0xd7, 0xae, 0xd7, 0xae, 0xd7, 0xae, 0xd7, 0xae, 0xd7, 0xae, 0xd7, 0xae, 0xd7, 0xae, 0xd7, 0xae, 0xd7, 0xae, 0xd7, 0xae,
        0xd7, 0xae, 0xd7, 0xae, 0xd7, 0xae, 0xd7, 0xae, 0xd7, 0xae, 0xd7, 0xae, 0xd7, 0xae, 0xd7, 0xae, 0xd7, 0xae, 0xd7, 0xae,
        0xd7, 0xae, 0xd7, 0xae, 0xd7, 0xae, 0xd7, 0xae, 0xd7, 0xae, 0xd7, 0xae, 0xd7, 0xae, 0xd7, 0xae, 0xd7, 0xae, 0xd7, 0xae,
        0xd7, 0xae, 0xd7, 0xae, 0xd7, 0xae, 0xd7, 0xae, 0xd7, 0xae, 0xd7, 0xae, 0xd7, 0xae, 0xd7, 0xae, 0xd7, 0xae, 0xd7, 0xae,
        0xd7, 0xae, 0xd7, 0xae, 0xd7, 0xae, 0xd7, 0xae, 0xd7, 0xae, 0xd7, 0xae, 0xd7, 0xae, 0x18, 0xaf, 0x93, 0x8d, 0x20, 0x00,
        0x00, 0x00, 0x00, 0x00, 0x00, 0x00, 0x00, 0x00, 0x00, 0x00, 0x00, 0x00, 0x00, 0x00, 0x00, 0x00, 0x00, 0x00, 0x00, 0x00,
        0x00, 0x00, 0x00, 0x00, 0x20, 0x00, 0x20, 0x00, 0x72, 0x85, 0x18, 0xb7, 0xd7, 0xae, 0xd7, 0xa6, 0xd7, 0xae, 0xd7, 0xae,
        0xd7, 0xae, 0xd7, 0xae, 0xd7, 0xae, 0xd7, 0xae, 0xd7, 0xae, 0xd7, 0xae, 0xd7, 0xae, 0xd7, 0xae, 0xd7, 0xae, 0xd7, 0xae,
        0xd7, 0xae, 0xd7, 0xae, 0xd7, 0xae, 0xd7, 0xae, 0xd7, 0xae, 0xd7, 0xae, 0xd7, 0xae, 0xd7, 0xae, 0xd7, 0xae, 0xd7, 0xae,
        0xd7, 0xae, 0xd7, 0xae, 0xd7, 0xae, 0xd7, 0xae, 0xd7, 0xae, 0xd7, 0xae, 0xd7, 0xae, 0xd7, 0xae, 0xd7, 0xae, 0xd7, 0xae,
        0xd7, 0xae, 0xd7, 0xae, 0xd7, 0xae, 0xd7, 0xae, 0xd7, 0xae, 0xd7, 0xae, 0xd7, 0xae, 0xd7, 0xae, 0xd7, 0xae, 0xd7, 0xae,
        0xd7, 0xae, 0xd7, 0xae, 0xd7, 0xae, 0xd7, 0xae, 0xd7, 0xae, 0xd7, 0xae, 0xd7, 0xae, 0xd7, 0xae, 0xd7, 0xae, 0xd7, 0xae,
        0xd7, 0xae, 0xd7, 0xae, 0xd7, 0xae, 0xd7, 0xae, 0xd7, 0xae, 0xd7, 0xae, 0xd7, 0xae, 0xd7, 0xae, 0xd7, 0xae, 0xd7, 0xae,
        0xd7, 0xae, 0xd7, 0xae, 0xd7, 0xae, 0xd7, 0xae, 0xd7, 0xae, 0xd7, 0xae, 0xd7, 0xae, 0xd7, 0xae, 0xd7, 0xae, 0xd7, 0xae,
        0xd7, 0xae, 0xd7, 0xae, 0xd7, 0xae, 0xd7, 0xae, 0xd7, 0xae, 0xd7, 0xae, 0xd7, 0xae, 0xd7, 0xae, 0xd7, 0xae, 0xd7, 0xae,
        0xd7, 0xae, 0xd7, 0xae, 0xd7, 0xae, 0xd7, 0xae, 0xd7, 0xae, 0xd7, 0xae, 0xd7, 0xae, 0xd7, 0xae, 0xd7, 0xae, 0xd7, 0xae,
        0xd7, 0xae, 0xd7, 0xae, 0xd7, 0xae, 0xd7, 0xae, 0xd7, 0xae, 0xd7, 0xae, 0xd7, 0xae, 0xd7, 0xae, 0xd7, 0xae, 0xd7, 0xae,
        0xd7, 0xae, 0xd7, 0xae, 0xd7, 0xae, 0xd7, 0xae, 0xd7, 0xae, 0xd7, 0xae, 0xd7, 0xae, 0xd7, 0xae, 0xd7, 0xae, 0xd7, 0xae,
        0xd7, 0xae, 0xd7, 0xae, 0xd7, 0xae, 0xd7, 0xae, 0xd7, 0xae, 0xd7, 0xae, 0xd7, 0xae, 0xd7, 0xae, 0xd7, 0xae, 0xd7, 0xae,
        0xd7, 0xae, 0xd7, 0xae, 0xd7, 0xae, 0xd7, 0xae, 0xd7, 0xae, 0xd7, 0xae, 0xd7, 0xae, 0xd7, 0xae, 0xd7, 0xae, 0xd7, 0xae,
        0xd7, 0xae, 0xd7, 0xae, 0xd7, 0xae, 0xd7, 0xae, 0xd7, 0xae, 0xd7, 0xae, 0xd7, 0xae, 0xd7, 0xae, 0xd7, 0xae, 0xd7, 0xae,
        0xd7, 0xae, 0xd7, 0xae, 0xd7, 0xae, 0xd7, 0xae, 0xd7, 0xae, 0xd7, 0xae, 0xd7, 0xae, 0xd7, 0xae, 0xd7, 0xae, 0xd7, 0xae,
        0xd7, 0xae, 0xd7, 0xae, 0xd7, 0xae, 0xd7, 0xae, 0xd7, 0xae, 0xd7, 0xae, 0xd7, 0xae, 0xd7, 0xae, 0xd7, 0xae, 0xd7, 0xae,
        0xd7, 0xae, 0xd7, 0xae, 0xd7, 0xae, 0xd7, 0xae, 0xd7, 0xae, 0xd7, 0xae, 0xd7, 0xae, 0xd7, 0xae, 0xd7, 0xae, 0xd7, 0xae,
        0xd7, 0xae, 0xd7, 0xae, 0xd7, 0xae, 0xd7, 0xae, 0xd7, 0xae, 0xd7, 0xae, 0xd7, 0xae, 0xd7, 0xae, 0xd7, 0xae, 0xd7, 0xae,
        0xd7, 0xae, 0xd7, 0xae, 0xd7, 0xae, 0xd7, 0xae, 0xd7, 0xae, 0xd7, 0xa6, 0xd7, 0xa6, 0xd7, 0xa6, 0xf8, 0xae, 0x18, 0xb7,
        0x18, 0xb7, 0x19, 0xb7, 0x19, 0xb7, 0x19, 0xbf, 0x18, 0xb7, 0xd8, 0xae, 0x64, 0x21, 0x00, 0x00, 0x00, 0x00, 0x00, 0x00,
        0x00, 0x00, 0x00, 0x00, 0x20, 0x00, 0x20, 0x00, 0x20, 0x00, 0x20, 0x00, 0x00, 0x00, 0x00, 0x00, 0x00, 0x00, 0x00, 0x00,
        0x00, 0x00, 0x00, 0x00, 0x2f, 0x6c, 0x5a, 0xbf, 0xf8, 0xae, 0x18, 0xaf, 0xd7, 0xa6, 0xd7, 0xa6, 0xd7, 0xa6, 0xd7, 0xa6,
        0xf7, 0xae, 0x18, 0xb7, 0x18, 0xb7, 0x18, 0xb7, 0xf8, 0xae, 0xd7, 0xae, 0xd7, 0xae, 0xd7, 0xae, 0xd7, 0xae, 0xd7, 0xae,
        0xd7, 0xae, 0xd7, 0xae, 0xd7, 0xae, 0xd7, 0xae, 0xd7, 0xae, 0xd7, 0xae, 0xd7, 0xae, 0xd7, 0xae, 0xd7, 0xae, 0xd7, 0xae,
        0xd7, 0xae, 0xd7, 0xae, 0xd7, 0xae, 0xd7, 0xae, 0xd7, 0xae, 0xd7, 0xae, 0xd7, 0xae, 0xd7, 0xae, 0xd7, 0xae, 0xd7, 0xae,
        0xd7, 0xae, 0xd7, 0xae, 0xd7, 0xae, 0xd7, 0xae, 0xd7, 0xae, 0xd7, 0xae, 0xd7, 0xae, 0xd7, 0xae, 0xd7, 0xae, 0xd7, 0xae,
        0xd7, 0xae, 0xd7, 0xae, 0xd7, 0xae, 0xd7, 0xae, 0xd7, 0xae, 0xd7, 0xae, 0xd7, 0xae, 0xd7, 0xae, 0xd7, 0xae, 0xd7, 0xae,
        0xd7, 0xae, 0xd7, 0xae, 0xd7, 0xae, 0xd7, 0xae, 0xd7, 0xae, 0xd7, 0xae, 0xd7, 0xae, 0xd7, 0xae, 0xd7, 0xae, 0xd7, 0xae,
        0xd7, 0xae, 0xd7, 0xae, 0xd7, 0xae, 0xd7, 0xae, 0xd7, 0xae, 0xd7, 0xae, 0xd7, 0xae, 0xd7, 0xae, 0xd7, 0xae, 0xd7, 0xae,
        0xd7, 0xae, 0xd7, 0xae, 0xd7, 0xae, 0xd7, 0xae, 0xd7, 0xa6, 0xf7, 0xae, 0x18, 0xb7, 0x39, 0xb7, 0x93, 0x8d, 0x00, 0x00,
        0x00, 0x00, 0x00, 0x00, 0x00, 0x00, 0x00, 0x00, 0x00, 0x00, 0x00, 0x00, 0x00, 0x00, 0x00, 0x00, 0x00, 0x00, 0x00, 0x00,
        0x00, 0x00, 0x00, 0x00, 0x00, 0x00, 0x00, 0x00, 0xd4, 0x95, 0x7a, 0xc7, 0x18, 0xb7, 0x18, 0xb7, 0x18, 0xaf, 0x18, 0xb7,
        0x18, 0xb7, 0x18, 0xb7, 0x18, 0xb7, 0x18, 0xb7, 0x38, 0xb7, 0x18, 0xb7, 0xd7, 0xae, 0xd7, 0xae, 0xd7, 0xae, 0xd7, 0xae,
        0xd7, 0xae, 0xd7, 0xae, 0xd7, 0xae, 0xd7, 0xae, 0xd7, 0xae, 0xd7, 0xae, 0xd7, 0xae, 0xd7, 0xae, 0xd7, 0xae, 0xd7, 0xae,
        0xd7, 0xae, 0xd7, 0xae, 0xd7, 0xae, 0xd7, 0xae, 0xd7, 0xae, 0xd7, 0xae, 0xd7, 0xae, 0xd7, 0xae, 0xd7, 0xae, 0xd7, 0xae,
        0xd7, 0xae, 0xd7, 0xae, 0xd7, 0xae, 0xd7, 0xae, 0xd7, 0xae, 0xd7, 0xae, 0xd7, 0xae, 0xd7, 0xae, 0xd7, 0xae, 0xd7, 0xae,
        0xd7, 0xae, 0xd7, 0xae, 0xd7, 0xae, 0xd7, 0xae, 0xd7, 0xae, 0xd7, 0xae, 0xd7, 0xae, 0xd7, 0xae, 0xd7, 0xae, 0xd7, 0xae,
        0xd7, 0xae, 0xd7, 0xae, 0xd7, 0xae, 0xd7, 0xae, 0xd7, 0xae, 0xd7, 0xae, 0xd7, 0xae, 0xd7, 0xae, 0xd7, 0xae, 0xd7, 0xae,
        0xd7, 0xae, 0xd7, 0xae, 0xd7, 0xae, 0xd7, 0xae, 0xd7, 0xae, 0xd7, 0xae, 0xd7, 0xae, 0xd7, 0xae, 0xd7, 0xae, 0xd7, 0xae,
        0xd7, 0xae, 0xd7, 0xae, 0xd7, 0xae, 0xd7, 0xae, 0xd7, 0xae, 0xd7, 0xae, 0xd7, 0xae, 0xd7, 0xae, 0xd7, 0xae, 0xd7, 0xae,
        0xd7, 0xae, 0xd7, 0xae, 0xd7, 0xae, 0xd7, 0xae, 0xd7, 0xae, 0xd7, 0xae, 0xd7, 0xae, 0xd7, 0xae, 0xd7, 0xae, 0xd7, 0xae,
        0xd7, 0xae, 0xd7, 0xae, 0xd7, 0xae, 0xd7, 0xae, 0xd7, 0xae, 0xd7, 0xae, 0xd7, 0xae, 0xd7, 0xae, 0xd7, 0xae, 0xd7, 0xae,
        0xd7, 0xae, 0xd7, 0xae, 0xd7, 0xae, 0xd7, 0xae, 0xd7, 0xae, 0xd7, 0xae, 0xd7, 0xae, 0xd7, 0xae, 0xd7, 0xae, 0xd7, 0xae,
        0xd7, 0xae, 0xd7, 0xae, 0xd7, 0xae, 0xd7, 0xae, 0xd7, 0xae, 0xd7, 0xae, 0xd7, 0xae, 0xd7, 0xae, 0xd7, 0xae, 0xd7, 0xae,
        0xd7, 0xae, 0xd7, 0xae, 0xd7, 0xae, 0xd7, 0xae, 0xd7, 0xae, 0xd7, 0xae, 0xd7, 0xae, 0xd7, 0xae, 0xd7, 0xae, 0xd7, 0xae,
        0xd7, 0xae, 0xd7, 0xae, 0xd7, 0xae, 0xd7, 0xae, 0xd7, 0xae, 0xd7, 0xae, 0xd7, 0xae, 0xd7, 0xae, 0xd7, 0xae, 0xd7, 0xae,
        0xd7, 0xae, 0xd7, 0xae, 0xd7, 0xae, 0xd7, 0xae, 0xd7, 0xae, 0xd7, 0xae, 0xd7, 0xae, 0xd7, 0xae, 0xd7, 0xae, 0xd7, 0xae,
        0xd7, 0xae, 0xd7, 0xae, 0xd7, 0xae, 0xd7, 0xae, 0xd7, 0xae, 0xd7, 0xae, 0xd7, 0xae, 0xd7, 0xae, 0xd7, 0xae, 0xd7, 0xae,
        0xd7, 0xae, 0xd7, 0xae, 0xd7, 0xae, 0xd7, 0xae, 0xd7, 0xae, 0xd7, 0xae, 0xd7, 0xae, 0xd7, 0xae, 0xd7, 0xae, 0xd7, 0xae,
        0xd7, 0xae, 0xd7, 0xae, 0xd7, 0xae, 0xd7, 0xae, 0xd7, 0xae, 0xd7, 0xae, 0xd7, 0xae, 0xd7, 0xae, 0xd7, 0xae, 0xd7, 0xae,
        0xd7, 0xae, 0xd7, 0xae, 0xd7, 0xae, 0xd7, 0xa6, 0xd7, 0xa6, 0xb7, 0xa6, 0xb7, 0xa6, 0xf7, 0xae, 0x4e, 0x64, 0x07, 0x32,
        0x27, 0x32, 0x27, 0x32, 0x48, 0x3a, 0x48, 0x3a, 0x48, 0x3a, 0x27, 0x32, 0x86, 0x29, 0xe8, 0x39, 0xc8, 0x31, 0xe8, 0x39,
        0xe8, 0x39, 0x08, 0x3a, 0x09, 0x42, 0x29, 0x42, 0x29, 0x42, 0x08, 0x3a, 0xe8, 0x39, 0xe8, 0x39, 0x87, 0x31, 0x05, 0x19,
        0x25, 0x21, 0x25, 0x21, 0xe7, 0x29, 0xc9, 0x42, 0xa9, 0x42, 0xc9, 0x42, 0x93, 0x8d, 0xf7, 0xa6, 0xb6, 0xa6, 0xd7, 0xa6,
        0xf4, 0x95, 0xd0, 0x7c, 0xf1, 0x7c, 0x12, 0x85, 0x15, 0x9e, 0xf8, 0xae, 0xd7, 0xae, 0xd7, 0xae, 0xd7, 0xae, 0xd7, 0xae,
        0xd7, 0xae, 0xd7, 0xae, 0xd7, 0xae, 0xd7, 0xae, 0xd7, 0xae, 0xd7, 0xae, 0xd7, 0xae, 0xd7, 0xae, 0xd7, 0xae, 0xd7, 0xae,
        0xd7, 0xae, 0xd7, 0xae, 0xd7, 0xae, 0xd7, 0xae, 0xd7, 0xae, 0xd7, 0xae, 0xd7, 0xae, 0xd7, 0xae, 0xd7, 0xae, 0xd7, 0xae,
        0xd7, 0xae, 0xd7, 0xae, 0xd7, 0xae, 0xd7, 0xae, 0xd7, 0xae, 0xd7, 0xae, 0xd7, 0xae, 0xd7, 0xae, 0xd7, 0xae, 0xd7, 0xae,
        0xd7, 0xae, 0xd7, 0xae, 0xd7, 0xae, 0xd7, 0xae, 0xd7, 0xae, 0xd7, 0xae, 0xd7, 0xae, 0xd7, 0xae, 0xd7, 0xae, 0xd7, 0xae,
        0xd7, 0xae, 0xd7, 0xae, 0xd7, 0xae, 0xd7, 0xae, 0xd7, 0xae, 0xd7, 0xae, 0xd7, 0xae, 0xd7, 0xae, 0xd7, 0xae, 0xd7, 0xae,
        0xd7, 0xae, 0xd7, 0xae, 0xd7, 0xae, 0xd7, 0xae, 0xd7, 0xae, 0xd7, 0xae, 0xd7, 0xae, 0xd7, 0xae, 0xd7, 0xae, 0xd7, 0xa6,
        0xd7, 0xa6, 0xd7, 0xae, 0xd7, 0xae, 0xd7, 0xae, 0xf8, 0xae, 0xd4, 0x8d, 0xed, 0x5b, 0xcd, 0x5b, 0xea, 0x4a, 0xe3, 0x18,
        0x04, 0x19, 0x04, 0x21, 0x45, 0x21, 0x65, 0x29, 0x45, 0x21, 0x45, 0x21, 0x25, 0x21, 0x04, 0x21, 0x04, 0x19, 0x04, 0x19,
        0x04, 0x21, 0x24, 0x21, 0x45, 0x21, 0xe3, 0x18, 0xad, 0x63, 0xf1, 0x84, 0xd0, 0x7c, 0xd0, 0x74, 0xb0, 0x74, 0xb0, 0x7c,
        0xd0, 0x7c, 0xf1, 0x7c, 0xf1, 0x7c, 0x11, 0x7d, 0x11, 0x85, 0x72, 0x8d, 0xd7, 0xae, 0xf7, 0xae, 0xd7, 0xae, 0xd7, 0xae,
        0xd7, 0xae, 0xd7, 0xae, 0xd7, 0xae, 0xd7, 0xae, 0xd7, 0xae, 0xd7, 0xae, 0xd7, 0xae, 0xd7, 0xae, 0xd7, 0xae, 0xd7, 0xae,
        0xd7, 0xae, 0xd7, 0xae, 0xd7, 0xae, 0xd7, 0xae, 0xd7, 0xae, 0xd7, 0xae, 0xd7, 0xae, 0xd7, 0xae, 0xd7, 0xae, 0xd7, 0xae,
        0xd7, 0xae, 0xd7, 0xae, 0xd7, 0xae, 0xd7, 0xae, 0xd7, 0xae, 0xd7, 0xae, 0xd7, 0xae, 0xd7, 0xae, 0xd7, 0xae, 0xd7, 0xae,
        0xd7, 0xae, 0xd7, 0xae, 0xd7, 0xae, 0xd7, 0xae, 0xd7, 0xae, 0xd7, 0xae, 0xd7, 0xae, 0xd7, 0xae, 0xd7, 0xae, 0xd7, 0xae,
        0xd7, 0xae, 0xd7, 0xae, 0xd7, 0xae, 0xd7, 0xae, 0xd7, 0xae, 0xd7, 0xae, 0xd7, 0xae, 0xd7, 0xae, 0xd7, 0xae, 0xd7, 0xae,
        0xd7, 0xae, 0xd7, 0xae, 0xd7, 0xae, 0xd7, 0xae, 0xd7, 0xae, 0xd7, 0xae, 0xd7, 0xae, 0xd7, 0xae, 0xd7, 0xae, 0xd7, 0xae,
        0xd7, 0xae, 0xd7, 0xae, 0xd7, 0xae, 0xd7, 0xae, 0xd7, 0xae, 0xd7, 0xae, 0xd7, 0xae, 0xd7, 0xae, 0xd7, 0xae, 0xd7, 0xae,
        0xd7, 0xae, 0xd7, 0xae, 0xd7, 0xae, 0xd7, 0xae, 0xd7, 0xae, 0xd7, 0xae, 0xd7, 0xae, 0xd7, 0xae, 0xd7, 0xae, 0xd7, 0xae,
        0xd7, 0xae, 0xd7, 0xae, 0xd7, 0xae, 0xd7, 0xae, 0xd7, 0xae, 0xd7, 0xae, 0xd7, 0xae, 0xd7, 0xae, 0xd7, 0xae, 0xd7, 0xae,
        0xd7, 0xae, 0xd7, 0xae, 0xd7, 0xae, 0xd7, 0xae, 0xd7, 0xae, 0xd7, 0xae, 0xd7, 0xae, 0xd7, 0xae, 0xd7, 0xae, 0xd7, 0xae,
        0xd7, 0xae, 0xd7, 0xae, 0xd7, 0xae, 0xd7, 0xae, 0xd7, 0xae, 0xd7, 0xae, 0xd7, 0xae, 0xd7, 0xae, 0xd7, 0xae, 0xd7, 0xae,
        0xd7, 0xae, 0xd7, 0xae, 0xd7, 0xae, 0xd7, 0xae, 0xd7, 0xae, 0xd7, 0xae, 0xd7, 0xae, 0xd7, 0xae, 0xd7, 0xae, 0xd7, 0xae,
        0xd7, 0xae, 0xd7, 0xae, 0xd7, 0xae, 0xd7, 0xae, 0xd7, 0xae, 0xd7, 0xae, 0xd7, 0xae, 0xd7, 0xae, 0xd7, 0xae, 0xd7, 0xae,
        0xd7, 0xae, 0xd7, 0xae, 0xd7, 0xae, 0xd7, 0xae, 0xd7, 0xae, 0xd7, 0xae, 0xd7, 0xae, 0xd7, 0xae, 0xd7, 0xae, 0xd7, 0xae,
        0xd7, 0xae, 0xd7, 0xae, 0xd7, 0xae, 0xd7, 0xae, 0xd7, 0xae, 0xd7, 0xae, 0xd7, 0xae, 0xd7, 0xae, 0xd7, 0xae, 0xd7, 0xae,
        0xd7, 0xae, 0xd7, 0xae, 0xd7, 0xae, 0xd7, 0xae, 0xd7, 0xae, 0xd7, 0xae, 0xd7, 0xae, 0xd7, 0xae, 0xd7, 0xae, 0xd7, 0xae,
        0xd7, 0xae, 0xd7, 0xae, 0xd7, 0xae, 0xd7, 0xae, 0xd7, 0xae, 0xd7, 0xae, 0xd7, 0xae, 0xd7, 0xae, 0xd7, 0xae, 0xd7, 0xae,
        0xd7, 0xae, 0xf7, 0xae, 0x18, 0xaf, 0xf7, 0xae, 0xf7, 0xae, 0xf7, 0xae, 0xd7, 0xa6, 0x59, 0xb7, 0xea, 0x42, 0x00, 0x00,
        0x00, 0x00, 0x00, 0x00, 0x00, 0x00, 0x00, 0x00, 0x00, 0x00, 0x00, 0x00, 0x87, 0x29, 0xec, 0x52, 0xac, 0x4a, 0xab, 0x4a,
        0xab, 0x4a, 0xac, 0x52, 0xac, 0x52, 0xcc, 0x52, 0xcc, 0x52, 0xab, 0x4a, 0x8b, 0x4a, 0x8b, 0x4a, 0x2a, 0x3a, 0x87, 0x29,
        0xa8, 0x29, 0xc8, 0x31, 0x41, 0x08, 0x00, 0x00, 0x00, 0x00, 0x00, 0x00, 0xb0, 0x74, 0x18, 0xaf, 0xb6, 0xa6, 0x18, 0xaf,
        0xcd, 0x5b, 0x00, 0x00, 0x40, 0x00, 0x00, 0x00, 0xcd, 0x63, 0x39, 0xb7, 0xd7, 0xae, 0xd7, 0xa6, 0xd7, 0xae, 0xd7, 0xae,
        0xd7, 0xae, 0xd7, 0xae, 0xd7, 0xae, 0xd7, 0xae, 0xd7, 0xae, 0xd7, 0xae, 0xd7, 0xae, 0xd7, 0xae, 0xd7, 0xae, 0xd7, 0xae,
        0xd7, 0xae, 0xd7, 0xae, 0xd7, 0xae, 0xd7, 0xae, 0xd7, 0xae, 0xd7, 0xae, 0xd7, 0xae, 0xd7, 0xae, 0xd7, 0xae, 0xd7, 0xae,
        0xd7, 0xae, 0xd7, 0xae, 0xd7, 0xae, 0xd7, 0xae, 0xd7, 0xae, 0xd7, 0xae, 0xd7, 0xae, 0xd7, 0xae, 0xd7, 0xae, 0xd7, 0xae,
        0xf7, 0xae, 0xd7, 0xae, 0xd7, 0xae, 0xd7, 0xae, 0xd7, 0xae, 0xd7, 0xae, 0xd7, 0xae, 0xd7, 0xae, 0xd7, 0xae, 0xd7, 0xae,
        0xd7, 0xae, 0xd7, 0xae, 0xd7, 0xae, 0xd7, 0xae, 0xd7, 0xae, 0xd7, 0xae, 0xd7, 0xae, 0xd7, 0xae, 0xd7, 0xae, 0xd7, 0xae,
        0xd7, 0xae, 0xd7, 0xae, 0xd7, 0xae, 0xd7, 0xae, 0xd7, 0xae, 0x18, 0xb7, 0x39, 0xb7, 0x18, 0xb7, 0x18, 0xaf, 0xb7, 0xa6,
        0xb7, 0xa6, 0xd7, 0xa6, 0xd7, 0xae, 0xd7, 0xae, 0x39, 0xb7, 0x4e, 0x6c, 0x00, 0x00, 0x00, 0x00, 0x00, 0x00, 0x29, 0x42,
        0x6a, 0x4a, 0x6a, 0x4a, 0xcc, 0x52, 0xec, 0x52, 0xcc, 0x52, 0xcc, 0x52, 0xac, 0x52, 0xab, 0x4a, 0x8b, 0x4a, 0x8b, 0x4a,
        0x8b, 0x4a, 0x8b, 0x4a, 0xcc, 0x52, 0x29, 0x42, 0x00, 0x00, 0x00, 0x00, 0x00, 0x00, 0x00, 0x00, 0x00, 0x00, 0x00, 0x00,
        0x00, 0x00, 0x00, 0x00, 0x00, 0x00, 0x00, 0x00, 0x00, 0x00, 0x23, 0x19, 0xd7, 0xae, 0xf8, 0xae, 0xd7, 0xae, 0xd7, 0xae,
        0xd7, 0xae, 0xd7, 0xae, 0xd7, 0xae, 0xd7, 0xae, 0xd7, 0xae, 0xd7, 0xae, 0xd7, 0xae, 0xd7, 0xae, 0xd7, 0xae, 0xd7, 0xae,
        0xd7, 0xae, 0xd7, 0xae, 0xd7, 0xae, 0xd7, 0xae, 0xd7, 0xae, 0xd7, 0xae, 0xd7, 0xae, 0xd7, 0xae, 0xd7, 0xae, 0xd7, 0xae,
        0xd7, 0xae, 0xd7, 0xae, 0xd7, 0xae, 0xd7, 0xae, 0xd7, 0xae, 0xd7, 0xae, 0xd7, 0xae, 0xd7, 0xae, 0xd7, 0xae, 0xd7, 0xae,
        0xd7, 0xae, 0xd7, 0xae, 0xd7, 0xae, 0xd7, 0xae, 0xd7, 0xae, 0xd7, 0xae, 0xd7, 0xae, 0xd7, 0xae, 0xd7, 0xae, 0xd7, 0xae,
        0xd7, 0xae, 0xd7, 0xae, 0xd7, 0xae, 0xd7, 0xae, 0xd7, 0xae, 0xd7, 0xae, 0xd7, 0xae, 0xd7, 0xae, 0xd7, 0xae, 0xd7, 0xae,
        0xd7, 0xae, 0xd7, 0xae, 0xd7, 0xae, 0xd7, 0xae, 0xd7, 0xae, 0xd7, 0xae, 0xd7, 0xae, 0xd7, 0xae, 0xd7, 0xae, 0xd7, 0xae,
        0xd7, 0xae, 0xd7, 0xae, 0xd7, 0xae, 0xd7, 0xae, 0xd7, 0xae, 0xd7, 0xae, 0xd7, 0xae, 0xd7, 0xae, 0xd7, 0xae, 0xd7, 0xae,
        0xd7, 0xae, 0xd7, 0xae, 0xd7, 0xae, 0xd7, 0xae, 0xd7, 0xae, 0xd7, 0xae, 0xd7, 0xae, 0xd7, 0xae, 0xd7, 0xae, 0xd7, 0xae,
        0xd7, 0xae, 0xd7, 0xae, 0xd7, 0xae, 0xd7, 0xae, 0xd7, 0xae, 0xd7, 0xae, 0xd7, 0xae, 0xd7, 0xae, 0xd7, 0xae, 0xd7, 0xae,
        0xd7, 0xae, 0xd7, 0xae, 0xd7, 0xae, 0xd7, 0xae, 0xd7, 0xae, 0xd7, 0xae, 0xd7, 0xae, 0xd7, 0xae, 0xd7, 0xae, 0xd7, 0xae,
        0xd7, 0xae, 0xd7, 0xae, 0xd7, 0xae, 0xd7, 0xae, 0xd7, 0xae, 0xd7, 0xae, 0xd7, 0xae, 0xd7, 0xae, 0xd7, 0xae, 0xd7, 0xae,
        0xd7, 0xae, 0xd7, 0xae, 0xd7, 0xae, 0xd7, 0xae, 0xd7, 0xae, 0xd7, 0xae, 0xd7, 0xae, 0xd7, 0xae, 0xd7, 0xae, 0xd7, 0xae,
        0xd7, 0xae, 0xd7, 0xae, 0xd7, 0xae, 0xd7, 0xae, 0xd7, 0xae, 0xd7, 0xae, 0xd7, 0xae, 0xd7, 0xae, 0xd7, 0xae, 0xd7, 0xae,
        0xd7, 0xae, 0xd7, 0xae, 0xd7, 0xae, 0xd7, 0xae, 0xd7, 0xae, 0xd7, 0xae, 0xd7, 0xae, 0xd7, 0xae, 0xd7, 0xae, 0xd7, 0xae,
        0xd7, 0xae, 0xd7, 0xae, 0xd7, 0xae, 0xd7, 0xae, 0xd7, 0xae, 0xd7, 0xae, 0xd7, 0xae, 0xd7, 0xae, 0xd7, 0xae, 0xd7, 0xae,
        0xd7, 0xae, 0xd7, 0xae, 0xd7, 0xae, 0xd7, 0xae, 0xd7, 0xae, 0xd7, 0xae, 0xd7, 0xae, 0xd7, 0xae, 0xd7, 0xae, 0xd7, 0xae,
        0xd7, 0xae, 0xd7, 0xae, 0xd7, 0xae, 0xd7, 0xae, 0xd7, 0xae, 0xd7, 0xae, 0xd7, 0xae, 0xd7, 0xae, 0xd7, 0xae, 0xd7, 0xae,
        0xf8, 0xae, 0x96, 0xa6, 0xb4, 0x95, 0xd4, 0x95, 0xd4, 0x8d, 0xb3, 0x8d, 0xb3, 0x8d, 0xd4, 0x95, 0x68, 0x3a, 0x00, 0x00,
        0x00, 0x00, 0x00, 0x00, 0x00, 0x00, 0x20, 0x00, 0x20, 0x00, 0x00, 0x00, 0x86, 0x29, 0xac, 0x52, 0xab, 0x4a, 0xab, 0x4a,
        0x8b, 0x4a, 0x8b, 0x4a, 0x8b, 0x4a, 0xab, 0x4a, 0x8b, 0x4a, 0x8b, 0x4a, 0x6b, 0x4a, 0x6b, 0x4a, 0x29, 0x3a, 0x67, 0x29,
        0x87, 0x29, 0xa7, 0x29, 0x61, 0x08, 0x00, 0x00, 0x00, 0x00, 0x00, 0x00, 0xf1, 0x7c, 0x18, 0xb7, 0xd7, 0xae, 0x18, 0xb7,
        0xee, 0x63, 0x00, 0x00, 0x20, 0x00, 0x00, 0x00, 0xcd, 0x63, 0x59, 0xbf, 0xd7, 0xae, 0xd7, 0xae, 0xd7, 0xae, 0xd7, 0xae,
        0xd7, 0xae, 0xd7, 0xae, 0xd7, 0xae, 0xd7, 0xae, 0xd7, 0xae, 0xd7, 0xae, 0xd7, 0xae, 0xd7, 0xae, 0xd7, 0xae, 0xd7, 0xae,
        0xd7, 0xae, 0xd7, 0xae, 0xd7, 0xae, 0xd7, 0xae, 0xd7, 0xae, 0xd7, 0xae, 0xd7, 0xae, 0xd7, 0xae, 0xd7, 0xae, 0xd7, 0xae,
        0xd7, 0xae, 0xd7, 0xae, 0xd7, 0xae, 0xd7, 0xae, 0xd7, 0xae, 0xd7, 0xae, 0xd7, 0xae, 0xd7, 0xae, 0xd7, 0xae, 0xd7, 0xae,
        0xd7, 0xae, 0xd7, 0xae, 0xd7, 0xae, 0xd7, 0xae, 0xd7, 0xae, 0xd7, 0xae, 0xd7, 0xae, 0xd7, 0xae, 0xd7, 0xae, 0xd7, 0xae,
        0xd7, 0xae, 0xd7, 0xae, 0xd7, 0xae, 0xd7, 0xae, 0xd7, 0xae, 0xd7, 0xae, 0xd7, 0xae, 0xd7, 0xae, 0xd7, 0xae, 0xd7, 0xae,
        0xd7, 0xae, 0xd7, 0xae, 0xd7, 0xae, 0xd7, 0xae, 0xf8, 0xae, 0xb0, 0x74, 0x8c, 0x5b, 0xac, 0x5b, 0x0e, 0x6c, 0x96, 0xa6,
        0xb7, 0xa6, 0xb7, 0xa6, 0xd7, 0xae, 0xf8, 0xb6, 0x39, 0xbf, 0x4f, 0x6c, 0x00, 0x00, 0x20, 0x00, 0x41, 0x08, 0x29, 0x42,
        0x4a, 0x42, 0x4a, 0x42, 0x8b, 0x4a, 0xab, 0x4a, 0xab, 0x4a, 0xac, 0x52, 0xab, 0x4a, 0x8b, 0x4a, 0x8b, 0x4a, 0x6b, 0x4a,
        0x6a, 0x42, 0x6a, 0x42, 0xab, 0x4a, 0x08, 0x3a, 0x00, 0x00, 0x20, 0x00, 0x00, 0x00, 0x00, 0x00, 0x00, 0x00, 0x00, 0x00,
        0x00, 0x00, 0x00, 0x00, 0x00, 0x00, 0x20, 0x00, 0x00, 0x00, 0x24, 0x19, 0xd7, 0xae, 0xd7, 0xae, 0xd7, 0xa6, 0xd7, 0xae,
        0xd7, 0xae, 0xd7, 0xae, 0xd7, 0xae, 0xd7, 0xae, 0xd7, 0xae, 0xd7, 0xae, 0xd7, 0xae, 0xd7, 0xae, 0xd7, 0xae, 0xd7, 0xae,
        0xd7, 0xae, 0xd7, 0xae, 0xd7, 0xae, 0xd7, 0xae, 0xd7, 0xae, 0xd7, 0xae, 0xd7, 0xae, 0xd7, 0xae, 0xd7, 0xae, 0xd7, 0xae,
        0xd7, 0xae, 0xd7, 0xae, 0xd7, 0xae, 0xd7, 0xae, 0xd7, 0xae, 0xd7, 0xae, 0xd7, 0xae, 0xd7, 0xae, 0xd7, 0xae, 0xd7, 0xae,
        0xd7, 0xae, 0xd7, 0xae, 0xd7, 0xae, 0xd7, 0xae, 0xd7, 0xae, 0xd7, 0xae, 0xd7, 0xae, 0xd7, 0xae, 0xd7, 0xae, 0xd7, 0xae,
        0xd7, 0xae, 0xd7, 0xae, 0xd7, 0xae, 0xd7, 0xae, 0xd7, 0xae, 0xd7, 0xae, 0xd7, 0xae, 0xd7, 0xae, 0xd7, 0xae, 0xd7, 0xae,
        0xd7, 0xae, 0xd7, 0xae, 0xd7, 0xae, 0xd7, 0xae, 0xd7, 0xae, 0xd7, 0xae, 0xd7, 0xae, 0xd7, 0xae, 0xd7, 0xae, 0xd7, 0xae,
        0xd7, 0xae, 0xd7, 0xae, 0xd7, 0xae, 0xd7, 0xae, 0xd7, 0xae, 0xd7, 0xae, 0xd7, 0xae, 0xd7, 0xae, 0xd7, 0xae, 0xd7, 0xae,
        0xd7, 0xae, 0xd7, 0xae, 0xd7, 0xae, 0xd7, 0xae, 0xd7, 0xae, 0xd7, 0xae, 0xd7, 0xae, 0xd7, 0xae, 0xd7, 0xae, 0xd7, 0xae,
        0xd7, 0xae, 0xd7, 0xae, 0xd7, 0xae, 0xd7, 0xae, 0xd7, 0xae, 0xd7, 0xae, 0xd7, 0xae, 0xd7, 0xae, 0xd7, 0xae, 0xd7, 0xae,
        0xd7, 0xae, 0xd7, 0xae, 0xd7, 0xae, 0xd7, 0xae, 0xd7, 0xae, 0xd7, 0xae, 0xd7, 0xae, 0xd7, 0xae, 0xd7, 0xae, 0xd7, 0xae,
        0xd7, 0xae, 0xd7, 0xae, 0xd7, 0xae, 0xd7, 0xae, 0xd7, 0xae, 0xd7, 0xae, 0xd7, 0xae, 0xd7, 0xae, 0xd7, 0xae, 0xd7, 0xae,
        0xd7, 0xae, 0xd7, 0xae, 0xd7, 0xae, 0xd7, 0xae, 0xd7, 0xae, 0xd7, 0xae, 0xd7, 0xae, 0xd7, 0xae, 0xd7, 0xae, 0xd7, 0xae,
        0xd7, 0xae, 0xd7, 0xae, 0xd7, 0xae, 0xd7, 0xae, 0xd7, 0xae, 0xd7, 0xae, 0xd7, 0xae, 0xd7, 0xae, 0xd7, 0xae, 0xd7, 0xae,
        0xd7, 0xae, 0xd7, 0xae, 0xd7, 0xae, 0xd7, 0xae, 0xd7, 0xae, 0xd7, 0xae, 0xd7, 0xae, 0xd7, 0xae, 0xd7, 0xae, 0xd7, 0xae,
        0xd7, 0xae, 0xd7, 0xae, 0xd7, 0xae, 0xd7, 0xae, 0xd7, 0xae, 0xd7, 0xae, 0xd7, 0xae, 0xd7, 0xae, 0xd7, 0xae, 0xd7, 0xae,
        0xd7, 0xae, 0xd7, 0xae, 0xd7, 0xae, 0xd7, 0xae, 0xd7, 0xae, 0xd7, 0xae, 0xd7, 0xae, 0xd7, 0xae, 0xd7, 0xae, 0xd7, 0xae,
        0xd7, 0xae, 0xd7, 0xae, 0xd7, 0xae, 0xd7, 0xae, 0xd7, 0xae, 0xd7, 0xae, 0xd7, 0xae, 0xd7, 0xae, 0xd7, 0xae, 0xd7, 0xae,
        0x38, 0xb7, 0x32, 0x85, 0x40, 0x00, 0x81, 0x08, 0x61, 0x08, 0x41, 0x08, 0x40, 0x00, 0x40, 0x00, 0x00, 0x00, 0x00, 0x00,
        0x00, 0x00, 0x00, 0x00, 0x20, 0x00, 0x20, 0x00, 0x20, 0x00, 0x00, 0x00, 0x87, 0x29, 0xac, 0x52, 0x8b, 0x4a, 0x8b, 0x4a,
        0x8b, 0x4a, 0x8b, 0x4a, 0x8b, 0x4a, 0x8b, 0x4a, 0x8b, 0x4a, 0x8b, 0x4a, 0x8b, 0x4a, 0x8b, 0x4a, 0x2a, 0x42, 0x87, 0x29,
        0x87, 0x29, 0x87, 0x29, 0x61, 0x08, 0x00, 0x00, 0x00, 0x00, 0x00, 0x00, 0x90, 0x74, 0x97, 0xae, 0x97, 0xae, 0x19, 0xbf,
        0x0e, 0x64, 0x00, 0x00, 0x20, 0x00, 0x00, 0x00, 0xed, 0x63, 0x79, 0xbf, 0xf8, 0xae, 0xf8, 0xae, 0xd7, 0xae, 0xd7, 0xae,
        0xd7, 0xae, 0xd7, 0xae, 0xd7, 0xae, 0xd7, 0xae, 0xd7, 0xae, 0xd7, 0xae, 0xd7, 0xae, 0xd7, 0xae, 0xd7, 0xae, 0xd7, 0xae,
        0xd7, 0xae, 0xd7, 0xae, 0xd7, 0xae, 0xd7, 0xae, 0xd7, 0xae, 0xd7, 0xae, 0xd7, 0xae, 0xd7, 0xae, 0xd7, 0xae, 0xd7, 0xae,
        0xd7, 0xae, 0xd7, 0xae, 0xd7, 0xae, 0xd7, 0xae, 0xd7, 0xae, 0xd7, 0xae, 0xd7, 0xae, 0xd7, 0xae, 0xd7, 0xae, 0xd7, 0xae,
        0xd7, 0xae, 0xd7, 0xae, 0xd7, 0xae, 0xd7, 0xae, 0xd7, 0xae, 0xd7, 0xae, 0xd7, 0xae, 0xd7, 0xae, 0xd7, 0xae, 0xd7, 0xae,
        0xd7, 0xae, 0xd7, 0xae, 0xd7, 0xae, 0xd7, 0xae, 0xd7, 0xae, 0xd7, 0xae, 0xd7, 0xae, 0xd7, 0xae, 0xd7, 0xae, 0xd7, 0xae,
        0xd7, 0xae, 0xd7, 0xae, 0xd7, 0xae, 0xb7, 0xa6, 0x18, 0xb7, 0xe6, 0x31, 0x00, 0x00, 0x00, 0x00, 0xa2, 0x10, 0x35, 0x9e,
        0xb7, 0xa6, 0xb6, 0xa6, 0x56, 0x9e, 0x56, 0xa6, 0xb7, 0xb6, 0xee, 0x63, 0x00, 0x00, 0x20, 0x00, 0x62, 0x08, 0x4a, 0x42,
        0x4a, 0x42, 0x4a, 0x42, 0x8b, 0x4a, 0xab, 0x4a, 0xab, 0x4a, 0xab, 0x52, 0xab, 0x52, 0xab, 0x4a, 0x8b, 0x4a, 0x8b, 0x4a,
        0x4a, 0x42, 0x4a, 0x42, 0x8b, 0x4a, 0xe8, 0x39, 0x00, 0x00, 0x00, 0x00, 0x00, 0x00, 0x00, 0x00, 0x00, 0x00, 0x00, 0x00,
        0x00, 0x00, 0x00, 0x00, 0x00, 0x00, 0x00, 0x00, 0x00, 0x00, 0x03, 0x19, 0xf9, 0xb6, 0x39, 0xb7, 0x18, 0xaf, 0xf7, 0xae,
        0xd7, 0xae, 0xd7, 0xae, 0xd7, 0xae, 0xd7, 0xae, 0xd7, 0xae, 0xd7, 0xae, 0xd7, 0xae, 0xd7, 0xae, 0xd7, 0xae, 0xd7, 0xae,
        0xd7, 0xae, 0xd7, 0xae, 0xd7, 0xae, 0xd7, 0xae, 0xd7, 0xae, 0xd7, 0xae, 0xd7, 0xae, 0xd7, 0xae, 0xd7, 0xae, 0xd7, 0xae,
        0xd7, 0xae, 0xd7, 0xae, 0xd7, 0xae, 0xd7, 0xae, 0xd7, 0xae, 0xd7, 0xae, 0xd7, 0xae, 0xd7, 0xae, 0xd7, 0xae, 0xd7, 0xae,
        0xd7, 0xae, 0xd7, 0xae, 0xd7, 0xae, 0xd7, 0xae, 0xd7, 0xae, 0xd7, 0xae, 0xd7, 0xae, 0xd7, 0xae, 0xd7, 0xae, 0xd7, 0xae,
        0xd7, 0xae, 0xd7, 0xae, 0xd7, 0xae, 0xd7, 0xae, 0xd7, 0xae, 0xd7, 0xae, 0xd7, 0xae, 0xd7, 0xae, 0xd7, 0xae, 0xd7, 0xae,
        0xd7, 0xae, 0xd7, 0xae, 0xd7, 0xae, 0xd7, 0xae, 0xd7, 0xae, 0xd7, 0xae, 0xd7, 0xae, 0xd7, 0xae, 0xd7, 0xae, 0xd7, 0xae,
        0xd7, 0xae, 0xd7, 0xae, 0xd7, 0xae, 0xd7, 0xae, 0xd7, 0xae, 0xd7, 0xae, 0xd7, 0xae, 0xd7, 0xae, 0xd7, 0xae, 0xd7, 0xae,
        0xd7, 0xae, 0xd7, 0xae, 0xd7, 0xae, 0xd7, 0xae, 0xd7, 0xae, 0xd7, 0xae, 0xd7, 0xae, 0xd7, 0xae, 0xd7, 0xae, 0xd7, 0xae,
        0xd7, 0xae, 0xd7, 0xae, 0xd7, 0xae, 0xd7, 0xae, 0xd7, 0xae, 0xd7, 0xae, 0xd7, 0xae, 0xd7, 0xae, 0xd7, 0xae, 0xd7, 0xae,
        0xd7, 0xae, 0xd7, 0xae, 0xd7, 0xae, 0xd7, 0xae, 0xd7, 0xae, 0xd7, 0xae, 0xd7, 0xae, 0xd7, 0xae, 0xd7, 0xae, 0xd7, 0xae,
        0xd7, 0xae, 0xd7, 0xae, 0xd7, 0xae, 0xd7, 0xae, 0xd7, 0xae, 0xd7, 0xae, 0xd7, 0xae, 0xd7, 0xae, 0xd7, 0xae, 0xd7, 0xae,
        0xd7, 0xae, 0xd7, 0xae, 0xd7, 0xae, 0xd7, 0xae, 0xd7, 0xae, 0xd7, 0xae, 0xd7, 0xae, 0xd7, 0xae, 0xd7, 0xae, 0xd7, 0xae,
        0xd7, 0xae, 0xd7, 0xae, 0xd7, 0xae, 0xd7, 0xae, 0xd7, 0xae, 0xd7, 0xae, 0xd7, 0xae, 0xd7, 0xae, 0xd7, 0xae, 0xd7, 0xae,
        0xd7, 0xae, 0xd7, 0xae, 0xd7, 0xae, 0xd7, 0xae, 0xd7, 0xae, 0xd7, 0xae, 0xd7, 0xae, 0xd7, 0xae, 0xd7, 0xae, 0xd7, 0xae,
        0xd7, 0xae, 0xd7, 0xae, 0xd7, 0xae, 0xd7, 0xae, 0xd7, 0xae, 0xd7, 0xae, 0xd7, 0xae, 0xd7, 0xae, 0xd7, 0xae, 0xd7, 0xae,
        0xd7, 0xae, 0xd7, 0xae, 0xd7, 0xae, 0xd7, 0xae, 0xd7, 0xae, 0xd7, 0xae, 0xd7, 0xae, 0xd7, 0xae, 0xd7, 0xae, 0xd7, 0xae,
        0xd7, 0xae, 0xd7, 0xae, 0xd7, 0xae, 0xd7, 0xae, 0xd7, 0xae, 0xd7, 0xae, 0xd7, 0xae, 0xd7, 0xa6, 0xd7, 0xae, 0xd7, 0xae,
        0x38, 0xb7, 0x31, 0x85, 0x00, 0x00, 0x20, 0x00, 0x20, 0x00, 0x00, 0x00, 0x00, 0x00, 0x00, 0x00, 0x41, 0x08, 0x04, 0x29,
        0x03, 0x29, 0x03, 0x29, 0xe8, 0x39, 0x6a, 0x4a, 0x8a, 0x4a, 0x6a, 0x4a, 0x8b, 0x4a, 0xac, 0x52, 0xab, 0x52, 0xab, 0x52,
        0xab, 0x4a, 0xab, 0x4a, 0xab, 0x4a, 0xab, 0x4a, 0x8b, 0x4a, 0x8b, 0x4a, 0x8b, 0x4a, 0x8b, 0x4a, 0x8b, 0x4a, 0x4a, 0x42,
        0x4a, 0x42, 0x4a, 0x42, 0xa7, 0x31, 0x66, 0x29, 0xa7, 0x31, 0xe8, 0x31, 0xc2, 0x10, 0xa2, 0x10, 0x85, 0x21, 0x55, 0xa6,
        0x2e, 0x6c, 0x00, 0x00, 0x41, 0x00, 0x20, 0x00, 0x4b, 0x53, 0x35, 0x9e, 0xf4, 0x95, 0x15, 0x9e, 0xd7, 0xae, 0xd7, 0xae,
        0xd7, 0xae, 0xd7, 0xae, 0xd7, 0xae, 0xd7, 0xae, 0xd7, 0xae, 0xd7, 0xae, 0xd7, 0xae, 0xd7, 0xae, 0xd7, 0xae, 0xd7, 0xae,
        0xd7, 0xae, 0xd7, 0xae, 0xd7, 0xae, 0xf7, 0xae, 0xd7, 0xae, 0xd7, 0xae, 0xd7, 0xae, 0xd7, 0xae, 0xd7, 0xae, 0xd7, 0xae,
        0xd7, 0xae, 0xd7, 0xae, 0xd7, 0xae, 0xd7, 0xae, 0xd7, 0xae, 0xd7, 0xae, 0xd7, 0xae, 0xd7, 0xae, 0xd7, 0xae, 0xd7, 0xae,
        0xd7, 0xae, 0xd7, 0xae, 0xd7, 0xae, 0xd7, 0xae, 0xd7, 0xae, 0xd7, 0xae, 0xd7, 0xae, 0xd7, 0xae, 0xd7, 0xae, 0xd7, 0xae,
        0xd7, 0xae, 0xd7, 0xae, 0xd7, 0xae, 0xd7, 0xae, 0xd7, 0xae, 0xd7, 0xae, 0xd7, 0xae, 0xd7, 0xae, 0xd7, 0xae, 0xd7, 0xae,
        0xd7, 0xae, 0xd7, 0xa6, 0xd7, 0xa6, 0xb7, 0xa6, 0xf8, 0xae, 0x07, 0x32, 0x00, 0x00, 0x00, 0x00, 0xe3, 0x10, 0x35, 0x9e,
        0xd7, 0xa6, 0x55, 0x9e, 0x85, 0x21, 0xa2, 0x08, 0xe3, 0x10, 0x45, 0x21, 0x49, 0x42, 0x29, 0x42, 0x29, 0x42, 0xab, 0x4a,
        0x8b, 0x4a, 0x8b, 0x4a, 0x8b, 0x4a, 0x8b, 0x4a, 0xab, 0x4a, 0xab, 0x4a, 0xab, 0x52, 0xab, 0x52, 0xab, 0x4a, 0xcc, 0x4a,
        0xf2, 0x4b, 0x13, 0x44, 0x54, 0x54, 0x6f, 0x4b, 0x61, 0x10, 0x61, 0x10, 0x61, 0x10, 0xa2, 0x10, 0xc3, 0x18, 0xc3, 0x18,
        0xe3, 0x18, 0xc3, 0x18, 0xc3, 0x18, 0xc3, 0x18, 0xc3, 0x18, 0x45, 0x21, 0xd1, 0x7c, 0xf1, 0x7c, 0xf0, 0x7c, 0x93, 0x8d,
        0xd7, 0xae, 0xd7, 0xae, 0xd7, 0xae, 0xd7, 0xae, 0xd7, 0xae, 0xd7, 0xae, 0xd7, 0xae, 0xd7, 0xae, 0xd7, 0xae, 0xd7, 0xae,
        0xd7, 0xae, 0xd7, 0xae, 0xd7, 0xae, 0xd7, 0xae, 0xd7, 0xae, 0xd7, 0xae, 0xd7, 0xae, 0xd7, 0xae, 0xd7, 0xae, 0xd7, 0xae,
        0xd7, 0xae, 0xd7, 0xae, 0xd7, 0xae, 0xd7, 0xae, 0xd7, 0xae, 0xd7, 0xae, 0xd7, 0xae, 0xd7, 0xae, 0xd7, 0xae, 0xd7, 0xae,
        0xd7, 0xae, 0xd7, 0xae, 0xd7, 0xae, 0xd7, 0xae, 0xd7, 0xae, 0xd7, 0xae, 0xd7, 0xae, 0xd7, 0xae, 0xd7, 0xae, 0xd7, 0xae,
        0xd7, 0xae, 0xd7, 0xae, 0xd7, 0xae, 0xd7, 0xae, 0xd7, 0xae, 0xd7, 0xae, 0xd7, 0xae, 0xd7, 0xae, 0xd7, 0xae, 0xd7, 0xae,
        0xd7, 0xae, 0xd7, 0xae, 0xd7, 0xae, 0xd7, 0xae, 0xd7, 0xae, 0xd7, 0xae, 0xd7, 0xae, 0xd7, 0xae, 0xd7, 0xae, 0xd7, 0xae,
        0xd7, 0xae, 0xd7, 0xae, 0xd7, 0xae, 0xd7, 0xae, 0xd7, 0xae, 0xd7, 0xae, 0xd7, 0xae, 0xd7, 0xae, 0xd7, 0xae, 0xd7, 0xae,
        0xd7, 0xae, 0xd7, 0xae, 0xd7, 0xae, 0xd7, 0xae, 0xd7, 0xae, 0xd7, 0xae, 0xd7, 0xae, 0xd7, 0xae, 0xd7, 0xae, 0xd7, 0xae,
        0xd7, 0xae, 0xd7, 0xae, 0xd7, 0xae, 0xd7, 0xae, 0xd7, 0xae, 0xd7, 0xae, 0xd7, 0xae, 0xd7, 0xae, 0xd7, 0xae, 0xd7, 0xae,
        0xd7, 0xae, 0xd7, 0xae, 0xd7, 0xae, 0xd7, 0xae, 0xd7, 0xae, 0xd7, 0xae, 0xd7, 0xae, 0xd7, 0xae, 0xd7, 0xae, 0xd7, 0xae,
        0xd7, 0xae, 0xd7, 0xae, 0xd7, 0xae, 0xd7, 0xae, 0xd7, 0xae, 0xd7, 0xae, 0xd7, 0xae, 0xd7, 0xae, 0xd7, 0xae, 0xd7, 0xae,
        0xd7, 0xae, 0xd7, 0xae, 0xd7, 0xae, 0xd7, 0xae, 0xd7, 0xae, 0xd7, 0xae, 0xd7, 0xae, 0xd7, 0xae, 0xd7, 0xae, 0xd7, 0xae,
        0xd7, 0xae, 0xd7, 0xae, 0xd7, 0xae, 0xd7, 0xae, 0xd7, 0xae, 0xd7, 0xae, 0xd7, 0xae, 0xd7, 0xae, 0xd7, 0xae, 0xd7, 0xae,
        0xd7, 0xae, 0xd7, 0xae, 0xd7, 0xae, 0xd7, 0xae, 0xd7, 0xae, 0xd7, 0xae, 0xd7, 0xae, 0xd7, 0xae, 0xd7, 0xae, 0xd7, 0xae,
        0xd7, 0xae, 0xd7, 0xae, 0xd7, 0xae, 0xd7, 0xae, 0xd7, 0xae, 0xd7, 0xae, 0xd7, 0xae, 0xd7, 0xae, 0xd7, 0xae, 0xd7, 0xae,
        0xd7, 0xae, 0xd7, 0xae, 0xd7, 0xae, 0xd7, 0xae, 0xd7, 0xae, 0xd7, 0xae, 0xd7, 0xae, 0xd7, 0xae, 0xd7, 0xae, 0xd7, 0xae,
        0xd7, 0xae, 0xd7, 0xae, 0xd7, 0xae, 0xd7, 0xae, 0xd7, 0xae, 0x18, 0xaf, 0x18, 0xb7, 0x18, 0xaf, 0x17, 0xaf, 0x17, 0xaf,
        0x59, 0xb7, 0x52, 0x85, 0x00, 0x00, 0x20, 0x00, 0x20, 0x00, 0x20, 0x00, 0x00, 0x00, 0x00, 0x00, 0x87, 0x19, 0xb1, 0x43,
        0x70, 0x3b, 0x6f, 0x3b, 0xcc, 0x52, 0xec, 0x52, 0xec, 0x5a, 0xed, 0x5a, 0xec, 0x52, 0xcc, 0x52, 0xac, 0x52, 0xac, 0x52,
        0xab, 0x4a, 0xab, 0x4a, 0xab, 0x4a, 0xab, 0x4a, 0x8b, 0x4a, 0x8b, 0x4a, 0x8b, 0x4a, 0x8b, 0x4a, 0xab, 0x4a, 0xab, 0x52,
        0x8b, 0x4a, 0x8b, 0x4a, 0x4a, 0x42, 0x09, 0x3a, 0x09, 0x3a, 0x29, 0x3a, 0x41, 0x08, 0x00, 0x00, 0x00, 0x00, 0x44, 0x21,
        0x03, 0x19, 0xc4, 0x10, 0x26, 0x19, 0x26, 0x19, 0xa3, 0x08, 0x40, 0x00, 0x61, 0x08, 0x03, 0x19, 0x76, 0xa6, 0xf8, 0xb6,
        0xd7, 0xae, 0xd7, 0xae, 0xd7, 0xae, 0xd7, 0xae, 0xd7, 0xae, 0xd7, 0xae, 0xd7, 0xae, 0xd7, 0xae, 0xd7, 0xae, 0xd7, 0xae,
        0xd7, 0xae, 0xd7, 0xae, 0xf7, 0xae, 0xd7, 0xae, 0xd7, 0xae, 0xd7, 0xae, 0xd7, 0xae, 0xd7, 0xae, 0xd7, 0xae, 0xd7, 0xae,
        0xd7, 0xae, 0xd7, 0xae, 0xd7, 0xae, 0xd7, 0xae, 0xd7, 0xae, 0xd7, 0xae, 0xd7, 0xae, 0xd7, 0xae, 0xd7, 0xae, 0xd7, 0xae,
        0xd7, 0xae, 0xd7, 0xae, 0xd7, 0xae, 0xd7, 0xae, 0xd7, 0xae, 0xd7, 0xae, 0xd7, 0xae, 0xd7, 0xae, 0xd7, 0xae, 0xd7, 0xae,
        0xd7, 0xae, 0xd7, 0xae, 0xd7, 0xae, 0xd7, 0xae, 0xd7, 0xae, 0xd7, 0xae, 0xd7, 0xae, 0xd7, 0xae, 0xd7, 0xae, 0xd7, 0xae,
        0xd7, 0xa6, 0xd7, 0xa6, 0xb7, 0xa6, 0x96, 0xa6, 0xf7, 0xae, 0xe6, 0x31, 0x00, 0x00, 0x00, 0x00, 0x03, 0x19, 0x97, 0xa6,
        0x39, 0xb7, 0x96, 0xa6, 0xe2, 0x10, 0x00, 0x00, 0x00, 0x00, 0xe3, 0x18, 0xec, 0x52, 0xcc, 0x52, 0xcc, 0x52, 0xcc, 0x52,
        0xac, 0x52, 0xac, 0x52, 0xab, 0x4a, 0xab, 0x4a, 0xab, 0x4a, 0xab, 0x4a, 0xab, 0x4a, 0xab, 0x52, 0xab, 0x52, 0x0d, 0x53,
        0x7a, 0x55, 0xbb, 0x4d, 0xbb, 0x4d, 0x39, 0x45, 0xd2, 0x3b, 0xf2, 0x3b, 0x33, 0x44, 0xed, 0x4a, 0x8b, 0x4a, 0xab, 0x4a,
        0xab, 0x4a, 0x8b, 0x4a, 0x6a, 0x4a, 0x6a, 0x4a, 0xab, 0x52, 0x29, 0x42, 0x00, 0x00, 0x00, 0x00, 0x00, 0x00, 0xe6, 0x31,
        0x18, 0xb7, 0xd7, 0xae, 0xd7, 0xae, 0xd7, 0xae, 0xd7, 0xae, 0xd7, 0xae, 0xd7, 0xae, 0xd7, 0xae, 0xd7, 0xae, 0xd7, 0xae,
        0xd7, 0xae, 0xd7, 0xae, 0xd7, 0xae, 0xd7, 0xae, 0xd7, 0xae, 0xd7, 0xae, 0xd7, 0xae, 0xd7, 0xae, 0xd7, 0xae, 0xd7, 0xae,
        0xd7, 0xae, 0xd7, 0xae, 0xd7, 0xae, 0xd7, 0xae, 0xd7, 0xae, 0xd7, 0xae, 0xd7, 0xae, 0xd7, 0xae, 0xd7, 0xae, 0xd7, 0xae,
        0xd7, 0xae, 0xd7, 0xae, 0xd7, 0xae, 0xd7, 0xae, 0xd7, 0xae, 0xd7, 0xae, 0xd7, 0xae, 0xd7, 0xae, 0xd7, 0xae, 0xd7, 0xae,
        0xd7, 0xae, 0xd7, 0xae, 0xd7, 0xae, 0xd7, 0xae, 0xd7, 0xae, 0xd7, 0xae, 0xd7, 0xae, 0xd7, 0xae, 0xd7, 0xae, 0xd7, 0xae,
        0xd7, 0xae, 0xd7, 0xae, 0xd7, 0xae, 0xd7, 0xae, 0xd7, 0xae, 0xd7, 0xae, 0xd7, 0xae, 0xd7, 0xae, 0xd7, 0xae, 0xd7, 0xae,
        0xd7, 0xae, 0xd7, 0xae, 0xd7, 0xae, 0xd7, 0xae, 0xd7, 0xae, 0xd7, 0xae, 0xd7, 0xae, 0xd7, 0xae, 0xd7, 0xae, 0xd7, 0xae,
        0xd7, 0xae, 0xd7, 0xae, 0xd7, 0xae, 0xd7, 0xae, 0xd7, 0xae, 0xd7, 0xae, 0xd7, 0xae, 0xd7, 0xae, 0xd7, 0xae, 0xd7, 0xae,
        0xd7, 0xae, 0xd7, 0xae, 0xd7, 0xae, 0xd7, 0xae, 0xd7, 0xae, 0xd7, 0xae, 0xd7, 0xae, 0xd7, 0xae, 0xd7, 0xae, 0xd7, 0xae,
        0xd7, 0xae, 0xd7, 0xae, 0xd7, 0xae, 0xd7, 0xae, 0xd7, 0xae, 0xd7, 0xae, 0xd7, 0xae, 0xd7, 0xae, 0xd7, 0xae, 0xd7, 0xae,
        0xd7, 0xae, 0xd7, 0xae, 0xd7, 0xae, 0xd7, 0xae, 0xd7, 0xae, 0xd7, 0xae, 0xd7, 0xae, 0xd7, 0xae, 0xd7, 0xae, 0xd7, 0xae,
        0xd7, 0xae, 0xd7, 0xae, 0xd7, 0xae, 0xd7, 0xae, 0xd7, 0xae, 0xd7, 0xae, 0xd7, 0xae, 0xd7, 0xae, 0xd7, 0xae, 0xd7, 0xae,
        0xd7, 0xae, 0xd7, 0xae, 0xd7, 0xae, 0xd7, 0xae, 0xd7, 0xae, 0xd7, 0xae, 0xd7, 0xae, 0xd7, 0xae, 0xd7, 0xae, 0xd7, 0xae,
        0xd7, 0xae, 0xd7, 0xae, 0xd7, 0xae, 0xd7, 0xae, 0xd7, 0xae, 0xd7, 0xae, 0xd7, 0xae, 0xd7, 0xae, 0xd7, 0xae, 0xd7, 0xae,
        0xd7, 0xae, 0xd7, 0xae, 0xd7, 0xae, 0xd7, 0xae, 0xd7, 0xae, 0xd7, 0xae, 0xd7, 0xae, 0xd7, 0xae, 0xd7, 0xae, 0xd7, 0xae,
        0xd7, 0xae, 0xd7, 0xae, 0xd7, 0xae, 0xd7, 0xae, 0xd7, 0xae, 0xd7, 0xae, 0xd7, 0xae, 0xd7, 0xae, 0xd7, 0xae, 0xd7, 0xae,
        0xd7, 0xae, 0xd7, 0xae, 0xd7, 0xae, 0xd7, 0xae, 0x18, 0xb7, 0x14, 0x9e, 0x32, 0x85, 0x11, 0x7d, 0xf1, 0x7c, 0xf0, 0x7c,
        0x31, 0x85, 0x0e, 0x64, 0x82, 0x08, 0xa2, 0x10, 0xa2, 0x10, 0xc3, 0x10, 0xa3, 0x08, 0x62, 0x08, 0x71, 0x2b, 0xff, 0x3e,
        0xbf, 0x36, 0x7f, 0x3e, 0x4f, 0x4b, 0xab, 0x52, 0xcc, 0x52, 0xcc, 0x52, 0xcc, 0x52, 0xcc, 0x52, 0xab, 0x52, 0xab, 0x52,
        0xab, 0x4a, 0xab, 0x4a, 0xab, 0x4a, 0xab, 0x4a, 0xab, 0x4a, 0xab, 0x4a, 0xab, 0x4a, 0xab, 0x4a, 0xab, 0x4a, 0xab, 0x4a,
        0x8b, 0x4a, 0x8b, 0x4a, 0x6b, 0x4a, 0x09, 0x3a, 0x09, 0x3a, 0x09, 0x3a, 0x82, 0x08, 0x00, 0x00, 0x00, 0x00, 0x00, 0x00,
        0x00, 0x00, 0xe4, 0x10, 0x26, 0x19, 0x46, 0x21, 0x62, 0x08, 0x00, 0x00, 0x00, 0x00, 0xc2, 0x10, 0x56, 0xa6, 0xf8, 0xb6,
        0xd7, 0xae, 0xd7, 0xae, 0xd7, 0xae, 0xd7, 0xae, 0xd7, 0xae, 0xd7, 0xae, 0xd7, 0xae, 0xd7, 0xae, 0xd7, 0xae, 0xd7, 0xae,
        0xd7, 0xae, 0xd7, 0xae, 0xd7, 0xae, 0xd7, 0xae, 0xd7, 0xae, 0xd7, 0xae, 0xd7, 0xae, 0xd7, 0xae, 0xd7, 0xae, 0xd7, 0xae,
        0xd7, 0xae, 0xd7, 0xae, 0xd7, 0xae, 0xd7, 0xae, 0xd7, 0xae, 0xd7, 0xae, 0xd7, 0xae, 0xd7, 0xae, 0xd7, 0xae, 0xd7, 0xae,
        0xd7, 0xae, 0xd7, 0xae, 0xd7, 0xae, 0xd7, 0xae, 0xd7, 0xae, 0xd7, 0xae, 0xd7, 0xae, 0xd7, 0xae, 0xd7, 0xae, 0xd7, 0xae,
        0xd7, 0xae, 0xd7, 0xae, 0xd7, 0xae, 0xd7, 0xae, 0xd7, 0xae, 0xd7, 0xae, 0xd7, 0xae, 0xd7, 0xae, 0xd7, 0xae, 0xd7, 0xae,
        0xd7, 0xae, 0x96, 0xa6, 0x27, 0x32, 0x44, 0x21, 0x85, 0x29, 0x04, 0x19, 0xc3, 0x10, 0xc4, 0x18, 0x24, 0x19, 0xad, 0x5b,
        0x0e, 0x6c, 0xcd, 0x63, 0x81, 0x08, 0x00, 0x00, 0x00, 0x00, 0xc3, 0x18, 0xab, 0x4a, 0xab, 0x4a, 0xac, 0x52, 0xac, 0x52,
        0xac, 0x52, 0xab, 0x52, 0xab, 0x4a, 0xab, 0x4a, 0xab, 0x4a, 0xab, 0x4a, 0xab, 0x4a, 0xac, 0x52, 0xac, 0x52, 0x0d, 0x53,
        0x59, 0x55, 0xbb, 0x4d, 0x7a, 0x4d, 0xbb, 0x45, 0x7f, 0x3e, 0x7f, 0x3e, 0xbf, 0x4e, 0xb1, 0x4b, 0x6a, 0x4a, 0xab, 0x4a,
        0x8b, 0x4a, 0x6a, 0x42, 0x6a, 0x42, 0x6a, 0x42, 0xab, 0x4a, 0x29, 0x42, 0x20, 0x00, 0x00, 0x00, 0x00, 0x00, 0x07, 0x32,
        0x19, 0xb7, 0xd8, 0xae, 0xd7, 0xae, 0xd7, 0xae, 0xd7, 0xa6, 0xb7, 0xa6, 0xd7, 0xae, 0xd7, 0xae, 0xd7, 0xae, 0xd7, 0xae,
        0xd7, 0xae, 0xd7, 0xae, 0xd7, 0xae, 0xd7, 0xae, 0xd7, 0xae, 0xd7, 0xae, 0xd7, 0xae, 0xd7, 0xae, 0xd7, 0xae, 0xd7, 0xae,
        0xd7, 0xae, 0xd7, 0xae, 0xd7, 0xae, 0xd7, 0xae, 0xd7, 0xae, 0xd7, 0xae, 0xd7, 0xae, 0xd7, 0xae, 0xd7, 0xae, 0xd7, 0xae,
        0xd7, 0xae, 0xd7, 0xae, 0xd7, 0xae, 0xd7, 0xae, 0xd7, 0xae, 0xd7, 0xae, 0xd7, 0xae, 0xd7, 0xae, 0xd7, 0xae, 0xd7, 0xae,
        0xd7, 0xae, 0xd7, 0xae, 0xd7, 0xae, 0xd7, 0xae, 0xd7, 0xae, 0xd7, 0xae, 0xd7, 0xae, 0xd7, 0xae, 0xd7, 0xae, 0xd7, 0xae,
        0xd7, 0xae, 0xd7, 0xae, 0xd7, 0xae, 0xd7, 0xae, 0xd7, 0xae, 0xd7, 0xae, 0xd7, 0xae, 0xd7, 0xae, 0xd7, 0xae, 0xd7, 0xae,
        0xd7, 0xae, 0xd7, 0xae, 0xd7, 0xae, 0xd7, 0xae, 0xd7, 0xae, 0xd7, 0xae, 0xd7, 0xae, 0xd7, 0xae, 0xd7, 0xae, 0xd7, 0xae,
        0xd7, 0xae, 0xd7, 0xae, 0xd7, 0xae, 0xd7, 0xae, 0xd7, 0xae, 0xd7, 0xae, 0xd7, 0xae, 0xd7, 0xae, 0xd7, 0xae, 0xd7, 0xae,
        0xd7, 0xae, 0xd7, 0xae, 0xd7, 0xae, 0xd7, 0xae, 0xd7, 0xae, 0xd7, 0xae, 0xd7, 0xae, 0xd7, 0xae, 0xd7, 0xae, 0xd7, 0xae,
        0xd7, 0xae, 0xd7, 0xae, 0xd7, 0xae, 0xd7, 0xae, 0xd7, 0xae, 0xd7, 0xae, 0xd7, 0xae, 0xd7, 0xae, 0xd7, 0xae, 0xd7, 0xae,
        0xd7, 0xae, 0xd7, 0xae, 0xd7, 0xae, 0xd7, 0xae, 0xd7, 0xae, 0xd7, 0xae, 0xd7, 0xae, 0xd7, 0xae, 0xd7, 0xae, 0xd7, 0xae,
        0xd7, 0xae, 0xd7, 0xae, 0xd7, 0xae, 0xd7, 0xae, 0xd7, 0xae, 0xd7, 0xae, 0xd7, 0xae, 0xd7, 0xae, 0xd7, 0xae, 0xd7, 0xae,
        0xd7, 0xae, 0xd7, 0xae, 0xd7, 0xae, 0xd7, 0xae, 0xd7, 0xae, 0xd7, 0xae, 0xd7, 0xae, 0xd7, 0xae, 0xd7, 0xae, 0xd7, 0xae,
        0xd7, 0xae, 0xd7, 0xae, 0xd7, 0xae, 0xd7, 0xae, 0xd7, 0xae, 0xd7, 0xae, 0xd7, 0xae, 0xd7, 0xae, 0xd7, 0xae, 0xd7, 0xae,
        0xd7, 0xae, 0xd7, 0xae, 0xd7, 0xae, 0xd7, 0xae, 0xd7, 0xae, 0xd7, 0xae, 0xd7, 0xae, 0xd7, 0xae, 0xd7, 0xae, 0xd7, 0xae,
        0xf7, 0xae, 0xd7, 0xae, 0xd7, 0xae, 0xd7, 0xae, 0xd7, 0xae, 0xd7, 0xae, 0xd7, 0xae, 0xd7, 0xae, 0xd7, 0xae, 0xd7, 0xa6,
        0xd7, 0xa6, 0xd7, 0xa6, 0xd7, 0xae, 0xd7, 0xae, 0x59, 0xbf, 0xc9, 0x42, 0x00, 0x00, 0x00, 0x00, 0x00, 0x00, 0x00, 0x00,
        0x00, 0x00, 0xa2, 0x10, 0x6a, 0x42, 0x49, 0x42, 0xed, 0x4a, 0xf8, 0x4c, 0xb7, 0x3c, 0x56, 0x3c, 0x3a, 0x45, 0x9f, 0x36,
        0x7f, 0x36, 0x3e, 0x36, 0x2e, 0x4b, 0x8b, 0x52, 0xac, 0x52, 0xac, 0x52, 0xac, 0x52, 0xab, 0x52, 0xab, 0x4a, 0xab, 0x52,
        0xab, 0x52, 0xab, 0x52, 0xab, 0x52, 0xab, 0x52, 0xab, 0x4a, 0xab, 0x4a, 0xab, 0x52, 0xab, 0x52, 0xab, 0x4a, 0x8b, 0x4a,
        0x8b, 0x4a, 0x8b, 0x4a, 0x8b, 0x4a, 0x2a, 0x42, 0x29, 0x3a, 0x29, 0x3a, 0x82, 0x08, 0x00, 0x00, 0x00, 0x00, 0x00, 0x00,
        0x00, 0x00, 0xc4, 0x10, 0x26, 0x19, 0x46, 0x21, 0x82, 0x08, 0x00, 0x00, 0x00, 0x00, 0xe3, 0x10, 0x76, 0xa6, 0xf8, 0xb6,
        0xd7, 0xae, 0xd7, 0xae, 0xd7, 0xae, 0xd7, 0xae, 0xd7, 0xae, 0xd7, 0xae, 0xd7, 0xae, 0xd7, 0xae, 0xd7, 0xae, 0xf7, 0xae,
        0xd7, 0xae, 0xd7, 0xae, 0xd7, 0xae, 0xd7, 0xae, 0xd7, 0xae, 0xd7, 0xae, 0xd7, 0xae, 0xd7, 0xae, 0xd7, 0xae, 0xd7, 0xae,
        0xd7, 0xae, 0xd7, 0xae, 0xd7, 0xae, 0xd7, 0xae, 0xd7, 0xae, 0xd7, 0xae, 0xd7, 0xae, 0xd7, 0xae, 0xd7, 0xae, 0xd7, 0xae,
        0xd7, 0xae, 0xd7, 0xae, 0xd7, 0xae, 0xd7, 0xae, 0xd7, 0xae, 0xd7, 0xae, 0xd7, 0xae, 0xd7, 0xae, 0xd7, 0xae, 0xd7, 0xae,
        0xd7, 0xae, 0xd7, 0xae, 0xd7, 0xae, 0xd7, 0xae, 0xd7, 0xae, 0xd7, 0xae, 0xd7, 0xae, 0xd7, 0xae, 0xd7, 0xae, 0xd7, 0xae,
        0xf7, 0xae, 0x96, 0xa6, 0xe3, 0x10, 0x00, 0x00, 0x00, 0x00, 0x45, 0x21, 0x2a, 0x3a, 0x4a, 0x3a, 0x45, 0x21, 0x00, 0x00,
        0x00, 0x00, 0x00, 0x00, 0x20, 0x00, 0x61, 0x08, 0x41, 0x08, 0x05, 0x21, 0x8b, 0x4a, 0x8b, 0x4a, 0x8b, 0x4a, 0xab, 0x4a,
        0xab, 0x52, 0xac, 0x52, 0xab, 0x52, 0xac, 0x52, 0xab, 0x52, 0xab, 0x4a, 0xac, 0x52, 0xcc, 0x52, 0xcc, 0x52, 0xed, 0x52,
        0x33, 0x54, 0x74, 0x54, 0x34, 0x54, 0xd7, 0x44, 0x5f, 0x36, 0x3e, 0x3e, 0x5f, 0x3e, 0x50, 0x43, 0x4a, 0x4a, 0x6b, 0x4a,
        0x4a, 0x42, 0x6a, 0x42, 0x6a, 0x42, 0x8b, 0x4a, 0xab, 0x52, 0x4a, 0x42, 0x00, 0x00, 0x00, 0x00, 0x00, 0x00, 0xe7, 0x31,
        0x5b, 0xc7, 0x39, 0xbf, 0x39, 0xb7, 0x18, 0xb7, 0x18, 0xaf, 0x18, 0xaf, 0x18, 0xb7, 0x18, 0xb7, 0xd7, 0xae, 0xd7, 0xae,
        0xd7, 0xae, 0xd7, 0xae, 0xd7, 0xae, 0xd7, 0xae, 0xd7, 0xae, 0xd7, 0xae, 0xd7, 0xae, 0xd7, 0xae, 0xd7, 0xae, 0xd7, 0xae,
        0xd7, 0xae, 0xd7, 0xae, 0xd7, 0xae, 0xd7, 0xae, 0xd7, 0xae, 0xd7, 0xae, 0xd7, 0xae, 0xd7, 0xae, 0xd7, 0xae, 0xd7, 0xae,
        0xd7, 0xae, 0xd7, 0xae, 0xd7, 0xae, 0xd7, 0xae, 0xd7, 0xae, 0xd7, 0xae, 0xd7, 0xae, 0xd7, 0xae, 0xd7, 0xae, 0xd7, 0xae,
        0xd7, 0xae, 0xd7, 0xae, 0xd7, 0xae, 0xd7, 0xae, 0xd7, 0xae, 0xd7, 0xae, 0xd7, 0xae, 0xd7, 0xae, 0xd7, 0xae, 0xd7, 0xae,
        0xd7, 0xae, 0xd7, 0xae, 0xd7, 0xae, 0xd7, 0xae, 0xd7, 0xae, 0xd7, 0xae, 0xd7, 0xae, 0xd7, 0xae, 0xd7, 0xae, 0xd7, 0xae,
        0xd7, 0xae, 0xd7, 0xae, 0xd7, 0xae, 0xd7, 0xae, 0xd7, 0xae, 0xd7, 0xae, 0xd7, 0xae, 0xd7, 0xae, 0xd7, 0xae, 0xd7, 0xae,
        0xd7, 0xae, 0xd7, 0xae, 0xd7, 0xae, 0xd7, 0xae, 0xd7, 0xae, 0xd7, 0xae, 0xd7, 0xae, 0xd7, 0xae, 0xd7, 0xae, 0xd7, 0xae,
        0xd7, 0xae, 0xd7, 0xae, 0xd7, 0xae, 0xd7, 0xae, 0xd7, 0xae, 0xd7, 0xae, 0xd7, 0xae, 0xd7, 0xae, 0xd7, 0xae, 0xd7, 0xae,
        0xd7, 0xae, 0xd7, 0xae, 0xd7, 0xae, 0xd7, 0xae, 0xd7, 0xae, 0xd7, 0xae, 0xd7, 0xae, 0xd7, 0xae, 0xd7, 0xae, 0xd7, 0xae,
        0xd7, 0xae, 0xd7, 0xae, 0xd7, 0xae, 0xd7, 0xae, 0xd7, 0xae, 0xd7, 0xae, 0xd7, 0xae, 0xd7, 0xae, 0xd7, 0xae, 0xd7, 0xae,
        0xd7, 0xae, 0xd7, 0xae, 0xd7, 0xae, 0xd7, 0xae, 0xd7, 0xae, 0xd7, 0xae, 0xd7, 0xae, 0xd7, 0xae, 0xd7, 0xae, 0xd7, 0xae,
        0xd7, 0xae, 0xd7, 0xae, 0xd7, 0xae, 0xd7, 0xae, 0xd7, 0xae, 0xd7, 0xae, 0xd7, 0xae, 0xd7, 0xae, 0xd7, 0xae, 0xd7, 0xae,
        0xd7, 0xae, 0xd7, 0xae, 0xd7, 0xae, 0xd7, 0xae, 0xd7, 0xae, 0xd7, 0xae, 0xd7, 0xae, 0xd7, 0xae, 0xd7, 0xae, 0xd7, 0xae,
        0xd7, 0xae, 0xd7, 0xae, 0xd7, 0xae, 0xd7, 0xae, 0xd7, 0xae, 0xd7, 0xae, 0xd7, 0xae, 0xd7, 0xae, 0xd7, 0xae, 0xd7, 0xae,
        0xd7, 0xae, 0xd7, 0xae, 0xd7, 0xae, 0xf7, 0xae, 0xd7, 0xae, 0xd7, 0xae, 0xd7, 0xae, 0xf7, 0xae, 0xf7, 0xae, 0xf7, 0xae,
        0xf7, 0xa6, 0xd7, 0xa6, 0xf7, 0xa6, 0xf7, 0xae, 0x59, 0xbf, 0x88, 0x3a, 0x00, 0x00, 0x00, 0x00, 0x00, 0x00, 0x00, 0x00,
        0x00, 0x00, 0x82, 0x10, 0x6a, 0x42, 0x4a, 0x42, 0x4e, 0x4b, 0x3d, 0x4e, 0xfd, 0x4d, 0xdc, 0x4d, 0x3e, 0x4e, 0xbf, 0x3e,
        0xbf, 0x36, 0x7f, 0x36, 0x0e, 0x43, 0x6a, 0x4a, 0x8b, 0x4a, 0x8b, 0x4a, 0x8b, 0x4a, 0x8b, 0x4a, 0x8b, 0x4a, 0xab, 0x52,
        0xac, 0x52, 0xac, 0x52, 0xab, 0x52, 0xab, 0x52, 0xab, 0x52, 0xab, 0x52, 0xac, 0x52, 0xab, 0x52, 0x8b, 0x4a, 0x8b, 0x4a,
        0x8b, 0x4a, 0x8b, 0x4a, 0x8b, 0x4a, 0x8b, 0x4a, 0x8b, 0x4a, 0x8b, 0x4a, 0xc8, 0x31, 0x87, 0x29, 0x66, 0x21, 0x20, 0x00,
        0x00, 0x00, 0xe5, 0x10, 0x47, 0x21, 0x67, 0x21, 0x83, 0x10, 0x00, 0x00, 0x00, 0x00, 0xc3, 0x10, 0x56, 0xa6, 0xf8, 0xae,
        0xd7, 0xae, 0xd7, 0xae, 0xd7, 0xae, 0xf7, 0xae, 0xd7, 0xae, 0xd7, 0xae, 0xf7, 0xae, 0xd7, 0xae, 0xd7, 0xae, 0xd7, 0xae,
        0xd7, 0xae, 0xd7, 0xae, 0xd7, 0xae, 0xd7, 0xae, 0xd7, 0xae, 0xd7, 0xae, 0xd7, 0xae, 0xd7, 0xae, 0xd7, 0xae, 0xd7, 0xae,
        0xd7, 0xae, 0xd7, 0xae, 0xd7, 0xae, 0xd7, 0xae, 0xd7, 0xae, 0xd7, 0xae, 0xd7, 0xae, 0xd7, 0xae, 0xd7, 0xae, 0xd7, 0xae,
        0xd7, 0xae, 0xd7, 0xae, 0xd7, 0xae, 0xd7, 0xae, 0xd7, 0xae, 0xd7, 0xae, 0xd7, 0xae, 0xd7, 0xae, 0xd7, 0xae, 0xd7, 0xae,
        0xd7, 0xae, 0xd7, 0xae, 0xd7, 0xae, 0xd7, 0xae, 0xd7, 0xae, 0xd7, 0xae, 0xd7, 0xae, 0xd7, 0xae, 0xd7, 0xae, 0xd7, 0xae,
        0xf7, 0xae, 0x96, 0xa6, 0x24, 0x19, 0x00, 0x00, 0x00, 0x00, 0x45, 0x21, 0x09, 0x32, 0x09, 0x3a, 0x25, 0x21, 0x00, 0x00,
        0x00, 0x00, 0x00, 0x00, 0x08, 0x3a, 0x8b, 0x4a, 0x6a, 0x42, 0x6a, 0x42, 0x6b, 0x4a, 0x8b, 0x4a, 0xab, 0x4a, 0xab, 0x4a,
        0xab, 0x52, 0xab, 0x52, 0xab, 0x52, 0xab, 0x52, 0xab, 0x52, 0xcc, 0x52, 0xcc, 0x52, 0xcc, 0x52, 0xcc, 0x52, 0xcc, 0x52,
        0xab, 0x52, 0x8b, 0x52, 0x49, 0x4a, 0xf3, 0x43, 0x9f, 0x36, 0x7f, 0x3e, 0x9f, 0x3e, 0xbb, 0x45, 0x59, 0x4d, 0x59, 0x4d,
        0x9a, 0x4d, 0x90, 0x4b, 0x6a, 0x4a, 0xab, 0x4a, 0xcc, 0x52, 0x8b, 0x4a, 0x86, 0x29, 0x66, 0x29, 0x66, 0x29, 0xa6, 0x29,
        0xa9, 0x42, 0xa9, 0x42, 0xa9, 0x42, 0x88, 0x42, 0x88, 0x3a, 0x88, 0x3a, 0x68, 0x3a, 0xb0, 0x7c, 0x19, 0xb7, 0xd7, 0xae,
        0xd7, 0xae, 0xd7, 0xae, 0xd7, 0xae, 0xd7, 0xae, 0xd7, 0xae, 0xd7, 0xae, 0xd7, 0xae, 0xd7, 0xae, 0xd7, 0xae, 0xd7, 0xae,
        0xd7, 0xae, 0xd7, 0xae, 0xd7, 0xae, 0xd7, 0xae, 0xd7, 0xae, 0xd7, 0xae, 0xd7, 0xae, 0xd7, 0xae, 0xd7, 0xae, 0xd7, 0xae,
        0xd7, 0xae, 0xd7, 0xae, 0xd7, 0xae, 0xd7, 0xae, 0xd7, 0xae, 0xd7, 0xae, 0xd7, 0xae, 0xd7, 0xae, 0xd7, 0xae, 0xd7, 0xae,
        0xd7, 0xae, 0xd7, 0xae, 0xd7, 0xae, 0xd7, 0xae, 0xd7, 0xae, 0xd7, 0xae, 0xd7, 0xae, 0xd7, 0xae, 0xd7, 0xae, 0xd7, 0xae,
        0xd7, 0xae, 0xd7, 0xae, 0xd7, 0xae, 0xd7, 0xae, 0xd7, 0xae, 0xd7, 0xae, 0xd7, 0xae, 0xd7, 0xae, 0xd7, 0xae, 0xd7, 0xae,
        0xd7, 0xae, 0xd7, 0xae, 0xd7, 0xae, 0xd7, 0xae, 0xd7, 0xae, 0xd7, 0xae, 0xd7, 0xae, 0xd7, 0xae, 0xd7, 0xae, 0xd7, 0xae,
        0xd7, 0xae, 0xd7, 0xae, 0xd7, 0xae, 0xd7, 0xae, 0xd7, 0xae, 0xd7, 0xae, 0xd7, 0xae, 0xd7, 0xae, 0xd7, 0xae, 0xd7, 0xae,
        0xd7, 0xae, 0xd7, 0xae, 0xd7, 0xae, 0xd7, 0xae, 0xd7, 0xae, 0xd7, 0xae, 0xd7, 0xae, 0xd7, 0xae, 0xd7, 0xae, 0xd7, 0xae,
        0xd7, 0xae, 0xd7, 0xae, 0xd7, 0xae, 0xd7, 0xae, 0xd7, 0xae, 0xd7, 0xae, 0xd7, 0xae, 0xd7, 0xae, 0xd7, 0xae, 0xd7, 0xae,
        0xd7, 0xae, 0xd7, 0xae, 0xd7, 0xae, 0xd7, 0xae, 0xd7, 0xae, 0xd7, 0xae, 0xd7, 0xae, 0xd7, 0xae, 0xd7, 0xae, 0xd7, 0xae,
        0xd7, 0xae, 0xd7, 0xae, 0xd7, 0xae, 0xd7, 0xae, 0xd7, 0xae, 0xd7, 0xae, 0xd7, 0xae, 0xd7, 0xae, 0xd7, 0xae, 0xd7, 0xae,
        0xd7, 0xae, 0xd7, 0xae, 0xd7, 0xae, 0xd7, 0xae, 0xd7, 0xae, 0xd7, 0xae, 0xd7, 0xae, 0xd7, 0xae, 0xd7, 0xae, 0xd7, 0xae,
        0xd7, 0xae, 0xd7, 0xae, 0xd7, 0xae, 0xd7, 0xae, 0xd7, 0xae, 0xd7, 0xae, 0xd7, 0xae, 0xd7, 0xae, 0xd7, 0xae, 0xd7, 0xae,
        0xd7, 0xae, 0xd7, 0xae, 0xd7, 0xae, 0xd7, 0xae, 0xd7, 0xae, 0xd7, 0xae, 0xd7, 0xae, 0xd7, 0xae, 0xf7, 0xae, 0xd7, 0xae,
        0xd7, 0xae, 0xd7, 0xae, 0xd7, 0xae, 0xf7, 0xae, 0xd7, 0xae, 0xd7, 0xae, 0xf7, 0xae, 0x56, 0xa6, 0x15, 0x9e, 0x14, 0x96,
        0xf4, 0x95, 0xf4, 0x95, 0xf4, 0x95, 0x14, 0x96, 0x76, 0xa6, 0x27, 0x32, 0x00, 0x00, 0x00, 0x00, 0x00, 0x00, 0x00, 0x00,
        0x00, 0x00, 0x82, 0x10, 0x4a, 0x3a, 0x49, 0x42, 0x2e, 0x4b, 0x9f, 0x4e, 0x9f, 0x4e, 0xdf, 0x4e, 0x7a, 0x4d, 0x33, 0x4c,
        0x75, 0x4c, 0x54, 0x44, 0xac, 0x42, 0x6a, 0x4a, 0x6b, 0x4a, 0x8b, 0x4a, 0x8b, 0x4a, 0x8b, 0x4a, 0x8b, 0x4a, 0x6b, 0x4a,
        0x4a, 0x42, 0x4a, 0x42, 0x4a, 0x42, 0x2a, 0x42, 0x2a, 0x42, 0x4a, 0x42, 0x4a, 0x42, 0x6b, 0x4a, 0x8b, 0x4a, 0x8b, 0x4a,
        0x8b, 0x4a, 0x8b, 0x4a, 0x8b, 0x4a, 0xab, 0x52, 0xab, 0x52, 0xab, 0x4a, 0x8b, 0x4a, 0x8b, 0x4a, 0x4a, 0x3a, 0x21, 0x00,
        0x00, 0x00, 0x05, 0x19, 0x67, 0x21, 0x87, 0x21, 0xa3, 0x10, 0x20, 0x00, 0x20, 0x00, 0xc2, 0x10, 0x56, 0x9e, 0xf8, 0xae,
        0xd7, 0xa6, 0xd7, 0xa6, 0xd7, 0xae, 0xd7, 0xae, 0xd7, 0xae, 0xf7, 0xae, 0xf7, 0xae, 0xf7, 0xae, 0xd7, 0xae, 0xd7, 0xae,
        0xd7, 0xae, 0xd7, 0xae, 0xf7, 0xae, 0xd7, 0xae, 0xd7, 0xae, 0xd7, 0xae, 0xd7, 0xae, 0xd7, 0xae, 0xd7, 0xae, 0xd7, 0xae,
        0xd7, 0xae, 0xd7, 0xae, 0xd7, 0xae, 0xd7, 0xae, 0xd7, 0xae, 0xd7, 0xae, 0xd7, 0xae, 0xd7, 0xae, 0xd7, 0xae, 0xd7, 0xae,
        0xd7, 0xae, 0xd7, 0xae, 0xd7, 0xae, 0xd7, 0xae, 0xd7, 0xae, 0xd7, 0xae, 0xd7, 0xae, 0xd7, 0xae, 0xd7, 0xae, 0xd7, 0xae,
        0xd7, 0xae, 0xd7, 0xae, 0xd7, 0xae, 0xd7, 0xae, 0xd7, 0xae, 0xd7, 0xae, 0xd7, 0xae, 0xd7, 0xae, 0xf7, 0xae, 0x38, 0xb7,
        0x38, 0xb7, 0xd7, 0xae, 0x03, 0x19, 0x00, 0x00, 0x00, 0x00, 0x45, 0x21, 0xe9, 0x31, 0xe9, 0x31, 0xe4, 0x18, 0x00, 0x00,
        0x00, 0x00, 0x20, 0x00, 0x4a, 0x42, 0xac, 0x4a, 0x8b, 0x4a, 0x8b, 0x4a, 0x8b, 0x4a, 0x8b, 0x4a, 0x8b, 0x4a, 0x8b, 0x4a,
        0x8b, 0x4a, 0x8b, 0x4a, 0x6a, 0x42, 0x4a, 0x42, 0x6a, 0x42, 0x8b, 0x4a, 0xcc, 0x52, 0xcc, 0x52, 0xcc, 0x52, 0xcc, 0x52,
        0xac, 0x52, 0xab, 0x4a, 0x6a, 0x4a, 0x70, 0x4b, 0x18, 0x45, 0xf8, 0x44, 0xf8, 0x4c, 0x7e, 0x4e, 0xbf, 0x4e, 0x9f, 0x4e,
        0xff, 0x4e, 0x13, 0x44, 0x8b, 0x4a, 0xac, 0x4a, 0xab, 0x4a, 0x8b, 0x4a, 0x6a, 0x42, 0x6a, 0x42, 0x8a, 0x4a, 0xa7, 0x31,
        0x00, 0x00, 0x00, 0x00, 0x00, 0x00, 0x00, 0x00, 0x00, 0x00, 0x00, 0x00, 0x00, 0x00, 0xea, 0x4a, 0x59, 0xbf, 0xd7, 0xae,
        0xd7, 0xae, 0xd7, 0xae, 0xd7, 0xae, 0xd7, 0xae, 0xd7, 0xae, 0xd7, 0xae, 0xd7, 0xae, 0xd7, 0xae, 0xd7, 0xae, 0xd7, 0xae,
        0xd7, 0xae, 0xd7, 0xae, 0xd7, 0xae, 0xd7, 0xae, 0xd7, 0xae, 0xd7, 0xae, 0xd7, 0xae, 0xd7, 0xae, 0xd7, 0xae, 0xd7, 0xae,
        0xd7, 0xae, 0xd7, 0xae, 0xd7, 0xae, 0xd7, 0xae, 0xd7, 0xae, 0xd7, 0xae, 0xd7, 0xae, 0xd7, 0xae, 0xd7, 0xae, 0xd7, 0xae,
        0xd7, 0xae, 0xd7, 0xae, 0xd7, 0xae, 0xd7, 0xae, 0xd7, 0xae, 0xd7, 0xae, 0xd7, 0xae, 0xd7, 0xae, 0xd7, 0xae, 0xd7, 0xae,
        0xd7, 0xae, 0xd7, 0xae, 0xd7, 0xae, 0xd7, 0xae, 0xd7, 0xae, 0xd7, 0xae, 0xd7, 0xae, 0xd7, 0xae, 0xd7, 0xae, 0xd7, 0xae,
        0xd7, 0xae, 0xd7, 0xae, 0xd7, 0xae, 0xd7, 0xae, 0xd7, 0xae, 0xd7, 0xae, 0xd7, 0xae, 0xd7, 0xae, 0xd7, 0xae, 0xd7, 0xae,
        0xd7, 0xae, 0xd7, 0xae, 0xd7, 0xae, 0xd7, 0xae, 0xd7, 0xae, 0xd7, 0xae, 0xd7, 0xae, 0xd7, 0xae, 0xd7, 0xae, 0xd7, 0xae,
        0xd7, 0xae, 0xd7, 0xae, 0xd7, 0xae, 0xd7, 0xae, 0xd7, 0xae, 0xd7, 0xae, 0xd7, 0xae, 0xd7, 0xae, 0xd7, 0xae, 0xd7, 0xae,
        0xd7, 0xae, 0xd7, 0xae, 0xd7, 0xae, 0xd7, 0xae, 0xd7, 0xae, 0xd7, 0xae, 0xd7, 0xae, 0xd7, 0xae, 0xd7, 0xae, 0xd7, 0xae,
        0xd7, 0xae, 0xd7, 0xae, 0xd7, 0xae, 0xd7, 0xae, 0xd7, 0xae, 0xd7, 0xae, 0xd7, 0xae, 0xd7, 0xae, 0xd7, 0xae, 0xd7, 0xae,
        0xd7, 0xae, 0xd7, 0xae, 0xd7, 0xae, 0xd7, 0xae, 0xd7, 0xae, 0xd7, 0xae, 0xd7, 0xae, 0xd7, 0xae, 0xd7, 0xae, 0xd7, 0xae,
        0xd7, 0xae, 0xd7, 0xae, 0xd7, 0xae, 0xd7, 0xae, 0xd7, 0xae, 0xd7, 0xae, 0xd7, 0xae, 0xd7, 0xae, 0xd7, 0xae, 0xd7, 0xae,
        0xd7, 0xae, 0xf7, 0xae, 0xd7, 0xae, 0xd7, 0xae, 0xd7, 0xae, 0xd7, 0xae, 0xd7, 0xae, 0xd7, 0xae, 0xd7, 0xae, 0xd7, 0xae,
        0xd7, 0xae, 0xd7, 0xae, 0xd7, 0xae, 0xd7, 0xae, 0xd7, 0xae, 0xd7, 0xae, 0xd7, 0xae, 0xd7, 0xae, 0xf7, 0xae, 0xd7, 0xae,
        0xd7, 0xae, 0xd7, 0xae, 0xd7, 0xae, 0xd7, 0xae, 0xd7, 0xae, 0xd7, 0xae, 0x38, 0xb7, 0x2a, 0x4b, 0xa2, 0x08, 0xa2, 0x10,
        0xa2, 0x08, 0x82, 0x08, 0x82, 0x08, 0xa2, 0x08, 0xa2, 0x10, 0xe3, 0x18, 0xa7, 0x31, 0xc8, 0x31, 0xf0, 0x22, 0x51, 0x23,
        0x52, 0x1b, 0x8c, 0x2a, 0xc8, 0x39, 0xe8, 0x39, 0xcd, 0x4a, 0x7f, 0x46, 0x9f, 0x46, 0xdf, 0x4e, 0xd6, 0x4c, 0x4a, 0x4a,
        0x6a, 0x4a, 0x4a, 0x4a, 0x8b, 0x4a, 0x8b, 0x4a, 0x8b, 0x4a, 0x8b, 0x4a, 0x6b, 0x4a, 0x6b, 0x4a, 0x6b, 0x4a, 0x4a, 0x42,
        0x67, 0x29, 0x67, 0x29, 0x67, 0x21, 0x67, 0x21, 0x67, 0x29, 0x87, 0x29, 0x88, 0x29, 0xe9, 0x31, 0xab, 0x52, 0x8b, 0x4a,
        0x8b, 0x4a, 0xab, 0x4a, 0xab, 0x4a, 0xab, 0x52, 0xab, 0x4a, 0xab, 0x4a, 0x6a, 0x42, 0x4a, 0x42, 0x29, 0x3a, 0x41, 0x00,
        0x00, 0x00, 0x26, 0x19, 0x88, 0x21, 0x88, 0x21, 0xa3, 0x10, 0x00, 0x00, 0x00, 0x00, 0xa2, 0x10, 0x76, 0xa6, 0x38, 0xb7,
        0x18, 0xaf, 0xf7, 0xae, 0xd7, 0xa6, 0xd7, 0xae, 0xd7, 0xae, 0xd7, 0xae, 0xf7, 0xae, 0xf7, 0xae, 0xf7, 0xae, 0xf7, 0xae,
        0xd7, 0xae, 0xd7, 0xae, 0xd7, 0xae, 0xd7, 0xae, 0xd7, 0xae, 0xd7, 0xae, 0xd7, 0xae, 0xd7, 0xae, 0xd7, 0xae, 0xd7, 0xae,
        0xd7, 0xae, 0xd7, 0xae, 0xd7, 0xae, 0xd7, 0xae, 0xd7, 0xae, 0xd7, 0xae, 0xd7, 0xae, 0xd7, 0xae, 0xd7, 0xae, 0xd7, 0xae,
        0xd7, 0xae, 0xd7, 0xae, 0xd7, 0xae, 0xd7, 0xae, 0xd7, 0xae, 0xd7, 0xae, 0xd7, 0xae, 0xd7, 0xae, 0xd7, 0xae, 0xd7, 0xae,
        0xd7, 0xae, 0xd7, 0xae, 0xd7, 0xae, 0xd7, 0xae, 0xd7, 0xae, 0xd7, 0xae, 0xd7, 0xae, 0xf8, 0xae, 0xf4, 0x95, 0x6f, 0x74,
        0x8f, 0x74, 0x2e, 0x6c, 0x61, 0x08, 0x00, 0x00, 0x00, 0x00, 0x25, 0x21, 0xe9, 0x31, 0xe9, 0x31, 0xe4, 0x18, 0x00, 0x00,
        0x00, 0x00, 0x20, 0x00, 0x4a, 0x42, 0xcc, 0x52, 0xab, 0x4a, 0xab, 0x4a, 0xab, 0x4a, 0xab, 0x4a, 0x8b, 0x4a, 0x4a, 0x42,
        0x4a, 0x42, 0x4a, 0x42, 0xc8, 0x31, 0xa8, 0x29, 0xa8, 0x29, 0xe9, 0x31, 0xcc, 0x52, 0xcc, 0x52, 0xcc, 0x52, 0xab, 0x52,
        0xab, 0x4a, 0x8b, 0x4a, 0x8b, 0x4a, 0x8b, 0x4a, 0x6b, 0x4a, 0x8b, 0x4a, 0xac, 0x52, 0xfc, 0x4d, 0x9f, 0x4e, 0x7e, 0x4e,
        0xdf, 0x4e, 0x13, 0x44, 0x6b, 0x4a, 0x8b, 0x4a, 0x8b, 0x4a, 0x8b, 0x4a, 0x4a, 0x42, 0x4a, 0x42, 0x6a, 0x42, 0xa7, 0x31,
        0x00, 0x00, 0x00, 0x00, 0x20, 0x00, 0x20, 0x00, 0x00, 0x00, 0x20, 0x00, 0x00, 0x00, 0xea, 0x4a, 0x39, 0xbf, 0xd7, 0xae,
        0xd7, 0xa6, 0xd7, 0xa6, 0xd7, 0xa6, 0xd7, 0xae, 0xd7, 0xae, 0xd7, 0xae, 0xd7, 0xae, 0xd7, 0xae, 0xd7, 0xae, 0xd7, 0xae,
        0xd7, 0xae, 0xd7, 0xae, 0xd7, 0xae, 0xd7, 0xae, 0xd7, 0xae, 0xd7, 0xae, 0xd7, 0xae, 0xd7, 0xae, 0xd7, 0xae, 0xd7, 0xae,
        0xd7, 0xae, 0xd7, 0xae, 0xd7, 0xae, 0xd7, 0xae, 0xd7, 0xae, 0xd7, 0xae, 0xd7, 0xae, 0xd7, 0xae, 0xd7, 0xae, 0xd7, 0xae,
        0xd7, 0xae, 0xd7, 0xae, 0xd7, 0xae, 0xd7, 0xae, 0xd7, 0xae, 0xd7, 0xae, 0xd7, 0xae, 0xd7, 0xae, 0xd7, 0xae, 0xd7, 0xae,
        0xd7, 0xae, 0xd7, 0xae, 0xd7, 0xae, 0xd7, 0xae, 0xd7, 0xae, 0xd7, 0xae, 0xd7, 0xae, 0xd7, 0xae, 0xd7, 0xae, 0xd7, 0xae,
        0xd7, 0xae, 0xd7, 0xae, 0xd7, 0xae, 0xd7, 0xae, 0xd7, 0xae, 0xd7, 0xae, 0xd7, 0xae, 0xd7, 0xae, 0xd7, 0xae, 0xd7, 0xae,
        0xd7, 0xae, 0xd7, 0xae, 0xd7, 0xae, 0xd7, 0xae, 0xd7, 0xae, 0xd7, 0xae, 0xd7, 0xae, 0xd7, 0xae, 0xd7, 0xae, 0xd7, 0xae,
        0xd7, 0xae, 0xd7, 0xae, 0xd7, 0xae, 0xd7, 0xae, 0xd7, 0xae, 0xd7, 0xae, 0xd7, 0xae, 0xd7, 0xae, 0xd7, 0xae, 0xd7, 0xae,
        0xd7, 0xae, 0xd7, 0xae, 0xd7, 0xae, 0xd7, 0xae, 0xd7, 0xae, 0xd7, 0xae, 0xd7, 0xae, 0xd7, 0xae, 0xd7, 0xae, 0xd7, 0xae,
        0xd7, 0xae, 0xd7, 0xae, 0xd7, 0xae, 0xd7, 0xae, 0xd7, 0xae, 0xd7, 0xae, 0xd7, 0xae, 0xd7, 0xae, 0xd7, 0xae, 0xd7, 0xae,
        0xd7, 0xae, 0xd7, 0xae, 0xd7, 0xae, 0xd7, 0xae, 0xd7, 0xae, 0xd7, 0xae, 0xd7, 0xae, 0xd7, 0xae, 0xd7, 0xae, 0xd7, 0xae,
        0xd7, 0xae, 0xd7, 0xae, 0xd7, 0xae, 0xd7, 0xae, 0xd7, 0xae, 0xd7, 0xae, 0xd7, 0xae, 0xd7, 0xae, 0xd7, 0xae, 0xd7, 0xae,
        0xd7, 0xae, 0xd7, 0xae, 0xf7, 0xae, 0xd7, 0xae, 0xd7, 0xae, 0xd7, 0xae, 0xd7, 0xae, 0xd7, 0xae, 0xd7, 0xae, 0xd7, 0xae,
        0xd7, 0xae, 0xd7, 0xae, 0xd7, 0xae, 0xd7, 0xae, 0xd7, 0xae, 0xd7, 0xae, 0xd7, 0xae, 0xd7, 0xae, 0xd7, 0xae, 0xd7, 0xae,
        0xd7, 0xae, 0xd7, 0xae, 0xd7, 0xae, 0xd7, 0xae, 0xd7, 0xae, 0xd7, 0xae, 0x39, 0xb7, 0xc9, 0x42, 0x00, 0x00, 0x00, 0x00,
        0x00, 0x00, 0x00, 0x00, 0x00, 0x00, 0x00, 0x00, 0x00, 0x00, 0x04, 0x19, 0x6a, 0x4a, 0xcd, 0x4a, 0x5c, 0x2d, 0xbf, 0x1d,
        0xff, 0x25, 0xd8, 0x3c, 0x0f, 0x3b, 0x0e, 0x3b, 0xd3, 0x43, 0x9f, 0x3e, 0xbf, 0x46, 0xff, 0x4e, 0xd7, 0x4c, 0x8b, 0x4a,
        0xac, 0x4a, 0xab, 0x4a, 0xab, 0x4a, 0xab, 0x4a, 0x8b, 0x4a, 0x8b, 0x4a, 0x8b, 0x4a, 0x6a, 0x4a, 0x6a, 0x4a, 0x4a, 0x42,
        0x87, 0x29, 0x87, 0x21, 0x87, 0x29, 0x87, 0x29, 0xa8, 0x29, 0xa8, 0x29, 0xa8, 0x29, 0xe9, 0x39, 0xab, 0x52, 0xab, 0x52,
        0xab, 0x52, 0xab, 0x52, 0xab, 0x52, 0xab, 0x52, 0xab, 0x52, 0xab, 0x4a, 0x6a, 0x42, 0x4a, 0x42, 0x09, 0x3a, 0x41, 0x00,
        0x20, 0x00, 0x26, 0x19, 0x67, 0x21, 0x88, 0x21, 0xa3, 0x10, 0x00, 0x00, 0x00, 0x00, 0x61, 0x08, 0x6f, 0x6c, 0xf1, 0x7c,
        0xf0, 0x7c, 0x92, 0x8d, 0xd7, 0xa6, 0xd7, 0xa6, 0xd7, 0xae, 0xd7, 0xae, 0xf7, 0xae, 0xf7, 0xae, 0xf7, 0xae, 0xf8, 0xae,
        0xd7, 0xae, 0xf7, 0xae, 0xd7, 0xae, 0xd7, 0xae, 0xd7, 0xae, 0xd7, 0xae, 0xd7, 0xae, 0xd7, 0xae, 0xd7, 0xae, 0xd7, 0xae,
        0xd7, 0xae, 0xd7, 0xae, 0xd7, 0xae, 0xd7, 0xae, 0xd7, 0xae, 0xd7, 0xae, 0xd7, 0xae, 0xd7, 0xae, 0xd7, 0xae, 0xd7, 0xae,
        0xd7, 0xae, 0xd7, 0xae, 0xd7, 0xae, 0xd7, 0xae, 0xd7, 0xae, 0xd7, 0xae, 0xd7, 0xae, 0xd7, 0xae, 0xd7, 0xae, 0xd7, 0xae,
        0xd7, 0xae, 0xd7, 0xae, 0xd7, 0xae, 0xd7, 0xae, 0xd7, 0xae, 0xd7, 0xae, 0xd8, 0xae, 0x59, 0xbf, 0x0d, 0x64, 0x00, 0x00,
        0x00, 0x00, 0x00, 0x00, 0xe4, 0x18, 0x45, 0x21, 0x45, 0x21, 0x87, 0x29, 0xc8, 0x31, 0xe9, 0x31, 0x25, 0x21, 0x41, 0x08,
        0x61, 0x08, 0x62, 0x08, 0x4a, 0x42, 0xcc, 0x52, 0xab, 0x4a, 0xab, 0x4a, 0xab, 0x52, 0xab, 0x52, 0xab, 0x4a, 0x6a, 0x4a,
        0x4a, 0x42, 0x4a, 0x42, 0xe9, 0x39, 0xc8, 0x31, 0xe9, 0x31, 0x09, 0x3a, 0xcc, 0x52, 0xec, 0x5a, 0xcc, 0x52, 0xab, 0x52,
        0x8b, 0x4a, 0x8b, 0x4a, 0x8b, 0x4a, 0xab, 0x4a, 0xac, 0x4a, 0xcc, 0x52, 0x0d, 0x53, 0x1c, 0x4e, 0xdf, 0x4e, 0xbf, 0x4e,
        0xff, 0x4e, 0x54, 0x44, 0x8c, 0x42, 0x8c, 0x42, 0x6b, 0x4a, 0x4a, 0x4a, 0x29, 0x42, 0x49, 0x42, 0x8b, 0x4a, 0xa7, 0x31,
        0x00, 0x00, 0x00, 0x00, 0x00, 0x00, 0x00, 0x00, 0x00, 0x00, 0x00, 0x00, 0x00, 0x00, 0x0a, 0x4b, 0x7a, 0xbf, 0x18, 0xb7,
        0xf8, 0xae, 0xf7, 0xa6, 0xf7, 0xae, 0xd7, 0xae, 0xd7, 0xae, 0xd7, 0xae, 0xd7, 0xae, 0xd7, 0xae, 0xd7, 0xae, 0xd7, 0xae,
        0xd7, 0xae, 0xd7, 0xae, 0xd7, 0xae, 0xd7, 0xae, 0xd7, 0xae, 0xd7, 0xae, 0xd7, 0xae, 0xd7, 0xae, 0xd7, 0xae, 0xd7, 0xae,
        0xd7, 0xae, 0xd7, 0xae, 0xd7, 0xae, 0xd7, 0xae, 0xd7, 0xae, 0xd7, 0xae, 0xd7, 0xae, 0xd7, 0xae, 0xd7, 0xae, 0xd7, 0xae,
        0xd7, 0xae, 0xd7, 0xae, 0xd7, 0xae, 0xd7, 0xae, 0xd7, 0xae, 0xd7, 0xae, 0xd7, 0xae, 0xd7, 0xae, 0xd7, 0xae, 0xd7, 0xae,
        0xd7, 0xae, 0xd7, 0xae, 0xd7, 0xae, 0xd7, 0xae, 0xd7, 0xae, 0xd7, 0xae, 0xd7, 0xae, 0xd7, 0xae, 0xd7, 0xae, 0xd7, 0xae,
        0xd7, 0xae, 0xd7, 0xae, 0xd7, 0xae, 0xd7, 0xae, 0xd7, 0xae, 0xd7, 0xae, 0xd7, 0xae, 0xd7, 0xae, 0xd7, 0xae, 0xd7, 0xae,
        0xd7, 0xae, 0xd7, 0xae, 0xd7, 0xae, 0xd7, 0xae, 0xd7, 0xae, 0xd7, 0xae, 0xd7, 0xae, 0xd7, 0xae, 0xd7, 0xae, 0xd7, 0xae,
        0xd7, 0xae, 0xd7, 0xae, 0xd7, 0xae, 0xd7, 0xae, 0xd7, 0xae, 0xd7, 0xae, 0xd7, 0xae, 0xd7, 0xae, 0xd7, 0xae, 0xd7, 0xae,
        0xd7, 0xae, 0xd7, 0xae, 0xd7, 0xae, 0xd7, 0xae, 0xd7, 0xae, 0xd7, 0xae, 0xd7, 0xae, 0xd7, 0xae, 0xd7, 0xae, 0xd7, 0xae,
        0xd7, 0xae, 0xd7, 0xae, 0xd7, 0xae, 0xd7, 0xae, 0xd7, 0xae, 0xd7, 0xae, 0xd7, 0xae, 0xd7, 0xae, 0xd7, 0xae, 0xd7, 0xae,
        0xd7, 0xae, 0xd7, 0xae, 0xd7, 0xae, 0xd7, 0xae, 0xd7, 0xae, 0xd7, 0xae, 0xd7, 0xae, 0xd7, 0xae, 0xd7, 0xae, 0xd7, 0xae,
        0xd7, 0xae, 0xd7, 0xae, 0xd7, 0xae, 0xd7, 0xae, 0xd7, 0xae, 0xd7, 0xae, 0xd7, 0xae, 0xd7, 0xae, 0xd7, 0xae, 0xd7, 0xae,
        0xd7, 0xae, 0xd7, 0xae, 0xd7, 0xae, 0xd7, 0xae, 0xd7, 0xae, 0xd7, 0xae, 0xd7, 0xae, 0xd7, 0xae, 0xd7, 0xae, 0xd7, 0xae,
        0xd7, 0xae, 0xd7, 0xae, 0xd7, 0xae, 0xd7, 0xae, 0xd7, 0xae, 0xd7, 0xae, 0xd7, 0xae, 0xd7, 0xae, 0xd7, 0xae, 0xd7, 0xae,
        0xd7, 0xae, 0xd7, 0xae, 0xd7, 0xae, 0xd7, 0xa6, 0xd7, 0xa6, 0xd7, 0xa6, 0x59, 0xb7, 0x0a, 0x4b, 0x00, 0x00, 0x21, 0x08,
        0x41, 0x08, 0x40, 0x08, 0x00, 0x00, 0x00, 0x00, 0x00, 0x00, 0x04, 0x21, 0x8a, 0x4a, 0x8b, 0x42, 0xd4, 0x33, 0xf4, 0x2b,
        0x5b, 0x2d, 0x3f, 0x2e, 0x1f, 0x36, 0x5f, 0x36, 0x7a, 0x3d, 0xd1, 0x43, 0x74, 0x44, 0xb5, 0x4c, 0xb1, 0x4b, 0x8b, 0x4a,
        0xab, 0x4a, 0xab, 0x4a, 0x4a, 0x42, 0x09, 0x3a, 0x09, 0x3a, 0xe8, 0x31, 0x25, 0x21, 0x25, 0x19, 0x05, 0x19, 0x04, 0x19,
        0x82, 0x08, 0x82, 0x08, 0x82, 0x08, 0xa3, 0x10, 0x46, 0x21, 0x67, 0x21, 0x47, 0x21, 0x67, 0x21, 0x09, 0x3a, 0x2a, 0x42,
        0x2a, 0x42, 0x4a, 0x42, 0x8b, 0x4a, 0x8b, 0x4a, 0x8b, 0x4a, 0x8b, 0x4a, 0x6a, 0x42, 0x4a, 0x42, 0x2a, 0x42, 0xe8, 0x39,
        0xa7, 0x29, 0x88, 0x29, 0xa8, 0x29, 0xa8, 0x29, 0x26, 0x19, 0x05, 0x19, 0xe5, 0x18, 0xc4, 0x10, 0x00, 0x00, 0x00, 0x00,
        0x00, 0x00, 0xc6, 0x29, 0xf7, 0xae, 0xd7, 0xa6, 0xd7, 0xae, 0xd7, 0xae, 0xd7, 0xae, 0xf7, 0xae, 0xf7, 0xae, 0xf8, 0xae,
        0xd8, 0xae, 0xf8, 0xae, 0xf7, 0xae, 0xd7, 0xae, 0xd7, 0xae, 0xd7, 0xae, 0xd7, 0xae, 0xd7, 0xae, 0xd7, 0xae, 0xd7, 0xae,
        0xd7, 0xae, 0xd7, 0xae, 0xd7, 0xae, 0xd7, 0xae, 0xd7, 0xae, 0xd7, 0xae, 0xd7, 0xae, 0xd7, 0xae, 0xd7, 0xae, 0xd7, 0xae,
        0xd7, 0xae, 0xd7, 0xae, 0xd7, 0xae, 0xd7, 0xae, 0xd7, 0xae, 0xd7, 0xae, 0xd7, 0xae, 0xd7, 0xae, 0xd7, 0xae, 0xd7, 0xae,
        0xd7, 0xae, 0xd7, 0xae, 0xd7, 0xae, 0xd7, 0xae, 0xd7, 0xae, 0xd7, 0xae, 0xd8, 0xae, 0x59, 0xbf, 0x0e, 0x64, 0x00, 0x00,
        0x20, 0x00, 0x00, 0x00, 0xa7, 0x29, 0x4a, 0x42, 0x4a, 0x42, 0xe8, 0x31, 0xc8, 0x31, 0xc8, 0x31, 0x2a, 0x3a, 0x8b, 0x4a,
        0x8a, 0x4a, 0x8b, 0x4a, 0xab, 0x4a, 0xab, 0x4a, 0xab, 0x4a, 0x8b, 0x4a, 0x6a, 0x42, 0x6b, 0x4a, 0x29, 0x42, 0x67, 0x29,
        0x67, 0x21, 0x87, 0x29, 0xe4, 0x18, 0xa3, 0x10, 0xc4, 0x10, 0xe4, 0x18, 0xe9, 0x31, 0xe9, 0x31, 0xc8, 0x31, 0xc8, 0x31,
        0x4a, 0x42, 0x6b, 0x4a, 0x8b, 0x4a, 0x8b, 0x4a, 0xcc, 0x52, 0xcc, 0x52, 0xed, 0x52, 0xb1, 0x4b, 0xd2, 0x4b, 0xd1, 0x53,
        0xf2, 0x53, 0xdb, 0x3d, 0xdc, 0x2d, 0xbc, 0x2d, 0x56, 0x34, 0x72, 0x33, 0xb3, 0x3b, 0x51, 0x43, 0xac, 0x4a, 0x8b, 0x4a,
        0x09, 0x42, 0x09, 0x3a, 0x08, 0x3a, 0xc8, 0x31, 0x25, 0x21, 0x25, 0x21, 0x66, 0x29, 0x86, 0x29, 0x07, 0x32, 0xe6, 0x31,
        0xe6, 0x29, 0xc6, 0x29, 0xe6, 0x31, 0xb3, 0x8d, 0xf7, 0xae, 0xd7, 0xae, 0xd7, 0xae, 0xd7, 0xae, 0xd7, 0xae, 0xd7, 0xae,
        0xd7, 0xae, 0xd7, 0xae, 0xd7, 0xae, 0xd7, 0xae, 0xd7, 0xae, 0xd7, 0xae, 0xd7, 0xae, 0xd7, 0xae, 0xd7, 0xae, 0xd7, 0xae,
        0xd7, 0xae, 0xd7, 0xae, 0xd7, 0xae, 0xd7, 0xae, 0xd7, 0xae, 0xd7, 0xae, 0xd7, 0xae, 0xd7, 0xae, 0xd7, 0xae, 0xd7, 0xae,
        0xd7, 0xae, 0xd7, 0xae, 0xd7, 0xae, 0xd7, 0xae, 0xd7, 0xae, 0xd7, 0xae, 0xd7, 0xae, 0xd7, 0xae, 0xd7, 0xae, 0xd7, 0xae,
        0xd7, 0xae, 0xd7, 0xae, 0xd7, 0xae, 0xd7, 0xae, 0xd7, 0xae, 0xd7, 0xae, 0xd7, 0xae, 0xd7, 0xae, 0xd7, 0xae, 0xd7, 0xae,
        0xd7, 0xae, 0xd7, 0xae, 0xd7, 0xae, 0xd7, 0xae, 0xd7, 0xae, 0xd7, 0xae, 0xd7, 0xae, 0xd7, 0xae, 0xd7, 0xae, 0xd7, 0xae,
        0xd7, 0xae, 0xd7, 0xae, 0xd7, 0xae, 0xd7, 0xae, 0xd7, 0xae, 0xd7, 0xae, 0xd7, 0xae, 0xd7, 0xae, 0xd7, 0xae, 0xd7, 0xae,
        0xd7, 0xae, 0xd7, 0xae, 0xd7, 0xae, 0xd7, 0xa6, 0xd7, 0xae, 0xd7, 0xae, 0xd7, 0xae, 0xd7, 0xae, 0xd7, 0xae, 0xd7, 0xae,
        0xd7, 0xae, 0xd7, 0xae, 0xd7, 0xae, 0xd7, 0xae, 0xd7, 0xae, 0xd7, 0xae, 0xd7, 0xae, 0xd7, 0xae, 0xd7, 0xae, 0xd7, 0xae,
        0xd7, 0xae, 0xd7, 0xae, 0xd7, 0xae, 0xd7, 0xae, 0xd7, 0xae, 0xd7, 0xae, 0xd7, 0xae, 0xd7, 0xae, 0xd7, 0xae, 0xd7, 0xae,
        0xd7, 0xae, 0xd7, 0xae, 0xd7, 0xae, 0xd7, 0xae, 0xd7, 0xae, 0xd7, 0xae, 0xd7, 0xae, 0xd7, 0xae, 0xd7, 0xae, 0xd7, 0xae,
        0xd7, 0xae, 0xd7, 0xae, 0xd7, 0xae, 0xd7, 0xae, 0xd7, 0xae, 0xd7, 0xae, 0xd7, 0xae, 0xd7, 0xae, 0xd7, 0xae, 0xd7, 0xae,
        0xd7, 0xae, 0xf7, 0xae, 0xd7, 0xae, 0xd7, 0xae, 0xd7, 0xae, 0xd7, 0xae, 0xd7, 0xae, 0xd7, 0xae, 0xd7, 0xae, 0xd7, 0xae,
        0xd7, 0xae, 0xd7, 0xae, 0xd7, 0xae, 0xd7, 0xae, 0xd7, 0xae, 0xd7, 0xae, 0xd7, 0xae, 0xd7, 0xae, 0xd7, 0xae, 0xf8, 0xae,
        0x39, 0xb7, 0x39, 0xb7, 0x39, 0xb7, 0x18, 0xb7, 0x18, 0xb7, 0xb7, 0xae, 0x35, 0x96, 0xea, 0x4a, 0x00, 0x00, 0xe3, 0x18,
        0x8a, 0x4a, 0x6a, 0x42, 0x6b, 0x3a, 0x4a, 0x32, 0x09, 0x32, 0x29, 0x3a, 0x8b, 0x4a, 0x8b, 0x4a, 0xac, 0x42, 0xac, 0x42,
        0xf8, 0x3c, 0x5f, 0x36, 0x1f, 0x2e, 0x5f, 0x2e, 0xd7, 0x3c, 0x29, 0x4a, 0x4a, 0x4a, 0x4a, 0x4a, 0x8b, 0x4a, 0xab, 0x4a,
        0xab, 0x4a, 0xab, 0x52, 0x09, 0x3a, 0xa8, 0x29, 0xa8, 0x29, 0x67, 0x21, 0xa3, 0x08, 0x83, 0x08, 0x83, 0x08, 0x62, 0x08,
        0x00, 0x00, 0x00, 0x00, 0x00, 0x00, 0x20, 0x00, 0x25, 0x19, 0x26, 0x19, 0x26, 0x19, 0x05, 0x19, 0x87, 0x29, 0xa8, 0x31,
        0xc8, 0x31, 0x09, 0x3a, 0x8b, 0x4a, 0x8b, 0x4a, 0x8b, 0x4a, 0x6a, 0x4a, 0x6a, 0x42, 0x6a, 0x42, 0x4a, 0x42, 0x6a, 0x42,
        0x09, 0x3a, 0xa8, 0x29, 0xa8, 0x29, 0xa8, 0x29, 0x47, 0x21, 0x46, 0x19, 0x26, 0x19, 0x05, 0x19, 0x00, 0x00, 0x20, 0x00,
        0x00, 0x00, 0xc6, 0x29, 0xf7, 0xae, 0xd7, 0xae, 0xd7, 0xae, 0xf7, 0xae, 0xf8, 0xae, 0xf8, 0xae, 0xf8, 0xae, 0xd7, 0xae,
        0xf8, 0xae, 0xf8, 0xae, 0xf8, 0xae, 0xf8, 0xae, 0xd8, 0xae, 0xd7, 0xae, 0xd7, 0xae, 0xd7, 0xae, 0xd7, 0xae, 0xd7, 0xae,
        0xd7, 0xae, 0xd7, 0xae, 0xd7, 0xae, 0xd7, 0xae, 0xd7, 0xae, 0xd7, 0xae, 0xd7, 0xae, 0xd7, 0xae, 0xd7, 0xae, 0xd7, 0xae,
        0xd7, 0xae, 0xd7, 0xae, 0xd7, 0xae, 0xd7, 0xae, 0xd7, 0xae, 0xd7, 0xae, 0xd7, 0xae, 0xd7, 0xae, 0xd7, 0xae, 0xd7, 0xae,
        0xd7, 0xae, 0xd7, 0xae, 0xd7, 0xae, 0xd7, 0xae, 0xd7, 0xae, 0xd7, 0xae, 0xd7, 0xae, 0x59, 0xbf, 0x0e, 0x64, 0x00, 0x00,
        0x20, 0x00, 0x00, 0x00, 0x86, 0x29, 0x29, 0x3a, 0x09, 0x3a, 0xc8, 0x31, 0xc8, 0x29, 0xc8, 0x31, 0x4a, 0x42, 0xcc, 0x52,
        0xac, 0x52, 0xab, 0x4a, 0xab, 0x4a, 0xab, 0x4a, 0xab, 0x4a, 0x6a, 0x42, 0x2a, 0x3a, 0x2a, 0x42, 0xc8, 0x31, 0x05, 0x11,
        0x05, 0x11, 0x26, 0x19, 0x42, 0x00, 0x00, 0x00, 0x00, 0x00, 0x20, 0x00, 0x26, 0x19, 0x46, 0x19, 0x26, 0x19, 0x26, 0x19,
        0x29, 0x3a, 0x6a, 0x42, 0x6a, 0x42, 0x8b, 0x4a, 0xcc, 0x52, 0xcc, 0x52, 0xcc, 0x52, 0xab, 0x52, 0x8b, 0x52, 0x8a, 0x52,
        0x8c, 0x4a, 0xbc, 0x35, 0x3e, 0x2e, 0x3f, 0x36, 0xfa, 0x2c, 0xf6, 0x23, 0x37, 0x2c, 0xd5, 0x33, 0xcc, 0x52, 0xec, 0x52,
        0x0d, 0x5b, 0x0d, 0x5b, 0xed, 0x52, 0xac, 0x52, 0x09, 0x3a, 0xe9, 0x31, 0x4a, 0x3a, 0x25, 0x21, 0x00, 0x00, 0x00, 0x00,
        0x00, 0x00, 0x00, 0x00, 0x00, 0x00, 0x52, 0x85, 0xf8, 0xae, 0xd7, 0xa6, 0xd7, 0xae, 0xd7, 0xae, 0xd7, 0xae, 0xd7, 0xae,
        0xd7, 0xae, 0xd7, 0xae, 0xd7, 0xae, 0xd7, 0xae, 0xd7, 0xae, 0xd7, 0xae, 0xd7, 0xae, 0xd7, 0xae, 0xd7, 0xae, 0xd7, 0xae,
        0xd7, 0xae, 0xd7, 0xae, 0xd7, 0xae, 0xd7, 0xae, 0xd7, 0xae, 0xd7, 0xae, 0xd7, 0xae, 0xd7, 0xae, 0xd7, 0xae, 0xd7, 0xae,
        0xd7, 0xae, 0xd7, 0xae, 0xd7, 0xae, 0xd7, 0xae, 0xd7, 0xae, 0xd7, 0xae, 0xd7, 0xae, 0xd7, 0xae, 0xd7, 0xae, 0xd7, 0xae,
        0xd7, 0xae, 0xd7, 0xae, 0xd7, 0xae, 0xd7, 0xae, 0xd7, 0xae, 0xd7, 0xae, 0xd7, 0xae, 0xd7, 0xae, 0xd7, 0xae, 0xd7, 0xae,
        0xd7, 0xae, 0xd7, 0xae, 0xd7, 0xae, 0xd7, 0xae, 0xd7, 0xae, 0xd7, 0xae, 0xd7, 0xae, 0xd7, 0xae, 0xd7, 0xae, 0xd7, 0xae,
        0xd7, 0xae, 0xd7, 0xae, 0xd7, 0xae, 0xd7, 0xae, 0xd7, 0xae, 0xd7, 0xae, 0xd7, 0xae, 0xd7, 0xae, 0xd7, 0xae, 0xd7, 0xae,
        0xd7, 0xa6, 0xd7, 0xae, 0xd7, 0xae, 0xd7, 0xae, 0xd7, 0xae, 0xd7, 0xae, 0xd7, 0xae, 0xd7, 0xae, 0xd7, 0xae, 0xd7, 0xae,
        0xd7, 0xae, 0xd7, 0xae, 0xd7, 0xae, 0xd7, 0xae, 0xd7, 0xae, 0xd7, 0xae, 0xd7, 0xae, 0xd7, 0xae, 0xd7, 0xae, 0xd7, 0xae,
        0xd7, 0xae, 0xd7, 0xae, 0xd7, 0xae, 0xd7, 0xae, 0xd7, 0xae, 0xd7, 0xae, 0xd7, 0xae, 0xd7, 0xae, 0xd7, 0xae, 0xd7, 0xae,
        0xd7, 0xae, 0xd7, 0xae, 0xd7, 0xae, 0xd7, 0xae, 0xd7, 0xae, 0xd7, 0xae, 0xd7, 0xae, 0xd7, 0xae, 0xd7, 0xae, 0xd7, 0xae,
        0xd7, 0xae, 0xd7, 0xae, 0xd7, 0xae, 0xd7, 0xae, 0xd7, 0xae, 0xd7, 0xae, 0xd7, 0xae, 0xd7, 0xae, 0xd7, 0xae, 0xd7, 0xae,
        0xd7, 0xae, 0xd7, 0xae, 0xf7, 0xae, 0xd7, 0xae, 0xd7, 0xae, 0xd7, 0xae, 0xd7, 0xae, 0xd7, 0xae, 0xd7, 0xae, 0xd7, 0xae,
        0xd7, 0xae, 0xd7, 0xae, 0xd7, 0xae, 0xd7, 0xae, 0xd7, 0xae, 0xd7, 0xae, 0xd7, 0xae, 0xd7, 0xae, 0x18, 0xaf, 0xb3, 0x8d,
        0x88, 0x3a, 0xa9, 0x3a, 0x89, 0x42, 0x88, 0x3a, 0x89, 0x42, 0x07, 0x32, 0x82, 0x08, 0x61, 0x08, 0x00, 0x00, 0x45, 0x21,
        0x0d, 0x5b, 0x2e, 0x53, 0xf3, 0x4b, 0xf3, 0x43, 0xb1, 0x43, 0xab, 0x42, 0x6a, 0x42, 0x8b, 0x42, 0xac, 0x42, 0xad, 0x42,
        0x19, 0x3d, 0x5f, 0x36, 0x1e, 0x36, 0x5f, 0x36, 0xd8, 0x3c, 0x2a, 0x42, 0x6a, 0x42, 0x6b, 0x42, 0x8b, 0x4a, 0x8b, 0x4a,
        0x8b, 0x4a, 0xab, 0x4a, 0x09, 0x3a, 0xa8, 0x29, 0xa8, 0x29, 0x87, 0x29, 0xe4, 0x10, 0xa4, 0x10, 0xa3, 0x10, 0x82, 0x08,
        0x00, 0x00, 0x00, 0x00, 0x00, 0x00, 0x21, 0x00, 0x05, 0x19, 0x05, 0x19, 0xe5, 0x10, 0xe5, 0x10, 0x87, 0x29, 0xa8, 0x29,
        0xc8, 0x31, 0x09, 0x3a, 0x8b, 0x4a, 0x8b, 0x4a, 0x6b, 0x42, 0x6b, 0x42, 0x6a, 0x42, 0x6a, 0x42, 0x6a, 0x42, 0x6a, 0x42,
        0x09, 0x3a, 0xa8, 0x29, 0xa8, 0x29, 0x88, 0x29, 0x47, 0x21, 0x46, 0x19, 0x26, 0x19, 0x05, 0x19, 0x00, 0x00, 0x00, 0x00,
        0x00, 0x00, 0xe7, 0x31, 0x59, 0xbf, 0x39, 0xb7, 0x39, 0xb7, 0x39, 0xb7, 0x39, 0xb7, 0x39, 0xb7, 0x39, 0xb7, 0x39, 0xb7,
        0x38, 0xb7, 0x39, 0xb7, 0x39, 0xb7, 0x38, 0xb7, 0x18, 0xb7, 0x18, 0xb7, 0xf8, 0xae, 0xb7, 0xa6, 0xd7, 0xa6, 0xd7, 0xa6,
        0xd7, 0xae, 0xd7, 0xae, 0xd7, 0xae, 0xf7, 0xae, 0xd7, 0xae, 0xd7, 0xae, 0xd7, 0xae, 0xd7, 0xae, 0xd7, 0xae, 0xd7, 0xae,
        0xd7, 0xae, 0xd7, 0xae, 0xd7, 0xae, 0xd7, 0xae, 0xd7, 0xae, 0xd7, 0xae, 0xd7, 0xae, 0xd7, 0xae, 0xd7, 0xae, 0xd7, 0xae,
        0xd7, 0xae, 0xd7, 0xae, 0xd7, 0xae, 0xd7, 0xae, 0xd7, 0xae, 0xd7, 0xae, 0xd7, 0xae, 0x59, 0xbf, 0x0e, 0x64, 0x00, 0x00,
        0x20, 0x00, 0x00, 0x00, 0x86, 0x29, 0x29, 0x3a, 0x09, 0x3a, 0xa8, 0x29, 0xa8, 0x29, 0xc8, 0x29, 0x2a, 0x3a, 0xcc, 0x52,
        0xab, 0x4a, 0xab, 0x4a, 0xab, 0x4a, 0xab, 0x4a, 0xab, 0x4a, 0x6a, 0x42, 0x09, 0x3a, 0x29, 0x3a, 0xc8, 0x31, 0x05, 0x19,
        0x26, 0x19, 0x46, 0x19, 0x62, 0x08, 0x00, 0x00, 0x00, 0x00, 0x00, 0x00, 0x05, 0x19, 0x46, 0x21, 0x26, 0x21, 0x46, 0x21,
        0x29, 0x3a, 0x6a, 0x4a, 0x8b, 0x4a, 0xab, 0x4a, 0xcc, 0x52, 0xcc, 0x52, 0xcc, 0x52, 0xcc, 0x52, 0xab, 0x4a, 0x8b, 0x4a,
        0xcc, 0x42, 0xdc, 0x2d, 0x1e, 0x2e, 0x3e, 0x36, 0xd9, 0x34, 0xb5, 0x2b, 0xf6, 0x2b, 0x93, 0x33, 0xab, 0x52, 0xcc, 0x52,
        0xcc, 0x52, 0xcc, 0x52, 0xcc, 0x52, 0x8b, 0x4a, 0xe9, 0x39, 0xe9, 0x31, 0x09, 0x3a, 0x45, 0x21, 0x00, 0x00, 0x00, 0x00,
        0x00, 0x00, 0x00, 0x00, 0x20, 0x00, 0x93, 0x8d, 0x18, 0xb7, 0xf7, 0xae, 0xf8, 0xae, 0xf8, 0xae, 0xd8, 0xae, 0xd7, 0xae,
        0xd7, 0xae, 0xd7, 0xae, 0xd7, 0xae, 0xd7, 0xae, 0xd7, 0xae, 0xd7, 0xae, 0xd7, 0xae, 0xd7, 0xae, 0xd7, 0xae, 0xd7, 0xae,
        0xd7, 0xae, 0xd7, 0xae, 0xd7, 0xae, 0xd7, 0xae, 0xd7, 0xae, 0xd7, 0xae, 0xd7, 0xae, 0xd7, 0xae, 0xd7, 0xae, 0xd7, 0xae,
        0xd7, 0xae, 0xd7, 0xae, 0xd7, 0xae, 0xd7, 0xae, 0xd7, 0xae, 0xd7, 0xae, 0xd7, 0xae, 0xd7, 0xae, 0xd7, 0xae, 0xd7, 0xae,
        0xd7, 0xae, 0xd7, 0xae, 0xd7, 0xae, 0xd7, 0xae, 0xd7, 0xae, 0xd7, 0xae, 0xd7, 0xae, 0xd7, 0xae, 0xd7, 0xae, 0xd7, 0xae,
        0xd7, 0xae, 0xd7, 0xae, 0xd7, 0xae, 0xd7, 0xae, 0xd7, 0xae, 0xd7, 0xae, 0xd7, 0xae, 0xd7, 0xae, 0xd7, 0xae, 0xd7, 0xae,
        0xd7, 0xae, 0xd7, 0xae, 0xd7, 0xae, 0xd7, 0xae, 0xd7, 0xae, 0xd7, 0xae, 0xd7, 0xae, 0xd7, 0xae, 0xd7, 0xae, 0xd7, 0xae,
        0xd7, 0xae, 0xd7, 0xae, 0xd7, 0xae, 0xd7, 0xae, 0xd7, 0xae, 0xd7, 0xae, 0xd7, 0xae, 0xd7, 0xae, 0xd7, 0xae, 0xd7, 0xae,
        0xd7, 0xae, 0xd7, 0xae, 0xd7, 0xae, 0xd7, 0xae, 0xd7, 0xae, 0xd7, 0xae, 0xd7, 0xae, 0xd7, 0xae, 0xd7, 0xae, 0xd7, 0xae,
        0xd7, 0xae, 0xd7, 0xae, 0xd7, 0xae, 0xd7, 0xae, 0xd7, 0xae, 0xd7, 0xae, 0xd7, 0xae, 0xd7, 0xae, 0xd7, 0xae, 0xd7, 0xae,
        0xd7, 0xae, 0xd7, 0xae, 0xd7, 0xae, 0xd7, 0xae, 0xd7, 0xae, 0xd7, 0xae, 0xd7, 0xae, 0xd7, 0xae, 0xd7, 0xae, 0xd7, 0xae,
        0xd7, 0xae, 0xd7, 0xae, 0xd7, 0xae, 0xd7, 0xae, 0xd7, 0xae, 0xd7, 0xae, 0xd7, 0xae, 0xd7, 0xae, 0xd7, 0xae, 0xd7, 0xae,
        0xd7, 0xae, 0xd7, 0xae, 0xd7, 0xae, 0xd7, 0xae, 0xd7, 0xae, 0xd7, 0xae, 0xd7, 0xae, 0xd7, 0xae, 0xd7, 0xae, 0xd7, 0xae,
        0xd7, 0xae, 0xd7, 0xae, 0xd7, 0xae, 0xd7, 0xae, 0xd7, 0xae, 0xd7, 0xae, 0xd7, 0xae, 0xd7, 0xae, 0x38, 0xaf, 0xd0, 0x74,
        0x00, 0x00, 0x00, 0x00, 0x00, 0x00, 0x00, 0x00, 0x00, 0x00, 0x00, 0x00, 0x00, 0x00, 0x00, 0x00, 0x00, 0x00, 0x86, 0x29,
        0xec, 0x52, 0x4f, 0x53, 0x9b, 0x45, 0x9b, 0x3d, 0x3a, 0x3d, 0x8c, 0x3a, 0x4a, 0x42, 0x6b, 0x42, 0x8c, 0x4a, 0x8c, 0x42,
        0xf8, 0x44, 0x5f, 0x3e, 0x3e, 0x36, 0x7f, 0x36, 0xf8, 0x44, 0x29, 0x42, 0x6a, 0x42, 0x6a, 0x4a, 0x6b, 0x4a, 0x8b, 0x4a,
        0x8b, 0x4a, 0x8b, 0x4a, 0xe9, 0x39, 0xa8, 0x29, 0xa8, 0x29, 0x87, 0x29, 0xe5, 0x10, 0xc4, 0x10, 0xa4, 0x10, 0x83, 0x08,
        0x00, 0x00, 0x00, 0x00, 0x00, 0x00, 0x20, 0x00, 0xc4, 0x10, 0xe4, 0x10, 0xc4, 0x10, 0xe5, 0x10, 0x67, 0x29, 0xa8, 0x29,
        0xc8, 0x29, 0xe9, 0x31, 0x8b, 0x4a, 0x8b, 0x4a, 0x6b, 0x4a, 0x6b, 0x42, 0x6a, 0x42, 0x6a, 0x42, 0x6a, 0x42, 0x6a, 0x42,
        0x09, 0x3a, 0xa8, 0x29, 0xa8, 0x29, 0x87, 0x29, 0x46, 0x19, 0x26, 0x19, 0x26, 0x19, 0x05, 0x19, 0x00, 0x00, 0x00, 0x00,
        0x00, 0x00, 0x65, 0x21, 0x52, 0x85, 0x32, 0x85, 0x31, 0x85, 0x32, 0x85, 0x52, 0x8d, 0x52, 0x8d, 0x52, 0x8d, 0x72, 0x8d,
        0x52, 0x8d, 0x52, 0x85, 0x32, 0x85, 0x32, 0x85, 0x32, 0x85, 0x32, 0x85, 0x73, 0x8d, 0xb7, 0xa6, 0xb7, 0xa6, 0xb7, 0xa6,
        0x18, 0xb7, 0x59, 0xbf, 0x59, 0xbf, 0x59, 0xbf, 0x59, 0xbf, 0x39, 0xbf, 0x39, 0xb7, 0x39, 0xb7, 0x39, 0xb7, 0x39, 0xb7,
        0x39, 0xb7, 0x39, 0xb7, 0x39, 0xb7, 0x39, 0xb7, 0x39, 0xb7, 0x39, 0xb7, 0x39, 0xbf, 0x39, 0xbf, 0x39, 0xbf, 0x39, 0xb7,
        0x39, 0xb7, 0x39, 0xb7, 0x38, 0xb7, 0x38, 0xb7, 0x38, 0xb7, 0x38, 0xb7, 0x39, 0xb7, 0xbb, 0xc7, 0x2e, 0x6c, 0x00, 0x00,
        0x20, 0x00, 0x00, 0x00, 0x87, 0x29, 0x2a, 0x3a, 0x09, 0x3a, 0xa8, 0x29, 0x87, 0x29, 0xa8, 0x29, 0x09, 0x3a, 0xcc, 0x52,
        0xab, 0x4a, 0xab, 0x4a, 0xab, 0x52, 0xab, 0x4a, 0xab, 0x4a, 0x6a, 0x42, 0x09, 0x3a, 0x09, 0x3a, 0xc8, 0x31, 0x05, 0x19,
        0x26, 0x19, 0x47, 0x19, 0x83, 0x08, 0x00, 0x00, 0x00, 0x00, 0x00, 0x00, 0x04, 0x19, 0x26, 0x19, 0x05, 0x19, 0x26, 0x19,
        0x29, 0x3a, 0x6a, 0x4a, 0x8b, 0x4a, 0xab, 0x4a, 0xec, 0x52, 0xcc, 0x52, 0xcc, 0x52, 0xab, 0x4a, 0xab, 0x4a, 0x8a, 0x4a,
        0xac, 0x42, 0xdc, 0x35, 0x1e, 0x36, 0x1e, 0x3e, 0xb8, 0x34, 0x74, 0x2b, 0xb5, 0x2b, 0x93, 0x33, 0x6a, 0x4a, 0x8b, 0x4a,
        0x8b, 0x4a, 0xac, 0x52, 0xac, 0x52, 0x8b, 0x4a, 0x09, 0x3a, 0x09, 0x3a, 0x2a, 0x3a, 0x46, 0x21, 0x00, 0x00, 0x00, 0x00,
        0x00, 0x00, 0x00, 0x00, 0x20, 0x00, 0x73, 0x8d, 0xf8, 0xb6, 0xb7, 0xae, 0xb7, 0xae, 0xd7, 0xae, 0x39, 0xb7, 0x39, 0xb7,
        0x39, 0xb7, 0x18, 0xb7, 0xd7, 0xa6, 0xd7, 0xa6, 0xd7, 0xae, 0xd7, 0xae, 0xd7, 0xae, 0xd7, 0xae, 0xd7, 0xae, 0xd7, 0xae,
        0xd7, 0xae, 0xd7, 0xae, 0xd7, 0xae, 0xd7, 0xae, 0xd7, 0xae, 0xd7, 0xae, 0xd7, 0xae, 0xd7, 0xae, 0xd7, 0xae, 0xd7, 0xae,
        0xd7, 0xae, 0xd7, 0xae, 0xd7, 0xae, 0xd7, 0xae, 0xd7, 0xae, 0xd7, 0xae, 0xd7, 0xae, 0xd7, 0xae, 0xd7, 0xae, 0xd7, 0xae,
        0xd7, 0xae, 0xd7, 0xae, 0xd7, 0xae, 0xd7, 0xae, 0xd7, 0xae, 0xd7, 0xae, 0xd7, 0xae, 0xd7, 0xae, 0xd7, 0xae, 0xd7, 0xae,
        0xd7, 0xae, 0xd7, 0xae, 0xd7, 0xae, 0xd7, 0xae, 0xd7, 0xae, 0xd7, 0xae, 0xd7, 0xae, 0xd7, 0xae, 0xd7, 0xae, 0xd7, 0xae,
        0xd7, 0xae, 0xd7, 0xae, 0xd7, 0xae, 0xd7, 0xae, 0xd7, 0xae, 0xd7, 0xae, 0xd7, 0xae, 0xd7, 0xae, 0xd7, 0xae, 0xd7, 0xae,
        0xd7, 0xae, 0xd7, 0xae, 0xd7, 0xae, 0xd7, 0xae, 0xd7, 0xae, 0xd7, 0xae, 0xd7, 0xae, 0xd7, 0xae, 0xd7, 0xae, 0xd7, 0xae,
        0xd7, 0xae, 0xd7, 0xae, 0xd7, 0xae, 0xd7, 0xae, 0xd7, 0xae, 0xd7, 0xae, 0xd7, 0xae, 0xd7, 0xae, 0xd7, 0xae, 0xd7, 0xae,
        0xd7, 0xae, 0xd7, 0xae, 0xd7, 0xae, 0xd7, 0xae, 0xd7, 0xae, 0xd7, 0xae, 0xd7, 0xae, 0xd7, 0xae, 0xd7, 0xae, 0xd7, 0xae,
        0xd7, 0xae, 0xd7, 0xae, 0xd7, 0xae, 0xd7, 0xae, 0xd7, 0xae, 0xd7, 0xae, 0xd7, 0xae, 0xd7, 0xae, 0xd7, 0xae, 0xd7, 0xae,
        0xd7, 0xae, 0xd7, 0xae, 0xd7, 0xae, 0xd7, 0xae, 0xd7, 0xae, 0xd7, 0xae, 0xd7, 0xae, 0xd7, 0xae, 0xd7, 0xae, 0xd7, 0xae,
        0xd7, 0xae, 0xd7, 0xae, 0xd7, 0xae, 0xd7, 0xae, 0xd7, 0xae, 0xd7, 0xae, 0xd7, 0xae, 0xd7, 0xae, 0xd7, 0xae, 0xd7, 0xae,
        0xd7, 0xae, 0xd7, 0xae, 0xd7, 0xae, 0xd7, 0xae, 0xd7, 0xae, 0xd7, 0xae, 0xd7, 0xa6, 0xb7, 0xa6, 0x17, 0xaf, 0xd0, 0x74,
        0x00, 0x00, 0x20, 0x00, 0x00, 0x00, 0x20, 0x00, 0x00, 0x00, 0x41, 0x00, 0x45, 0x21, 0x86, 0x29, 0xa7, 0x31, 0x6a, 0x42,
        0xcc, 0x52, 0xed, 0x4a, 0x91, 0x43, 0x50, 0x3b, 0xf3, 0x3b, 0x7a, 0x45, 0x5a, 0x45, 0x7a, 0x45, 0x9b, 0x45, 0xdb, 0x3d,
        0x13, 0x3c, 0xed, 0x42, 0x2e, 0x43, 0x4f, 0x43, 0x0d, 0x43, 0x6a, 0x42, 0x6b, 0x4a, 0x8b, 0x4a, 0x29, 0x3a, 0xa8, 0x29,
        0xa8, 0x29, 0xc8, 0x29, 0xe4, 0x18, 0x61, 0x08, 0x62, 0x08, 0x62, 0x08, 0x41, 0x08, 0x21, 0x08, 0x20, 0x00, 0x20, 0x00,
        0x00, 0x00, 0x00, 0x00, 0x00, 0x00, 0x00, 0x00, 0x20, 0x00, 0x20, 0x00, 0x20, 0x00, 0x21, 0x00, 0x05, 0x19, 0x26, 0x19,
        0x46, 0x21, 0x67, 0x21, 0x2a, 0x3a, 0x4a, 0x42, 0x2a, 0x3a, 0x2a, 0x3a, 0x6a, 0x42, 0x6a, 0x42, 0x6a, 0x42, 0x6a, 0x42,
        0x2a, 0x3a, 0x09, 0x3a, 0xe9, 0x31, 0xa8, 0x29, 0x26, 0x19, 0x26, 0x19, 0x26, 0x19, 0x05, 0x19, 0x00, 0x00, 0x00, 0x00,
        0x20, 0x00, 0x20, 0x00, 0x00, 0x00, 0x00, 0x00, 0x00, 0x00, 0x00, 0x00, 0x00, 0x00, 0x00, 0x00, 0x00, 0x00, 0x00, 0x00,
        0x00, 0x00, 0x00, 0x00, 0x00, 0x00, 0x00, 0x00, 0x00, 0x00, 0x00, 0x00, 0x03, 0x19, 0x97, 0xae, 0xd7, 0xae, 0xf8, 0xae,
        0x11, 0x85, 0xed, 0x63, 0x0e, 0x64, 0xed, 0x63, 0xed, 0x63, 0xed, 0x63, 0xed, 0x63, 0xed, 0x63, 0xed, 0x63, 0xcd, 0x63,
        0xcd, 0x63, 0xcd, 0x63, 0xcd, 0x63, 0xcd, 0x63, 0xed, 0x63, 0xed, 0x63, 0xed, 0x63, 0xed, 0x63, 0xed, 0x63, 0xed, 0x63,
        0xcd, 0x63, 0xcd, 0x63, 0xcd, 0x5b, 0xcd, 0x5b, 0xcd, 0x5b, 0xed, 0x63, 0xed, 0x63, 0x4f, 0x74, 0x68, 0x3a, 0x00, 0x00,
        0x20, 0x00, 0x00, 0x00, 0xa7, 0x31, 0x4a, 0x42, 0x29, 0x3a, 0x09, 0x3a, 0x09, 0x3a, 0x29, 0x3a, 0x4a, 0x42, 0xab, 0x4a,
        0xab, 0x4a, 0x8b, 0x4a, 0x6a, 0x42, 0x6a, 0x42, 0x6a, 0x42, 0xe9, 0x31, 0x47, 0x21, 0x67, 0x21, 0x25, 0x19, 0x41, 0x00,
        0x41, 0x08, 0x62, 0x08, 0x21, 0x00, 0x00, 0x00, 0x00, 0x00, 0x00, 0x00, 0x20, 0x00, 0x20, 0x00, 0x20, 0x00, 0x21, 0x00,
        0x26, 0x19, 0x67, 0x21, 0x67, 0x21, 0xc8, 0x31, 0xab, 0x52, 0xab, 0x4a, 0x8b, 0x4a, 0xab, 0x4a, 0xab, 0x4a, 0x8b, 0x4a,
        0x8b, 0x4a, 0x0e, 0x43, 0x2f, 0x4b, 0x0e, 0x4b, 0x76, 0x3c, 0xdc, 0x3d, 0xdc, 0x3d, 0xdc, 0x3d, 0x39, 0x45, 0x39, 0x45,
        0xf7, 0x54, 0xed, 0x52, 0xac, 0x52, 0xcc, 0x52, 0xab, 0x52, 0xcc, 0x52, 0xcc, 0x52, 0x6a, 0x4a, 0x08, 0x3a, 0x09, 0x3a,
        0xc8, 0x31, 0xc4, 0x10, 0xc4, 0x10, 0x44, 0x19, 0x44, 0x21, 0x24, 0x19, 0x23, 0x19, 0x85, 0x21, 0xc9, 0x42, 0x4b, 0x53,
        0x6b, 0x53, 0x4e, 0x6c, 0xd7, 0xae, 0xd7, 0xa6, 0xd7, 0xae, 0xd7, 0xae, 0xd7, 0xae, 0xd7, 0xae, 0xd7, 0xae, 0xd7, 0xae,
        0xd7, 0xae, 0xd7, 0xae, 0xd7, 0xae, 0xd7, 0xae, 0xd7, 0xae, 0xd7, 0xae, 0xd7, 0xae, 0xd7, 0xae, 0xd7, 0xae, 0xd7, 0xae,
        0xd7, 0xae, 0xd7, 0xae, 0xd7, 0xae, 0xd7, 0xae, 0xd7, 0xae, 0xd7, 0xae, 0xd7, 0xae, 0xd7, 0xae, 0xd7, 0xae, 0xd7, 0xae,
        0xd7, 0xae, 0xd7, 0xae, 0xd7, 0xae, 0xd7, 0xae, 0xd7, 0xae, 0xd7, 0xae, 0xd7, 0xae, 0xd7, 0xae, 0xd7, 0xae, 0xd7, 0xae,
        0xd7, 0xae, 0xd7, 0xae, 0xd7, 0xae, 0xd7, 0xae, 0xd7, 0xae, 0xd7, 0xae, 0xd7, 0xae, 0xd7, 0xae, 0xd7, 0xae, 0xd7, 0xae,
        0xd7, 0xae, 0xd7, 0xae, 0xd7, 0xae, 0xd7, 0xae, 0xd7, 0xae, 0xd7, 0xae, 0xd7, 0xae, 0xd7, 0xae, 0xd7, 0xae, 0xd7, 0xae,
        0xd7, 0xae, 0xd7, 0xae, 0xd7, 0xae, 0xd7, 0xae, 0xd7, 0xae, 0xd7, 0xae, 0xd7, 0xae, 0xd7, 0xae, 0xd7, 0xae, 0xd7, 0xae,
        0xd7, 0xae, 0xd7, 0xae, 0xd7, 0xae, 0xd7, 0xae, 0xd7, 0xae, 0xd7, 0xae, 0xd7, 0xae, 0xd7, 0xae, 0xd7, 0xae, 0xd7, 0xae,
        0xd7, 0xae, 0xd7, 0xae, 0xd7, 0xae, 0xd7, 0xae, 0xd7, 0xae, 0xd7, 0xae, 0xd7, 0xae, 0xd7, 0xae, 0xd7, 0xae, 0xd7, 0xae,
        0xd7, 0xae, 0xd7, 0xae, 0xd7, 0xae, 0xd7, 0xae, 0xd7, 0xae, 0xd7, 0xae, 0xd7, 0xae, 0xd7, 0xae, 0xd7, 0xae, 0xd7, 0xae,
        0xd7, 0xae, 0xd7, 0xae, 0xd7, 0xae, 0xd7, 0xae, 0xd7, 0xae, 0xd7, 0xae, 0xd7, 0xae, 0xd7, 0xae, 0xd7, 0xae, 0xd7, 0xae,
        0xd7, 0xae, 0xd7, 0xae, 0xd7, 0xae, 0xd7, 0xae, 0xd7, 0xae, 0xd7, 0xae, 0xd7, 0xae, 0xd7, 0xae, 0xd7, 0xae, 0xd7, 0xae,
        0xd7, 0xae, 0xf8, 0xae, 0x39, 0xb7, 0x39, 0xbf, 0x39, 0xbf, 0x38, 0xb7, 0x18, 0xb7, 0xf8, 0xae, 0x39, 0xb7, 0xd1, 0x7c,
        0x00, 0x00, 0x00, 0x00, 0x00, 0x00, 0x00, 0x00, 0x00, 0x00, 0x41, 0x08, 0x29, 0x3a, 0x6a, 0x42, 0x8a, 0x4a, 0xab, 0x4a,
        0xcc, 0x4a, 0xab, 0x4a, 0x6a, 0x42, 0x08, 0x42, 0x4f, 0x3b, 0x7f, 0x3e, 0x5f, 0x3e, 0x5f, 0x46, 0x7f, 0x46, 0x9f, 0x3e,
        0xd1, 0x3b, 0x08, 0x42, 0x29, 0x42, 0x29, 0x42, 0x49, 0x42, 0x6a, 0x42, 0x6a, 0x42, 0x8b, 0x4a, 0x09, 0x3a, 0x67, 0x21,
        0x67, 0x21, 0x67, 0x21, 0x83, 0x10, 0x00, 0x00, 0x20, 0x00, 0x20, 0x00, 0x20, 0x08, 0x20, 0x08, 0x00, 0x00, 0x00, 0x00,
        0x00, 0x00, 0x00, 0x00, 0x00, 0x00, 0x00, 0x00, 0x00, 0x00, 0x00, 0x00, 0x00, 0x00, 0x00, 0x00, 0xe4, 0x10, 0x26, 0x19,
        0x26, 0x19, 0x46, 0x19, 0xe9, 0x39, 0x09, 0x3a, 0x09, 0x3a, 0x09, 0x3a, 0x6a, 0x42, 0x6b, 0x4a, 0x6a, 0x42, 0x6a, 0x42,
        0x4a, 0x42, 0x29, 0x3a, 0x29, 0x3a, 0xc8, 0x31, 0x26, 0x19, 0x26, 0x19, 0x26, 0x19, 0xe5, 0x18, 0x00, 0x00, 0x00, 0x00,
        0x00, 0x00, 0x20, 0x00, 0x20, 0x00, 0x20, 0x00, 0x20, 0x00, 0x00, 0x00, 0x00, 0x00, 0x00, 0x00, 0x00, 0x00, 0x00, 0x00,
        0x00, 0x00, 0x00, 0x00, 0x00, 0x00, 0x00, 0x00, 0x00, 0x00, 0x00, 0x00, 0x03, 0x19, 0x97, 0xa6, 0xd8, 0xae, 0x39, 0xb7,
        0x88, 0x42, 0x00, 0x00, 0x00, 0x00, 0x00, 0x00, 0x00, 0x00, 0x00, 0x00, 0x00, 0x00, 0x00, 0x00, 0x00, 0x00, 0x00, 0x00,
        0x00, 0x00, 0x00, 0x00, 0x00, 0x00, 0x00, 0x00, 0x00, 0x00, 0x00, 0x00, 0x00, 0x00, 0x00, 0x00, 0x00, 0x00, 0x00, 0x00,
        0x00, 0x00, 0x00, 0x00, 0x00, 0x00, 0x00, 0x00, 0x00, 0x00, 0x00, 0x00, 0x00, 0x00, 0x00, 0x00, 0x00, 0x00, 0x00, 0x08,
        0x00, 0x08, 0x20, 0x00, 0xc8, 0x31, 0x6a, 0x42, 0x2a, 0x3a, 0x4a, 0x3a, 0x4a, 0x3a, 0x4a, 0x42, 0x6a, 0x42, 0x8b, 0x4a,
        0x8b, 0x4a, 0x8b, 0x4a, 0x4a, 0x42, 0x4a, 0x42, 0x4a, 0x42, 0xc8, 0x31, 0x46, 0x19, 0x46, 0x19, 0xe5, 0x10, 0x00, 0x00,
        0x00, 0x00, 0x00, 0x00, 0x00, 0x00, 0x00, 0x00, 0x00, 0x00, 0x00, 0x00, 0x00, 0x00, 0x00, 0x00, 0x00, 0x00, 0x00, 0x00,
        0x05, 0x19, 0x47, 0x21, 0x26, 0x19, 0xa8, 0x29, 0xab, 0x4a, 0x8b, 0x4a, 0x8b, 0x4a, 0x8b, 0x4a, 0xab, 0x4a, 0x8b, 0x4a,
        0x8b, 0x4a, 0x6a, 0x4a, 0x8a, 0x4a, 0x6a, 0x4a, 0xd7, 0x44, 0xbf, 0x46, 0x7f, 0x46, 0x7f, 0x3e, 0x7f, 0x3e, 0x7f, 0x3e,
        0x3e, 0x4e, 0x2f, 0x53, 0xcc, 0x52, 0xec, 0x52, 0xec, 0x52, 0xec, 0x52, 0xec, 0x52, 0xac, 0x52, 0x8b, 0x4a, 0x8b, 0x4a,
        0x4a, 0x42, 0x26, 0x19, 0x26, 0x19, 0x41, 0x00, 0x00, 0x00, 0x00, 0x00, 0x00, 0x00, 0x00, 0x00, 0x00, 0x00, 0x00, 0x00,
        0x00, 0x00, 0x85, 0x21, 0xf8, 0xae, 0xd7, 0xae, 0xd7, 0xae, 0xd7, 0xae, 0xd7, 0xae, 0xd7, 0xae, 0xd7, 0xae, 0xd7, 0xae,
        0xd7, 0xae, 0xd7, 0xae, 0xd7, 0xae, 0xd7, 0xae, 0xd7, 0xae, 0xd7, 0xae, 0xd7, 0xae, 0xd7, 0xae, 0xd7, 0xae, 0xd7, 0xae,
        0xd7, 0xae, 0xd7, 0xae, 0xd7, 0xae, 0xd7, 0xae, 0xd7, 0xae, 0xd7, 0xae, 0xd7, 0xae, 0xd7, 0xae, 0xd7, 0xae, 0xd7, 0xae,
        0xd7, 0xae, 0xd7, 0xae, 0xd7, 0xae, 0xd7, 0xae, 0xd7, 0xae, 0xd7, 0xae, 0xd7, 0xae, 0xd7, 0xae, 0xd7, 0xae, 0xd7, 0xae,
        0xd7, 0xae, 0xd7, 0xae, 0xd7, 0xae, 0xd7, 0xae, 0xd7, 0xae, 0xd7, 0xae, 0xd7, 0xae, 0xd7, 0xae, 0xd7, 0xae, 0xd7, 0xae,
        0xd7, 0xae, 0xd7, 0xae, 0xd7, 0xae, 0xd7, 0xae, 0xd7, 0xae, 0xd7, 0xae, 0xd7, 0xae, 0xd7, 0xae, 0xd7, 0xae, 0xd7, 0xae,
        0xd7, 0xae, 0xd7, 0xae, 0xd7, 0xae, 0xd7, 0xae, 0xd7, 0xae, 0xd7, 0xae, 0xd7, 0xae, 0xd7, 0xae, 0xd7, 0xae, 0xd7, 0xae,
        0xd7, 0xae, 0xd7, 0xae, 0xd7, 0xae, 0xd7, 0xae, 0xd7, 0xae, 0xd7, 0xae, 0xd7, 0xae, 0xd7, 0xae, 0xd7, 0xae, 0xd7, 0xae,
        0xd7, 0xae, 0xd7, 0xae, 0xd7, 0xae, 0xd7, 0xae, 0xd7, 0xae, 0xd7, 0xae, 0xd7, 0xae, 0xd7, 0xae, 0xd7, 0xae, 0xd7, 0xae,
        0xd7, 0xae, 0xd7, 0xae, 0xd7, 0xae, 0xd7, 0xae, 0xd7, 0xae, 0xd7, 0xae, 0xd7, 0xae, 0xd7, 0xae, 0xd7, 0xae, 0xd7, 0xae,
        0xd7, 0xae, 0xd7, 0xae, 0xd7, 0xae, 0xd7, 0xae, 0xd7, 0xae, 0xd7, 0xae, 0xd7, 0xae, 0xd7, 0xae, 0xd7, 0xae, 0xd7, 0xae,
        0xd7, 0xae, 0xd7, 0xae, 0xd7, 0xae, 0xd7, 0xae, 0xd7, 0xae, 0xd7, 0xae, 0xd7, 0xae, 0xd7, 0xae, 0xd7, 0xae, 0xd7, 0xa6,
        0xf7, 0xae, 0xaf, 0x74, 0xa9, 0x42, 0xc9, 0x42, 0xc9, 0x42, 0xc9, 0x42, 0xc9, 0x42, 0xa9, 0x42, 0xa9, 0x42, 0x07, 0x32,
        0x25, 0x21, 0x24, 0x21, 0x25, 0x21, 0x24, 0x21, 0x04, 0x19, 0x04, 0x21, 0x71, 0x43, 0x35, 0x44, 0x35, 0x4c, 0x70, 0x4b,
        0xab, 0x4a, 0xab, 0x4a, 0x8b, 0x42, 0x29, 0x42, 0x70, 0x3b, 0x5f, 0x3e, 0x3e, 0x46, 0x7f, 0x4e, 0x9f, 0x46, 0xbf, 0x46,
        0x13, 0x3c, 0x29, 0x42, 0x6a, 0x42, 0x4a, 0x42, 0x4a, 0x42, 0x6a, 0x42, 0x6a, 0x42, 0x8b, 0x4a, 0xe9, 0x39, 0x67, 0x21,
        0x67, 0x21, 0x87, 0x21, 0xa3, 0x10, 0x00, 0x00, 0x20, 0x00, 0x20, 0x00, 0x00, 0x00, 0x00, 0x00, 0x00, 0x00, 0x00, 0x00,
        0x00, 0x00, 0x00, 0x00, 0x20, 0x00, 0x20, 0x00, 0x20, 0x00, 0x00, 0x00, 0x00, 0x00, 0x00, 0x00, 0x05, 0x19, 0x46, 0x21,
        0x26, 0x19, 0x46, 0x19, 0xe8, 0x31, 0x09, 0x3a, 0x09, 0x3a, 0x09, 0x3a, 0x6a, 0x42, 0x8b, 0x4a, 0x6b, 0x42, 0x8b, 0x4a,
        0x6a, 0x42, 0x29, 0x3a, 0x29, 0x3a, 0xe8, 0x31, 0x26, 0x19, 0x26, 0x19, 0x26, 0x19, 0xe5, 0x18, 0x00, 0x00, 0x00, 0x00,
        0x00, 0x00, 0x00, 0x00, 0x00, 0x00, 0x00, 0x00, 0x00, 0x00, 0x00, 0x00, 0x00, 0x00, 0x00, 0x00, 0x00, 0x00, 0x00, 0x00,
        0x00, 0x00, 0x00, 0x00, 0x00, 0x00, 0x00, 0x00, 0x00, 0x00, 0x00, 0x00, 0xa2, 0x10, 0x97, 0xa6, 0xd7, 0xae, 0x38, 0xb7,
        0x68, 0x3a, 0x00, 0x00, 0x00, 0x00, 0x00, 0x00, 0x00, 0x00, 0x00, 0x00, 0x00, 0x00, 0x00, 0x00, 0x00, 0x00, 0x00, 0x00,
        0x00, 0x00, 0x00, 0x00, 0x00, 0x00, 0x00, 0x00, 0x00, 0x00, 0x00, 0x00, 0x00, 0x00, 0x00, 0x00, 0x00, 0x00, 0x00, 0x00,
        0x00, 0x00, 0x00, 0x00, 0x00, 0x00, 0x00, 0x00, 0x00, 0x00, 0x00, 0x00, 0x00, 0x00, 0x00, 0x00, 0x20, 0x08, 0x20, 0x08,
        0x20, 0x00, 0x20, 0x00, 0xc8, 0x31, 0x6b, 0x42, 0x4a, 0x42, 0x4a, 0x42, 0x4a, 0x42, 0x4a, 0x42, 0x6a, 0x42, 0x8b, 0x4a,
        0x8b, 0x4a, 0x8a, 0x4a, 0x6a, 0x42, 0x6a, 0x42, 0x6a, 0x42, 0xe9, 0x31, 0x67, 0x21, 0x67, 0x21, 0x05, 0x19, 0x00, 0x00,
        0x00, 0x00, 0x00, 0x00, 0x00, 0x00, 0x00, 0x00, 0x00, 0x00, 0x00, 0x00, 0x00, 0x00, 0x00, 0x00, 0x00, 0x00, 0x00, 0x08,
        0x26, 0x19, 0x67, 0x21, 0x26, 0x19, 0xa8, 0x29, 0x8b, 0x4a, 0x8b, 0x4a, 0x8b, 0x4a, 0x8b, 0x4a, 0x8b, 0x4a, 0xab, 0x4a,
        0xab, 0x4a, 0xab, 0x4a, 0xcc, 0x52, 0x8b, 0x52, 0x18, 0x55, 0xff, 0x4e, 0x9f, 0x46, 0x7f, 0x46, 0x5f, 0x46, 0x5f, 0x46,
        0x1e, 0x46, 0x4f, 0x53, 0xec, 0x5a, 0xed, 0x5a, 0xed, 0x5a, 0xec, 0x52, 0xcc, 0x52, 0xac, 0x52, 0x6b, 0x4a, 0x8b, 0x4a,
        0x4a, 0x42, 0x06, 0x11, 0x05, 0x11, 0x21, 0x00, 0x00, 0x00, 0x00, 0x00, 0x00, 0x00, 0x00, 0x00, 0x00, 0x00, 0x00, 0x00,
        0x00, 0x00, 0xc6, 0x29, 0x59, 0xbf, 0x39, 0xbf, 0x59, 0xbf, 0xf8, 0xb6, 0xd7, 0xae, 0xd7, 0xae, 0xd7, 0xae, 0xd7, 0xae,
        0xd7, 0xae, 0xd7, 0xae, 0xd7, 0xae, 0xd7, 0xae, 0xd7, 0xae, 0xd7, 0xae, 0xd7, 0xae, 0xd7, 0xae, 0xd7, 0xae, 0xd7, 0xae,
        0xd7, 0xae, 0xd7, 0xae, 0xd7, 0xae, 0xd7, 0xae, 0xd7, 0xae, 0xd7, 0xae, 0xd7, 0xae, 0xd7, 0xae, 0xd7, 0xae, 0xd7, 0xae,
        0xd7, 0xae, 0xd7, 0xae, 0xd7, 0xae, 0xd7, 0xae, 0xd7, 0xae, 0xd7, 0xae, 0xd7, 0xae, 0xd7, 0xae, 0xd7, 0xae, 0xd7, 0xae,
        0xd7, 0xae, 0xd7, 0xae, 0xd7, 0xae, 0xd7, 0xae, 0xd7, 0xae, 0xd7, 0xae, 0xd7, 0xae, 0xd7, 0xae, 0xd7, 0xae, 0xd7, 0xae,
        0xd7, 0xae, 0xd7, 0xae, 0xd7, 0xae, 0xd7, 0xae, 0xd7, 0xae, 0xd7, 0xae, 0xd7, 0xae, 0xd7, 0xae, 0xd7, 0xae, 0xd7, 0xae,
        0xd7, 0xae, 0xd7, 0xae, 0xd7, 0xae, 0xd7, 0xae, 0xd7, 0xae, 0xd7, 0xae, 0xd7, 0xae, 0xd7, 0xae, 0xd7, 0xae, 0xd7, 0xae,
        0xd7, 0xae, 0xd7, 0xae, 0xd7, 0xae, 0xd7, 0xae, 0xd7, 0xae, 0xd7, 0xae, 0xd7, 0xae, 0xd7, 0xae, 0xd7, 0xae, 0xd7, 0xae,
        0xd7, 0xae, 0xd7, 0xae, 0xd7, 0xae, 0xd7, 0xae, 0xd7, 0xae, 0xd7, 0xae, 0xd7, 0xae, 0xd7, 0xae, 0xd7, 0xae, 0xd7, 0xae,
        0xd7, 0xae, 0xd7, 0xae, 0xd7, 0xae, 0xd7, 0xae, 0xd7, 0xae, 0xd7, 0xae, 0xd7, 0xae, 0xd7, 0xae, 0xd7, 0xae, 0xd7, 0xae,
        0xd7, 0xae, 0xd7, 0xae, 0xd7, 0xae, 0xd7, 0xae, 0xd7, 0xae, 0xd7, 0xae, 0xd7, 0xae, 0xd7, 0xae, 0xd7, 0xae, 0xd7, 0xae,
        0xd7, 0xae, 0xd7, 0xae, 0xd7, 0xae, 0xd7, 0xae, 0xd7, 0xae, 0xd7, 0xae, 0xd7, 0xae, 0xd7, 0xae, 0xd7, 0xae, 0xd7, 0xa6,
        0x18, 0xaf, 0x0a, 0x4b, 0x00, 0x00, 0x00, 0x00, 0x00, 0x00, 0x00, 0x00, 0x00, 0x00, 0x00, 0x00, 0x00, 0x00, 0x82, 0x10,
        0xab, 0x4a, 0xab, 0x4a, 0xac, 0x4a, 0xab, 0x4a, 0x8b, 0x4a, 0x4a, 0x42, 0xf9, 0x44, 0x3f, 0x3e, 0x3f, 0x46, 0x77, 0x44,
        0x6a, 0x4a, 0x8b, 0x4a, 0x4a, 0x42, 0xe8, 0x41, 0x70, 0x43, 0x7f, 0x3e, 0x5f, 0x3e, 0xdc, 0x4d, 0x79, 0x4d, 0xda, 0x45,
        0xd2, 0x43, 0x4a, 0x42, 0x6a, 0x42, 0x6a, 0x42, 0x4a, 0x42, 0x09, 0x3a, 0x09, 0x3a, 0x29, 0x3a, 0x66, 0x29, 0xc4, 0x10,
        0xc4, 0x10, 0xe5, 0x18, 0x62, 0x08, 0x00, 0x00, 0x20, 0x00, 0x21, 0x08, 0x83, 0x20, 0x82, 0x20, 0x82, 0x18, 0xa3, 0x20,
        0x46, 0x39, 0x66, 0x41, 0x87, 0x49, 0x46, 0x41, 0x41, 0x08, 0x21, 0x00, 0x20, 0x00, 0x20, 0x00, 0xc3, 0x10, 0xe4, 0x10,
        0xc4, 0x10, 0xc4, 0x10, 0xa8, 0x29, 0xa8, 0x31, 0xa8, 0x29, 0xc8, 0x31, 0x4a, 0x42, 0x6a, 0x42, 0x6a, 0x42, 0x6a, 0x42,
        0x2a, 0x3a, 0xe9, 0x31, 0xe9, 0x31, 0xc8, 0x29, 0x46, 0x19, 0x26, 0x19, 0x26, 0x19, 0x05, 0x19, 0x41, 0x08, 0x41, 0x08,
        0x62, 0x08, 0x83, 0x10, 0xa3, 0x10, 0xa2, 0x10, 0xa3, 0x10, 0xe3, 0x18, 0xe4, 0x18, 0x8a, 0x52, 0xeb, 0x5a, 0xcb, 0x5a,
        0xcb, 0x5a, 0xcb, 0x5a, 0xeb, 0x5a, 0xeb, 0x5a, 0x0b, 0x63, 0xeb, 0x62, 0x8d, 0x6b, 0x77, 0xae, 0x97, 0xae, 0xb7, 0xae,
        0x2f, 0x74, 0xa9, 0x52, 0xaa, 0x52, 0xaa, 0x52, 0xaa, 0x52, 0xaa, 0x52, 0xaa, 0x52, 0xaa, 0x52, 0xca, 0x52, 0xca, 0x5a,
        0xca, 0x5a, 0xca, 0x5a, 0xaa, 0x52, 0x8a, 0x52, 0xa7, 0x31, 0xa7, 0x31, 0x45, 0x29, 0xc3, 0x18, 0xc3, 0x18, 0xc3, 0x10,
        0xc3, 0x10, 0xc3, 0x10, 0xa3, 0x10, 0xa3, 0x10, 0xc3, 0x10, 0x82, 0x10, 0x82, 0x08, 0xa2, 0x10, 0x61, 0x08, 0x20, 0x00,
        0x20, 0x00, 0x20, 0x00, 0xe8, 0x31, 0x8b, 0x42, 0x4a, 0x42, 0x4a, 0x42, 0x4a, 0x42, 0x4a, 0x42, 0x4a, 0x42, 0x6a, 0x42,
        0x6a, 0x42, 0x4a, 0x42, 0xe8, 0x31, 0xe9, 0x31, 0x09, 0x3a, 0x87, 0x29, 0xe5, 0x10, 0xe5, 0x10, 0xa3, 0x10, 0x00, 0x00,
        0x00, 0x00, 0x00, 0x00, 0x41, 0x08, 0x82, 0x18, 0x82, 0x18, 0xa2, 0x18, 0xa3, 0x20, 0xa3, 0x20, 0xa3, 0x20, 0x62, 0x10,
        0x83, 0x08, 0xa3, 0x08, 0x82, 0x08, 0xe5, 0x18, 0xc8, 0x31, 0xa8, 0x31, 0xa8, 0x29, 0x2a, 0x42, 0x6b, 0x4a, 0x8b, 0x4a,
        0xab, 0x4a, 0x0d, 0x5b, 0x0d, 0x5b, 0xec, 0x5a, 0x74, 0x54, 0x99, 0x4d, 0x59, 0x4d, 0x7a, 0x4d, 0x5e, 0x46, 0x7f, 0x46,
        0x5e, 0x46, 0x4f, 0x4b, 0xac, 0x52, 0xcc, 0x52, 0xcc, 0x52, 0xcc, 0x52, 0xcc, 0x52, 0xac, 0x52, 0x8b, 0x4a, 0x8b, 0x4a,
        0x6b, 0x4a, 0xa8, 0x29, 0xa7, 0x29, 0x05, 0x21, 0xe4, 0x18, 0xc3, 0x18, 0xc3, 0x10, 0xc3, 0x10, 0xc3, 0x18, 0xe4, 0x18,
        0xe4, 0x18, 0x65, 0x21, 0x4b, 0x4b, 0x4b, 0x53, 0x6c, 0x5b, 0x56, 0xa6, 0xf8, 0xb6, 0xd7, 0xae, 0xd7, 0xae, 0xd7, 0xae,
        0xd7, 0xae, 0xd7, 0xae, 0xd7, 0xae, 0xd7, 0xae, 0xd7, 0xae, 0xd7, 0xae, 0xd7, 0xae, 0xd7, 0xae, 0xd7, 0xae, 0xd7, 0xae,
        0xd7, 0xae, 0xd7, 0xae, 0xd7, 0xae, 0xd7, 0xae, 0xd7, 0xae, 0xd7, 0xae, 0xd7, 0xae, 0xd7, 0xae, 0xd7, 0xae, 0xd7, 0xae,
        0xd7, 0xae, 0xd7, 0xae, 0xd7, 0xae, 0xd7, 0xae, 0xd7, 0xae, 0xd7, 0xae, 0xd7, 0xae, 0xd7, 0xae, 0xd7, 0xae, 0xd7, 0xae,
        0xd7, 0xae, 0xd7, 0xae, 0xd7, 0xae, 0xd7, 0xae, 0xd7, 0xae, 0xd7, 0xae, 0xd7, 0xae, 0xd7, 0xae, 0xd7, 0xae, 0xd7, 0xae,
        0xd7, 0xae, 0xd7, 0xae, 0xd7, 0xae, 0xd7, 0xae, 0xd7, 0xae, 0xd7, 0xae, 0xd7, 0xae, 0xd7, 0xae, 0xd7, 0xae, 0xd7, 0xae,
        0xd7, 0xae, 0xd7, 0xae, 0xd7, 0xae, 0xd7, 0xae, 0xd7, 0xae, 0xd7, 0xae, 0xd7, 0xae, 0xd7, 0xae, 0xd7, 0xae, 0xd7, 0xae,
        0xd7, 0xae, 0xd7, 0xae, 0xd7, 0xae, 0xd7, 0xae, 0xd7, 0xae, 0xd7, 0xae, 0xd7, 0xae, 0xd7, 0xae, 0xd7, 0xae, 0xd7, 0xae,
        0xd7, 0xae, 0xd7, 0xae, 0xd7, 0xae, 0xd7, 0xae, 0xd7, 0xae, 0xd7, 0xae, 0xd7, 0xae, 0xd7, 0xae, 0xd7, 0xae, 0xd7, 0xae,
        0xd7, 0xae, 0xd7, 0xae, 0xd7, 0xae, 0xd7, 0xae, 0xd7, 0xae, 0xd7, 0xae, 0xd7, 0xae, 0xd7, 0xae, 0xd7, 0xae, 0xd7, 0xae,
        0xd7, 0xae, 0xd7, 0xae, 0xd7, 0xae, 0xd7, 0xae, 0xd7, 0xae, 0xd7, 0xae, 0xd7, 0xae, 0xd7, 0xae, 0xd7, 0xae, 0xd7, 0xae,
        0xd7, 0xae, 0xd7, 0xae, 0xd7, 0xae, 0xd7, 0xae, 0xd7, 0xae, 0xd7, 0xae, 0xd7, 0xae, 0xd7, 0xae, 0xd7, 0xae, 0xd7, 0xa6,
        0xf8, 0xae, 0x2a, 0x4b, 0x00, 0x00, 0x00, 0x00, 0x00, 0x00, 0x20, 0x00, 0x00, 0x00, 0x00, 0x00, 0x00, 0x00, 0xa2, 0x10,
        0x6b, 0x42, 0x6b, 0x42, 0x8b, 0x4a, 0x8b, 0x4a, 0x8a, 0x4a, 0x4a, 0x42, 0x98, 0x34, 0x3d, 0x2d, 0x3c, 0x2d, 0x5c, 0x35,
        0x5a, 0x45, 0x5a, 0x45, 0x39, 0x45, 0x18, 0x45, 0x7b, 0x45, 0x5f, 0x3e, 0x9f, 0x3e, 0xf3, 0x4b, 0x4a, 0x4a, 0x8b, 0x4a,
        0xab, 0x4a, 0x8b, 0x4a, 0x8b, 0x4a, 0x8b, 0x4a, 0x09, 0x3a, 0x46, 0x21, 0x46, 0x21, 0x66, 0x21, 0x82, 0x08, 0x00, 0x00,
        0x00, 0x00, 0x00, 0x00, 0x00, 0x00, 0x00, 0x00, 0x00, 0x00, 0x41, 0x08, 0xc8, 0x59, 0xe9, 0x61, 0xc8, 0x59, 0xc8, 0x59,
        0xc8, 0x59, 0xc8, 0x59, 0xe9, 0x61, 0xc8, 0x59, 0x62, 0x10, 0x41, 0x08, 0x20, 0x00, 0x20, 0x00, 0x00, 0x00, 0x00, 0x00,
        0x00, 0x00, 0x20, 0x00, 0x26, 0x19, 0x46, 0x19, 0x26, 0x19, 0x46, 0x21, 0x09, 0x3a, 0x4a, 0x42, 0x4a, 0x42, 0x4a, 0x42,
        0xc8, 0x31, 0x67, 0x21, 0x67, 0x21, 0x67, 0x21, 0x46, 0x19, 0x26, 0x19, 0x26, 0x19, 0x26, 0x19, 0x26, 0x19, 0x46, 0x19,
        0x26, 0x19, 0xa7, 0x29, 0x09, 0x3a, 0xe8, 0x31, 0xe9, 0x31, 0xab, 0x4a, 0xcc, 0x52, 0x3b, 0xef, 0xdd, 0xff, 0xdd, 0xff,
        0xdd, 0xff, 0xdd, 0xff, 0xfe, 0xff, 0xfe, 0xff, 0xfe, 0xff, 0xfe, 0xff, 0xbd, 0xff, 0x58, 0xbe, 0x17, 0xb6, 0xf7, 0xb5,
        0x1a, 0xe7, 0xdd, 0xff, 0xdd, 0xff, 0xde, 0xff, 0xde, 0xff, 0xdd, 0xff, 0xdd, 0xff, 0xdc, 0xff, 0xdc, 0xff, 0xdc, 0xff,
        0xdc, 0xff, 0xdd, 0xff, 0xdd, 0xff, 0x9c, 0xf7, 0xf4, 0x9c, 0xb3, 0x9c, 0xd0, 0x7b, 0x6a, 0x42, 0x8b, 0x42, 0x8b, 0x42,
        0x8a, 0x42, 0x6a, 0x42, 0x6a, 0x42, 0x6a, 0x42, 0x8a, 0x4a, 0xe8, 0x31, 0x87, 0x29, 0xc8, 0x31, 0xe4, 0x18, 0x00, 0x00,
        0x00, 0x00, 0x20, 0x00, 0x08, 0x3a, 0x8b, 0x4a, 0x6a, 0x42, 0x6a, 0x42, 0x4a, 0x42, 0x4a, 0x42, 0x4a, 0x42, 0x4a, 0x42,
        0x4a, 0x3a, 0x09, 0x3a, 0x26, 0x19, 0x26, 0x19, 0x67, 0x21, 0xe5, 0x10, 0x20, 0x00, 0x00, 0x00, 0x00, 0x00, 0x00, 0x00,
        0x00, 0x00, 0x00, 0x00, 0xe4, 0x30, 0x87, 0x51, 0xa7, 0x51, 0xa8, 0x51, 0xc8, 0x59, 0xc8, 0x59, 0xc8, 0x59, 0x05, 0x31,
        0x00, 0x00, 0x00, 0x00, 0x00, 0x00, 0x42, 0x08, 0x05, 0x11, 0x05, 0x11, 0x05, 0x19, 0xe9, 0x31, 0x2a, 0x42, 0x2a, 0x3a,
        0xac, 0x4a, 0x32, 0x7c, 0x32, 0x7c, 0x52, 0x7c, 0x2e, 0x5b, 0x4a, 0x42, 0x4a, 0x4a, 0x8c, 0x4a, 0xfd, 0x45, 0x7f, 0x46,
        0x3e, 0x46, 0x0e, 0x3b, 0x2a, 0x42, 0x4a, 0x42, 0xab, 0x4a, 0x8b, 0x4a, 0x8b, 0x4a, 0x8b, 0x4a, 0xab, 0x4a, 0xab, 0x52,
        0xcc, 0x52, 0xcc, 0x52, 0xec, 0x52, 0xcc, 0x52, 0xac, 0x4a, 0xab, 0x4a, 0x6b, 0x42, 0x6a, 0x42, 0x6b, 0x4a, 0xab, 0x4a,
        0xcc, 0x52, 0xa7, 0x31, 0x00, 0x00, 0x00, 0x00, 0x00, 0x00, 0xd4, 0x95, 0x19, 0xb7, 0xd7, 0xae, 0xd7, 0xae, 0xd7, 0xae,
        0xd7, 0xae, 0xd7, 0xae, 0xd7, 0xae, 0xd7, 0xae, 0xd7, 0xae, 0xd7, 0xae, 0xd7, 0xae, 0xd7, 0xae, 0xd7, 0xae, 0xd7, 0xae,
        0xd7, 0xae, 0xd7, 0xae, 0xd7, 0xae, 0xd7, 0xae, 0xd7, 0xae, 0xd7, 0xae, 0xd7, 0xae, 0xd7, 0xae, 0xd7, 0xae, 0xd7, 0xae,
        0xd7, 0xae, 0xd7, 0xae, 0xd7, 0xae, 0xd7, 0xae, 0xd7, 0xae, 0xd7, 0xae, 0xd7, 0xae, 0xd7, 0xae, 0xd7, 0xae, 0xd7, 0xae,
        0xd7, 0xae, 0xd7, 0xae, 0xd7, 0xae, 0xd7, 0xae, 0xd7, 0xae, 0xd7, 0xae, 0xd7, 0xae, 0xd7, 0xae, 0xd7, 0xae, 0xd7, 0xae,
        0xd7, 0xae, 0xd7, 0xae, 0xd7, 0xae, 0xd7, 0xae, 0xd7, 0xae, 0xd7, 0xae, 0xd7, 0xae, 0xd7, 0xae, 0xd7, 0xae, 0xd7, 0xae,
        0xd7, 0xae, 0xd7, 0xae, 0xd7, 0xae, 0xd7, 0xae, 0xd7, 0xae, 0xd7, 0xae, 0xd7, 0xae, 0xd7, 0xae, 0xd7, 0xae, 0xd7, 0xae,
        0xd7, 0xae, 0xd7, 0xae, 0xd7, 0xae, 0xd7, 0xae, 0xd7, 0xae, 0xd7, 0xae, 0xd7, 0xae, 0xd7, 0xae, 0xd7, 0xae, 0xd7, 0xae,
        0xd7, 0xae, 0xd7, 0xae, 0xd7, 0xae, 0xd7, 0xae, 0xd7, 0xae, 0xd7, 0xae, 0xd7, 0xae, 0xd7, 0xae, 0xd7, 0xae, 0xd7, 0xae,
        0xd7, 0xae, 0xd7, 0xae, 0xd7, 0xae, 0xd7, 0xae, 0xd7, 0xae, 0xd7, 0xae, 0xd7, 0xae, 0xd7, 0xae, 0xd7, 0xae, 0xd7, 0xae,
        0xd7, 0xae, 0xd7, 0xae, 0xd7, 0xae, 0xd7, 0xae, 0xd7, 0xae, 0xd7, 0xae, 0xd7, 0xae, 0xd7, 0xae, 0xd7, 0xae, 0xd7, 0xae,
        0xd7, 0xae, 0xd7, 0xae, 0xd7, 0xae, 0xd7, 0xae, 0xd7, 0xae, 0xd7, 0xae, 0xf7, 0xae, 0xd8, 0xae, 0xf8, 0xb6, 0xf8, 0xae,
        0x19, 0xb7, 0xea, 0x4a, 0x00, 0x00, 0x20, 0x00, 0x20, 0x00, 0x21, 0x00, 0x41, 0x08, 0x21, 0x08, 0x20, 0x00, 0xc3, 0x10,
        0x6b, 0x42, 0x6a, 0x42, 0x8b, 0x4a, 0x8b, 0x4a, 0x8b, 0x4a, 0x6b, 0x4a, 0x77, 0x34, 0xfb, 0x24, 0xba, 0x24, 0x7c, 0x2d,
        0x7f, 0x36, 0x7f, 0x36, 0x7f, 0x3e, 0x7f, 0x3e, 0x5f, 0x36, 0x3e, 0x36, 0x7f, 0x3e, 0xf2, 0x43, 0x6a, 0x4a, 0x8b, 0x4a,
        0x8b, 0x4a, 0x8b, 0x4a, 0x8b, 0x4a, 0xab, 0x4a, 0x2a, 0x3a, 0x47, 0x21, 0x46, 0x21, 0x66, 0x21, 0x82, 0x08, 0x00, 0x00,
        0x00, 0x00, 0x00, 0x00, 0x00, 0x00, 0x00, 0x00, 0x00, 0x00, 0x21, 0x08, 0xa8, 0x51, 0xe9, 0x61, 0xc8, 0x59, 0xc8, 0x59,
        0xc8, 0x59, 0xc8, 0x59, 0xe9, 0x61, 0xc8, 0x51, 0x82, 0x10, 0x41, 0x08, 0x21, 0x00, 0x20, 0x00, 0x00, 0x00, 0x00, 0x00,
        0x00, 0x00, 0x20, 0x00, 0x46, 0x19, 0x46, 0x21, 0x46, 0x21, 0x46, 0x21, 0x09, 0x3a, 0x2a, 0x42, 0x29, 0x3a, 0x29, 0x3a,
        0xc8, 0x29, 0x47, 0x21, 0x67, 0x21, 0x47, 0x21, 0x46, 0x19, 0x46, 0x19, 0x46, 0x19, 0x46, 0x19, 0x46, 0x19, 0x46, 0x19,
        0x26, 0x19, 0x87, 0x29, 0xc8, 0x31, 0xc8, 0x31, 0xc8, 0x31, 0x8b, 0x4a, 0xcc, 0x52, 0xfa, 0xe6, 0x9b, 0xff, 0x7b, 0xff,
        0x9b, 0xff, 0x9c, 0xff, 0x9c, 0xff, 0xbd, 0xff, 0xbd, 0xff, 0xbd, 0xff, 0x7c, 0xf7, 0x38, 0xc6, 0x18, 0xbe, 0xf7, 0xb5,
        0xd9, 0xde, 0x9b, 0xff, 0x9c, 0xff, 0x9c, 0xff, 0x9c, 0xff, 0xbc, 0xff, 0x9c, 0xff, 0x9c, 0xff, 0x9b, 0xff, 0x9b, 0xff,
        0x9b, 0xff, 0x7b, 0xf7, 0x7b, 0xf7, 0x3a, 0xef, 0x92, 0x94, 0x32, 0x8c, 0x6e, 0x6b, 0x2a, 0x3a, 0x6a, 0x42, 0x6a, 0x42,
        0x6a, 0x42, 0x6b, 0x4a, 0x6a, 0x4a, 0x8b, 0x4a, 0x8b, 0x4a, 0xe9, 0x31, 0x87, 0x29, 0x87, 0x29, 0xc3, 0x10, 0x00, 0x00,
        0x00, 0x00, 0x00, 0x00, 0xe8, 0x39, 0x8b, 0x4a, 0x6a, 0x42, 0x6a, 0x42, 0x6a, 0x42, 0x6a, 0x42, 0x4a, 0x42, 0x4a, 0x42,
        0x4a, 0x42, 0x09, 0x3a, 0x26, 0x19, 0x26, 0x19, 0x46, 0x21, 0xc4, 0x10, 0x00, 0x00, 0x20, 0x00, 0x20, 0x08, 0x00, 0x00,
        0x00, 0x00, 0x00, 0x00, 0x05, 0x31, 0xa8, 0x51, 0xa7, 0x51, 0xa8, 0x51, 0xa8, 0x51, 0xc8, 0x51, 0xc8, 0x59, 0x04, 0x31,
        0x00, 0x00, 0x00, 0x00, 0x00, 0x00, 0x62, 0x08, 0x05, 0x19, 0x05, 0x19, 0x26, 0x19, 0x09, 0x3a, 0x4a, 0x42, 0x4a, 0x42,
        0xcd, 0x52, 0x52, 0x7c, 0x32, 0x7c, 0x32, 0x7c, 0x0d, 0x5b, 0x4a, 0x42, 0x6a, 0x42, 0xac, 0x4a, 0xdd, 0x45, 0x5f, 0x3e,
        0x1e, 0x46, 0xee, 0x3a, 0x09, 0x3a, 0x4a, 0x3a, 0x8b, 0x4a, 0x8b, 0x4a, 0x8b, 0x4a, 0xab, 0x4a, 0xcc, 0x52, 0xcc, 0x52,
        0xcc, 0x52, 0xcc, 0x52, 0xcc, 0x52, 0xab, 0x4a, 0xab, 0x4a, 0xab, 0x4a, 0x6b, 0x42, 0x6a, 0x42, 0x6b, 0x42, 0x8b, 0x4a,
        0xac, 0x4a, 0xa7, 0x31, 0x00, 0x00, 0x00, 0x00, 0x40, 0x00, 0xb4, 0x95, 0xf8, 0xb6, 0xd7, 0xae, 0xd7, 0xae, 0xd7, 0xae,
        0xd7, 0xae, 0xd7, 0xae, 0xd7, 0xae, 0xd7, 0xae, 0xd7, 0xae, 0xd7, 0xae, 0xf7, 0xae, 0xf7, 0xae, 0xd7, 0xae, 0xd7, 0xae,
        0xd7, 0xae, 0xd7, 0xae, 0xd7, 0xae, 0xd7, 0xae, 0xd7, 0xae, 0xd7, 0xae, 0xd7, 0xae, 0xd7, 0xae, 0xd7, 0xae, 0xd7, 0xae,
        0xd7, 0xae, 0xd7, 0xae, 0xd7, 0xae, 0xd7, 0xae, 0xd7, 0xae, 0xd7, 0xae, 0xd7, 0xae, 0xd7, 0xae, 0xd7, 0xae, 0xd7, 0xae,
        0xd7, 0xae, 0xd7, 0xae, 0xd7, 0xae, 0xd7, 0xae, 0xd7, 0xae, 0xd7, 0xae, 0xd7, 0xae, 0xd7, 0xae, 0xd7, 0xae, 0xd7, 0xae,
        0xd7, 0xae, 0xd7, 0xae, 0xd7, 0xae, 0xd7, 0xae, 0xd7, 0xae, 0xd7, 0xae, 0xd7, 0xae, 0xd7, 0xae, 0xd7, 0xae, 0xd7, 0xae,
        0xd7, 0xae, 0xd7, 0xae, 0xd7, 0xae, 0xd7, 0xae, 0xd7, 0xae, 0xd7, 0xae, 0xd7, 0xae, 0xd7, 0xae, 0xd7, 0xae, 0xd7, 0xae,
        0xd7, 0xae, 0xd7, 0xae, 0xd7, 0xae, 0xd7, 0xae, 0xd7, 0xae, 0xd7, 0xae, 0xd7, 0xae, 0xd7, 0xae, 0xd7, 0xae, 0xd7, 0xae,
        0xd7, 0xae, 0xd7, 0xae, 0xd7, 0xae, 0xd7, 0xae, 0xd7, 0xae, 0xd7, 0xae, 0xd7, 0xae, 0xd7, 0xae, 0xd7, 0xae, 0xd7, 0xae,
        0xd7, 0xae, 0xd7, 0xae, 0xd7, 0xae, 0xd7, 0xae, 0xd7, 0xae, 0xd7, 0xae, 0xd7, 0xae, 0xd7, 0xae, 0xd7, 0xae, 0xd7, 0xae,
        0xd7, 0xae, 0xd7, 0xae, 0xd7, 0xae, 0xd7, 0xae, 0xd7, 0xae, 0xd7, 0xae, 0xd7, 0xae, 0xd7, 0xae, 0xd7, 0xae, 0xd7, 0xae,
        0xd7, 0xae, 0xd7, 0xae, 0xd7, 0xae, 0xd7, 0xae, 0xd7, 0xae, 0xd7, 0xae, 0xd8, 0xae, 0x18, 0xb7, 0x8c, 0x5b, 0xe6, 0x31,
        0x07, 0x32, 0xe3, 0x10, 0xc8, 0x31, 0x29, 0x42, 0x09, 0x3a, 0x29, 0x3a, 0x29, 0x3a, 0x29, 0x3a, 0x29, 0x3a, 0x29, 0x3a,
        0x6a, 0x42, 0x6a, 0x42, 0x8b, 0x4a, 0x8b, 0x4a, 0x8b, 0x4a, 0x8b, 0x4a, 0x77, 0x3c, 0x1b, 0x2d, 0xba, 0x24, 0x9d, 0x2d,
        0x7f, 0x36, 0x5f, 0x3e, 0x5f, 0x3e, 0x5f, 0x46, 0x5f, 0x3e, 0x5f, 0x36, 0x9f, 0x36, 0xd2, 0x43, 0x49, 0x4a, 0x8b, 0x4a,
        0x8b, 0x4a, 0xac, 0x4a, 0xac, 0x52, 0xcc, 0x52, 0x4a, 0x42, 0x67, 0x21, 0x67, 0x21, 0x67, 0x29, 0xa3, 0x10, 0x00, 0x00,
        0x00, 0x00, 0x00, 0x00, 0x00, 0x00, 0x00, 0x00, 0x00, 0x00, 0x00, 0x00, 0x88, 0x51, 0xc8, 0x59, 0xc8, 0x59, 0xc8, 0x59,
        0xc8, 0x59, 0xc8, 0x59, 0xe9, 0x61, 0xc8, 0x51, 0x62, 0x10, 0x41, 0x00, 0x20, 0x00, 0x20, 0x00, 0x00, 0x00, 0x00, 0x00,
        0x00, 0x00, 0x20, 0x00, 0x46, 0x21, 0x67, 0x21, 0x67, 0x21, 0x67, 0x21, 0x2a, 0x3a, 0x4a, 0x42, 0x4a, 0x42, 0x4a, 0x42,
        0xc8, 0x29, 0x46, 0x19, 0x46, 0x19, 0x26, 0x19, 0x26, 0x19, 0x26, 0x19, 0x26, 0x19, 0x46, 0x19, 0x26, 0x19, 0x26, 0x19,
        0x05, 0x19, 0x67, 0x21, 0xc8, 0x31, 0xc8, 0x31, 0xe9, 0x31, 0xab, 0x4a, 0xec, 0x5a, 0x5b, 0xef, 0xfd, 0xff, 0xbc, 0xff,
        0x9b, 0xff, 0x9b, 0xf7, 0x9c, 0xf7, 0x9c, 0xff, 0xbc, 0xff, 0xbd, 0xff, 0x9c, 0xf7, 0x38, 0xc6, 0x18, 0xbe, 0xf7, 0xb5,
        0xfa, 0xde, 0x9b, 0xff, 0x9b, 0xff, 0x9c, 0xff, 0x9c, 0xff, 0xbc, 0xff, 0x9c, 0xff, 0x9c, 0xff, 0x9c, 0xff, 0x9b, 0xff,
        0x9b, 0xf7, 0x9b, 0xff, 0xdc, 0xff, 0x5b, 0xf7, 0x92, 0x94, 0x52, 0x8c, 0x6f, 0x6b, 0x2a, 0x3a, 0x6a, 0x42, 0x6a, 0x42,
        0x8b, 0x4a, 0x8b, 0x4a, 0x8b, 0x4a, 0x8b, 0x4a, 0x8b, 0x4a, 0xe9, 0x31, 0x87, 0x29, 0x87, 0x29, 0xa3, 0x10, 0x00, 0x00,
        0x00, 0x00, 0x00, 0x00, 0xc8, 0x31, 0x8b, 0x4a, 0x6a, 0x42, 0x6a, 0x42, 0x6a, 0x42, 0x6a, 0x42, 0x6a, 0x42, 0x6a, 0x42,
        0x4a, 0x42, 0x29, 0x3a, 0x26, 0x19, 0x05, 0x19, 0x26, 0x19, 0xc4, 0x10, 0x00, 0x00, 0x20, 0x00, 0x20, 0x00, 0x00, 0x00,
        0x00, 0x00, 0x00, 0x00, 0x25, 0x39, 0xc8, 0x59, 0xa8, 0x51, 0xa8, 0x51, 0xa8, 0x51, 0xa8, 0x51, 0xc8, 0x51, 0xe4, 0x30,
        0x00, 0x00, 0x00, 0x00, 0x00, 0x00, 0x42, 0x00, 0x26, 0x19, 0x26, 0x19, 0x47, 0x21, 0x2a, 0x3a, 0x6b, 0x42, 0x4a, 0x42,
        0xed, 0x52, 0x32, 0x7c, 0x12, 0x74, 0x12, 0x74, 0xed, 0x52, 0x2a, 0x42, 0x49, 0x42, 0x8b, 0x4a, 0xdd, 0x3d, 0x3f, 0x36,
        0xfd, 0x3d, 0x8c, 0x3a, 0xa7, 0x39, 0xe8, 0x39, 0x09, 0x42, 0x29, 0x42, 0x4a, 0x4a, 0x6a, 0x4a, 0xab, 0x52, 0xab, 0x52,
        0x8b, 0x52, 0xab, 0x52, 0xac, 0x4a, 0xab, 0x4a, 0xab, 0x4a, 0xac, 0x4a, 0x8b, 0x4a, 0x6b, 0x42, 0x8b, 0x4a, 0x8b, 0x4a,
        0xac, 0x52, 0xa7, 0x31, 0x00, 0x00, 0x00, 0x00, 0x20, 0x00, 0xf5, 0x9d, 0x5a, 0xbf, 0x39, 0xb7, 0x18, 0xb7, 0xd7, 0xa6,
        0xd7, 0xa6, 0xd7, 0xae, 0xd7, 0xae, 0xd7, 0xae, 0xd7, 0xae, 0xd7, 0xae, 0xf7, 0xae, 0xd7, 0xae, 0xd7, 0xae, 0xd7, 0xae,
        0xd7, 0xae, 0xd7, 0xae, 0xd7, 0xae, 0xd7, 0xae, 0xd7, 0xae, 0xd7, 0xae, 0xd7, 0xae, 0xd7, 0xae, 0xd7, 0xae, 0xd7, 0xae,
        0xd7, 0xae, 0xd7, 0xae, 0xd7, 0xae, 0xd7, 0xae, 0xd7, 0xae, 0xd7, 0xae, 0xd7, 0xae, 0xd7, 0xae, 0xd7, 0xae, 0xd7, 0xae,
        0xd7, 0xae, 0xd7, 0xae, 0xd7, 0xae, 0xd7, 0xae, 0xd7, 0xae, 0xd7, 0xae, 0xd7, 0xae, 0xd7, 0xae, 0xd7, 0xae, 0xd7, 0xae,
        0xd7, 0xae, 0xd7, 0xae, 0xd7, 0xae, 0xd7, 0xae, 0xd7, 0xae, 0xd7, 0xae, 0xd7, 0xae, 0xd7, 0xae, 0xd7, 0xae, 0xd7, 0xae,
        0xd7, 0xae, 0xd7, 0xae, 0xd7, 0xae, 0xd7, 0xae, 0xd7, 0xae, 0xd7, 0xae, 0xd7, 0xae, 0xd7, 0xae, 0xd7, 0xae, 0xd7, 0xae,
        0xd7, 0xae, 0xd7, 0xae, 0xd7, 0xae, 0xd7, 0xae, 0xd7, 0xae, 0xd7, 0xae, 0xd7, 0xae, 0xd7, 0xae, 0xd7, 0xae, 0xd7, 0xae,
        0xd7, 0xae, 0xd7, 0xae, 0xd7, 0xae, 0xd7, 0xae, 0xd7, 0xae, 0xd7, 0xae, 0xd7, 0xae, 0xd7, 0xae, 0xd7, 0xae, 0xd7, 0xae,
        0xd7, 0xae, 0xd7, 0xae, 0xd7, 0xae, 0xd7, 0xae, 0xd7, 0xae, 0xd7, 0xae, 0xd7, 0xae, 0xd7, 0xae, 0xd7, 0xae, 0xd7, 0xae,
        0xd7, 0xae, 0xd7, 0xae, 0xd7, 0xae, 0xd7, 0xae, 0xd7, 0xae, 0xd7, 0xae, 0xd7, 0xae, 0xd7, 0xae, 0xd7, 0xae, 0xd7, 0xae,
        0xd7, 0xae, 0xd7, 0xae, 0xd7, 0xae, 0xd7, 0xae, 0xd7, 0xae, 0xd7, 0xae, 0xd8, 0xae, 0x39, 0xb7, 0x07, 0x32, 0x00, 0x00,
        0x00, 0x00, 0x21, 0x00, 0x6a, 0x42, 0x8b, 0x4a, 0x8b, 0x42, 0x8b, 0x42, 0x8b, 0x4a, 0x8b, 0x42, 0x8b, 0x42, 0x6b, 0x42,
        0x6a, 0x42, 0x6b, 0x42, 0x8b, 0x4a, 0x8b, 0x4a, 0x8b, 0x4a, 0x8b, 0x4a, 0xd3, 0x3b, 0x15, 0x34, 0xd4, 0x33, 0xd7, 0x3c,
        0xdb, 0x45, 0xbb, 0x45, 0xbb, 0x4d, 0xbb, 0x4d, 0x9a, 0x45, 0x18, 0x3d, 0xd7, 0x44, 0x2e, 0x43, 0x29, 0x42, 0x6a, 0x42,
        0x6a, 0x42, 0x09, 0x3a, 0x09, 0x3a, 0x2a, 0x3a, 0x09, 0x32, 0x25, 0x19, 0xc3, 0x10, 0xc3, 0x10, 0x41, 0x08, 0x00, 0x00,
        0x00, 0x00, 0x00, 0x00, 0xa3, 0x20, 0xc3, 0x28, 0xc3, 0x28, 0xe4, 0x30, 0x87, 0x51, 0xa8, 0x59, 0xa8, 0x59, 0xa8, 0x59,
        0xa8, 0x59, 0xc8, 0x59, 0xc8, 0x59, 0xa8, 0x51, 0x46, 0x39, 0x46, 0x39, 0x25, 0x39, 0x25, 0x31, 0x41, 0x08, 0x00, 0x00,
        0x00, 0x00, 0x20, 0x00, 0x46, 0x19, 0x67, 0x21, 0x67, 0x21, 0x87, 0x21, 0xc8, 0x31, 0xe9, 0x31, 0xe9, 0x31, 0xe8, 0x31,
        0xa8, 0x29, 0xa8, 0x29, 0xa8, 0x29, 0xa8, 0x29, 0xe8, 0x31, 0x09, 0x32, 0x09, 0x3a, 0x09, 0x3a, 0x09, 0x3a, 0x09, 0x32,
        0xe8, 0x31, 0x09, 0x32, 0x29, 0x3a, 0x2a, 0x3a, 0x6a, 0x42, 0xcc, 0x52, 0xcc, 0x52, 0x92, 0x94, 0xd3, 0x94, 0x34, 0xa5,
        0x7b, 0xf7, 0x9b, 0xff, 0x9c, 0xff, 0x9c, 0xff, 0x9c, 0xff, 0xbc, 0xff, 0x9c, 0xff, 0x1b, 0xe7, 0x1b, 0xe7, 0xfa, 0xde,
        0x5b, 0xef, 0x9c, 0xff, 0x9c, 0xff, 0x9c, 0xff, 0x9c, 0xff, 0x9c, 0xff, 0x9c, 0xff, 0x9c, 0xff, 0x9c, 0xff, 0x9c, 0xff,
        0xbc, 0xff, 0x98, 0xd6, 0x51, 0x84, 0x51, 0x84, 0x4e, 0x63, 0x2e, 0x63, 0xcc, 0x52, 0x4a, 0x42, 0x6a, 0x42, 0x6a, 0x42,
        0x8b, 0x4a, 0x8b, 0x4a, 0x8b, 0x4a, 0x8b, 0x4a, 0x8b, 0x4a, 0x4a, 0x42, 0x09, 0x3a, 0x09, 0x3a, 0x86, 0x29, 0x04, 0x21,
        0x04, 0x21, 0x04, 0x21, 0x09, 0x3a, 0x8b, 0x4a, 0xab, 0x4a, 0x8b, 0x4a, 0x6a, 0x42, 0x6a, 0x42, 0x2a, 0x3a, 0xe9, 0x31,
        0xe9, 0x31, 0xc8, 0x31, 0xe5, 0x10, 0xc4, 0x10, 0xc4, 0x10, 0x82, 0x08, 0x00, 0x00, 0x00, 0x00, 0x41, 0x08, 0xe4, 0x30,
        0xe4, 0x28, 0xe4, 0x28, 0x87, 0x49, 0xc8, 0x59, 0xa8, 0x51, 0xa8, 0x51, 0xa7, 0x51, 0xa7, 0x51, 0xa7, 0x51, 0x46, 0x41,
        0xe3, 0x30, 0xe4, 0x30, 0xe4, 0x38, 0x82, 0x18, 0x62, 0x08, 0x82, 0x08, 0xa3, 0x10, 0xa8, 0x29, 0x09, 0x3a, 0xe9, 0x31,
        0x6b, 0x42, 0x2e, 0x5b, 0x0d, 0x5b, 0x0d, 0x5b, 0x8b, 0x4a, 0x4a, 0x42, 0x4a, 0x42, 0xac, 0x4a, 0xdd, 0x3d, 0x1e, 0x36,
        0xfe, 0x35, 0x55, 0x3c, 0xb2, 0x43, 0xf3, 0x43, 0x14, 0x44, 0x34, 0x44, 0x55, 0x44, 0x55, 0x44, 0x56, 0x44, 0x76, 0x44,
        0x55, 0x3c, 0xcd, 0x4a, 0xab, 0x4a, 0xac, 0x52, 0xab, 0x4a, 0xab, 0x4a, 0x8b, 0x4a, 0x8b, 0x4a, 0x8b, 0x4a, 0x8b, 0x4a,
        0xac, 0x4a, 0x09, 0x3a, 0x04, 0x19, 0x05, 0x19, 0x04, 0x19, 0x2b, 0x53, 0xad, 0x5b, 0x8c, 0x5b, 0xed, 0x63, 0x96, 0xa6,
        0xd7, 0xae, 0xd7, 0xae, 0xd7, 0xae, 0xd7, 0xae, 0xd7, 0xae, 0xd7, 0xae, 0xd7, 0xae, 0xd7, 0xae, 0xd7, 0xae, 0xf7, 0xae,
        0xd7, 0xae, 0xd7, 0xae, 0xd7, 0xae, 0xd7, 0xae, 0xd7, 0xae, 0xd7, 0xae, 0xd7, 0xae, 0xd7, 0xae, 0xd7, 0xae, 0xd7, 0xae,
        0xd7, 0xae, 0xd7, 0xae, 0xd7, 0xae, 0xd7, 0xae, 0xd7, 0xae, 0xd7, 0xae, 0xd7, 0xae, 0xd7, 0xae, 0xd7, 0xae, 0xd7, 0xae,
        0xd7, 0xae, 0xd7, 0xae, 0xd7, 0xae, 0xd7, 0xae, 0xd7, 0xae, 0xd7, 0xae, 0xd7, 0xae, 0xd7, 0xae, 0xd7, 0xae, 0xd7, 0xae,
        0xd7, 0xae, 0xd7, 0xae, 0xd7, 0xae, 0xd7, 0xae, 0xd7, 0xae, 0xd7, 0xae, 0xd7, 0xae, 0xd7, 0xae, 0xd7, 0xae, 0xd7, 0xae,
        0xd7, 0xae, 0xd7, 0xae, 0xd7, 0xae, 0xd7, 0xae, 0xd7, 0xae, 0xd7, 0xae, 0xd7, 0xae, 0xd7, 0xae, 0xd7, 0xae, 0xd7, 0xae,
        0xd7, 0xae, 0xd7, 0xae, 0xd7, 0xae, 0xd7, 0xae, 0xd7, 0xae, 0xd7, 0xae, 0xd7, 0xae, 0xd7, 0xae, 0xd7, 0xae, 0xd7, 0xae,
        0xd7, 0xae, 0xd7, 0xae, 0xd7, 0xae, 0xd7, 0xae, 0xd7, 0xae, 0xd7, 0xae, 0xd7, 0xae, 0xd7, 0xae, 0xd7, 0xae, 0xd7, 0xae,
        0xd7, 0xae, 0xd7, 0xae, 0xd7, 0xae, 0xd7, 0xae, 0xd7, 0xae, 0xd7, 0xae, 0xd7, 0xae, 0xd7, 0xae, 0xd7, 0xae, 0xd7, 0xae,
        0xd7, 0xae, 0xd7, 0xae, 0xd7, 0xae, 0xd7, 0xae, 0xd7, 0xae, 0xd7, 0xae, 0xd7, 0xae, 0xd7, 0xae, 0xd7, 0xae, 0xd7, 0xae,
        0xd7, 0xae, 0xd7, 0xae, 0xd7, 0xae, 0xd7, 0xa6, 0xd7, 0xa6, 0xf7, 0xae, 0xf8, 0xae, 0x19, 0xb7, 0x27, 0x32, 0x00, 0x00,
        0x20, 0x00, 0x41, 0x08, 0x6a, 0x42, 0xab, 0x4a, 0x8b, 0x4a, 0x6b, 0x4a, 0x6a, 0x42, 0x6b, 0x42, 0x6a, 0x42, 0x6a, 0x42,
        0x6b, 0x42, 0x8a, 0x42, 0x8b, 0x4a, 0x8b, 0x4a, 0x8b, 0x4a, 0x8b, 0x4a, 0x8b, 0x4a, 0x8b, 0x4a, 0x6a, 0x4a, 0xab, 0x4a,
        0xcc, 0x52, 0xcc, 0x4a, 0xcc, 0x4a, 0xac, 0x4a, 0x8b, 0x4a, 0x4a, 0x42, 0x29, 0x42, 0x49, 0x42, 0x4a, 0x42, 0x6a, 0x42,
        0x4a, 0x42, 0x67, 0x21, 0x87, 0x21, 0x88, 0x21, 0xa8, 0x29, 0xc3, 0x10, 0x00, 0x00, 0x00, 0x00, 0x00, 0x00, 0x00, 0x00,
        0x00, 0x00, 0x00, 0x00, 0x67, 0x49, 0xc8, 0x59, 0xc8, 0x59, 0xc8, 0x61, 0xa8, 0x59, 0xa8, 0x59, 0xa8, 0x59, 0xa8, 0x59,
        0xa8, 0x59, 0xa7, 0x51, 0x87, 0x51, 0x87, 0x51, 0xa7, 0x51, 0xa8, 0x51, 0xc8, 0x51, 0xc8, 0x51, 0x62, 0x10, 0x00, 0x00,
        0x00, 0x00, 0x20, 0x00, 0x26, 0x19, 0x47, 0x21, 0x67, 0x21, 0x67, 0x21, 0x67, 0x21, 0x67, 0x21, 0x67, 0x21, 0x67, 0x21,
        0x87, 0x21, 0x29, 0x3a, 0x09, 0x3a, 0x09, 0x3a, 0x8b, 0x4a, 0xab, 0x4a, 0xab, 0x4a, 0xab, 0x4a, 0xab, 0x4a, 0xab, 0x4a,
        0x8b, 0x4a, 0x8a, 0x42, 0x6a, 0x42, 0x8b, 0x4a, 0xac, 0x4a, 0xcc, 0x52, 0xcc, 0x52, 0x6b, 0x42, 0x2a, 0x3a, 0xec, 0x5a,
        0x5b, 0xf7, 0x9b, 0xff, 0x9b, 0xff, 0x9c, 0xff, 0x9c, 0xff, 0x9c, 0xff, 0x9c, 0xff, 0xbc, 0xff, 0xbd, 0xff, 0xbc, 0xff,
        0x9c, 0xff, 0x9c, 0xff, 0x9c, 0xff, 0x9c, 0xff, 0x9c, 0xff, 0x9c, 0xff, 0x9c, 0xff, 0xbc, 0xff, 0xbc, 0xff, 0xbd, 0xff,
        0xfe, 0xff, 0xf7, 0xbd, 0x09, 0x3a, 0x29, 0x3a, 0x2a, 0x3a, 0x29, 0x3a, 0x4a, 0x42, 0x6a, 0x42, 0x6a, 0x42, 0x6b, 0x42,
        0x8b, 0x4a, 0x8b, 0x4a, 0x8b, 0x4a, 0x8b, 0x4a, 0x8b, 0x4a, 0x8b, 0x4a, 0x6a, 0x42, 0x6a, 0x42, 0x6a, 0x42, 0x4a, 0x42,
        0x4a, 0x42, 0x6a, 0x42, 0x8b, 0x42, 0xac, 0x42, 0xcd, 0x4a, 0x8b, 0x42, 0x4a, 0x42, 0x6a, 0x42, 0x09, 0x32, 0xa8, 0x21,
        0xa8, 0x29, 0x67, 0x21, 0xa4, 0x08, 0x83, 0x08, 0x83, 0x08, 0x41, 0x00, 0x00, 0x00, 0x00, 0x00, 0x62, 0x10, 0xa8, 0x51,
        0xa8, 0x51, 0xc8, 0x59, 0xc8, 0x59, 0xa8, 0x51, 0xa8, 0x51, 0xa8, 0x51, 0xa7, 0x51, 0x87, 0x49, 0x87, 0x49, 0xa8, 0x51,
        0xe8, 0x69, 0xc8, 0x69, 0x09, 0x72, 0xc3, 0x28, 0x00, 0x00, 0x20, 0x00, 0x20, 0x00, 0x46, 0x21, 0xa8, 0x29, 0x87, 0x21,
        0x09, 0x3a, 0x8b, 0x4a, 0x6a, 0x42, 0x6a, 0x42, 0x6a, 0x4a, 0x8b, 0x4a, 0x8b, 0x4a, 0xcd, 0x4a, 0xfd, 0x45, 0x3e, 0x3e,
        0x1e, 0x36, 0x3f, 0x36, 0x1f, 0x36, 0x1f, 0x36, 0x1f, 0x36, 0x1f, 0x36, 0x3f, 0x36, 0x1f, 0x36, 0xde, 0x2d, 0xde, 0x2d,
        0x7d, 0x25, 0x0e, 0x4b, 0xab, 0x52, 0xcc, 0x52, 0xcc, 0x52, 0xab, 0x4a, 0x8b, 0x4a, 0x8b, 0x4a, 0x8b, 0x4a, 0x8b, 0x4a,
        0xab, 0x4a, 0x4a, 0x3a, 0xc9, 0x29, 0xe9, 0x31, 0xc8, 0x29, 0x20, 0x00, 0x00, 0x00, 0x00, 0x00, 0xc2, 0x10, 0x56, 0x9e,
        0xf8, 0xae, 0xd7, 0xae, 0xd7, 0xae, 0xd7, 0xae, 0xd7, 0xae, 0xd7, 0xae, 0xd7, 0xae, 0xd7, 0xae, 0xd7, 0xae, 0xd7, 0xae,
        0xd7, 0xae, 0xd7, 0xae, 0xd7, 0xae, 0xd7, 0xae, 0xd7, 0xae, 0xd7, 0xae, 0xd7, 0xae, 0xd7, 0xae, 0xd7, 0xae, 0xd7, 0xae,
        0xd7, 0xae, 0xd7, 0xae, 0xd7, 0xae, 0xd7, 0xae, 0xd7, 0xae, 0xd7, 0xae, 0xd7, 0xae, 0xd7, 0xae, 0xd7, 0xae, 0xd7, 0xae,
        0xd7, 0xae, 0xd7, 0xae, 0xd7, 0xae, 0xd7, 0xae, 0xd7, 0xae, 0xd7, 0xae, 0xd7, 0xae, 0xd7, 0xae, 0xd7, 0xae, 0xd7, 0xae,
        0xd7, 0xae, 0xd7, 0xae, 0xd7, 0xae, 0xd7, 0xae, 0xd7, 0xae, 0xd7, 0xae, 0xd7, 0xae, 0xd7, 0xae, 0xd7, 0xae, 0xd7, 0xae,
        0xd7, 0xae, 0xd7, 0xae, 0xd7, 0xae, 0xd7, 0xae, 0xd7, 0xae, 0xd7, 0xae, 0xd7, 0xae, 0xd7, 0xae, 0xd7, 0xae, 0xd7, 0xae,
        0xd7, 0xae, 0xd7, 0xae, 0xd7, 0xae, 0xd7, 0xae, 0xd7, 0xae, 0xd7, 0xae, 0xd7, 0xae, 0xd7, 0xae, 0xd7, 0xae, 0xd7, 0xae,
        0xd7, 0xae, 0xd7, 0xae, 0xd7, 0xae, 0xd7, 0xae, 0xd7, 0xae, 0xd7, 0xae, 0xd7, 0xae, 0xd7, 0xae, 0xd7, 0xae, 0xd7, 0xae,
        0xd7, 0xae, 0xd7, 0xae, 0xd7, 0xae, 0xd7, 0xae, 0xd7, 0xae, 0xd7, 0xae, 0xd7, 0xae, 0xd7, 0xae, 0xd7, 0xae, 0xd7, 0xae,
        0xd7, 0xae, 0xd7, 0xae, 0xd7, 0xae, 0xd7, 0xae, 0xd7, 0xae, 0xd7, 0xae, 0xd7, 0xae, 0xd7, 0xae, 0xd7, 0xae, 0xd7, 0xae,
        0xd7, 0xae, 0xd7, 0xae, 0xd7, 0xae, 0xd7, 0xa6, 0xb7, 0xa6, 0x55, 0x9e, 0x35, 0x9e, 0x56, 0xa6, 0xe6, 0x29, 0x00, 0x00,
        0x20, 0x00, 0x61, 0x08, 0x6a, 0x42, 0xab, 0x4a, 0x8b, 0x4a, 0x8b, 0x4a, 0x8a, 0x42, 0x8a, 0x4a, 0x8a, 0x4a, 0x8b, 0x4a,
        0x8b, 0x42, 0x8b, 0x42, 0x8b, 0x4a, 0x8b, 0x4a, 0x8b, 0x4a, 0x8b, 0x4a, 0x8b, 0x4a, 0x8b, 0x4a, 0x8b, 0x4a, 0xab, 0x4a,
        0xab, 0x4a, 0xab, 0x4a, 0xab, 0x4a, 0x8b, 0x4a, 0x8b, 0x4a, 0x6a, 0x42, 0x6a, 0x42, 0x4a, 0x42, 0x4a, 0x42, 0x4a, 0x42,
        0x29, 0x3a, 0x67, 0x21, 0x88, 0x29, 0x88, 0x29, 0xa8, 0x29, 0xc3, 0x10, 0x00, 0x00, 0x20, 0x08, 0x00, 0x00, 0x00, 0x00,
        0x00, 0x00, 0x00, 0x00, 0x67, 0x49, 0xa8, 0x59, 0xc8, 0x59, 0xc8, 0x61, 0xc8, 0x61, 0xc8, 0x61, 0xc8, 0x61, 0xa7, 0x59,
        0x82, 0x18, 0x62, 0x10, 0x62, 0x10, 0x62, 0x10, 0x62, 0x18, 0x82, 0x18, 0xa3, 0x20, 0xe4, 0x28, 0x41, 0x08, 0x00, 0x00,
        0x00, 0x00, 0x00, 0x00, 0x25, 0x19, 0x46, 0x21, 0x47, 0x21, 0x67, 0x21, 0x67, 0x21, 0x67, 0x21, 0x67, 0x21, 0x67, 0x21,
        0x87, 0x21, 0x29, 0x3a, 0x29, 0x3a, 0x29, 0x3a, 0x6a, 0x42, 0x8b, 0x4a, 0x8b, 0x4a, 0xab, 0x4a, 0x8b, 0x4a, 0x8b, 0x4a,
        0x6b, 0x4a, 0x6a, 0x42, 0x6a, 0x42, 0x8b, 0x4a, 0xab, 0x4a, 0xcc, 0x52, 0xcc, 0x52, 0xac, 0x4a, 0x6b, 0x42, 0x2d, 0x63,
        0x5b, 0xf7, 0x9c, 0xff, 0x9c, 0xff, 0x9c, 0xff, 0x9c, 0xff, 0x9c, 0xff, 0x9c, 0xff, 0xbc, 0xff, 0x9c, 0xff, 0x9c, 0xff,
        0x9c, 0xff, 0x9c, 0xff, 0x9c, 0xff, 0x9c, 0xff, 0x9c, 0xff, 0x9c, 0xff, 0x9c, 0xff, 0xbc, 0xff, 0xbd, 0xff, 0xbd, 0xff,
        0xff, 0xff, 0x38, 0xc6, 0x6a, 0x42, 0x8b, 0x4a, 0x8b, 0x42, 0x6a, 0x42, 0x6a, 0x42, 0x6a, 0x42, 0x6b, 0x42, 0x6b, 0x4a,
        0x8b, 0x4a, 0x8b, 0x4a, 0x8b, 0x4a, 0x8b, 0x4a, 0x8b, 0x4a, 0x8b, 0x4a, 0x6a, 0x42, 0x6a, 0x42, 0x8b, 0x42, 0xcd, 0x42,
        0x8c, 0x42, 0x8c, 0x42, 0xcd, 0x42, 0xee, 0x42, 0xee, 0x42, 0x6b, 0x3a, 0x4a, 0x42, 0x4a, 0x42, 0xe9, 0x31, 0x88, 0x29,
        0xa8, 0x29, 0x88, 0x29, 0xe5, 0x10, 0xa4, 0x08, 0xa3, 0x08, 0x41, 0x00, 0x00, 0x00, 0x00, 0x00, 0x61, 0x10, 0x67, 0x49,
        0x87, 0x49, 0xa7, 0x51, 0xa8, 0x51, 0xc8, 0x51, 0xa8, 0x51, 0xa7, 0x51, 0x87, 0x49, 0x87, 0x49, 0x87, 0x49, 0xa7, 0x51,
        0xc8, 0x61, 0xc8, 0x69, 0x09, 0x72, 0xc3, 0x28, 0x00, 0x00, 0x40, 0x08, 0x21, 0x00, 0x67, 0x21, 0xa8, 0x29, 0xa8, 0x29,
        0x2a, 0x3a, 0xab, 0x4a, 0x8b, 0x4a, 0x8b, 0x4a, 0x8b, 0x4a, 0x8b, 0x4a, 0x8b, 0x4a, 0xed, 0x4a, 0xfd, 0x45, 0x3e, 0x3e,
        0x1e, 0x3e, 0xfe, 0x35, 0xfd, 0x35, 0xfd, 0x35, 0xfe, 0x35, 0xfe, 0x35, 0xfe, 0x3d, 0xfe, 0x3d, 0x9d, 0x2d, 0x9d, 0x25,
        0x3c, 0x2d, 0xed, 0x4a, 0xab, 0x52, 0xcc, 0x52, 0xec, 0x52, 0xac, 0x4a, 0x8b, 0x4a, 0x8b, 0x4a, 0x8b, 0x4a, 0x8b, 0x4a,
        0x8b, 0x4a, 0x2a, 0x3a, 0xa8, 0x29, 0xa8, 0x29, 0x87, 0x29, 0x41, 0x00, 0x00, 0x00, 0x00, 0x00, 0x03, 0x19, 0x76, 0xa6,
        0xf8, 0xae, 0xd7, 0xae, 0xd7, 0xae, 0xd7, 0xae, 0xd7, 0xae, 0xd7, 0xae, 0xd7, 0xae, 0xf7, 0xae, 0xd7, 0xae, 0xd7, 0xae,
        0xd7, 0xae, 0xd7, 0xae, 0xd7, 0xae, 0xd7, 0xae, 0xd7, 0xae, 0xd7, 0xae, 0xd7, 0xae, 0xd7, 0xae, 0xd7, 0xae, 0xd7, 0xae,
        0xd7, 0xae, 0xd7, 0xae, 0xd7, 0xae, 0xd7, 0xae, 0xd7, 0xae, 0xd7, 0xae, 0xd7, 0xae, 0xd7, 0xae, 0xd7, 0xae, 0xd7, 0xae,
        0xd7, 0xae, 0xd7, 0xae, 0xd7, 0xae, 0xd7, 0xae, 0xd7, 0xae, 0xd7, 0xae, 0xd7, 0xae, 0xd7, 0xae, 0xd7, 0xae, 0xd7, 0xae,
        0xd7, 0xae, 0xd7, 0xae, 0xd7, 0xae, 0xd7, 0xae, 0xd7, 0xae, 0xd7, 0xae, 0xd7, 0xae, 0xd7, 0xae, 0xd7, 0xae, 0xd7, 0xae,
        0xd7, 0xae, 0xd7, 0xae, 0xd7, 0xae, 0xd7, 0xae, 0xd7, 0xae, 0xd7, 0xae, 0xd7, 0xae, 0xd7, 0xae, 0xd7, 0xae, 0xd7, 0xae,
        0xd7, 0xae, 0xd7, 0xae, 0xd7, 0xae, 0xd7, 0xae, 0xd7, 0xae, 0xd7, 0xae, 0xd7, 0xae, 0xd7, 0xae, 0xd7, 0xae, 0xd7, 0xae,
        0xd7, 0xae, 0xd7, 0xae, 0xd7, 0xae, 0xd7, 0xae, 0xd7, 0xae, 0xd7, 0xae, 0xd7, 0xae, 0xd7, 0xae, 0xd7, 0xae, 0xd7, 0xae,
        0xd7, 0xae, 0xd7, 0xae, 0xd7, 0xae, 0xd7, 0xae, 0xd7, 0xae, 0xd7, 0xae, 0xd7, 0xae, 0xd7, 0xae, 0xd7, 0xae, 0xd7, 0xae,
        0xd7, 0xae, 0xd7, 0xae, 0xd7, 0xae, 0xd7, 0xae, 0xd7, 0xae, 0xd7, 0xae, 0xd7, 0xae, 0xd7, 0xae, 0xd7, 0xae, 0xd7, 0xae,
        0xd7, 0xae, 0xd7, 0xae, 0xd7, 0xae, 0xd7, 0xae, 0x96, 0xa6, 0xa5, 0x21, 0xc2, 0x10, 0xc2, 0x10, 0x04, 0x19, 0xc8, 0x31,
        0xe8, 0x39, 0x09, 0x3a, 0x8b, 0x4a, 0x8b, 0x4a, 0x8b, 0x4a, 0x8b, 0x4a, 0x8a, 0x4a, 0x8b, 0x4a, 0x8b, 0x4a, 0x8b, 0x4a,
        0x8b, 0x4a, 0x8b, 0x4a, 0x8b, 0x4a, 0x8b, 0x4a, 0x8b, 0x4a, 0x8b, 0x4a, 0x8b, 0x4a, 0x8b, 0x4a, 0x8b, 0x4a, 0xab, 0x4a,
        0xac, 0x4a, 0xab, 0x4a, 0xab, 0x4a, 0x8b, 0x4a, 0x8b, 0x4a, 0x6a, 0x4a, 0x6a, 0x42, 0x4a, 0x42, 0x4a, 0x42, 0x6a, 0x42,
        0x29, 0x42, 0x47, 0x21, 0x67, 0x21, 0x67, 0x21, 0x67, 0x21, 0xa3, 0x10, 0x20, 0x00, 0x20, 0x08, 0x20, 0x08, 0x00, 0x00,
        0x00, 0x00, 0x20, 0x00, 0x87, 0x51, 0xc9, 0x69, 0xe9, 0x69, 0xe9, 0x69, 0xc8, 0x59, 0xc8, 0x59, 0xc8, 0x61, 0x87, 0x51,
        0x00, 0x00, 0x00, 0x00, 0x00, 0x00, 0x00, 0x00, 0x00, 0x00, 0x00, 0x00, 0x00, 0x00, 0x00, 0x00, 0x00, 0x00, 0x00, 0x00,
        0x00, 0x00, 0x00, 0x00, 0x25, 0x19, 0x67, 0x21, 0x67, 0x21, 0x67, 0x21, 0x67, 0x21, 0x47, 0x21, 0x46, 0x21, 0x46, 0x19,
        0x66, 0x21, 0x09, 0x3a, 0x29, 0x3a, 0x29, 0x3a, 0x8b, 0x4a, 0xab, 0x4a, 0x8b, 0x4a, 0x8b, 0x4a, 0x8b, 0x4a, 0x8b, 0x4a,
        0x6a, 0x42, 0x6a, 0x42, 0x4a, 0x42, 0x4a, 0x42, 0x6a, 0x42, 0x8b, 0x4a, 0x8b, 0x4a, 0x8b, 0x4a, 0x4a, 0x3a, 0x0c, 0x5b,
        0x7c, 0xf7, 0x9c, 0xff, 0x9c, 0xff, 0x9c, 0xff, 0x9c, 0xff, 0x9c, 0xff, 0x9c, 0xff, 0x9c, 0xff, 0x9c, 0xff, 0x9c, 0xff,
        0x9c, 0xff, 0x9c, 0xff, 0x9c, 0xff, 0x9c, 0xff, 0x9c, 0xff, 0x9c, 0xff, 0x9b, 0xff, 0x9c, 0xff, 0x9c, 0xf7, 0x9c, 0xf7,
        0xde, 0xff, 0x38, 0xc6, 0x6a, 0x42, 0x8b, 0x4a, 0x8b, 0x4a, 0x8b, 0x4a, 0x8b, 0x4a, 0x8b, 0x4a, 0x8b, 0x4a, 0x8b, 0x4a,
        0x8b, 0x4a, 0x8b, 0x4a, 0x8b, 0x4a, 0x8b, 0x42, 0x8b, 0x42, 0x8b, 0x42, 0x8b, 0x4a, 0x29, 0x4a, 0x91, 0x3b, 0xfd, 0x25,
        0x9b, 0x2d, 0x39, 0x2d, 0x71, 0x3b, 0xee, 0x42, 0xed, 0x42, 0x2a, 0x3a, 0x29, 0x3a, 0x49, 0x42, 0xc8, 0x31, 0x67, 0x21,
        0xa8, 0x29, 0x88, 0x29, 0xe5, 0x10, 0xc4, 0x10, 0xc4, 0x10, 0x42, 0x00, 0x00, 0x00, 0x00, 0x00, 0x61, 0x10, 0x66, 0x49,
        0x67, 0x49, 0x67, 0x49, 0xa7, 0x51, 0xa8, 0x51, 0xa7, 0x51, 0xa7, 0x51, 0x87, 0x49, 0x87, 0x49, 0x87, 0x49, 0xa8, 0x59,
        0xe9, 0x69, 0x09, 0x6a, 0x29, 0x72, 0xe4, 0x28, 0x00, 0x00, 0x00, 0x00, 0x20, 0x00, 0xe5, 0x10, 0x05, 0x19, 0xe5, 0x10,
        0xe8, 0x39, 0xac, 0x52, 0x6b, 0x4a, 0x6a, 0x42, 0x6b, 0x4a, 0x8b, 0x4a, 0x8b, 0x4a, 0x0e, 0x4b, 0x3e, 0x4e, 0x5f, 0x46,
        0x5f, 0x3e, 0x3e, 0x3e, 0x3e, 0x36, 0x3e, 0x36, 0x3e, 0x3e, 0x5e, 0x3e, 0x5f, 0x3e, 0x1e, 0x3e, 0xbd, 0x2d, 0x9d, 0x25,
        0x5c, 0x2d, 0xee, 0x4a, 0xab, 0x52, 0xcc, 0x52, 0xed, 0x52, 0xac, 0x4a, 0x8b, 0x4a, 0x8b, 0x4a, 0x8b, 0x4a, 0x8b, 0x4a,
        0x6a, 0x42, 0x09, 0x3a, 0x87, 0x21, 0x87, 0x29, 0x67, 0x21, 0x20, 0x00, 0x00, 0x00, 0x00, 0x00, 0x03, 0x19, 0x76, 0xa6,
        0xf7, 0xae, 0xd7, 0xae, 0xd7, 0xae, 0xd7, 0xae, 0xd7, 0xae, 0xd7, 0xae, 0xd7, 0xae, 0xd7, 0xae, 0xd7, 0xae, 0xd7, 0xae,
        0xd7, 0xae, 0xd7, 0xae, 0xd7, 0xae, 0xd7, 0xae, 0xd7, 0xae, 0xd7, 0xae, 0xd7, 0xae, 0xd7, 0xae, 0xd7, 0xae, 0xd7, 0xae,
        0xd7, 0xae, 0xd7, 0xae, 0xd7, 0xae, 0xd7, 0xae, 0xd7, 0xae, 0xd7, 0xae, 0xd7, 0xae, 0xd7, 0xae, 0xd7, 0xae, 0xd7, 0xae,
        0xd7, 0xae, 0xd7, 0xae, 0xd7, 0xae, 0xd7, 0xae, 0xd7, 0xae, 0xd7, 0xae, 0xd7, 0xae, 0xd7, 0xae, 0xd7, 0xae, 0xd7, 0xae,
        0xd7, 0xae, 0xd7, 0xae, 0xd7, 0xae, 0xd7, 0xae, 0xd7, 0xae, 0xd7, 0xae, 0xd7, 0xae, 0xd7, 0xae, 0xd7, 0xae, 0xd7, 0xae,
        0xd7, 0xae, 0xd7, 0xae, 0xd7, 0xae, 0xd7, 0xae, 0xd7, 0xae, 0xd7, 0xae, 0xd7, 0xae, 0xd7, 0xae, 0xd7, 0xae, 0xd7, 0xae,
        0xd7, 0xae, 0xd7, 0xae, 0xd7, 0xae, 0xd7, 0xae, 0xd7, 0xae, 0xd7, 0xae, 0xd7, 0xae, 0xd7, 0xae, 0xd7, 0xae, 0xd7, 0xae,
        0xd7, 0xae, 0xd7, 0xae, 0xd7, 0xae, 0xd7, 0xae, 0xd7, 0xae, 0xd7, 0xae, 0xd7, 0xae, 0xd7, 0xae, 0xd7, 0xae, 0xd7, 0xae,
        0xd7, 0xae, 0xd7, 0xae, 0xd7, 0xae, 0xd7, 0xae, 0xd7, 0xae, 0xd7, 0xae, 0xd7, 0xae, 0xd7, 0xae, 0xd7, 0xae, 0xd7, 0xae,
        0xd7, 0xae, 0xd7, 0xae, 0xd7, 0xae, 0xd7, 0xae, 0xd7, 0xae, 0xd7, 0xae, 0xd7, 0xae, 0xd7, 0xae, 0xd7, 0xae, 0xd7, 0xae,
        0xd7, 0xae, 0xd7, 0xae, 0xd7, 0xae, 0xf7, 0xae, 0x96, 0xa6, 0x03, 0x19, 0x00, 0x00, 0x00, 0x00, 0x04, 0x19, 0x6b, 0x42,
        0x6a, 0x42, 0x8b, 0x4a, 0x8b, 0x4a, 0x8b, 0x4a, 0x8b, 0x4a, 0x8b, 0x4a, 0x8b, 0x4a, 0x8b, 0x4a, 0x8b, 0x4a, 0x8b, 0x4a,
        0x8b, 0x4a, 0x8b, 0x4a, 0x8b, 0x4a, 0x8b, 0x4a, 0x8b, 0x4a, 0x8b, 0x4a, 0x8b, 0x4a, 0x8b, 0x4a, 0x8b, 0x4a, 0x8b, 0x4a,
        0x8b, 0x4a, 0x8b, 0x4a, 0x8b, 0x4a, 0x8b, 0x4a, 0x8b, 0x4a, 0x8b, 0x4a, 0x8b, 0x4a, 0xe9, 0x31, 0x67, 0x21, 0x87, 0x29,
        0x87, 0x29, 0xe5, 0x10, 0x62, 0x08, 0x82, 0x08, 0x62, 0x08, 0x20, 0x00, 0x20, 0x00, 0x20, 0x08, 0x66, 0x49, 0xc8, 0x61,
        0xa7, 0x59, 0xa7, 0x59, 0xe8, 0x69, 0xe9, 0x69, 0x09, 0x72, 0xe8, 0x69, 0x82, 0x18, 0x62, 0x10, 0x62, 0x18, 0x82, 0x10,
        0xe4, 0x10, 0xc4, 0x10, 0xc3, 0x10, 0xc3, 0x10, 0x25, 0x21, 0x25, 0x21, 0x45, 0x21, 0x45, 0x21, 0xc4, 0x10, 0xc4, 0x10,
        0xc4, 0x10, 0xc4, 0x10, 0x05, 0x19, 0x26, 0x19, 0x47, 0x21, 0x67, 0x21, 0x29, 0x3a, 0x29, 0x3a, 0x09, 0x3a, 0x09, 0x3a,
        0x2a, 0x42, 0x8b, 0x4a, 0xab, 0x4a, 0xab, 0x52, 0xcc, 0x52, 0xcc, 0x52, 0xcc, 0x52, 0xcc, 0x52, 0xcc, 0x52, 0xac, 0x52,
        0xab, 0x4a, 0xcc, 0x52, 0x71, 0x84, 0xb2, 0x8c, 0x91, 0x8c, 0xb6, 0xb5, 0x17, 0xbe, 0x17, 0xc6, 0xf7, 0xbd, 0x37, 0xc6,
        0x9c, 0xff, 0x9c, 0xff, 0x9c, 0xff, 0x9c, 0xff, 0x9c, 0xff, 0x9c, 0xff, 0x9c, 0xff, 0x9c, 0xff, 0x9c, 0xff, 0x9c, 0xff,
        0x9c, 0xff, 0x9c, 0xff, 0x9c, 0xff, 0x9c, 0xff, 0x9c, 0xff, 0x9c, 0xff, 0x9b, 0xff, 0x7b, 0xf7, 0xb3, 0x94, 0x51, 0x84,
        0x92, 0x94, 0x72, 0x8c, 0xcf, 0x73, 0xd0, 0x73, 0xd0, 0x7b, 0xcf, 0x7b, 0xec, 0x52, 0x8b, 0x4a, 0xab, 0x4a, 0xab, 0x4a,
        0x8b, 0x4a, 0x8b, 0x4a, 0x8b, 0x4a, 0x8b, 0x42, 0x8b, 0x4a, 0x8b, 0x4a, 0xab, 0x4a, 0x6a, 0x4a, 0x75, 0x4c, 0x7f, 0x2e,
        0x5f, 0x2e, 0x3e, 0x2e, 0x70, 0x43, 0xac, 0x4a, 0xac, 0x4a, 0x4a, 0x42, 0x29, 0x3a, 0x49, 0x42, 0xa8, 0x29, 0x47, 0x19,
        0x67, 0x21, 0x67, 0x21, 0x83, 0x08, 0x62, 0x08, 0x41, 0x08, 0x42, 0x08, 0xa3, 0x08, 0x83, 0x08, 0xc4, 0x10, 0x26, 0x21,
        0x25, 0x21, 0x46, 0x29, 0xc3, 0x18, 0x62, 0x10, 0x61, 0x10, 0xa3, 0x20, 0xe8, 0x61, 0x09, 0x6a, 0x09, 0x62, 0x09, 0x6a,
        0x09, 0x6a, 0x09, 0x72, 0x29, 0x72, 0xa7, 0x59, 0x46, 0x41, 0x66, 0x49, 0x25, 0x39, 0x21, 0x00, 0x20, 0x00, 0x00, 0x00,
        0xc4, 0x10, 0xa8, 0x29, 0x87, 0x29, 0x87, 0x21, 0x09, 0x3a, 0x8b, 0x4a, 0x8b, 0x4a, 0xcc, 0x4a, 0xd1, 0x4b, 0xf2, 0x4b,
        0x13, 0x4c, 0x33, 0x44, 0x13, 0x44, 0x33, 0x44, 0x54, 0x4c, 0x54, 0x4c, 0x54, 0x4c, 0x33, 0x44, 0xd2, 0x43, 0xb2, 0x3b,
        0xb2, 0x3b, 0xed, 0x4a, 0xed, 0x4a, 0xed, 0x4a, 0xed, 0x4a, 0xac, 0x4a, 0x8b, 0x4a, 0x8b, 0x4a, 0x8b, 0x4a, 0x6b, 0x42,
        0x6a, 0x42, 0x2a, 0x3a, 0x09, 0x3a, 0xe9, 0x31, 0xe8, 0x31, 0x41, 0x08, 0x00, 0x00, 0x00, 0x00, 0x03, 0x19, 0x76, 0xa6,
        0xf8, 0xae, 0xd7, 0xae, 0xd7, 0xae, 0xd7, 0xae, 0xd7, 0xae, 0xd7, 0xae, 0xd7, 0xae, 0xd7, 0xae, 0xd7, 0xae, 0xd7, 0xae,
        0xd7, 0xae, 0xd7, 0xae, 0xd7, 0xae, 0xd7, 0xae, 0xd7, 0xae, 0xd7, 0xae, 0xd7, 0xae, 0xd7, 0xae, 0xd7, 0xae, 0xd7, 0xae,
        0xd7, 0xae, 0xd7, 0xae, 0xd7, 0xae, 0xd7, 0xae, 0xd7, 0xae, 0xd7, 0xae, 0xd7, 0xae, 0xd7, 0xae, 0xd7, 0xae, 0xd7, 0xae,
        0xd7, 0xae, 0xd7, 0xae, 0xd7, 0xae, 0xd7, 0xae, 0xd7, 0xae, 0xd7, 0xae, 0xd7, 0xae, 0xd7, 0xae, 0xd7, 0xae, 0xd7, 0xae,
        0xd7, 0xae, 0xd7, 0xae, 0xd7, 0xae, 0xd7, 0xae, 0xd7, 0xae, 0xd7, 0xae, 0xd7, 0xae, 0xd7, 0xae, 0xd7, 0xae, 0xd7, 0xae,
        0xd7, 0xae, 0xd7, 0xae, 0xd7, 0xae, 0xd7, 0xae, 0xd7, 0xae, 0xd7, 0xae, 0xd7, 0xae, 0xd7, 0xae, 0xd7, 0xae, 0xd7, 0xae,
        0xd7, 0xae, 0xd7, 0xae, 0xd7, 0xae, 0xd7, 0xae, 0xd7, 0xae, 0xd7, 0xae, 0xd7, 0xae, 0xd7, 0xae, 0xd7, 0xae, 0xd7, 0xae,
        0xd7, 0xae, 0xd7, 0xae, 0xd7, 0xae, 0xd7, 0xae, 0xd7, 0xae, 0xd7, 0xae, 0xd7, 0xae, 0xd7, 0xae, 0xd7, 0xae, 0xd7, 0xae,
        0xd7, 0xae, 0xd7, 0xae, 0xd7, 0xae, 0xd7, 0xae, 0xd7, 0xae, 0xd7, 0xae, 0xd7, 0xae, 0xd7, 0xae, 0xd7, 0xae, 0xd7, 0xae,
        0xd7, 0xae, 0xd7, 0xae, 0xd7, 0xae, 0xd7, 0xae, 0xd7, 0xae, 0xd7, 0xae, 0xd7, 0xae, 0xd7, 0xae, 0xd7, 0xae, 0xd7, 0xae,
        0xd7, 0xae, 0xd7, 0xae, 0xd7, 0xae, 0xf8, 0xb6, 0xb7, 0xae, 0x24, 0x19, 0x00, 0x00, 0x00, 0x00, 0x25, 0x21, 0x6a, 0x42,
        0x4a, 0x42, 0x6a, 0x42, 0x6a, 0x42, 0x8b, 0x4a, 0x8a, 0x4a, 0x8b, 0x4a, 0x8b, 0x4a, 0x8b, 0x4a, 0x8b, 0x4a, 0x8b, 0x4a,
        0x8b, 0x4a, 0x8b, 0x4a, 0x8b, 0x4a, 0x8b, 0x4a, 0x8b, 0x4a, 0x8b, 0x4a, 0x8b, 0x4a, 0x6b, 0x4a, 0x6b, 0x4a, 0x6b, 0x42,
        0x6b, 0x4a, 0x8b, 0x4a, 0x8b, 0x4a, 0x8b, 0x4a, 0x8b, 0x4a, 0x8b, 0x4a, 0xab, 0x4a, 0xc8, 0x31, 0x26, 0x19, 0x46, 0x19,
        0x46, 0x19, 0xc4, 0x10, 0x00, 0x00, 0x00, 0x00, 0x00, 0x00, 0x00, 0x00, 0x20, 0x00, 0x20, 0x08, 0xc8, 0x61, 0x4a, 0x82,
        0x2a, 0x7a, 0x09, 0x72, 0x09, 0x72, 0x09, 0x6a, 0x09, 0x72, 0xe8, 0x69, 0x41, 0x08, 0x20, 0x00, 0x20, 0x00, 0x41, 0x00,
        0x67, 0x21, 0x87, 0x21, 0x46, 0x21, 0x87, 0x29, 0x29, 0x3a, 0x09, 0x3a, 0x09, 0x3a, 0x09, 0x3a, 0x47, 0x21, 0x46, 0x19,
        0x26, 0x19, 0x26, 0x19, 0x05, 0x11, 0x26, 0x19, 0x26, 0x19, 0x67, 0x21, 0xab, 0x4a, 0xab, 0x4a, 0x8b, 0x4a, 0x8b, 0x4a,
        0xcc, 0x52, 0xec, 0x52, 0xed, 0x5a, 0x0d, 0x5b, 0xed, 0x5a, 0xec, 0x5a, 0xec, 0x5a, 0xec, 0x5a, 0xec, 0x5a, 0xec, 0x52,
        0xcc, 0x52, 0x0d, 0x5b, 0xf6, 0xbd, 0x99, 0xd6, 0x58, 0xce, 0xbc, 0xff, 0xfe, 0xff, 0xde, 0xff, 0xdd, 0xff, 0xdd, 0xff,
        0x9c, 0xff, 0x9c, 0xff, 0x9c, 0xff, 0x9c, 0xff, 0x9c, 0xff, 0x9c, 0xff, 0x9c, 0xff, 0x9c, 0xff, 0x9c, 0xff, 0x9c, 0xff,
        0x9c, 0xff, 0x9c, 0xff, 0x9c, 0xff, 0x9c, 0xff, 0x9c, 0xff, 0x9c, 0xff, 0x9b, 0xff, 0x7b, 0xf7, 0x31, 0x84, 0x8f, 0x73,
        0xd0, 0x73, 0xf0, 0x7b, 0x31, 0x8c, 0x51, 0x8c, 0x52, 0x8c, 0x51, 0x8c, 0x0d, 0x5b, 0xab, 0x4a, 0xab, 0x4a, 0xab, 0x4a,
        0xab, 0x4a, 0x8b, 0x4a, 0x8b, 0x4a, 0x8b, 0x4a, 0x8b, 0x4a, 0xab, 0x4a, 0xac, 0x4a, 0x8b, 0x4a, 0xb6, 0x44, 0x9f, 0x36,
        0x5e, 0x36, 0x1e, 0x36, 0x70, 0x4b, 0xab, 0x52, 0xac, 0x52, 0x6b, 0x42, 0x4a, 0x42, 0x6a, 0x42, 0xc8, 0x31, 0x47, 0x19,
        0x67, 0x21, 0x67, 0x21, 0x41, 0x08, 0x20, 0x00, 0x00, 0x08, 0x62, 0x08, 0x26, 0x19, 0x26, 0x19, 0x47, 0x19, 0x67, 0x21,
        0x46, 0x21, 0x46, 0x21, 0x82, 0x08, 0x00, 0x00, 0x00, 0x00, 0x41, 0x10, 0x09, 0x6a, 0x2a, 0x72, 0x29, 0x72, 0x09, 0x6a,
        0x09, 0x6a, 0x09, 0x6a, 0x09, 0x6a, 0x29, 0x72, 0x2a, 0x7a, 0x2a, 0x7a, 0xc8, 0x61, 0x40, 0x08, 0x20, 0x00, 0x00, 0x00,
        0x82, 0x08, 0x47, 0x21, 0x46, 0x19, 0x26, 0x19, 0xe9, 0x31, 0x8b, 0x4a, 0x8b, 0x4a, 0xab, 0x4a, 0x8b, 0x4a, 0x8a, 0x52,
        0x8a, 0x52, 0x6a, 0x52, 0x6a, 0x52, 0x8b, 0x52, 0xab, 0x52, 0xab, 0x52, 0xab, 0x52, 0x8a, 0x52, 0x8a, 0x4a, 0x6a, 0x4a,
        0x6a, 0x4a, 0xee, 0x4a, 0xee, 0x42, 0xee, 0x4a, 0x0e, 0x4b, 0xab, 0x4a, 0x8b, 0x4a, 0x8b, 0x4a, 0x8b, 0x4a, 0x6b, 0x42,
        0x4a, 0x42, 0x4a, 0x42, 0x4a, 0x42, 0x4a, 0x42, 0x29, 0x3a, 0x41, 0x08, 0x00, 0x00, 0x00, 0x00, 0x03, 0x19, 0x76, 0xa6,
        0xf8, 0xae, 0xd7, 0xae, 0xd7, 0xae, 0xd7, 0xae, 0xd7, 0xae, 0xd7, 0xae, 0xd7, 0xae, 0xd7, 0xae, 0xd7, 0xae, 0xd7, 0xae,
        0xd7, 0xae, 0xd7, 0xae, 0xd7, 0xae, 0xd7, 0xae, 0xd7, 0xae, 0xd7, 0xae, 0xd7, 0xae, 0xd7, 0xae, 0xd7, 0xae, 0xd7, 0xae,
        0xd7, 0xae, 0xd7, 0xae, 0xd7, 0xae, 0xd7, 0xae, 0xd7, 0xae, 0xd7, 0xae, 0xd7, 0xae, 0xd7, 0xae, 0xd7, 0xae, 0xd7, 0xae,
        0xd7, 0xae, 0xd7, 0xae, 0xd7, 0xae, 0xd7, 0xae, 0xd7, 0xae, 0xd7, 0xae, 0xd7, 0xae, 0xd7, 0xae, 0xd7, 0xae, 0xd7, 0xae,
        0xd7, 0xae, 0xd7, 0xae, 0xd7, 0xae, 0xd7, 0xae, 0xd7, 0xae, 0xd7, 0xae, 0xd7, 0xae, 0xd7, 0xae, 0xd7, 0xae, 0xd7, 0xae,
        0xd7, 0xae, 0xd7, 0xae, 0xd7, 0xae, 0xd7, 0xae, 0xd7, 0xae, 0xd7, 0xae, 0xd7, 0xae, 0xd7, 0xae, 0xd7, 0xae, 0xd7, 0xae,
        0xd7, 0xae, 0xd7, 0xae, 0xd7, 0xae, 0xd7, 0xae, 0xd7, 0xae, 0xd7, 0xae, 0xd7, 0xae, 0xd7, 0xae, 0xd7, 0xae, 0xd7, 0xae,
        0xd7, 0xae, 0xd7, 0xae, 0xd7, 0xae, 0xd7, 0xae, 0xd7, 0xae, 0xd7, 0xae, 0xd7, 0xae, 0xd7, 0xae, 0xd7, 0xae, 0xd7, 0xae,
        0xd7, 0xae, 0xd7, 0xae, 0xd7, 0xae, 0xd7, 0xae, 0xd7, 0xae, 0xd7, 0xae, 0xd7, 0xae, 0xd7, 0xae, 0xd7, 0xae, 0xd7, 0xae,
        0xd7, 0xae, 0xd7, 0xae, 0xd7, 0xae, 0xd7, 0xae, 0xd7, 0xae, 0xd7, 0xae, 0xd7, 0xae, 0xd7, 0xae, 0xd7, 0xae, 0xd7, 0xae,
        0xd7, 0xae, 0xd7, 0xae, 0xd7, 0xae, 0xf8, 0xae, 0xb6, 0xae, 0x23, 0x19, 0x00, 0x00, 0x00, 0x00, 0x25, 0x21, 0x8b, 0x4a,
        0x6a, 0x42, 0x6a, 0x42, 0x6a, 0x42, 0x6a, 0x42, 0x6a, 0x4a, 0x6b, 0x4a, 0x8b, 0x4a, 0x6a, 0x42, 0x8a, 0x4a, 0x8b, 0x4a,
        0x8b, 0x4a, 0x8b, 0x4a, 0x8b, 0x4a, 0x8b, 0x4a, 0x8b, 0x4a, 0x8b, 0x4a, 0x8b, 0x4a, 0x8b, 0x4a, 0x8b, 0x4a, 0x6b, 0x4a,
        0x6a, 0x42, 0x6a, 0x42, 0x8b, 0x4a, 0x8b, 0x4a, 0xab, 0x4a, 0x8b, 0x4a, 0x8b, 0x4a, 0xe9, 0x31, 0x46, 0x21, 0x46, 0x21,
        0x46, 0x21, 0xc4, 0x10, 0x00, 0x00, 0x00, 0x00, 0x00, 0x00, 0x00, 0x00, 0x00, 0x00, 0x00, 0x00, 0xc8, 0x61, 0x2a, 0x7a,
        0x09, 0x72, 0x09, 0x72, 0x09, 0x72, 0x09, 0x72, 0x09, 0x72, 0xe8, 0x69, 0x41, 0x08, 0x20, 0x00, 0x20, 0x00, 0x41, 0x08,
        0x67, 0x21, 0x87, 0x21, 0x46, 0x21, 0x87, 0x29, 0x29, 0x3a, 0x29, 0x3a, 0x09, 0x3a, 0xe9, 0x31, 0x46, 0x21, 0x26, 0x19,
        0x26, 0x19, 0x26, 0x19, 0xe5, 0x10, 0x06, 0x19, 0x26, 0x19, 0x67, 0x21, 0xab, 0x4a, 0xab, 0x4a, 0x8b, 0x4a, 0x8b, 0x4a,
        0xcc, 0x52, 0xec, 0x52, 0xec, 0x5a, 0xec, 0x5a, 0xec, 0x5a, 0xec, 0x5a, 0xec, 0x5a, 0xec, 0x5a, 0xec, 0x5a, 0xec, 0x5a,
        0xcc, 0x52, 0x2d, 0x5b, 0x78, 0xce, 0x3b, 0xef, 0x3b, 0xe7, 0x9c, 0xf7, 0xbc, 0xff, 0xbc, 0xff, 0xbc, 0xff, 0x9c, 0xff,
        0x9c, 0xff, 0xbc, 0xff, 0x9c, 0xff, 0x9c, 0xff, 0x9c, 0xff, 0x9c, 0xff, 0x9c, 0xff, 0x9c, 0xff, 0x9c, 0xff, 0x9c, 0xff,
        0x9c, 0xff, 0x9c, 0xff, 0x9c, 0xff, 0x9c, 0xff, 0xbc, 0xff, 0xbd, 0xff, 0xbd, 0xff, 0x7c, 0xf7, 0x31, 0x84, 0x8f, 0x73,
        0xaf, 0x73, 0xd0, 0x7b, 0x11, 0x84, 0x31, 0x84, 0x31, 0x8c, 0x31, 0x8c, 0x0d, 0x5b, 0xab, 0x4a, 0xab, 0x4a, 0xab, 0x4a,
        0xab, 0x4a, 0xab, 0x4a, 0x8b, 0x4a, 0x8b, 0x4a, 0x6a, 0x42, 0x4a, 0x4a, 0x6a, 0x4a, 0x49, 0x4a, 0x96, 0x44, 0x9f, 0x36,
        0x7f, 0x36, 0x3e, 0x3e, 0x6f, 0x4b, 0xab, 0x52, 0xac, 0x52, 0x8b, 0x4a, 0x4a, 0x42, 0x6a, 0x4a, 0xe9, 0x31, 0x47, 0x19,
        0x47, 0x21, 0x46, 0x21, 0x21, 0x00, 0x00, 0x00, 0x00, 0x00, 0x62, 0x08, 0x26, 0x19, 0x06, 0x19, 0x26, 0x19, 0x67, 0x21,
        0x46, 0x21, 0x46, 0x21, 0x82, 0x08, 0x00, 0x00, 0x00, 0x00, 0x41, 0x10, 0x09, 0x6a, 0x29, 0x72, 0x09, 0x6a, 0x09, 0x6a,
        0x09, 0x6a, 0x09, 0x6a, 0x09, 0x6a, 0x09, 0x6a, 0x09, 0x6a, 0x2a, 0x72, 0xc8, 0x59, 0x41, 0x00, 0x20, 0x00, 0x00, 0x00,
        0x82, 0x08, 0x67, 0x21, 0x47, 0x21, 0x26, 0x19, 0x09, 0x3a, 0x8b, 0x4a, 0x8b, 0x4a, 0xab, 0x4a, 0xac, 0x4a, 0xab, 0x4a,
        0xab, 0x4a, 0xab, 0x4a, 0xab, 0x4a, 0xcc, 0x4a, 0xcc, 0x52, 0xcc, 0x52, 0xcc, 0x52, 0xab, 0x4a, 0xab, 0x4a, 0x8b, 0x4a,
        0xac, 0x4a, 0x0e, 0x43, 0x0e, 0x4b, 0x0e, 0x4b, 0x0e, 0x4b, 0xab, 0x4a, 0x8b, 0x4a, 0x8b, 0x4a, 0x8b, 0x4a, 0x6b, 0x42,
        0x6a, 0x42, 0x4a, 0x42, 0x4a, 0x42, 0x4a, 0x42, 0x4a, 0x42, 0x62, 0x08, 0x00, 0x00, 0x00, 0x00, 0xe3, 0x10, 0x76, 0xa6,
        0xf7, 0xae, 0xd7, 0xae, 0xd7, 0xae, 0xd7, 0xae, 0xd7, 0xae, 0xd7, 0xae, 0xd7, 0xae, 0xd7, 0xae, 0xd7, 0xae, 0xd7, 0xae,
        0xd7, 0xae, 0xd7, 0xae, 0xd7, 0xae, 0xd7, 0xae, 0xd7, 0xae, 0xd7, 0xae, 0xd7, 0xae, 0xd7, 0xae, 0xd7, 0xae, 0xd7, 0xae,
        0xd7, 0xae, 0xd7, 0xae, 0xd7, 0xae, 0xd7, 0xae, 0xd7, 0xae, 0xd7, 0xae, 0xd7, 0xae, 0xd7, 0xae, 0xd7, 0xae, 0xd7, 0xae,
        0xd7, 0xae, 0xd7, 0xae, 0xd7, 0xae, 0xd7, 0xae, 0xd7, 0xae, 0xd7, 0xae, 0xd7, 0xae, 0xd7, 0xae, 0xd7, 0xae, 0xd7, 0xae,
        0xd7, 0xae, 0xd7, 0xae, 0xd7, 0xae, 0xd7, 0xae, 0xd7, 0xae, 0xd7, 0xae, 0xd7, 0xae, 0xd7, 0xae, 0xd7, 0xae, 0xd7, 0xae,
        0xd7, 0xae, 0xd7, 0xae, 0xd7, 0xae, 0xd7, 0xae, 0xd7, 0xae, 0xd7, 0xae, 0xd7, 0xae, 0xd7, 0xae, 0xd7, 0xae, 0xd7, 0xae,
        0xd7, 0xae, 0xd7, 0xae, 0xd7, 0xae, 0xd7, 0xae, 0xd7, 0xae, 0xd7, 0xae, 0xd7, 0xae, 0xd7, 0xae, 0xd7, 0xae, 0xd7, 0xae,
        0xd7, 0xae, 0xd7, 0xae, 0xd7, 0xae, 0xd7, 0xae, 0xd7, 0xae, 0xd7, 0xae, 0xd7, 0xae, 0xd7, 0xae, 0xd7, 0xae, 0xd7, 0xae,
        0xd7, 0xae, 0xd7, 0xae, 0xd7, 0xae, 0xd7, 0xae, 0xd7, 0xae, 0xd7, 0xae, 0xd7, 0xae, 0xd7, 0xae, 0xd7, 0xae, 0xd7, 0xae,
        0xd7, 0xae, 0xd7, 0xae, 0xd7, 0xae, 0xd7, 0xae, 0xd7, 0xae, 0xd7, 0xae, 0xd7, 0xae, 0xd7, 0xae, 0xd7, 0xae, 0xd7, 0xae,
        0xd7, 0xae, 0xd7, 0xae, 0xd7, 0xae, 0xf7, 0xae, 0x96, 0xa6, 0x03, 0x19, 0x00, 0x00, 0x00, 0x00, 0x45, 0x21, 0xab, 0x4a,
        0x6a, 0x42, 0x6a, 0x42, 0x6a, 0x42, 0x6a, 0x42, 0x6a, 0x42, 0x6a, 0x42, 0x6a, 0x42, 0x6a, 0x42, 0x6a, 0x4a, 0x8b, 0x4a,
        0x8b, 0x4a, 0x8b, 0x4a, 0x8b, 0x4a, 0x8b, 0x4a, 0x8b, 0x4a, 0x8b, 0x4a, 0x8b, 0x4a, 0x8b, 0x4a, 0x8b, 0x4a, 0x6b, 0x42,
        0x6a, 0x42, 0x6a, 0x42, 0x29, 0x3a, 0x09, 0x3a, 0x2a, 0x3a, 0xe9, 0x31, 0xe9, 0x31, 0xa8, 0x29, 0x47, 0x21, 0x46, 0x21,
        0x05, 0x19, 0x82, 0x08, 0x00, 0x00, 0x00, 0x00, 0x00, 0x00, 0x20, 0x08, 0x21, 0x08, 0x21, 0x10, 0xa7, 0x61, 0x2a, 0x7a,
        0x09, 0x72, 0x09, 0x72, 0x09, 0x72, 0x09, 0x72, 0x29, 0x72, 0xe8, 0x69, 0x61, 0x18, 0x41, 0x10, 0x41, 0x10, 0x82, 0x10,
        0x25, 0x19, 0x25, 0x19, 0x25, 0x19, 0x66, 0x21, 0x09, 0x3a, 0x09, 0x32, 0x09, 0x32, 0xe9, 0x31, 0x67, 0x21, 0x46, 0x21,
        0x46, 0x21, 0x46, 0x21, 0x26, 0x19, 0x46, 0x21, 0x67, 0x21, 0xa8, 0x29, 0xab, 0x52, 0xcc, 0x52, 0xab, 0x4a, 0xab, 0x52,
        0xec, 0x52, 0xec, 0x52, 0xec, 0x5a, 0xec, 0x5a, 0xec, 0x5a, 0xec, 0x5a, 0xec, 0x5a, 0x0d, 0x5b, 0x0d, 0x5b, 0x2d, 0x63,
        0x2d, 0x5b, 0x6e, 0x6b, 0xb6, 0xbd, 0x58, 0xce, 0x58, 0xce, 0x5b, 0xef, 0xbc, 0xff, 0x9c, 0xff, 0xbc, 0xff, 0xbc, 0xff,
        0x9c, 0xff, 0x9c, 0xff, 0x9c, 0xff, 0x9c, 0xff, 0x9c, 0xff, 0x9c, 0xff, 0x9c, 0xff, 0x9c, 0xff, 0x9c, 0xff, 0x9c, 0xff,
        0x9c, 0xff, 0x9c, 0xff, 0xbc, 0xff, 0xbc, 0xff, 0x9c, 0xf7, 0x1a, 0xe7, 0x1a, 0xe7, 0xda, 0xde, 0x11, 0x84, 0xaf, 0x73,
        0xaf, 0x73, 0xd0, 0x7b, 0xd0, 0x7b, 0xaf, 0x73, 0xcf, 0x7b, 0xd0, 0x7b, 0xcc, 0x52, 0x8b, 0x4a, 0xab, 0x4a, 0xac, 0x4a,
        0x8b, 0x4a, 0x8b, 0x4a, 0x8b, 0x4a, 0x4a, 0x4a, 0x4f, 0x4b, 0xf3, 0x43, 0xb2, 0x43, 0xd1, 0x43, 0xb6, 0x3c, 0x9a, 0x3d,
        0x9a, 0x3d, 0x7a, 0x45, 0x2e, 0x4b, 0x8b, 0x4a, 0xab, 0x4a, 0x8b, 0x4a, 0x6a, 0x42, 0x8a, 0x4a, 0x09, 0x32, 0x87, 0x21,
        0x67, 0x21, 0x46, 0x21, 0x62, 0x08, 0x41, 0x00, 0x41, 0x00, 0x83, 0x08, 0x26, 0x19, 0x26, 0x19, 0x26, 0x19, 0x05, 0x19,
        0x05, 0x19, 0x25, 0x19, 0x82, 0x10, 0x62, 0x18, 0x82, 0x20, 0xc3, 0x28, 0x09, 0x6a, 0x09, 0x6a, 0x09, 0x6a, 0xe9, 0x69,
        0xe9, 0x69, 0xe9, 0x69, 0x09, 0x6a, 0x09, 0x6a, 0x09, 0x6a, 0x2a, 0x72, 0xc7, 0x59, 0x41, 0x00, 0x20, 0x00, 0x00, 0x00,
        0x41, 0x08, 0xe5, 0x18, 0xe4, 0x10, 0xe4, 0x10, 0xa7, 0x29, 0x2a, 0x3a, 0x2a, 0x3a, 0x4a, 0x42, 0x6a, 0x42, 0x6b, 0x4a,
        0x8b, 0x4a, 0xab, 0x4a, 0xab, 0x4a, 0xab, 0x4a, 0xac, 0x52, 0xab, 0x52, 0xab, 0x4a, 0xab, 0x4a, 0xab, 0x4a, 0x8b, 0x4a,
        0xab, 0x4a, 0xee, 0x4a, 0xee, 0x4a, 0xee, 0x4a, 0xed, 0x4a, 0x8b, 0x4a, 0x8b, 0x4a, 0x8b, 0x4a, 0x8b, 0x42, 0x6b, 0x42,
        0x6a, 0x42, 0x6a, 0x42, 0x6a, 0x42, 0x6a, 0x42, 0x4a, 0x42, 0x62, 0x08, 0x00, 0x00, 0x00, 0x00, 0xe3, 0x10, 0x76, 0x9e,
        0xf8, 0xae, 0xd7, 0xae, 0xd7, 0xae, 0xd7, 0xae, 0xd7, 0xae, 0xd7, 0xae, 0xd7, 0xae, 0xd7, 0xae, 0xd7, 0xae, 0xd7, 0xae,
        0xd7, 0xae, 0xd7, 0xae, 0xd7, 0xae, 0xd7, 0xae, 0xd7, 0xae, 0xd7, 0xae, 0xd7, 0xae, 0xd7, 0xae, 0xd7, 0xae, 0xd7, 0xae,
        0xd7, 0xae, 0xd7, 0xae, 0xd7, 0xae, 0xd7, 0xae, 0xd7, 0xae, 0xd7, 0xae, 0xd7, 0xae, 0xd7, 0xae, 0xd7, 0xae, 0xd7, 0xae,
        0xd7, 0xae, 0xd7, 0xae, 0xd7, 0xae, 0xd7, 0xae, 0xd7, 0xae, 0xd7, 0xae, 0xd7, 0xae, 0xd7, 0xae, 0xd7, 0xae, 0xd7, 0xae,
        0xd7, 0xae, 0xd7, 0xae, 0xd7, 0xae, 0xd7, 0xae, 0xd7, 0xae, 0xd7, 0xae, 0xd7, 0xae, 0xd7, 0xae, 0xd7, 0xae, 0xd7, 0xae,
        0xd7, 0xae, 0xd7, 0xae, 0xd7, 0xae, 0xd7, 0xae, 0xd7, 0xae, 0xd7, 0xae, 0xd7, 0xae, 0xd7, 0xae, 0xd7, 0xae, 0xd7, 0xae,
        0xd7, 0xae, 0xd7, 0xae, 0xd7, 0xae, 0xd7, 0xae, 0xd7, 0xae, 0xd7, 0xae, 0xd7, 0xae, 0xd7, 0xae, 0xd7, 0xae, 0xd7, 0xae,
        0xd7, 0xae, 0xd7, 0xae, 0xd7, 0xae, 0xd7, 0xae, 0xd7, 0xae, 0xd7, 0xae, 0xd7, 0xae, 0xd7, 0xae, 0xd7, 0xae, 0xd7, 0xae,
        0xd7, 0xae, 0xd7, 0xae, 0xd7, 0xae, 0xd7, 0xae, 0xd7, 0xae, 0xd7, 0xae, 0xd7, 0xae, 0xd7, 0xae, 0xd7, 0xae, 0xd7, 0xae,
        0xd7, 0xae, 0xd7, 0xae, 0xd7, 0xae, 0xd7, 0xae, 0xd7, 0xae, 0xd7, 0xae, 0xd7, 0xae, 0xd7, 0xae, 0xd7, 0xae, 0xd7, 0xae,
        0xd7, 0xae, 0x96, 0xa6, 0x76, 0x9e, 0x76, 0xa6, 0xf5, 0x9d, 0xc3, 0x10, 0x00, 0x00, 0x00, 0x00, 0x45, 0x21, 0x8b, 0x4a,
        0x6a, 0x42, 0x6a, 0x42, 0x6a, 0x42, 0x6a, 0x42, 0x6a, 0x42, 0x6a, 0x42, 0x6a, 0x42, 0x6a, 0x4a, 0x8a, 0x4a, 0x8b, 0x4a,
        0x8a, 0x4a, 0x8a, 0x4a, 0x8b, 0x4a, 0x6b, 0x4a, 0x8b, 0x4a, 0x8b, 0x4a, 0x8b, 0x4a, 0x8b, 0x4a, 0x8b, 0x4a, 0x8b, 0x4a,
        0x6a, 0x42, 0x6a, 0x42, 0x87, 0x21, 0x05, 0x19, 0x26, 0x19, 0x46, 0x19, 0x47, 0x19, 0x06, 0x19, 0xc4, 0x10, 0xe4, 0x10,
        0x21, 0x00, 0x00, 0x00, 0x00, 0x00, 0x00, 0x00, 0x82, 0x20, 0xa7, 0x61, 0xa7, 0x61, 0xc8, 0x61, 0xe9, 0x71, 0x09, 0x72,
        0x09, 0x72, 0x09, 0x72, 0xe8, 0x69, 0xc8, 0x69, 0xc8, 0x69, 0xc8, 0x69, 0xc7, 0x61, 0xa7, 0x61, 0xa7, 0x61, 0x66, 0x51,
        0x21, 0x08, 0x20, 0x00, 0x20, 0x00, 0x82, 0x08, 0x67, 0x21, 0x67, 0x21, 0x67, 0x21, 0x67, 0x21, 0xe8, 0x31, 0xc8, 0x31,
        0xc8, 0x31, 0xe8, 0x31, 0xab, 0x52, 0xcc, 0x52, 0xec, 0x52, 0xed, 0x5a, 0x0d, 0x5b, 0x0d, 0x5b, 0xec, 0x5a, 0xec, 0x5a,
        0xec, 0x5a, 0xec, 0x5a, 0xec, 0x5a, 0xec, 0x5a, 0xec, 0x5a, 0xec, 0x52, 0xec, 0x52, 0xec, 0x52, 0x8e, 0x6b, 0x10, 0x84,
        0x10, 0x84, 0x10, 0x84, 0xcf, 0x7b, 0xaf, 0x73, 0xaf, 0x73, 0xb9, 0xde, 0xbc, 0xff, 0x9c, 0xff, 0x9c, 0xff, 0xbc, 0xff,
        0x9c, 0xff, 0x9c, 0xff, 0x9c, 0xff, 0x9c, 0xff, 0x9c, 0xff, 0x9c, 0xff, 0x9c, 0xff, 0x9c, 0xff, 0x9c, 0xff, 0x9c, 0xff,
        0x9c, 0xff, 0x9c, 0xff, 0x9c, 0xff, 0xdd, 0xff, 0xda, 0xde, 0x31, 0x84, 0x51, 0x8c, 0x31, 0x84, 0x11, 0x84, 0x10, 0x84,
        0xf0, 0x7b, 0x11, 0x84, 0x2d, 0x63, 0x8b, 0x4a, 0x8b, 0x4a, 0x8b, 0x4a, 0x8b, 0x4a, 0x8b, 0x4a, 0x8b, 0x4a, 0xab, 0x4a,
        0xb1, 0x53, 0x33, 0x54, 0x34, 0x54, 0x13, 0x54, 0x39, 0x45, 0x5f, 0x36, 0x1e, 0x2e, 0x7f, 0x2e, 0x54, 0x3c, 0x4a, 0x4a,
        0xac, 0x4a, 0x8b, 0x4a, 0x8b, 0x4a, 0x8b, 0x4a, 0xab, 0x4a, 0x8b, 0x4a, 0x8b, 0x4a, 0x8b, 0x4a, 0x8a, 0x4a, 0x6b, 0x42,
        0x6b, 0x4a, 0x6a, 0x42, 0x09, 0x3a, 0xe8, 0x31, 0xe8, 0x31, 0xe8, 0x31, 0x09, 0x3a, 0x29, 0x3a, 0x66, 0x29, 0x00, 0x00,
        0x00, 0x00, 0x00, 0x00, 0xc3, 0x20, 0xc8, 0x61, 0xc8, 0x61, 0xe8, 0x69, 0xe9, 0x69, 0xe9, 0x69, 0xe9, 0x69, 0xe9, 0x69,
        0xe9, 0x69, 0xe9, 0x69, 0x09, 0x6a, 0x09, 0x6a, 0x09, 0x6a, 0x09, 0x6a, 0xe9, 0x69, 0xa7, 0x51, 0x87, 0x51, 0x87, 0x51,
        0x61, 0x10, 0x00, 0x00, 0x00, 0x00, 0x00, 0x00, 0xe4, 0x18, 0x67, 0x21, 0x46, 0x21, 0xa7, 0x29, 0x2a, 0x3a, 0x4a, 0x42,
        0x8b, 0x4a, 0xab, 0x4a, 0xab, 0x4a, 0xab, 0x52, 0xab, 0x52, 0xab, 0x4a, 0xab, 0x4a, 0xab, 0x4a, 0xab, 0x4a, 0xab, 0x4a,
        0xab, 0x4a, 0xac, 0x4a, 0xac, 0x4a, 0xac, 0x4a, 0xab, 0x4a, 0x8b, 0x4a, 0x6b, 0x4a, 0x6b, 0x4a, 0x6b, 0x4a, 0x6a, 0x42,
        0x6a, 0x42, 0x6a, 0x42, 0x6a, 0x42, 0x6a, 0x42, 0x4a, 0x42, 0x82, 0x08, 0x00, 0x00, 0x00, 0x00, 0xe3, 0x10, 0x76, 0xa6,
        0xf8, 0xae, 0xd7, 0xae, 0xd7, 0xae, 0xd7, 0xae, 0xd7, 0xae, 0xd7, 0xae, 0xd7, 0xae, 0xd7, 0xae, 0xd7, 0xae, 0xd7, 0xae,
        0xd7, 0xae, 0xd7, 0xae, 0xd7, 0xae, 0xd7, 0xae, 0xd7, 0xae, 0xd7, 0xae, 0xd7, 0xae, 0xd7, 0xae, 0xd7, 0xae, 0xd7, 0xae,
        0xd7, 0xae, 0xd7, 0xae, 0xd7, 0xae, 0xd7, 0xae, 0xd7, 0xae, 0xd7, 0xae, 0xd7, 0xae, 0xd7, 0xae, 0xd7, 0xae, 0xd7, 0xae,
        0xd7, 0xae, 0xd7, 0xae, 0xd7, 0xae, 0xd7, 0xae, 0xd7, 0xae, 0xd7, 0xae, 0xd7, 0xae, 0xd7, 0xae, 0xd7, 0xae, 0xd7, 0xae,
        0xd7, 0xae, 0xd7, 0xae, 0xd7, 0xae, 0xd7, 0xae, 0xd7, 0xae, 0xd7, 0xae, 0xd7, 0xae, 0xd7, 0xae, 0xd7, 0xae, 0xd7, 0xae,
        0xd7, 0xae, 0xd7, 0xae, 0xd7, 0xae, 0xd7, 0xae, 0xd7, 0xae, 0xd7, 0xae, 0xd7, 0xae, 0xd7, 0xae, 0xd7, 0xae, 0xd7, 0xae,
        0xd7, 0xae, 0xd7, 0xae, 0xd7, 0xae, 0xd7, 0xae, 0xd7, 0xae, 0xd7, 0xae, 0xd7, 0xae, 0xd7, 0xae, 0xd7, 0xae, 0xd7, 0xae,
        0xd7, 0xae, 0xd7, 0xae, 0xd7, 0xae, 0xd7, 0xae, 0xd7, 0xae, 0xd7, 0xae, 0xd7, 0xae, 0xd7, 0xae, 0xd7, 0xae, 0xd7, 0xa6,
        0xd7, 0xae, 0xd7, 0xae, 0xd7, 0xae, 0xd7, 0xae, 0xd7, 0xae, 0xd7, 0xae, 0xd7, 0xae, 0xd7, 0xae, 0xd7, 0xae, 0xd7, 0xae,
        0xd7, 0xae, 0xd7, 0xae, 0xd7, 0xae, 0xd7, 0xae, 0xd7, 0xae, 0xd7, 0xae, 0xd7, 0xae, 0xd7, 0xae, 0xd7, 0xae, 0xd7, 0xae,
        0xb7, 0xae, 0x07, 0x32, 0x03, 0x19, 0x03, 0x19, 0x03, 0x19, 0x87, 0x29, 0xa7, 0x31, 0xc7, 0x31, 0x09, 0x3a, 0x6a, 0x42,
        0x6a, 0x42, 0x6a, 0x42, 0x6a, 0x42, 0x6a, 0x42, 0x6a, 0x42, 0x6a, 0x42, 0x8a, 0x4a, 0x8a, 0x42, 0x6a, 0x4a, 0x6a, 0x4a,
        0x6a, 0x42, 0x6a, 0x42, 0x6a, 0x42, 0x6a, 0x42, 0x6a, 0x4a, 0x6a, 0x42, 0x2a, 0x3a, 0x4a, 0x42, 0x29, 0x3a, 0xc8, 0x31,
        0xa8, 0x29, 0xa8, 0x29, 0x46, 0x19, 0x06, 0x19, 0x26, 0x19, 0x26, 0x19, 0x47, 0x19, 0xc4, 0x10, 0x00, 0x00, 0x20, 0x00,
        0x00, 0x00, 0x00, 0x00, 0x00, 0x00, 0x00, 0x00, 0xa3, 0x28, 0xe9, 0x71, 0xe8, 0x69, 0xe9, 0x69, 0xe9, 0x71, 0x09, 0x72,
        0x09, 0x72, 0xe8, 0x71, 0xc8, 0x61, 0x87, 0x59, 0x87, 0x59, 0xa8, 0x61, 0xc8, 0x69, 0xc8, 0x69, 0xc8, 0x69, 0x86, 0x51,
        0x41, 0x08, 0x20, 0x00, 0x20, 0x00, 0x62, 0x08, 0x88, 0x21, 0x88, 0x21, 0x67, 0x21, 0x67, 0x21, 0xe9, 0x31, 0xe8, 0x31,
        0xc8, 0x31, 0x09, 0x3a, 0xec, 0x52, 0xec, 0x5a, 0xed, 0x5a, 0x0d, 0x5b, 0xed, 0x5a, 0xed, 0x5a, 0xec, 0x5a, 0xed, 0x5a,
        0xec, 0x5a, 0xec, 0x5a, 0xec, 0x5a, 0xec, 0x5a, 0xec, 0x52, 0xec, 0x52, 0xec, 0x52, 0xcc, 0x52, 0x6e, 0x6b, 0x10, 0x84,
        0x10, 0x84, 0x10, 0x84, 0xf0, 0x7b, 0xf0, 0x7b, 0xaf, 0x73, 0xb9, 0xde, 0xbc, 0xff, 0x9c, 0xff, 0x9c, 0xff, 0x9c, 0xff,
        0x9c, 0xff, 0x9c, 0xff, 0x9c, 0xff, 0x9c, 0xff, 0x9c, 0xff, 0x9c, 0xff, 0x9c, 0xff, 0x9c, 0xff, 0x9c, 0xff, 0x9c, 0xff,
        0x9c, 0xff, 0x9c, 0xff, 0x9c, 0xff, 0xdd, 0xff, 0xda, 0xde, 0x11, 0x84, 0x11, 0x84, 0x11, 0x84, 0x11, 0x84, 0x10, 0x84,
        0xf0, 0x83, 0x11, 0x84, 0x2d, 0x63, 0x8b, 0x4a, 0xab, 0x4a, 0xab, 0x4a, 0x8b, 0x4a, 0x8b, 0x4a, 0x8b, 0x4a, 0x6b, 0x4a,
        0x7a, 0x4d, 0xdf, 0x56, 0xbf, 0x4e, 0xbf, 0x4e, 0x5e, 0x3e, 0x1e, 0x36, 0x1e, 0x36, 0x3f, 0x36, 0x34, 0x3c, 0x6a, 0x4a,
        0xab, 0x4a, 0x8b, 0x4a, 0x8b, 0x4a, 0x8b, 0x4a, 0x8b, 0x4a, 0x8b, 0x4a, 0x8b, 0x4a, 0x8b, 0x4a, 0x8b, 0x4a, 0x8b, 0x4a,
        0x8b, 0x4a, 0x8b, 0x4a, 0x4a, 0x42, 0x29, 0x3a, 0x29, 0x3a, 0x29, 0x3a, 0x2a, 0x3a, 0x4a, 0x42, 0x87, 0x29, 0x00, 0x00,
        0x00, 0x00, 0x00, 0x00, 0xa3, 0x20, 0xc8, 0x59, 0xc8, 0x59, 0xa8, 0x59, 0xa7, 0x59, 0xa7, 0x59, 0xa7, 0x59, 0xc8, 0x61,
        0x09, 0x6a, 0x09, 0x6a, 0x09, 0x6a, 0x09, 0x6a, 0x09, 0x6a, 0x09, 0x6a, 0x09, 0x6a, 0x09, 0x6a, 0xe8, 0x61, 0xe8, 0x61,
        0x82, 0x18, 0x00, 0x00, 0x00, 0x00, 0x00, 0x00, 0xe5, 0x18, 0x67, 0x21, 0x46, 0x21, 0x87, 0x29, 0xc8, 0x31, 0xe8, 0x31,
        0x09, 0x3a, 0x29, 0x3a, 0x29, 0x3a, 0x8b, 0x4a, 0xcc, 0x52, 0xab, 0x52, 0xab, 0x4a, 0xab, 0x4a, 0xab, 0x4a, 0xab, 0x4a,
        0xab, 0x4a, 0xac, 0x4a, 0xac, 0x52, 0xac, 0x4a, 0xab, 0x4a, 0x8b, 0x4a, 0x6a, 0x42, 0x6a, 0x42, 0x6a, 0x42, 0x6a, 0x42,
        0x6a, 0x42, 0x6a, 0x42, 0x6a, 0x42, 0x4a, 0x42, 0x4a, 0x42, 0x62, 0x08, 0x00, 0x00, 0x00, 0x00, 0x03, 0x11, 0x76, 0xa6,
        0xf8, 0xae, 0xd7, 0xae, 0xd7, 0xae, 0xd7, 0xae, 0xd7, 0xae, 0xd7, 0xae, 0xd7, 0xae, 0xd7, 0xae, 0xd7, 0xae, 0xd7, 0xae,
        0xd7, 0xae, 0xd7, 0xae, 0xd7, 0xae, 0xd7, 0xae, 0xd7, 0xae, 0xd7, 0xae, 0xd7, 0xae, 0xd7, 0xae, 0xd7, 0xae, 0xd7, 0xae,
        0xd7, 0xae, 0xd7, 0xae, 0xd7, 0xae, 0xd7, 0xae, 0xd7, 0xae, 0xd7, 0xae, 0xd7, 0xae, 0xd7, 0xae, 0xd7, 0xae, 0xd7, 0xae,
        0xd7, 0xae, 0xd7, 0xae, 0xd7, 0xae, 0xd7, 0xae, 0xd7, 0xae, 0xd7, 0xae, 0xd7, 0xae, 0xd7, 0xae, 0xd7, 0xae, 0xd7, 0xae,
        0xd7, 0xae, 0xd7, 0xae, 0xd7, 0xae, 0xd7, 0xae, 0xd7, 0xae, 0xd7, 0xae, 0xd7, 0xae, 0xd7, 0xae, 0xd7, 0xae, 0xd7, 0xae,
        0xd7, 0xae, 0xd7, 0xae, 0xd7, 0xae, 0xd7, 0xae, 0xd7, 0xae, 0xd7, 0xae, 0xd7, 0xae, 0xd7, 0xae, 0xd7, 0xae, 0xd7, 0xae,
        0xd7, 0xae, 0xd7, 0xae, 0xd7, 0xae, 0xd7, 0xae, 0xd7, 0xae, 0xd7, 0xae, 0xd7, 0xae, 0xd7, 0xae, 0xd7, 0xae, 0xd7, 0xae,
        0xd7, 0xae, 0xd7, 0xae, 0xd7, 0xae, 0xd7, 0xae, 0xd7, 0xae, 0xd7, 0xae, 0xd7, 0xae, 0xd7, 0xae, 0xd7, 0xae, 0xd7, 0xae,
        0xd7, 0xae, 0xd7, 0xae, 0xd7, 0xae, 0xd7, 0xae, 0xd7, 0xae, 0xd7, 0xae, 0xd7, 0xae, 0xd7, 0xae, 0xd7, 0xae, 0xd7, 0xae,
        0xd7, 0xae, 0xd7, 0xae, 0xd7, 0xae, 0xd7, 0xae, 0xd7, 0xae, 0xd7, 0xae, 0xd7, 0xae, 0xd7, 0xae, 0xd7, 0xae, 0xd7, 0xae,
        0xb7, 0xae, 0x03, 0x19, 0x00, 0x00, 0x00, 0x00, 0x00, 0x00, 0xc8, 0x31, 0x4a, 0x42, 0x4a, 0x42, 0x4a, 0x42, 0x6a, 0x42,
        0x6a, 0x42, 0x6a, 0x42, 0x6a, 0x42, 0x6a, 0x42, 0x6a, 0x42, 0x6a, 0x42, 0x6a, 0x4a, 0x8a, 0x4a, 0x8a, 0x4a, 0x8b, 0x4a,
        0x6a, 0x42, 0x6a, 0x42, 0x6a, 0x42, 0x6a, 0x42, 0x6a, 0x4a, 0x4a, 0x42, 0x09, 0x3a, 0x2a, 0x3a, 0xe9, 0x31, 0x47, 0x21,
        0x46, 0x19, 0x26, 0x19, 0x26, 0x19, 0x26, 0x19, 0x26, 0x19, 0x06, 0x19, 0x47, 0x19, 0xc4, 0x10, 0x00, 0x00, 0x20, 0x00,
        0x20, 0x00, 0x00, 0x00, 0x00, 0x00, 0x00, 0x00, 0xa3, 0x20, 0xe9, 0x71, 0xe8, 0x69, 0x09, 0x72, 0x09, 0x72, 0x09, 0x72,
        0xe9, 0x71, 0x09, 0x72, 0xe4, 0x30, 0x62, 0x18, 0x82, 0x18, 0x82, 0x20, 0xa3, 0x28, 0xa3, 0x28, 0xa3, 0x30, 0xa3, 0x28,
        0x20, 0x00, 0x20, 0x00, 0x20, 0x00, 0x82, 0x08, 0x88, 0x21, 0x88, 0x21, 0x87, 0x21, 0x87, 0x21, 0x09, 0x3a, 0xe9, 0x39,
        0xc8, 0x31, 0x09, 0x3a, 0xcc, 0x52, 0xec, 0x52, 0xec, 0x52, 0xed, 0x5a, 0xec, 0x52, 0xec, 0x52, 0xec, 0x52, 0xec, 0x5a,
        0xec, 0x5a, 0xed, 0x5a, 0xec, 0x5a, 0xec, 0x5a, 0xec, 0x52, 0xec, 0x52, 0xcc, 0x52, 0xac, 0x52, 0x6e, 0x6b, 0xf0, 0x7b,
        0x10, 0x7c, 0x10, 0x84, 0x10, 0x84, 0xf0, 0x7b, 0xd0, 0x73, 0xb9, 0xde, 0xbc, 0xff, 0x9c, 0xff, 0x9c, 0xff, 0x9c, 0xff,
        0x9c, 0xff, 0x9c, 0xff, 0x9c, 0xff, 0x9c, 0xff, 0x9c, 0xff, 0x9c, 0xff, 0x9c, 0xff, 0x9c, 0xff, 0x9c, 0xff, 0x9c, 0xff,
        0x9c, 0xff, 0x9c, 0xff, 0x9c, 0xff, 0xbc, 0xff, 0xb9, 0xde, 0xf0, 0x7b, 0xf0, 0x7b, 0xf0, 0x83, 0xf0, 0x83, 0xf0, 0x83,
        0xf0, 0x83, 0x11, 0x84, 0x2d, 0x63, 0x8b, 0x4a, 0xab, 0x4a, 0xab, 0x4a, 0xab, 0x4a, 0xab, 0x4a, 0xab, 0x4a, 0x6b, 0x4a,
        0x59, 0x4d, 0xbf, 0x46, 0x9f, 0x46, 0x9f, 0x46, 0x9b, 0x3d, 0x1e, 0x36, 0x5f, 0x3e, 0x7f, 0x3e, 0x75, 0x44, 0x6a, 0x4a,
        0xab, 0x4a, 0xab, 0x4a, 0xab, 0x4a, 0x8b, 0x4a, 0x8b, 0x4a, 0xab, 0x4a, 0x8b, 0x4a, 0x8b, 0x4a, 0x8b, 0x4a, 0x8b, 0x4a,
        0x8b, 0x4a, 0x8b, 0x4a, 0x2a, 0x3a, 0x29, 0x3a, 0x29, 0x3a, 0x2a, 0x3a, 0x4a, 0x42, 0x6b, 0x42, 0xa7, 0x31, 0x00, 0x00,
        0x00, 0x00, 0x20, 0x00, 0x20, 0x08, 0x41, 0x10, 0x41, 0x08, 0x41, 0x08, 0x41, 0x08, 0x41, 0x08, 0x21, 0x08, 0xa3, 0x20,
        0x09, 0x72, 0x09, 0x72, 0x09, 0x72, 0x09, 0x6a, 0x09, 0x6a, 0x09, 0x6a, 0xe9, 0x69, 0xe8, 0x61, 0xc8, 0x61, 0xe8, 0x61,
        0x62, 0x18, 0x00, 0x00, 0x00, 0x00, 0x00, 0x00, 0x41, 0x08, 0x62, 0x08, 0x41, 0x08, 0x05, 0x19, 0x87, 0x29, 0x87, 0x29,
        0xa8, 0x29, 0xc8, 0x31, 0xc8, 0x31, 0x6a, 0x42, 0xcc, 0x52, 0xab, 0x4a, 0xab, 0x4a, 0x8b, 0x4a, 0x8b, 0x4a, 0xab, 0x4a,
        0xab, 0x4a, 0xab, 0x4a, 0xab, 0x4a, 0x8b, 0x4a, 0xab, 0x4a, 0x8b, 0x4a, 0x6a, 0x42, 0x6a, 0x42, 0x6a, 0x42, 0x6a, 0x42,
        0x6a, 0x42, 0x6a, 0x42, 0x6a, 0x42, 0x6a, 0x42, 0x4a, 0x42, 0x62, 0x08, 0x00, 0x00, 0x00, 0x00, 0x03, 0x19, 0x76, 0xa6,
        0xf8, 0xae, 0xd7, 0xae, 0xd7, 0xae, 0xd7, 0xae, 0xd7, 0xae, 0xd7, 0xae, 0xd7, 0xae, 0xd7, 0xae, 0xd7, 0xae, 0xd7, 0xae,
        0xd7, 0xae, 0xd7, 0xae, 0xd7, 0xae, 0xd7, 0xae, 0xd7, 0xae, 0xd7, 0xae, 0xd7, 0xae, 0xd7, 0xae, 0xd7, 0xae, 0xd7, 0xae,
        0xd7, 0xae, 0xd7, 0xae, 0xd7, 0xae, 0xd7, 0xae, 0xd7, 0xae, 0xd7, 0xae, 0xd7, 0xae, 0xd7, 0xae, 0xd7, 0xae, 0xd7, 0xae,
        0xd7, 0xae, 0xd7, 0xae, 0xd7, 0xae, 0xd7, 0xae, 0xd7, 0xae, 0xd7, 0xae, 0xd7, 0xae, 0xd7, 0xae, 0xd7, 0xae, 0xd7, 0xae,
        0xd7, 0xae, 0xd7, 0xae, 0xd7, 0xae, 0xd7, 0xae, 0xd7, 0xae, 0xd7, 0xae, 0xd7, 0xae, 0xd7, 0xae, 0xd7, 0xae, 0xd7, 0xae,
        0xd7, 0xae, 0xd7, 0xae, 0xd7, 0xae, 0xd7, 0xae, 0xd7, 0xae, 0xd7, 0xae, 0xd7, 0xae, 0xd7, 0xae, 0xd7, 0xae, 0xd7, 0xae,
        0xd7, 0xae, 0xd7, 0xae, 0xd7, 0xae, 0xd7, 0xae, 0xd7, 0xae, 0xd7, 0xae, 0xd7, 0xae, 0xd7, 0xae, 0xd7, 0xae, 0xd7, 0xae,
        0xd7, 0xae, 0xd7, 0xae, 0xd7, 0xae, 0xd7, 0xae, 0xd7, 0xae, 0xd7, 0xae, 0xd7, 0xae, 0xd7, 0xae, 0xd7, 0xae, 0xd7, 0xae,
        0xd7, 0xae, 0xd7, 0xae, 0xd7, 0xae, 0xd7, 0xae, 0xd7, 0xae, 0xd7, 0xae, 0xd7, 0xae, 0xd7, 0xae, 0xd7, 0xae, 0xd7, 0xae,
        0xd7, 0xae, 0xd7, 0xae, 0xd7, 0xae, 0xd7, 0xae, 0xd7, 0xae, 0xd7, 0xae, 0xd7, 0xae, 0xd7, 0xae, 0xd7, 0xae, 0xd7, 0xae,
        0xb7, 0xae, 0x24, 0x19, 0x00, 0x00, 0x00, 0x00, 0x20, 0x00, 0xc8, 0x31, 0x4a, 0x42, 0x4a, 0x42, 0x4a, 0x42, 0x6a, 0x42,
        0x6b, 0x4a, 0x6a, 0x4a, 0x6a, 0x42, 0x6a, 0x42, 0x6a, 0x4a, 0x6a, 0x4a, 0x8a, 0x4a, 0x8b, 0x4a, 0x8b, 0x4a, 0x8b, 0x4a,
        0x8b, 0x4a, 0x6a, 0x42, 0x6a, 0x42, 0x6a, 0x42, 0x6a, 0x4a, 0x4a, 0x42, 0x29, 0x3a, 0x4a, 0x42, 0xe9, 0x31, 0x47, 0x21,
        0x67, 0x21, 0x67, 0x21, 0x47, 0x21, 0x47, 0x21, 0x26, 0x19, 0x62, 0x08, 0x82, 0x08, 0x41, 0x08, 0x00, 0x00, 0x00, 0x00,
        0x20, 0x08, 0x21, 0x08, 0x20, 0x08, 0x00, 0x00, 0xa3, 0x28, 0x09, 0x72, 0x09, 0x72, 0x09, 0x72, 0x09, 0x72, 0x09, 0x72,
        0x09, 0x72, 0x29, 0x72, 0x62, 0x10, 0x00, 0x00, 0x00, 0x00, 0x00, 0x00, 0x00, 0x00, 0x20, 0x08, 0x20, 0x08, 0x20, 0x08,
        0x20, 0x00, 0x20, 0x00, 0x20, 0x00, 0x82, 0x08, 0x88, 0x21, 0x88, 0x21, 0x87, 0x21, 0x88, 0x29, 0x09, 0x3a, 0x09, 0x3a,
        0xe9, 0x31, 0x29, 0x3a, 0xec, 0x52, 0xec, 0x52, 0xec, 0x52, 0xec, 0x52, 0xec, 0x52, 0xec, 0x52, 0xec, 0x52, 0xec, 0x52,
        0xec, 0x52, 0xec, 0x5a, 0xec, 0x5a, 0xec, 0x5a, 0xec, 0x52, 0xcc, 0x52, 0xcc, 0x52, 0xac, 0x52, 0x4e, 0x63, 0xd0, 0x73,
        0xcf, 0x7b, 0xf0, 0x7b, 0x11, 0x84, 0x11, 0x84, 0xf0, 0x7b, 0xd9, 0xde, 0xdc, 0xff, 0x9c, 0xff, 0x9c, 0xff, 0x9c, 0xff,
        0x9c, 0xff, 0x9c, 0xff, 0x9c, 0xff, 0x9c, 0xff, 0x9c, 0xff, 0x9c, 0xff, 0x9c, 0xff, 0x9c, 0xff, 0x9c, 0xff, 0x9c, 0xff,
        0x9c, 0xff, 0x9c, 0xff, 0x9c, 0xff, 0xbc, 0xff, 0xb9, 0xde, 0xf0, 0x7b, 0xf0, 0x7b, 0xf0, 0x7b, 0xd0, 0x7b, 0xaf, 0x73,
        0xaf, 0x73, 0xd0, 0x7b, 0x2d, 0x63, 0x8b, 0x4a, 0xac, 0x4a, 0xac, 0x52, 0xac, 0x4a, 0xac, 0x4a, 0xac, 0x4a, 0x6b, 0x4a,
        0x59, 0x45, 0xbf, 0x3e, 0x7f, 0x3e, 0xbf, 0x3e, 0x55, 0x34, 0x72, 0x3b, 0xf4, 0x3b, 0x14, 0x44, 0x4f, 0x4b, 0xab, 0x52,
        0xac, 0x52, 0xac, 0x4a, 0xab, 0x4a, 0xab, 0x4a, 0xab, 0x4a, 0xab, 0x4a, 0xab, 0x4a, 0x8b, 0x4a, 0x8b, 0x4a, 0x8b, 0x4a,
        0x8b, 0x4a, 0x6a, 0x42, 0x29, 0x3a, 0x29, 0x3a, 0x4a, 0x42, 0x09, 0x3a, 0x87, 0x21, 0xa8, 0x29, 0x25, 0x19, 0x00, 0x00,
        0x00, 0x00, 0x00, 0x00, 0x00, 0x00, 0x00, 0x00, 0x00, 0x00, 0x00, 0x00, 0x00, 0x00, 0x00, 0x00, 0x00, 0x00, 0x82, 0x18,
        0x2a, 0x72, 0x2a, 0x72, 0x29, 0x72, 0x09, 0x6a, 0xe9, 0x69, 0xe9, 0x69, 0xe9, 0x69, 0xe8, 0x61, 0xe8, 0x69, 0xe9, 0x69,
        0x82, 0x18, 0x00, 0x00, 0x20, 0x00, 0x20, 0x00, 0x20, 0x00, 0x00, 0x00, 0x00, 0x00, 0x05, 0x19, 0xe9, 0x31, 0xc8, 0x31,
        0xc8, 0x31, 0xe9, 0x31, 0xe9, 0x31, 0x6a, 0x4a, 0xcc, 0x52, 0xab, 0x4a, 0x8b, 0x4a, 0x8b, 0x4a, 0x8b, 0x4a, 0x8b, 0x4a,
        0x8b, 0x4a, 0xab, 0x4a, 0xab, 0x4a, 0x8b, 0x4a, 0x8b, 0x4a, 0x8b, 0x4a, 0x6b, 0x42, 0x6b, 0x42, 0x6a, 0x42, 0x6a, 0x42,
        0x6a, 0x42, 0x6a, 0x42, 0x6a, 0x42, 0x4a, 0x42, 0x4a, 0x3a, 0x61, 0x08, 0x00, 0x00, 0x00, 0x00, 0x03, 0x11, 0x76, 0xa6,
        0xf8, 0xae, 0xd7, 0xae, 0xd7, 0xae, 0xd7, 0xae, 0xd7, 0xae, 0xd7, 0xae, 0xd7, 0xae, 0xd7, 0xae, 0xd7, 0xae, 0xd7, 0xae,
        0xd7, 0xae, 0xd7, 0xae, 0xd7, 0xae, 0xd7, 0xae, 0xd7, 0xae, 0xd7, 0xae, 0xd7, 0xae, 0xd7, 0xae, 0xd7, 0xae, 0xd7, 0xae,
        0xd7, 0xae, 0xd7, 0xae, 0xd7, 0xae, 0xd7, 0xae, 0xd7, 0xae, 0xd7, 0xae, 0xd7, 0xae, 0xd7, 0xae, 0xd7, 0xae, 0xd7, 0xae,
        0xd7, 0xae, 0xd7, 0xae, 0xd7, 0xae, 0xd7, 0xae, 0xd7, 0xae, 0xd7, 0xae, 0xd7, 0xae, 0xd7, 0xae, 0xd7, 0xae, 0xd7, 0xae,
        0xd7, 0xae, 0xd7, 0xae, 0xd7, 0xae, 0xd7, 0xae, 0xd7, 0xae, 0xd7, 0xae, 0xd7, 0xae, 0xd7, 0xae, 0xd7, 0xae, 0xd7, 0xae,
        0xd7, 0xae, 0xd7, 0xae, 0xd7, 0xae, 0xd7, 0xae, 0xd7, 0xae, 0xd7, 0xae, 0xd7, 0xae, 0xd7, 0xae, 0xd7, 0xae, 0xd7, 0xae,
        0xd7, 0xae, 0xd7, 0xae, 0xd7, 0xae, 0xd7, 0xae, 0xd7, 0xae, 0xd7, 0xae, 0xd7, 0xae, 0xd7, 0xae, 0xd7, 0xae, 0xd7, 0xae,
        0xd7, 0xae, 0xd7, 0xae, 0xd7, 0xae, 0xd7, 0xae, 0xd7, 0xae, 0xd7, 0xae, 0xd7, 0xae, 0xd7, 0xae, 0xd7, 0xae, 0xd7, 0xae,
        0xd7, 0xae, 0xd7, 0xae, 0xd7, 0xae, 0xd7, 0xae, 0xd7, 0xae, 0xd7, 0xae, 0xd7, 0xae, 0xd7, 0xae, 0xd7, 0xae, 0xd7, 0xae,
        0xd7, 0xae, 0xd7, 0xae, 0xd7, 0xae, 0xd7, 0xae, 0xd7, 0xae, 0xd7, 0xae, 0xd7, 0xae, 0xd7, 0xae, 0xd7, 0xae, 0xd7, 0xae,
        0xb7, 0xa6, 0x24, 0x19, 0x00, 0x00, 0x00, 0x00, 0x20, 0x00, 0xe8, 0x31, 0x4a, 0x42, 0x4a, 0x42, 0x6a, 0x42, 0x6a, 0x42,
        0x6a, 0x4a, 0x6a, 0x42, 0x6a, 0x4a, 0x6a, 0x4a, 0x6a, 0x4a, 0x6a, 0x42, 0x6a, 0x42, 0x8b, 0x4a, 0x6a, 0x4a, 0x09, 0x3a,
        0x09, 0x3a, 0x09, 0x3a, 0xe9, 0x31, 0xe9, 0x39, 0xe9, 0x39, 0xc8, 0x31, 0x67, 0x21, 0xa8, 0x29, 0x87, 0x21, 0x46, 0x19,
        0x46, 0x19, 0xe5, 0x18, 0xc4, 0x10, 0xe4, 0x10, 0xc4, 0x10, 0x00, 0x00, 0x00, 0x00, 0x00, 0x00, 0x00, 0x00, 0x00, 0x00,
        0xc3, 0x28, 0xc8, 0x69, 0xc8, 0x61, 0xa7, 0x61, 0xc8, 0x61, 0x09, 0x72, 0x09, 0x72, 0x09, 0x72, 0x09, 0x72, 0x09, 0x72,
        0x09, 0x7a, 0x29, 0x7a, 0x25, 0x29, 0xe4, 0x10, 0xc4, 0x10, 0xe4, 0x18, 0x87, 0x29, 0xa7, 0x31, 0xa7, 0x31, 0xc7, 0x31,
        0xc8, 0x31, 0xe8, 0x39, 0x09, 0x3a, 0x29, 0x3a, 0x0a, 0x3a, 0x09, 0x3a, 0x09, 0x3a, 0x2a, 0x3a, 0xec, 0x52, 0xcc, 0x52,
        0xcc, 0x52, 0xcc, 0x52, 0xec, 0x52, 0xed, 0x52, 0xec, 0x52, 0xed, 0x52, 0xed, 0x52, 0xec, 0x52, 0xec, 0x52, 0xec, 0x52,
        0xec, 0x52, 0xec, 0x5a, 0xec, 0x52, 0xec, 0x52, 0xec, 0x52, 0xcc, 0x52, 0xcc, 0x52, 0x8b, 0x4a, 0x51, 0x84, 0xb6, 0xb5,
        0xb6, 0xb5, 0xf3, 0x9c, 0x11, 0x84, 0x31, 0x84, 0xf0, 0x7b, 0xda, 0xde, 0xdd, 0xff, 0x9c, 0xff, 0x9c, 0xff, 0x9c, 0xff,
        0x9c, 0xff, 0x9c, 0xff, 0x9c, 0xff, 0x9c, 0xff, 0x9c, 0xff, 0x9c, 0xff, 0x9c, 0xff, 0x9c, 0xff, 0x9c, 0xff, 0x9c, 0xff,
        0x9c, 0xff, 0x9c, 0xff, 0x9c, 0xff, 0xdc, 0xff, 0xd9, 0xde, 0x11, 0x84, 0x11, 0x84, 0x11, 0x84, 0xcf, 0x73, 0xac, 0x4a,
        0xac, 0x52, 0xcc, 0x52, 0xcc, 0x52, 0xac, 0x4a, 0xac, 0x52, 0xac, 0x52, 0xac, 0x4a, 0xac, 0x4a, 0xac, 0x4a, 0x6b, 0x4a,
        0x7a, 0x45, 0xdf, 0x3e, 0xbf, 0x3e, 0xdf, 0x3e, 0xd3, 0x3b, 0x0a, 0x4a, 0x4a, 0x4a, 0x4a, 0x4a, 0x8b, 0x52, 0xcc, 0x52,
        0xab, 0x52, 0xab, 0x52, 0xac, 0x4a, 0xab, 0x4a, 0xab, 0x52, 0xab, 0x4a, 0xab, 0x4a, 0xab, 0x4a, 0x8b, 0x4a, 0x8b, 0x4a,
        0x8b, 0x4a, 0x8a, 0x42, 0x6a, 0x42, 0x6a, 0x42, 0x8a, 0x4a, 0x09, 0x3a, 0x46, 0x19, 0x47, 0x21, 0x46, 0x19, 0x05, 0x19,
        0x05, 0x19, 0xe4, 0x10, 0x25, 0x21, 0x45, 0x21, 0x25, 0x21, 0x25, 0x21, 0x25, 0x21, 0x25, 0x21, 0x46, 0x21, 0x05, 0x21,
        0x82, 0x18, 0x82, 0x20, 0x82, 0x18, 0xe4, 0x30, 0x09, 0x6a, 0x09, 0x6a, 0x09, 0x6a, 0x09, 0x6a, 0xe9, 0x69, 0xe9, 0x69,
        0xa7, 0x59, 0xa7, 0x59, 0xa7, 0x61, 0x87, 0x51, 0x41, 0x08, 0x00, 0x00, 0x00, 0x00, 0xa3, 0x10, 0x25, 0x19, 0x46, 0x21,
        0x88, 0x29, 0x87, 0x29, 0x87, 0x29, 0x09, 0x3a, 0x6a, 0x42, 0x4a, 0x42, 0x4a, 0x42, 0x4a, 0x42, 0x8b, 0x4a, 0x8b, 0x4a,
        0x8b, 0x4a, 0x8b, 0x4a, 0x8b, 0x4a, 0x8b, 0x4a, 0x8b, 0x4a, 0x8b, 0x4a, 0x6b, 0x4a, 0x6b, 0x42, 0x6a, 0x42, 0x6a, 0x42,
        0x6a, 0x42, 0x6a, 0x42, 0x4a, 0x42, 0x4a, 0x3a, 0x29, 0x3a, 0x61, 0x08, 0x00, 0x00, 0x00, 0x00, 0xe3, 0x10, 0x76, 0x9e,
        0xf8, 0xae, 0xd7, 0xae, 0xd7, 0xae, 0xd7, 0xae, 0xd7, 0xae, 0xd7, 0xae, 0xd7, 0xae, 0xd7, 0xae, 0xd7, 0xae, 0xd7, 0xae,
        0xd7, 0xae, 0xd7, 0xae, 0xd7, 0xae, 0xd7, 0xae, 0xd7, 0xae, 0xd7, 0xae, 0xd7, 0xae, 0xd7, 0xae, 0xd7, 0xae, 0xd7, 0xae,
        0xd7, 0xae, 0xd7, 0xae, 0xd7, 0xae, 0xd7, 0xae, 0xd7, 0xae, 0xd7, 0xae, 0xd7, 0xae, 0xd7, 0xae, 0xd7, 0xae, 0xd7, 0xae,
        0xd7, 0xae, 0xd7, 0xae, 0xd7, 0xae, 0xd7, 0xae, 0xd7, 0xae, 0xd7, 0xae, 0xd7, 0xae, 0xd7, 0xae, 0xd7, 0xae, 0xd7, 0xae,
        0xd7, 0xae, 0xd7, 0xae, 0xd7, 0xae, 0xd7, 0xae, 0xd7, 0xae, 0xd7, 0xae, 0xd7, 0xae, 0xd7, 0xae, 0xd7, 0xae, 0xd7, 0xae,
        0xd7, 0xae, 0xd7, 0xae, 0xd7, 0xae, 0xd7, 0xae, 0xd7, 0xae, 0xd7, 0xae, 0xd7, 0xae, 0xd7, 0xae, 0xd7, 0xae, 0xd7, 0xae,
        0xd7, 0xae, 0xd7, 0xae, 0xd7, 0xae, 0xd7, 0xae, 0xd7, 0xae, 0xd7, 0xae, 0xd7, 0xae, 0xd7, 0xae, 0xd7, 0xae, 0xd7, 0xae,
        0xd7, 0xae, 0xd7, 0xae, 0xd7, 0xae, 0xd7, 0xae, 0xd7, 0xae, 0xd7, 0xae, 0xd7, 0xae, 0xd7, 0xae, 0xd7, 0xae, 0xd7, 0xae,
        0xd7, 0xae, 0xd7, 0xae, 0xd7, 0xae, 0xd7, 0xae, 0xd7, 0xae, 0xd7, 0xae, 0xd7, 0xae, 0xd7, 0xae, 0xd7, 0xae, 0xd7, 0xae,
        0xd7, 0xae, 0xd7, 0xae, 0xd7, 0xae, 0xd7, 0xae, 0xd7, 0xae, 0xd7, 0xae, 0xd7, 0xae, 0xd7, 0xae, 0xd7, 0xae, 0xd7, 0xae,
        0xb6, 0xa6, 0x24, 0x19, 0x00, 0x00, 0x00, 0x00, 0x20, 0x00, 0x09, 0x3a, 0x6b, 0x42, 0x6a, 0x42, 0x6a, 0x42, 0x6a, 0x4a,
        0x6a, 0x42, 0x6a, 0x42, 0x6a, 0x4a, 0x6a, 0x42, 0x6a, 0x42, 0x6a, 0x42, 0x6a, 0x42, 0x8b, 0x4a, 0x4a, 0x42, 0x67, 0x21,
        0x67, 0x21, 0x46, 0x19, 0x26, 0x19, 0x26, 0x19, 0x26, 0x19, 0x06, 0x19, 0xe5, 0x10, 0x05, 0x11, 0x05, 0x19, 0x06, 0x19,
        0x05, 0x19, 0x62, 0x08, 0x00, 0x00, 0x00, 0x00, 0x00, 0x00, 0x00, 0x00, 0x00, 0x00, 0x00, 0x00, 0x00, 0x00, 0x00, 0x00,
        0xc4, 0x30, 0x29, 0x7a, 0x09, 0x7a, 0x09, 0x7a, 0x09, 0x7a, 0x09, 0x72, 0x09, 0x72, 0x09, 0x72, 0x09, 0x72, 0x29, 0x72,
        0x29, 0x7a, 0x29, 0x7a, 0x67, 0x31, 0x26, 0x19, 0x25, 0x19, 0x46, 0x21, 0x2a, 0x3a, 0x4a, 0x42, 0x4a, 0x42, 0x4a, 0x42,
        0x6a, 0x42, 0x6b, 0x4a, 0x8b, 0x4a, 0x8b, 0x4a, 0x4a, 0x42, 0x4a, 0x42, 0x2a, 0x3a, 0x6a, 0x42, 0x0d, 0x5b, 0x0d, 0x5b,
        0x0d, 0x5b, 0xed, 0x5a, 0xed, 0x5a, 0xed, 0x52, 0xed, 0x52, 0xed, 0x5a, 0xec, 0x5a, 0xec, 0x52, 0xec, 0x52, 0xec, 0x52,
        0xec, 0x5a, 0xed, 0x5a, 0xec, 0x52, 0xec, 0x52, 0xec, 0x52, 0xec, 0x52, 0xec, 0x52, 0x8b, 0x4a, 0x54, 0xad, 0xfe, 0xff,
        0xff, 0xff, 0x38, 0xc6, 0xf0, 0x7b, 0x11, 0x84, 0xf0, 0x7b, 0xd9, 0xde, 0xdc, 0xff, 0x9c, 0xff, 0x9c, 0xff, 0x9c, 0xff,
        0x9c, 0xff, 0x9c, 0xff, 0x9c, 0xff, 0x9c, 0xff, 0x9c, 0xff, 0x9c, 0xff, 0x9c, 0xff, 0x9c, 0xff, 0x9c, 0xff, 0x9c, 0xff,
        0x9c, 0xff, 0x9c, 0xff, 0x9c, 0xf7, 0xdd, 0xff, 0xfa, 0xde, 0x31, 0x84, 0x31, 0x84, 0x31, 0x8c, 0xd0, 0x7b, 0xac, 0x4a,
        0xab, 0x4a, 0xab, 0x4a, 0xac, 0x52, 0xcc, 0x52, 0xac, 0x52, 0xac, 0x4a, 0xac, 0x4a, 0xac, 0x4a, 0xab, 0x4a, 0x6b, 0x4a,
        0x13, 0x44, 0xd6, 0x44, 0xb6, 0x3c, 0xb6, 0x3c, 0x77, 0x34, 0xf4, 0x3b, 0x14, 0x44, 0x55, 0x44, 0xb2, 0x43, 0xcc, 0x4a,
        0xed, 0x4a, 0xcd, 0x4a, 0xcc, 0x52, 0xac, 0x52, 0xac, 0x52, 0xac, 0x52, 0xab, 0x4a, 0xab, 0x4a, 0x8b, 0x4a, 0x8b, 0x4a,
        0x8b, 0x4a, 0x6b, 0x42, 0x6a, 0x42, 0x6a, 0x42, 0x8a, 0x4a, 0x09, 0x3a, 0x26, 0x19, 0x67, 0x21, 0x67, 0x21, 0x67, 0x21,
        0x67, 0x21, 0x47, 0x19, 0xa8, 0x31, 0x09, 0x3a, 0x09, 0x3a, 0x09, 0x3a, 0x09, 0x3a, 0x09, 0x3a, 0x2a, 0x3a, 0x87, 0x29,
        0x00, 0x00, 0x00, 0x00, 0x00, 0x00, 0x62, 0x18, 0x09, 0x6a, 0xe9, 0x69, 0x09, 0x6a, 0x09, 0x6a, 0x09, 0x6a, 0x09, 0x6a,
        0x09, 0x72, 0x09, 0x72, 0x2a, 0x7a, 0x29, 0x72, 0x61, 0x10, 0x20, 0x00, 0x20, 0x08, 0x20, 0x00, 0x00, 0x00, 0xa3, 0x10,
        0x46, 0x21, 0x26, 0x19, 0x26, 0x19, 0x67, 0x21, 0x88, 0x29, 0x87, 0x29, 0x67, 0x21, 0xe9, 0x39, 0x6b, 0x4a, 0x6b, 0x4a,
        0x8b, 0x4a, 0x8b, 0x4a, 0x8b, 0x4a, 0x8b, 0x4a, 0x8b, 0x4a, 0x8b, 0x4a, 0x8b, 0x4a, 0x6b, 0x4a, 0x6a, 0x42, 0x6a, 0x42,
        0x6a, 0x42, 0x6a, 0x42, 0x4a, 0x3a, 0x29, 0x3a, 0x29, 0x3a, 0x61, 0x08, 0x00, 0x00, 0x00, 0x00, 0xe3, 0x10, 0x76, 0x9e,
        0xf7, 0xae, 0xd7, 0xae, 0xd7, 0xae, 0xd7, 0xae, 0xd7, 0xae, 0xd7, 0xae, 0xd7, 0xae, 0xd7, 0xae, 0xd7, 0xae, 0xd7, 0xae,
        0xd7, 0xae, 0xd7, 0xae, 0xd7, 0xae, 0xd7, 0xae, 0xd7, 0xae, 0xd7, 0xae, 0xd7, 0xae, 0xd7, 0xae, 0xd7, 0xae, 0xd7, 0xae,
        0xd7, 0xae, 0xd7, 0xae, 0xd7, 0xae, 0xd7, 0xae, 0xd7, 0xae, 0xd7, 0xae, 0xd7, 0xae, 0xd7, 0xae, 0xd7, 0xae, 0xd7, 0xae,
        0xd7, 0xae, 0xd7, 0xae, 0xd7, 0xae, 0xd7, 0xae, 0xd7, 0xae, 0xd7, 0xae, 0xd7, 0xae, 0xd7, 0xae, 0xd7, 0xae, 0xd7, 0xae,
        0xd7, 0xae, 0xd7, 0xae, 0xd7, 0xae, 0xd7, 0xae, 0xd7, 0xae, 0xd7, 0xae, 0xd7, 0xae, 0xd7, 0xae, 0xd7, 0xae, 0xd7, 0xae,
        0xd7, 0xae, 0xd7, 0xae, 0xd7, 0xae, 0xd7, 0xae, 0xd7, 0xae, 0xd7, 0xae, 0xd7, 0xae, 0xd7, 0xae, 0xd7, 0xae, 0xd7, 0xae,
        0xd7, 0xae, 0xd7, 0xae, 0xd7, 0xae, 0xd7, 0xae, 0xd7, 0xae, 0xd7, 0xae, 0xb7, 0xae, 0xd7, 0xae, 0xb7, 0xa6, 0xd7, 0xae,
        0xd7, 0xae, 0xd7, 0xae, 0xd7, 0xae, 0xd7, 0xae, 0xd7, 0xae, 0xd7, 0xae, 0xd7, 0xae, 0xd7, 0xae, 0xd7, 0xae, 0xd7, 0xae,
        0xd7, 0xae, 0xd7, 0xae, 0xd7, 0xae, 0xd7, 0xae, 0xd7, 0xae, 0xd7, 0xae, 0xd7, 0xae, 0xd7, 0xae, 0xd7, 0xae, 0xd7, 0xae,
        0xd7, 0xae, 0xd7, 0xae, 0xd7, 0xae, 0xd7, 0xae, 0xd7, 0xae, 0xd7, 0xae, 0xd7, 0xae, 0xd7, 0xae, 0xd7, 0xae, 0xd7, 0xae,
        0xb6, 0xa6, 0x23, 0x19, 0x00, 0x00, 0x00, 0x00, 0x20, 0x00, 0x29, 0x3a, 0x8b, 0x4a, 0x6a, 0x42, 0x6a, 0x42, 0x6a, 0x42,
        0x6a, 0x42, 0x6a, 0x42, 0x6a, 0x42, 0x6a, 0x42, 0x6a, 0x42, 0x6a, 0x42, 0x8a, 0x4a, 0xab, 0x4a, 0x6a, 0x42, 0x67, 0x21,
        0x67, 0x21, 0x67, 0x21, 0x46, 0x21, 0x46, 0x21, 0x46, 0x21, 0x26, 0x19, 0x05, 0x11, 0x05, 0x19, 0x05, 0x19, 0xe5, 0x10,
        0xe5, 0x10, 0x41, 0x00, 0x00, 0x00, 0x00, 0x00, 0x00, 0x00, 0x20, 0x00, 0x00, 0x00, 0x00, 0x00, 0x00, 0x00, 0x00, 0x00,
        0xa3, 0x28, 0x09, 0x72, 0xe8, 0x71, 0x09, 0x72, 0x09, 0x72, 0x09, 0x72, 0x29, 0x72, 0x29, 0x7a, 0x29, 0x7a, 0x29, 0x72,
        0x29, 0x7a, 0x09, 0x72, 0x46, 0x29, 0x05, 0x19, 0x05, 0x19, 0x26, 0x21, 0x29, 0x3a, 0x2a, 0x42, 0x4a, 0x42, 0x4a, 0x42,
        0x4a, 0x42, 0x4a, 0x42, 0x6a, 0x42, 0x6a, 0x42, 0x2a, 0x3a, 0x2a, 0x3a, 0x2a, 0x3a, 0x6a, 0x42, 0x0d, 0x5b, 0x0d, 0x5b,
        0xed, 0x5a, 0xed, 0x5a, 0xed, 0x5a, 0xed, 0x5a, 0xec, 0x5a, 0xec, 0x52, 0xec, 0x5a, 0xec, 0x5a, 0xec, 0x5a, 0xed, 0x5a,
        0xec, 0x5a, 0xec, 0x5a, 0xed, 0x5a, 0xed, 0x5a, 0xed, 0x5a, 0xec, 0x5a, 0xec, 0x5a, 0xab, 0x4a, 0x54, 0xa5, 0xfe, 0xff,
        0xde, 0xff, 0xf7, 0xbd, 0xd0, 0x73, 0xf0, 0x7b, 0xd0, 0x73, 0xb9, 0xde, 0xbc, 0xff, 0x9c, 0xff, 0x9c, 0xff, 0x9c, 0xff,
        0x9c, 0xff, 0x9c, 0xff, 0x9c, 0xff, 0x9c, 0xff, 0x9c, 0xff, 0x9c, 0xff, 0x9c, 0xff, 0x9c, 0xff, 0x9c, 0xff, 0x9c, 0xff,
        0x9c, 0xff, 0x9c, 0xff, 0x9c, 0xff, 0xdc, 0xff, 0xda, 0xde, 0x11, 0x84, 0x31, 0x84, 0x31, 0x8c, 0xf0, 0x7b, 0xcc, 0x52,
        0xcc, 0x52, 0xcc, 0x52, 0xcc, 0x52, 0xac, 0x52, 0xac, 0x4a, 0xab, 0x4a, 0xac, 0x4a, 0xac, 0x4a, 0xab, 0x4a, 0xab, 0x4a,
        0x6a, 0x4a, 0x4a, 0x4a, 0x4a, 0x4a, 0x6a, 0x4a, 0x3b, 0x2d, 0xff, 0x25, 0xff, 0x2d, 0x5f, 0x36, 0xd8, 0x3c, 0x31, 0x4b,
        0x72, 0x43, 0x71, 0x43, 0xcd, 0x4a, 0xab, 0x52, 0xab, 0x52, 0xab, 0x4a, 0xab, 0x4a, 0x8b, 0x4a, 0x8b, 0x4a, 0x8b, 0x4a,
        0x8b, 0x4a, 0x6b, 0x42, 0x6a, 0x42, 0x6a, 0x42, 0x6a, 0x42, 0x09, 0x32, 0x46, 0x19, 0x67, 0x21, 0x67, 0x21, 0x67, 0x21,
        0x47, 0x21, 0x26, 0x19, 0xa8, 0x29, 0xe9, 0x39, 0xe9, 0x39, 0x09, 0x3a, 0x09, 0x3a, 0x09, 0x3a, 0x09, 0x3a, 0x46, 0x21,
        0x00, 0x00, 0x00, 0x00, 0x00, 0x00, 0x62, 0x18, 0xe9, 0x69, 0xe8, 0x69, 0x09, 0x6a, 0x09, 0x6a, 0x09, 0x72, 0x09, 0x72,
        0x09, 0x72, 0x09, 0x72, 0x09, 0x72, 0x09, 0x72, 0x81, 0x10, 0x20, 0x00, 0x20, 0x00, 0x00, 0x00, 0x00, 0x00, 0x82, 0x08,
        0x26, 0x19, 0x26, 0x19, 0x26, 0x19, 0x67, 0x21, 0xc8, 0x31, 0xa8, 0x29, 0x88, 0x29, 0xe9, 0x39, 0x6b, 0x4a, 0x8b, 0x4a,
        0x8b, 0x4a, 0x8b, 0x4a, 0x8b, 0x4a, 0x8b, 0x4a, 0x8b, 0x4a, 0x8b, 0x4a, 0x8b, 0x4a, 0x6b, 0x42, 0x6a, 0x42, 0x6a, 0x42,
        0x6a, 0x42, 0x4a, 0x42, 0x4a, 0x42, 0x2a, 0x3a, 0x29, 0x3a, 0x61, 0x08, 0x00, 0x00, 0x00, 0x00, 0xe3, 0x10, 0x56, 0x9e,
        0xd7, 0xae, 0xd7, 0xae, 0xd7, 0xae, 0xd7, 0xae, 0xd7, 0xae, 0xd7, 0xae, 0xd7, 0xae, 0xd7, 0xae, 0xd7, 0xae, 0xd7, 0xae,
        0xd7, 0xae, 0xd7, 0xae, 0xd7, 0xae, 0xd7, 0xae, 0xd7, 0xae, 0xd7, 0xae, 0xd7, 0xae, 0xd7, 0xae, 0xd7, 0xae, 0xd7, 0xae,
        0xd7, 0xae, 0xd7, 0xae, 0xd7, 0xae, 0xd7, 0xae, 0xd7, 0xae, 0xd7, 0xae, 0xd7, 0xae, 0xd7, 0xae, 0xd7, 0xae, 0xd7, 0xae,
        0xd7, 0xae, 0xd7, 0xae, 0xd7, 0xae, 0xd7, 0xae, 0xd7, 0xae, 0xd7, 0xae, 0xd7, 0xae, 0xd7, 0xae, 0xd7, 0xae, 0xd7, 0xae,
        0xd7, 0xae, 0xd7, 0xae, 0xd7, 0xae, 0xd7, 0xae, 0xd7, 0xae, 0xd7, 0xae, 0xd7, 0xae, 0xd7, 0xae, 0xd7, 0xae, 0xd7, 0xae,
        0xd7, 0xae, 0xd7, 0xae, 0xd7, 0xae, 0xd7, 0xae, 0xd7, 0xae, 0xd7, 0xae, 0xd7, 0xae, 0xd7, 0xae, 0xd7, 0xae, 0xd7, 0xae,
        0xd7, 0xae, 0xd7, 0xae, 0xd7, 0xae, 0xd7, 0xae, 0xd7, 0xae, 0xd7, 0xae, 0xb7, 0xae, 0xd7, 0xae, 0xd7, 0xa6, 0xd7, 0xae,
        0xd7, 0xae, 0xd7, 0xae, 0xd7, 0xae, 0xd7, 0xae, 0xd7, 0xae, 0xd7, 0xae, 0xd7, 0xae, 0xd7, 0xae, 0xd7, 0xae, 0xd7, 0xae,
        0xd7, 0xae, 0xd7, 0xae, 0xd7, 0xae, 0xd7, 0xae, 0xd7, 0xae, 0xd7, 0xae, 0xd7, 0xae, 0xd7, 0xae, 0xd7, 0xae, 0xd7, 0xae,
        0xd7, 0xae, 0xd7, 0xae, 0xd7, 0xae, 0xd7, 0xae, 0xd7, 0xae, 0xd7, 0xae, 0xd7, 0xae, 0xd7, 0xae, 0xd7, 0xae, 0xd7, 0xae,
        0xb7, 0xae, 0x24, 0x19, 0x00, 0x00, 0x00, 0x00, 0x20, 0x00, 0x29, 0x3a, 0x8b, 0x4a, 0x6a, 0x42, 0x6a, 0x42, 0x6a, 0x42,
        0x6a, 0x42, 0x6a, 0x42, 0x6a, 0x42, 0x6a, 0x42, 0x6a, 0x42, 0x6a, 0x4a, 0x4a, 0x42, 0x29, 0x3a, 0x09, 0x3a, 0x88, 0x29,
        0x88, 0x29, 0x87, 0x29, 0x67, 0x21, 0x67, 0x21, 0x67, 0x21, 0x46, 0x21, 0x05, 0x19, 0x05, 0x19, 0x05, 0x19, 0xe4, 0x10,
        0xc4, 0x10, 0x41, 0x00, 0x00, 0x00, 0x00, 0x00, 0x00, 0x00, 0x00, 0x00, 0x20, 0x08, 0x21, 0x08, 0x21, 0x08, 0x20, 0x08,
        0xc3, 0x30, 0xe9, 0x71, 0xe9, 0x71, 0x09, 0x72, 0x09, 0x72, 0x29, 0x72, 0x29, 0x7a, 0x29, 0x7a, 0x29, 0x7a, 0x29, 0x72,
        0x29, 0x72, 0x09, 0x72, 0x46, 0x29, 0x05, 0x19, 0x05, 0x19, 0x26, 0x21, 0x09, 0x3a, 0x09, 0x3a, 0x09, 0x3a, 0x29, 0x3a,
        0x2a, 0x42, 0x4a, 0x42, 0x4a, 0x42, 0x2a, 0x42, 0x09, 0x3a, 0x0a, 0x3a, 0x2a, 0x3a, 0x6b, 0x42, 0x0d, 0x5b, 0x0d, 0x5b,
        0xed, 0x5a, 0xed, 0x5a, 0xed, 0x5a, 0xed, 0x5a, 0xec, 0x5a, 0xec, 0x5a, 0xec, 0x5a, 0xec, 0x52, 0xed, 0x5a, 0xed, 0x5a,
        0xed, 0x5a, 0xed, 0x5a, 0xec, 0x5a, 0xed, 0x5a, 0xed, 0x5a, 0xed, 0x5a, 0xed, 0x5a, 0xab, 0x4a, 0x54, 0xa5, 0xdd, 0xff,
        0xbd, 0xff, 0xd6, 0xbd, 0x8f, 0x6b, 0xaf, 0x6b, 0x8f, 0x6b, 0x98, 0xd6, 0xbc, 0xff, 0x9c, 0xff, 0x9c, 0xff, 0x9c, 0xff,
        0x9c, 0xff, 0x9c, 0xff, 0x9c, 0xff, 0x9c, 0xff, 0x9c, 0xff, 0x9c, 0xff, 0x9c, 0xff, 0x9c, 0xff, 0x9c, 0xff, 0x9c, 0xff,
        0x9c, 0xff, 0x9c, 0xff, 0x9c, 0xff, 0xbc, 0xff, 0xd9, 0xde, 0x11, 0x84, 0x31, 0x84, 0x51, 0x8c, 0xf0, 0x7b, 0xcc, 0x52,
        0xcc, 0x52, 0xcc, 0x52, 0xcc, 0x52, 0xac, 0x52, 0xab, 0x4a, 0xac, 0x4a, 0xab, 0x4a, 0xab, 0x4a, 0xab, 0x4a, 0xab, 0x4a,
        0xab, 0x4a, 0xab, 0x4a, 0xab, 0x4a, 0xcc, 0x4a, 0x7c, 0x35, 0x1f, 0x2e, 0x1f, 0x36, 0x5f, 0x3e, 0xd9, 0x3c, 0x52, 0x43,
        0x73, 0x43, 0x52, 0x3b, 0xcc, 0x4a, 0xab, 0x4a, 0x8b, 0x4a, 0x8b, 0x4a, 0x8b, 0x4a, 0x8b, 0x4a, 0x8b, 0x4a, 0x8b, 0x4a,
        0x6a, 0x42, 0x6a, 0x42, 0x6a, 0x42, 0x6a, 0x42, 0x8b, 0x4a, 0x29, 0x3a, 0x67, 0x21, 0x87, 0x21, 0x87, 0x29, 0x87, 0x21,
        0x67, 0x21, 0x47, 0x21, 0xa8, 0x29, 0xc8, 0x31, 0xe8, 0x31, 0xc8, 0x31, 0x66, 0x29, 0x87, 0x29, 0x87, 0x29, 0x05, 0x19,
        0x00, 0x00, 0x20, 0x08, 0x20, 0x00, 0x82, 0x20, 0xe9, 0x69, 0xe8, 0x69, 0x09, 0x6a, 0x09, 0x72, 0x09, 0x72, 0x09, 0x72,
        0x09, 0x72, 0x09, 0x72, 0x29, 0x72, 0x09, 0x72, 0x82, 0x18, 0x21, 0x08, 0x21, 0x08, 0x20, 0x08, 0x00, 0x08, 0x82, 0x08,
        0x26, 0x19, 0x26, 0x19, 0x26, 0x19, 0x87, 0x29, 0xe9, 0x31, 0xc9, 0x31, 0xa8, 0x29, 0x09, 0x3a, 0x8b, 0x4a, 0x8b, 0x4a,
        0x8b, 0x4a, 0x8b, 0x4a, 0x8b, 0x4a, 0x8b, 0x4a, 0x8b, 0x4a, 0x8b, 0x4a, 0x6b, 0x42, 0x6b, 0x42, 0x6a, 0x42, 0x6a, 0x42,
        0x6a, 0x42, 0x6a, 0x42, 0x4a, 0x42, 0x4a, 0x42, 0x49, 0x42, 0x62, 0x08, 0x00, 0x00, 0x00, 0x00, 0xe3, 0x10, 0x76, 0xa6,
        0xf7, 0xae, 0xd7, 0xa6, 0xd7, 0xa6, 0xd7, 0xae, 0xd7, 0xae, 0xd7, 0xae, 0xd7, 0xae, 0xd7, 0xae, 0xd7, 0xae, 0xd7, 0xae,
        0xd7, 0xae, 0xd7, 0xae, 0xd7, 0xae, 0xd7, 0xae, 0xd7, 0xae, 0xd7, 0xae, 0xd7, 0xae, 0xd7, 0xae, 0xd7, 0xae, 0xd7, 0xae,
        0xd7, 0xae, 0xd7, 0xae, 0xd7, 0xae, 0xd7, 0xae, 0xd7, 0xae, 0xd7, 0xae, 0xd7, 0xae, 0xd7, 0xae, 0xd7, 0xae, 0xd7, 0xae,
        0xd7, 0xae, 0xd7, 0xae, 0xd7, 0xae, 0xd7, 0xae, 0xd7, 0xae, 0xd7, 0xae, 0xd7, 0xae, 0xd7, 0xae, 0xd7, 0xae, 0xd7, 0xae,
        0xd7, 0xae, 0xd7, 0xae, 0xd7, 0xae, 0xd7, 0xae, 0xd7, 0xae, 0xd7, 0xae, 0xd7, 0xae, 0xd7, 0xae, 0xd7, 0xae, 0xd7, 0xae,
        0xd7, 0xae, 0xd7, 0xae, 0xd7, 0xae, 0xd7, 0xae, 0xd7, 0xae, 0xd7, 0xae, 0xd7, 0xae, 0xd7, 0xae, 0xd7, 0xae, 0xd7, 0xae,
        0xd7, 0xae, 0xd7, 0xae, 0xd7, 0xae, 0xd7, 0xae, 0xd7, 0xae, 0xd7, 0xae, 0xd7, 0xae, 0xd7, 0xae, 0xd7, 0xae, 0xd7, 0xae,
        0xd7, 0xae, 0xd7, 0xae, 0xd7, 0xae, 0xd7, 0xae, 0xd7, 0xae, 0xd7, 0xae, 0xd7, 0xae, 0xd7, 0xae, 0xd7, 0xae, 0xd7, 0xae,
        0xd7, 0xae, 0xd7, 0xae, 0xd7, 0xae, 0xd7, 0xae, 0xd7, 0xae, 0xd7, 0xae, 0xd7, 0xae, 0xd7, 0xae, 0xd7, 0xae, 0xd7, 0xae,
        0xd7, 0xae, 0xd7, 0xae, 0xd7, 0xae, 0xd7, 0xae, 0xd7, 0xae, 0xd7, 0xae, 0xd7, 0xae, 0xd7, 0xae, 0xd7, 0xae, 0xf8, 0xae,
        0xd7, 0xae, 0x24, 0x19, 0x00, 0x00, 0x00, 0x00, 0x20, 0x00, 0x29, 0x3a, 0x8b, 0x4a, 0x6a, 0x42, 0x6a, 0x42, 0x6a, 0x42,
        0x6a, 0x42, 0x6a, 0x42, 0x09, 0x3a, 0xa8, 0x29, 0xa8, 0x29, 0xa8, 0x29, 0x87, 0x29, 0x46, 0x19, 0x26, 0x19, 0xe4, 0x10,
        0xe4, 0x18, 0xe4, 0x10, 0xe4, 0x10, 0xc4, 0x10, 0xc3, 0x10, 0xa3, 0x10, 0x41, 0x00, 0x41, 0x08, 0x41, 0x08, 0x20, 0x00,
        0x00, 0x00, 0x00, 0x00, 0x00, 0x00, 0x20, 0x00, 0x20, 0x00, 0x41, 0x08, 0x87, 0x59, 0xc8, 0x69, 0xc8, 0x69, 0xc8, 0x69,
        0xe8, 0x71, 0x29, 0x7a, 0x29, 0x7a, 0x29, 0x7a, 0x49, 0x82, 0x49, 0x82, 0x6a, 0x82, 0x6a, 0x82, 0x49, 0x7a, 0x29, 0x7a,
        0x29, 0x72, 0x08, 0x72, 0x87, 0x49, 0x66, 0x39, 0x66, 0x41, 0x46, 0x39, 0x46, 0x19, 0x46, 0x21, 0x46, 0x21, 0x46, 0x21,
        0xa8, 0x29, 0xc8, 0x31, 0xc8, 0x31, 0x09, 0x32, 0xab, 0x4a, 0xac, 0x52, 0xcc, 0x52, 0xec, 0x52, 0x0d, 0x5b, 0x0d, 0x5b,
        0xed, 0x5a, 0xed, 0x5a, 0xed, 0x5a, 0xed, 0x5a, 0xec, 0x5a, 0xec, 0x52, 0xec, 0x52, 0xed, 0x5a, 0xed, 0x5a, 0xec, 0x5a,
        0xec, 0x5a, 0xec, 0x5a, 0xed, 0x5a, 0xed, 0x5a, 0xed, 0x5a, 0x0d, 0x5b, 0x0d, 0x5b, 0x8b, 0x4a, 0x34, 0xa5, 0xdd, 0xff,
        0x9c, 0xff, 0x17, 0xc6, 0x51, 0x84, 0x71, 0x8c, 0x51, 0x84, 0xd9, 0xde, 0xbc, 0xff, 0x9c, 0xff, 0x9c, 0xff, 0x9c, 0xff,
        0x9c, 0xff, 0x9c, 0xff, 0x9c, 0xff, 0x9c, 0xff, 0x9c, 0xff, 0x9c, 0xff, 0x9c, 0xff, 0x9c, 0xff, 0x9c, 0xff, 0x9c, 0xff,
        0x9c, 0xff, 0x9c, 0xff, 0x9c, 0xff, 0xbc, 0xff, 0x99, 0xd6, 0x2d, 0x63, 0x4e, 0x63, 0x6e, 0x6b, 0x4d, 0x63, 0xcc, 0x52,
        0xcc, 0x52, 0xcc, 0x52, 0xcc, 0x52, 0xac, 0x52, 0xac, 0x4a, 0xac, 0x4a, 0xab, 0x4a, 0xac, 0x4a, 0xac, 0x4a, 0xac, 0x4a,
        0xac, 0x4a, 0xcc, 0x52, 0xcc, 0x52, 0xcc, 0x52, 0x34, 0x44, 0x75, 0x44, 0x75, 0x4c, 0x54, 0x4c, 0xf8, 0x3c, 0x7c, 0x35,
        0x5b, 0x35, 0x3b, 0x35, 0xee, 0x42, 0x8b, 0x4a, 0x8b, 0x4a, 0x8b, 0x4a, 0x8b, 0x4a, 0x8b, 0x4a, 0x8b, 0x4a, 0x6b, 0x4a,
        0x6a, 0x42, 0x6a, 0x42, 0x6a, 0x42, 0x6a, 0x42, 0x6a, 0x4a, 0x6a, 0x42, 0x6a, 0x42, 0x6a, 0x42, 0x4a, 0x42, 0x4a, 0x42,
        0x29, 0x3a, 0x09, 0x3a, 0x67, 0x21, 0x05, 0x19, 0x26, 0x19, 0xc4, 0x10, 0x00, 0x00, 0x00, 0x00, 0x00, 0x00, 0x00, 0x00,
        0xc3, 0x28, 0x87, 0x51, 0x86, 0x51, 0xa7, 0x59, 0xe8, 0x69, 0xe9, 0x71, 0x09, 0x72, 0x29, 0x72, 0x29, 0x72, 0x29, 0x72,
        0x29, 0x7a, 0x29, 0x7a, 0x2a, 0x7a, 0x29, 0x7a, 0xe8, 0x69, 0xc8, 0x69, 0xa8, 0x61, 0xa8, 0x61, 0x87, 0x59, 0x41, 0x10,
        0x41, 0x00, 0x61, 0x08, 0x41, 0x08, 0x05, 0x19, 0x88, 0x29, 0x67, 0x21, 0x67, 0x21, 0x88, 0x29, 0xc9, 0x31, 0xe9, 0x31,
        0xe9, 0x31, 0x6b, 0x4a, 0x8b, 0x4a, 0x6b, 0x4a, 0x8b, 0x4a, 0x6b, 0x42, 0x6b, 0x42, 0x6b, 0x4a, 0x6a, 0x42, 0x6a, 0x42,
        0x6a, 0x42, 0x6a, 0x42, 0x6a, 0x42, 0x6a, 0x42, 0x4a, 0x42, 0x82, 0x08, 0x00, 0x00, 0x00, 0x00, 0x03, 0x19, 0x97, 0xa6,
        0xf8, 0xae, 0xd7, 0xa6, 0xd7, 0xa6, 0xd7, 0xa6, 0xd7, 0xae, 0xd7, 0xae, 0xd7, 0xae, 0xd7, 0xae, 0xd7, 0xae, 0xd7, 0xae,
        0xd7, 0xae, 0xd7, 0xae, 0xd7, 0xae, 0xd7, 0xae, 0xd7, 0xae, 0xd7, 0xae, 0xd7, 0xae, 0xd7, 0xae, 0xd7, 0xae, 0xd7, 0xae,
        0xd7, 0xae, 0xd7, 0xae, 0xd7, 0xae, 0xd7, 0xae, 0xd7, 0xae, 0xd7, 0xae, 0xd7, 0xae, 0xd7, 0xae, 0xd7, 0xae, 0xd7, 0xae,
        0xd7, 0xae, 0xd7, 0xae, 0xd7, 0xae, 0xd7, 0xae, 0xd7, 0xae, 0xd7, 0xae, 0xd7, 0xae, 0xd7, 0xae, 0xd7, 0xae, 0xd7, 0xae,
        0xd7, 0xae, 0xd7, 0xae, 0xd7, 0xae, 0xd7, 0xae, 0xd7, 0xae, 0xd7, 0xae, 0xd7, 0xae, 0xd7, 0xae, 0xd7, 0xae, 0xd7, 0xae,
        0xd7, 0xae, 0xd7, 0xae, 0xd7, 0xae, 0xd7, 0xae, 0xd7, 0xae, 0xd7, 0xae, 0xd7, 0xae, 0xd7, 0xae, 0xd7, 0xae, 0xd7, 0xae,
        0xd7, 0xae, 0xd7, 0xae, 0xd7, 0xae, 0xd7, 0xae, 0xd7, 0xae, 0xd7, 0xae, 0xd7, 0xae, 0xd7, 0xae, 0xd7, 0xae, 0xd7, 0xae,
        0xd7, 0xae, 0xd7, 0xae, 0xd7, 0xae, 0xd7, 0xae, 0xd7, 0xae, 0xd7, 0xae, 0xd7, 0xae, 0xd7, 0xae, 0xd7, 0xae, 0xd7, 0xae,
        0xd7, 0xae, 0xd7, 0xae, 0xd7, 0xae, 0xd7, 0xae, 0xd7, 0xae, 0xd7, 0xae, 0xd7, 0xae, 0xd7, 0xae, 0xd7, 0xae, 0xd7, 0xae,
        0xd7, 0xae, 0xd7, 0xae, 0xd7, 0xae, 0xd7, 0xae, 0xd7, 0xae, 0xd7, 0xae, 0xd7, 0xae, 0xd7, 0xae, 0xd7, 0xae, 0xf7, 0xae,
        0xd7, 0xae, 0x24, 0x19, 0x00, 0x00, 0x20, 0x00, 0x21, 0x00, 0x29, 0x3a, 0x8b, 0x4a, 0x6a, 0x42, 0x6a, 0x42, 0x4a, 0x42,
        0x4a, 0x42, 0x4a, 0x42, 0xa8, 0x29, 0x26, 0x19, 0x46, 0x21, 0x46, 0x19, 0x46, 0x21, 0x46, 0x21, 0x05, 0x19, 0x00, 0x00,
        0x00, 0x00, 0x20, 0x00, 0x20, 0x00, 0x00, 0x00, 0x00, 0x00, 0x00, 0x00, 0x00, 0x00, 0x00, 0x00, 0x00, 0x00, 0x00, 0x00,
        0x00, 0x00, 0x00, 0x00, 0x62, 0x08, 0xc4, 0x10, 0xc4, 0x10, 0x05, 0x19, 0xe8, 0x61, 0x09, 0x7a, 0x09, 0x7a, 0x09, 0x7a,
        0x29, 0x7a, 0x29, 0x7a, 0x29, 0x82, 0x29, 0x82, 0x49, 0x82, 0x4a, 0x82, 0x4a, 0x8a, 0x6a, 0x8a, 0x4a, 0x82, 0x49, 0x7a,
        0x29, 0x7a, 0x09, 0x72, 0x87, 0x41, 0x66, 0x39, 0x66, 0x41, 0x66, 0x39, 0x46, 0x19, 0x47, 0x19, 0x47, 0x21, 0x46, 0x21,
        0xa8, 0x29, 0xc8, 0x29, 0xa7, 0x29, 0xe9, 0x31, 0xac, 0x52, 0xcc, 0x52, 0xec, 0x52, 0xed, 0x5a, 0xed, 0x5a, 0xed, 0x5a,
        0xed, 0x5a, 0xed, 0x5a, 0xed, 0x5a, 0xed, 0x5a, 0xec, 0x52, 0xec, 0x52, 0xec, 0x5a, 0xec, 0x52, 0xed, 0x5a, 0xec, 0x5a,
        0xec, 0x5a, 0xec, 0x5a, 0xed, 0x5a, 0xec, 0x52, 0xed, 0x5a, 0x0d, 0x5b, 0x0d, 0x5b, 0xab, 0x4a, 0x54, 0xad, 0xdd, 0xff,
        0x7b, 0xf7, 0x7b, 0xf7, 0x7b, 0xf7, 0x7b, 0xf7, 0x9b, 0xf7, 0x9b, 0xf7, 0x9c, 0xff, 0x9c, 0xff, 0x9c, 0xff, 0x9c, 0xff,
        0x9c, 0xff, 0x9c, 0xff, 0x9c, 0xff, 0x9c, 0xff, 0x9c, 0xff, 0x9c, 0xff, 0x9c, 0xff, 0x9c, 0xff, 0x9c, 0xff, 0x9c, 0xff,
        0x9c, 0xff, 0x9c, 0xff, 0x9c, 0xff, 0xbc, 0xff, 0x78, 0xd6, 0x8b, 0x4a, 0xab, 0x4a, 0xcc, 0x52, 0xcc, 0x52, 0xcc, 0x52,
        0xcc, 0x52, 0xcc, 0x52, 0xac, 0x52, 0xcc, 0x52, 0xac, 0x52, 0xac, 0x4a, 0xab, 0x4a, 0xab, 0x4a, 0xab, 0x4a, 0xac, 0x52,
        0xac, 0x52, 0xcc, 0x52, 0xcc, 0x52, 0xcc, 0x52, 0xab, 0x52, 0xab, 0x52, 0xab, 0x52, 0x6a, 0x5a, 0x75, 0x44, 0x9f, 0x36,
        0x5f, 0x36, 0x3f, 0x36, 0x0e, 0x43, 0x6a, 0x4a, 0x8b, 0x4a, 0x8b, 0x4a, 0x8b, 0x4a, 0x8b, 0x4a, 0x6b, 0x4a, 0x6a, 0x4a,
        0x6a, 0x42, 0x6a, 0x42, 0x6a, 0x42, 0x6a, 0x42, 0x6a, 0x42, 0x6b, 0x42, 0x6b, 0x42, 0x6b, 0x42, 0x6a, 0x42, 0x4a, 0x42,
        0x29, 0x3a, 0x29, 0x3a, 0x67, 0x21, 0x05, 0x11, 0x05, 0x19, 0xc3, 0x10, 0x00, 0x00, 0x00, 0x00, 0x00, 0x00, 0x00, 0x00,
        0xe4, 0x28, 0xe8, 0x61, 0xc8, 0x61, 0xe8, 0x69, 0xe9, 0x69, 0x09, 0x72, 0x29, 0x7a, 0x29, 0x7a, 0x4a, 0x7a, 0x2a, 0x7a,
        0x2a, 0x7a, 0x29, 0x7a, 0x29, 0x7a, 0x29, 0x7a, 0x29, 0x7a, 0x09, 0x7a, 0x09, 0x72, 0x09, 0x72, 0xc8, 0x69, 0x41, 0x10,
        0x20, 0x00, 0x20, 0x08, 0x00, 0x08, 0xc4, 0x10, 0x47, 0x21, 0x26, 0x19, 0x05, 0x19, 0x46, 0x21, 0x87, 0x21, 0x87, 0x21,
        0x87, 0x21, 0x6a, 0x42, 0x8b, 0x4a, 0x6a, 0x42, 0x6b, 0x42, 0x6b, 0x42, 0x6b, 0x42, 0x6b, 0x4a, 0x6a, 0x42, 0x6a, 0x42,
        0x6a, 0x42, 0x6a, 0x42, 0x6a, 0x42, 0x6a, 0x42, 0x6a, 0x42, 0x82, 0x10, 0x00, 0x00, 0x00, 0x00, 0x03, 0x19, 0xb7, 0xae,
        0x18, 0xb7, 0xf7, 0xae, 0xf7, 0xae, 0xd7, 0xa6, 0xd7, 0xa6, 0xd7, 0xae, 0xd7, 0xae, 0xd7, 0xae, 0xd7, 0xae, 0xd7, 0xae,
        0xd7, 0xae, 0xd7, 0xae, 0xd7, 0xae, 0xd7, 0xae, 0xd7, 0xae, 0xd7, 0xae, 0xd7, 0xae, 0xd7, 0xae, 0xd7, 0xae, 0xd7, 0xae,
        0xd7, 0xae, 0xd7, 0xae, 0xd7, 0xae, 0xd7, 0xae, 0xd7, 0xae, 0xd7, 0xae, 0xd7, 0xae, 0xd7, 0xae, 0xd7, 0xae, 0xd7, 0xae,
        0xd7, 0xae, 0xd7, 0xae, 0xd7, 0xae, 0xd7, 0xae, 0xd7, 0xae, 0xd7, 0xae, 0xd7, 0xae, 0xd7, 0xae, 0xd7, 0xae, 0xd7, 0xae,
        0xd7, 0xae, 0xd7, 0xae, 0xd7, 0xae, 0xd7, 0xae, 0xd7, 0xae, 0xd7, 0xae, 0xd7, 0xae, 0xd7, 0xae, 0xd7, 0xae, 0xd7, 0xae,
        0xd7, 0xae, 0xd7, 0xae, 0xd7, 0xae, 0xd7, 0xae, 0xd7, 0xae, 0xd7, 0xae, 0xd7, 0xae, 0xd7, 0xae, 0xd7, 0xae, 0xd7, 0xae,
        0xd7, 0xae, 0xd7, 0xae, 0xd7, 0xae, 0xd7, 0xae, 0xd7, 0xae, 0xd7, 0xae, 0xd7, 0xae, 0xd7, 0xae, 0xd7, 0xae, 0xd7, 0xae,
        0xd7, 0xae, 0xd7, 0xae, 0xd7, 0xae, 0xd7, 0xae, 0xd7, 0xae, 0xd7, 0xae, 0xd7, 0xae, 0xd7, 0xae, 0xd7, 0xae, 0xd7, 0xae,
        0xd7, 0xae, 0xd7, 0xae, 0xd7, 0xae, 0xd7, 0xae, 0xd7, 0xae, 0xd7, 0xae, 0xd7, 0xae, 0xd7, 0xae, 0xd7, 0xae, 0xd7, 0xae,
        0xd7, 0xae, 0xd7, 0xae, 0xd7, 0xae, 0xd7, 0xae, 0xd7, 0xae, 0xd7, 0xae, 0xd7, 0xae, 0xd7, 0xae, 0xd7, 0xae, 0xf7, 0xae,
        0xd7, 0xae, 0x24, 0x19, 0x00, 0x00, 0x20, 0x00, 0x21, 0x00, 0x29, 0x42, 0x8b, 0x4a, 0x6a, 0x42, 0x4a, 0x42, 0x4a, 0x42,
        0x4a, 0x42, 0x4a, 0x42, 0xa8, 0x29, 0x26, 0x21, 0x46, 0x21, 0x46, 0x21, 0x46, 0x21, 0x46, 0x21, 0x05, 0x19, 0x00, 0x00,
        0x00, 0x00, 0x20, 0x00, 0x20, 0x00, 0x20, 0x00, 0x00, 0x00, 0x00, 0x00, 0x00, 0x00, 0x00, 0x00, 0x00, 0x00, 0x00, 0x00,
        0x00, 0x00, 0x00, 0x00, 0x62, 0x08, 0xe4, 0x10, 0xc4, 0x10, 0xe5, 0x18, 0xc8, 0x61, 0x09, 0x72, 0x09, 0x7a, 0x09, 0x7a,
        0x29, 0x7a, 0x29, 0x7a, 0x29, 0x7a, 0x29, 0x82, 0x29, 0x82, 0x49, 0x82, 0x49, 0x82, 0x4a, 0x82, 0x6a, 0x82, 0x49, 0x82,
        0x49, 0x82, 0x29, 0x7a, 0x87, 0x41, 0x67, 0x31, 0x67, 0x39, 0x67, 0x31, 0x47, 0x21, 0x47, 0x21, 0x67, 0x21, 0x67, 0x21,
        0xa8, 0x29, 0xc8, 0x29, 0xa8, 0x29, 0xe9, 0x31, 0xcc, 0x52, 0xcc, 0x52, 0xec, 0x52, 0xed, 0x5a, 0xed, 0x5a, 0xed, 0x5a,
        0xed, 0x5a, 0xed, 0x5a, 0xed, 0x5a, 0xed, 0x5a, 0xed, 0x5a, 0xed, 0x5a, 0xec, 0x5a, 0xec, 0x5a, 0xec, 0x52, 0xec, 0x52,
        0xed, 0x52, 0xec, 0x52, 0xec, 0x52, 0xec, 0x52, 0xec, 0x5a, 0xed, 0x5a, 0x0d, 0x5b, 0xcc, 0x52, 0x75, 0xad, 0xfe, 0xff,
        0x9c, 0xff, 0x9c, 0xff, 0x9b, 0xff, 0x9b, 0xff, 0x9b, 0xff, 0x9c, 0xff, 0x9c, 0xff, 0x9c, 0xff, 0x9c, 0xff, 0x9c, 0xff,
        0x9c, 0xff, 0x9c, 0xff, 0x9c, 0xff, 0x9c, 0xff, 0x9c, 0xff, 0x9c, 0xff, 0x9c, 0xff, 0x9c, 0xff, 0x9c, 0xff, 0xbc, 0xff,
        0x9c, 0xff, 0x9c, 0xff, 0x9c, 0xff, 0xbc, 0xff, 0x78, 0xd6, 0xab, 0x4a, 0xac, 0x4a, 0xcc, 0x52, 0xcc, 0x52, 0xac, 0x52,
        0xac, 0x52, 0xac, 0x52, 0xac, 0x52, 0xac, 0x52, 0xcc, 0x52, 0xac, 0x52, 0xac, 0x52, 0xac, 0x4a, 0xac, 0x52, 0xcc, 0x52,
        0xcc, 0x52, 0xcc, 0x52, 0xcc, 0x52, 0xcc, 0x52, 0xcc, 0x52, 0xcc, 0x52, 0xcc, 0x52, 0x8b, 0x52, 0x75, 0x44, 0x7f, 0x36,
        0x3f, 0x36, 0x1e, 0x36, 0x0e, 0x43, 0x6a, 0x4a, 0x8b, 0x4a, 0x8b, 0x42, 0x8b, 0x42, 0x6b, 0x4a, 0x6a, 0x42, 0x6a, 0x4a,
        0x6a, 0x4a, 0x6a, 0x4a, 0x6a, 0x42, 0x6a, 0x42, 0x6a, 0x42, 0x6a, 0x42, 0x6a, 0x42, 0x6a, 0x42, 0x4a, 0x42, 0x09, 0x3a,
        0xe9, 0x31, 0xe8, 0x31, 0x66, 0x21, 0x05, 0x19, 0x26, 0x19, 0xc4, 0x10, 0x00, 0x00, 0x00, 0x00, 0x00, 0x00, 0x00, 0x00,
        0x00, 0x08, 0x41, 0x10, 0x41, 0x10, 0x82, 0x18, 0xa3, 0x20, 0xa3, 0x20, 0x04, 0x31, 0x49, 0x82, 0x4a, 0x82, 0x4a, 0x7a,
        0x29, 0x7a, 0x29, 0x7a, 0x29, 0x7a, 0x09, 0x7a, 0x09, 0x72, 0x09, 0x72, 0xe9, 0x71, 0x09, 0x72, 0xc8, 0x69, 0x41, 0x10,
        0x20, 0x00, 0x20, 0x08, 0x00, 0x00, 0xa3, 0x10, 0x26, 0x19, 0x05, 0x19, 0x05, 0x19, 0x26, 0x19, 0x67, 0x21, 0x67, 0x21,
        0x67, 0x21, 0xc8, 0x31, 0xe8, 0x31, 0x2a, 0x42, 0x4a, 0x42, 0x6a, 0x42, 0x6a, 0x42, 0x6a, 0x42, 0x6b, 0x42, 0x6a, 0x42,
        0x6a, 0x42, 0x6a, 0x42, 0x6a, 0x42, 0x6a, 0x42, 0x6a, 0x42, 0x25, 0x19, 0xe4, 0x10, 0xe4, 0x10, 0x04, 0x19, 0xc6, 0x29,
        0xe6, 0x29, 0xc6, 0x29, 0x88, 0x3a, 0x76, 0xa6, 0xd7, 0xae, 0xd7, 0xae, 0xd7, 0xae, 0xd7, 0xae, 0xd7, 0xae, 0xd7, 0xae,
        0xd7, 0xae, 0xd7, 0xae, 0xd7, 0xae, 0xd7, 0xae, 0xd7, 0xae, 0xd7, 0xae, 0xd7, 0xae, 0xd7, 0xae, 0xd7, 0xae, 0xd7, 0xae,
        0xd7, 0xae, 0xd7, 0xae, 0xd7, 0xae, 0xd7, 0xae, 0xd7, 0xae, 0xd7, 0xae, 0xd7, 0xae, 0xd7, 0xae, 0xd7, 0xae, 0xd7, 0xae,
        0xd7, 0xae, 0xd7, 0xae, 0xd7, 0xae, 0xd7, 0xae, 0xd7, 0xae, 0xd7, 0xae, 0xd7, 0xae, 0xd7, 0xae, 0xd7, 0xae, 0xd7, 0xae,
        0xd7, 0xae, 0xd7, 0xae, 0xd7, 0xae, 0xd7, 0xae, 0xd7, 0xae, 0xd7, 0xae, 0xd7, 0xae, 0xd7, 0xae, 0xd7, 0xae, 0xd7, 0xae,
        0xd7, 0xae, 0xd7, 0xae, 0xd7, 0xae, 0xd7, 0xae, 0xd7, 0xae, 0xd7, 0xae, 0xd7, 0xae, 0xd7, 0xae, 0xd7, 0xae, 0xd7, 0xae,
        0xd7, 0xae, 0xd7, 0xae, 0xd7, 0xae, 0xd7, 0xae, 0xd7, 0xae, 0xd7, 0xae, 0xd7, 0xae, 0xd7, 0xae, 0xd7, 0xae, 0xd7, 0xae,
        0xd7, 0xae, 0xd7, 0xae, 0xd7, 0xae, 0xd7, 0xae, 0xd7, 0xae, 0xd7, 0xae, 0xd7, 0xae, 0xd7, 0xae, 0xd7, 0xae, 0xd7, 0xae,
        0xd7, 0xae, 0xd7, 0xae, 0xd7, 0xae, 0xd7, 0xae, 0xd7, 0xae, 0xd7, 0xae, 0xd7, 0xae, 0xd7, 0xae, 0xd7, 0xae, 0xd7, 0xae,
        0xd7, 0xae, 0xd7, 0xae, 0xd7, 0xae, 0xd7, 0xae, 0xd7, 0xae, 0xd7, 0xae, 0xd7, 0xae, 0xd7, 0xae, 0xd7, 0xae, 0xf7, 0xae,
        0xb7, 0xae, 0x24, 0x19, 0x00, 0x00, 0x20, 0x00, 0x21, 0x08, 0x4a, 0x42, 0xab, 0x4a, 0x6a, 0x42, 0x4a, 0x42, 0x4a, 0x42,
        0x4a, 0x42, 0x4a, 0x42, 0xa8, 0x29, 0x47, 0x21, 0x67, 0x21, 0x67, 0x21, 0x47, 0x21, 0x46, 0x21, 0x05, 0x19, 0x00, 0x00,
        0x00, 0x00, 0x00, 0x00, 0x00, 0x00, 0x00, 0x00, 0x00, 0x00, 0x00, 0x00, 0x00, 0x00, 0x00, 0x00, 0x00, 0x00, 0x00, 0x00,
        0x00, 0x00, 0x00, 0x00, 0x62, 0x08, 0xc4, 0x10, 0xc4, 0x10, 0xe4, 0x18, 0xc8, 0x61, 0x09, 0x7a, 0x09, 0x7a, 0x29, 0x7a,
        0x29, 0x7a, 0x09, 0x7a, 0x09, 0x7a, 0x29, 0x7a, 0x29, 0x7a, 0x29, 0x82, 0x49, 0x82, 0x4a, 0x82, 0x4a, 0x82, 0x49, 0x7a,
        0x29, 0x7a, 0x09, 0x72, 0xa8, 0x41, 0xa8, 0x31, 0xa7, 0x31, 0x87, 0x31, 0xa8, 0x29, 0xa8, 0x29, 0xa8, 0x29, 0xa8, 0x29,
        0x4a, 0x42, 0x6b, 0x42, 0x4a, 0x42, 0x6b, 0x42, 0xcc, 0x52, 0xec, 0x52, 0xec, 0x52, 0xed, 0x5a, 0xed, 0x5a, 0xed, 0x5a,
        0xed, 0x5a, 0xed, 0x5a, 0xed, 0x5a, 0xed, 0x5a, 0xed, 0x5a, 0xec, 0x5a, 0xec, 0x52, 0xed, 0x5a, 0xec, 0x52, 0xec, 0x52,
        0xed, 0x52, 0xec, 0x52, 0xec, 0x52, 0xec, 0x52, 0xed, 0x5a, 0xed, 0x5a, 0x0d, 0x5b, 0xac, 0x52, 0x75, 0xad, 0xfe, 0xff,
        0x9d, 0xf7, 0x9c, 0xff, 0x9c, 0xf7, 0x9c, 0xff, 0x9c, 0xff, 0x9c, 0xff, 0x9c, 0xff, 0x9c, 0xff, 0x9c, 0xff, 0x9c, 0xff,
        0x9c, 0xff, 0x9c, 0xff, 0x9c, 0xff, 0x9c, 0xff, 0x9c, 0xff, 0x9c, 0xff, 0x9c, 0xff, 0x9c, 0xff, 0x9c, 0xff, 0x9c, 0xff,
        0xbc, 0xff, 0xdd, 0xff, 0xdd, 0xff, 0xfd, 0xff, 0x99, 0xd6, 0xac, 0x52, 0xcc, 0x52, 0xcc, 0x52, 0xcc, 0x52, 0xac, 0x52,
        0xac, 0x52, 0xac, 0x4a, 0xac, 0x4a, 0xac, 0x52, 0xac, 0x52, 0xac, 0x52, 0xac, 0x52, 0xab, 0x4a, 0xac, 0x4a, 0xac, 0x52,
        0xcc, 0x52, 0xcc, 0x52, 0xcc, 0x52, 0xcc, 0x52, 0xcc, 0x52, 0xac, 0x52, 0xac, 0x4a, 0x6a, 0x4a, 0x75, 0x3c, 0xbf, 0x36,
        0x7f, 0x36, 0x3f, 0x3e, 0xed, 0x4a, 0x29, 0x4a, 0x4a, 0x42, 0x4a, 0x42, 0x4a, 0x42, 0x4a, 0x42, 0x6a, 0x4a, 0x8b, 0x4a,
        0x8b, 0x4a, 0x6a, 0x4a, 0x6a, 0x42, 0x6a, 0x42, 0x6a, 0x42, 0x6a, 0x42, 0x6a, 0x42, 0x6a, 0x42, 0x2a, 0x3a, 0xe8, 0x31,
        0xc8, 0x31, 0xc8, 0x31, 0x87, 0x29, 0x47, 0x21, 0x67, 0x21, 0x26, 0x19, 0xe3, 0x10, 0xe4, 0x18, 0xc3, 0x18, 0xc3, 0x10,
        0xa2, 0x10, 0x82, 0x08, 0x82, 0x08, 0x20, 0x00, 0x00, 0x00, 0x00, 0x00, 0x61, 0x10, 0x4a, 0x8a, 0x6a, 0x8a, 0x6a, 0x8a,
        0x4a, 0x82, 0x29, 0x82, 0x29, 0x7a, 0x09, 0x7a, 0x09, 0x72, 0x09, 0x72, 0x09, 0x72, 0x09, 0x7a, 0xc8, 0x69, 0x20, 0x08,
        0x00, 0x00, 0x00, 0x00, 0x00, 0x00, 0x20, 0x00, 0x21, 0x00, 0x21, 0x00, 0x20, 0x00, 0xc4, 0x10, 0x67, 0x21, 0x67, 0x21,
        0x67, 0x21, 0x26, 0x19, 0x26, 0x19, 0xe9, 0x31, 0x6a, 0x42, 0x4a, 0x42, 0x6a, 0x42, 0x6a, 0x42, 0x6b, 0x42, 0x6a, 0x42,
        0x6b, 0x4a, 0x6a, 0x42, 0x4a, 0x42, 0x4a, 0x42, 0x4a, 0x42, 0x87, 0x21, 0x67, 0x21, 0x88, 0x21, 0x46, 0x21, 0x00, 0x00,
        0x00, 0x00, 0x00, 0x00, 0xa2, 0x10, 0x76, 0xa6, 0xf7, 0xae, 0xd7, 0xae, 0xd7, 0xae, 0xd7, 0xae, 0xd7, 0xae, 0xd7, 0xae,
        0xd7, 0xae, 0xd7, 0xae, 0xd7, 0xae, 0xd7, 0xae, 0xd7, 0xae, 0xd7, 0xae, 0xd7, 0xae, 0xd7, 0xae, 0xd7, 0xae, 0xd7, 0xae,
        0xd7, 0xae, 0xd7, 0xae, 0xd7, 0xae, 0xd7, 0xae, 0xd7, 0xae, 0xd7, 0xae, 0xd7, 0xae, 0xd7, 0xae, 0xd7, 0xae, 0xd7, 0xae,
        0xd7, 0xae, 0xd7, 0xae, 0xd7, 0xae, 0xd7, 0xae, 0xd7, 0xae, 0xd7, 0xae, 0xd7, 0xae, 0xd7, 0xae, 0xd7, 0xae, 0xd7, 0xae,
        0xd7, 0xae, 0xd7, 0xae, 0xd7, 0xae, 0xd7, 0xae, 0xd7, 0xae, 0xd7, 0xae, 0xd7, 0xae, 0xd7, 0xae, 0xd7, 0xae, 0xd7, 0xae,
        0xd7, 0xae, 0xd7, 0xae, 0xd7, 0xae, 0xd7, 0xae, 0xd7, 0xae, 0xd7, 0xae, 0xd7, 0xae, 0xd7, 0xae, 0xd7, 0xae, 0xd7, 0xae,
        0xd7, 0xae, 0xd7, 0xae, 0xd7, 0xae, 0xd7, 0xae, 0xd7, 0xae, 0xd7, 0xae, 0xd7, 0xae, 0xd7, 0xae, 0xd7, 0xae, 0xd7, 0xae,
        0xd7, 0xae, 0xd7, 0xae, 0xd7, 0xae, 0xd7, 0xae, 0xd7, 0xae, 0xd7, 0xae, 0xd7, 0xae, 0xd7, 0xae, 0xd7, 0xae, 0xd7, 0xae,
        0xd7, 0xae, 0xd7, 0xae, 0xd7, 0xae, 0xd7, 0xae, 0xd7, 0xae, 0xd7, 0xae, 0xd7, 0xae, 0xd7, 0xae, 0xd7, 0xae, 0xd7, 0xae,
        0xd7, 0xae, 0xd7, 0xae, 0xd7, 0xae, 0xd7, 0xae, 0xd7, 0xae, 0xd7, 0xae, 0xd7, 0xae, 0xd7, 0xae, 0xd7, 0xae, 0xd7, 0xae,
        0xb7, 0xae, 0x24, 0x19, 0x00, 0x00, 0x20, 0x00, 0x20, 0x00, 0x87, 0x29, 0xc9, 0x31, 0xa8, 0x29, 0x87, 0x29, 0x87, 0x29,
        0x67, 0x21, 0x87, 0x29, 0xe4, 0x18, 0x83, 0x08, 0xa3, 0x10, 0xa3, 0x10, 0x82, 0x08, 0x82, 0x08, 0x41, 0x08, 0x0a, 0x4b,
        0x4f, 0x6c, 0x4e, 0x6c, 0x4f, 0x6c, 0x2e, 0x6c, 0x6f, 0x74, 0xe6, 0x31, 0x00, 0x00, 0x00, 0x00, 0x00, 0x00, 0x62, 0x08,
        0x83, 0x08, 0x83, 0x08, 0xc4, 0x10, 0xe5, 0x10, 0xe4, 0x10, 0xe4, 0x10, 0x26, 0x31, 0x09, 0x7a, 0x29, 0x82, 0x29, 0x82,
        0x49, 0x82, 0x69, 0x8a, 0x69, 0x8a, 0x69, 0x8a, 0x49, 0x82, 0x09, 0x7a, 0x29, 0x7a, 0x49, 0x82, 0xc8, 0x49, 0x88, 0x21,
        0x88, 0x29, 0x87, 0x29, 0x29, 0x42, 0x6a, 0x42, 0x4a, 0x42, 0x4a, 0x42, 0xab, 0x4a, 0xab, 0x52, 0xac, 0x52, 0xcc, 0x52,
        0xcc, 0x52, 0xac, 0x52, 0xab, 0x4a, 0xac, 0x52, 0xed, 0x5a, 0xed, 0x5a, 0x0d, 0x5b, 0xed, 0x5a, 0xed, 0x5a, 0xed, 0x5a,
        0xed, 0x5a, 0xed, 0x5a, 0xed, 0x5a, 0xed, 0x5a, 0xed, 0x5a, 0xed, 0x5a, 0xed, 0x5a, 0xec, 0x5a, 0xec, 0x52, 0xed, 0x52,
        0xec, 0x52, 0xec, 0x5a, 0xec, 0x5a, 0xed, 0x5a, 0xec, 0x5a, 0x0d, 0x5b, 0x6e, 0x6b, 0x2d, 0x63, 0x95, 0xb5, 0xdd, 0xff,
        0x7c, 0xf7, 0x9c, 0xf7, 0x9c, 0xf7, 0x9c, 0xff, 0x9c, 0xff, 0x9c, 0xff, 0x9c, 0xff, 0x9c, 0xff, 0x9c, 0xff, 0x9c, 0xff,
        0x9c, 0xff, 0x9c, 0xff, 0x9c, 0xff, 0x9c, 0xff, 0x9c, 0xff, 0x9c, 0xff, 0x9c, 0xff, 0x9c, 0xff, 0x9c, 0xff, 0x9c, 0xff,
        0xbc, 0xff, 0xf7, 0xbd, 0x55, 0xad, 0x96, 0xb5, 0x14, 0xa5, 0xed, 0x5a, 0xcc, 0x52, 0xcc, 0x52, 0xcc, 0x52, 0xcc, 0x52,
        0xcc, 0x52, 0xac, 0x52, 0xac, 0x52, 0xac, 0x52, 0xac, 0x4a, 0xab, 0x4a, 0xac, 0x52, 0xab, 0x4a, 0xab, 0x4a, 0xac, 0x4a,
        0xac, 0x52, 0xac, 0x52, 0xcc, 0x52, 0xcc, 0x52, 0xac, 0x4a, 0xac, 0x4a, 0xab, 0x4a, 0x8a, 0x4a, 0x70, 0x4b, 0x95, 0x4c,
        0x75, 0x54, 0xb7, 0x4c, 0x18, 0x45, 0xd6, 0x44, 0xd7, 0x3c, 0xd7, 0x3c, 0xd7, 0x44, 0x17, 0x45, 0x90, 0x4b, 0x6a, 0x4a,
        0x8b, 0x4a, 0x6b, 0x4a, 0x6a, 0x42, 0x6a, 0x42, 0x6a, 0x42, 0x6a, 0x42, 0x4a, 0x42, 0x4a, 0x42, 0x4a, 0x42, 0x4a, 0x42,
        0x4a, 0x42, 0x4a, 0x42, 0x6a, 0x42, 0x6a, 0x42, 0x6b, 0x42, 0x6b, 0x42, 0x8b, 0x4a, 0x6b, 0x42, 0x6a, 0x42, 0x2a, 0x3a,
        0x09, 0x3a, 0xe8, 0x31, 0xe9, 0x31, 0x82, 0x10, 0x00, 0x00, 0x00, 0x00, 0x61, 0x18, 0x8b, 0x9a, 0xcb, 0xa2, 0xab, 0x9a,
        0x8b, 0x92, 0x6a, 0x8a, 0x6a, 0x8a, 0x4a, 0x82, 0x09, 0x7a, 0x09, 0x72, 0x09, 0x7a, 0x09, 0x7a, 0x09, 0x72, 0x66, 0x51,
        0x46, 0x49, 0x45, 0x49, 0xa3, 0x28, 0x00, 0x00, 0x00, 0x00, 0x00, 0x00, 0x00, 0x00, 0x62, 0x08, 0x26, 0x19, 0x26, 0x19,
        0x26, 0x19, 0x05, 0x19, 0x26, 0x19, 0xa8, 0x29, 0xa8, 0x29, 0xa8, 0x29, 0xa8, 0x29, 0x2a, 0x3a, 0x6b, 0x42, 0x6a, 0x42,
        0x6a, 0x42, 0x4a, 0x42, 0x4a, 0x42, 0x4a, 0x42, 0x29, 0x3a, 0x46, 0x21, 0x26, 0x19, 0x47, 0x21, 0x26, 0x19, 0x21, 0x00,
        0x20, 0x00, 0x00, 0x00, 0x03, 0x19, 0x96, 0xa6, 0xf7, 0xae, 0xd7, 0xae, 0xd7, 0xae, 0xd7, 0xae, 0xd7, 0xae, 0xd7, 0xae,
        0xd7, 0xae, 0xd7, 0xae, 0xd7, 0xae, 0xd7, 0xae, 0xd7, 0xae, 0xd7, 0xae, 0xd7, 0xae, 0xd7, 0xae, 0xd7, 0xae, 0xd7, 0xae,
        0xd7, 0xae, 0xd7, 0xae, 0xd7, 0xae, 0xd7, 0xae, 0xd7, 0xae, 0xd7, 0xae, 0xd7, 0xae, 0xd7, 0xae, 0xd7, 0xae, 0xd7, 0xae,
        0xd7, 0xae, 0xd7, 0xae, 0xd7, 0xae, 0xd7, 0xae, 0xd7, 0xae, 0xd7, 0xae, 0xd7, 0xae, 0xd7, 0xae, 0xd7, 0xae, 0xd7, 0xae,
        0xd7, 0xae, 0xd7, 0xae, 0xd7, 0xae, 0xd7, 0xae, 0xd7, 0xae, 0xd7, 0xae, 0xd7, 0xae, 0xd7, 0xae, 0xd7, 0xae, 0xd7, 0xae,
        0xd7, 0xae, 0xd7, 0xae, 0xd7, 0xae, 0xd7, 0xae, 0xd7, 0xae, 0xd7, 0xae, 0xd7, 0xae, 0xd7, 0xae, 0xd7, 0xae, 0xd7, 0xa6,
        0xd7, 0xae, 0xd7, 0xae, 0xd7, 0xae, 0xd7, 0xae, 0xd7, 0xae, 0xd7, 0xae, 0xd7, 0xae, 0xd7, 0xae, 0xd7, 0xae, 0xd7, 0xae,
        0xd7, 0xae, 0xd7, 0xae, 0xd7, 0xae, 0xd7, 0xae, 0xd7, 0xae, 0xd7, 0xae, 0xd7, 0xae, 0xd7, 0xae, 0xd7, 0xae, 0xd7, 0xae,
        0xd7, 0xae, 0xd7, 0xae, 0xd7, 0xae, 0xd7, 0xae, 0xd7, 0xae, 0xd7, 0xae, 0xd7, 0xae, 0xd7, 0xae, 0xd7, 0xae, 0xd7, 0xae,
        0xd7, 0xae, 0xd7, 0xae, 0xd7, 0xae, 0xd7, 0xae, 0xd7, 0xae, 0xd7, 0xae, 0xd7, 0xae, 0xd7, 0xae, 0xd7, 0xae, 0xd7, 0xae,
        0xb7, 0xae, 0x24, 0x19, 0x00, 0x00, 0x20, 0x00, 0x20, 0x00, 0x26, 0x19, 0x47, 0x21, 0x26, 0x19, 0x26, 0x19, 0x26, 0x19,
        0x26, 0x19, 0x46, 0x21, 0x62, 0x08, 0x00, 0x00, 0x00, 0x00, 0x00, 0x00, 0x00, 0x00, 0x00, 0x00, 0x00, 0x00, 0x93, 0x8d,
        0x9a, 0xbf, 0x59, 0xb7, 0x59, 0xbf, 0x59, 0xbf, 0xdb, 0xcf, 0x4b, 0x53, 0x00, 0x00, 0x20, 0x00, 0x00, 0x00, 0xc4, 0x10,
        0x06, 0x11, 0x05, 0x11, 0xe5, 0x10, 0xe5, 0x10, 0xe5, 0x10, 0x05, 0x11, 0x05, 0x21, 0x29, 0x82, 0x49, 0x8a, 0x29, 0x8a,
        0x49, 0x8a, 0x8a, 0x9a, 0x8a, 0x9a, 0x8a, 0x9a, 0x49, 0x8a, 0x09, 0x72, 0x09, 0x7a, 0x29, 0x82, 0xa8, 0x41, 0x67, 0x19,
        0x67, 0x21, 0x67, 0x21, 0x4a, 0x42, 0x6a, 0x4a, 0x6a, 0x42, 0x6a, 0x42, 0x8b, 0x4a, 0xab, 0x4a, 0xab, 0x52, 0xab, 0x52,
        0xab, 0x52, 0xab, 0x4a, 0xab, 0x4a, 0xac, 0x52, 0xed, 0x5a, 0xed, 0x5a, 0x0d, 0x5b, 0x0d, 0x5b, 0xed, 0x5a, 0xed, 0x5a,
        0xed, 0x5a, 0xec, 0x5a, 0xec, 0x5a, 0xed, 0x5a, 0xed, 0x5a, 0xed, 0x5a, 0xec, 0x5a, 0xec, 0x52, 0xec, 0x52, 0xec, 0x52,
        0xec, 0x52, 0xed, 0x5a, 0xed, 0x5a, 0xed, 0x5a, 0xed, 0x5a, 0x2d, 0x63, 0xaf, 0x73, 0x6e, 0x6b, 0x75, 0xb5, 0x9c, 0xff,
        0x7b, 0xf7, 0x9c, 0xf7, 0x9c, 0xff, 0x9c, 0xf7, 0x9c, 0xff, 0x9c, 0xff, 0x9c, 0xff, 0x9c, 0xff, 0x9c, 0xff, 0x9c, 0xff,
        0x9c, 0xff, 0x9c, 0xff, 0x9c, 0xff, 0x9c, 0xff, 0x9c, 0xff, 0x9c, 0xff, 0x9c, 0xff, 0x9c, 0xff, 0x9c, 0xff, 0x9c, 0xff,
        0xbc, 0xff, 0xb3, 0x9c, 0xb0, 0x73, 0xf0, 0x7b, 0xf0, 0x7b, 0x0d, 0x5b, 0xcc, 0x52, 0xcc, 0x52, 0xcc, 0x52, 0xcc, 0x52,
        0xcc, 0x52, 0xac, 0x52, 0xac, 0x52, 0xac, 0x52, 0xac, 0x4a, 0xab, 0x4a, 0xac, 0x4a, 0xac, 0x4a, 0xab, 0x4a, 0xab, 0x4a,
        0xac, 0x52, 0xac, 0x52, 0xac, 0x52, 0xac, 0x52, 0xab, 0x4a, 0xab, 0x4a, 0xab, 0x4a, 0x8b, 0x4a, 0xec, 0x52, 0x4e, 0x63,
        0x4e, 0x63, 0xb0, 0x5b, 0x3e, 0x46, 0x7f, 0x36, 0x5f, 0x36, 0x5f, 0x36, 0x7f, 0x3e, 0xdf, 0x46, 0x75, 0x44, 0x4a, 0x4a,
        0x8b, 0x4a, 0x6b, 0x42, 0x6a, 0x42, 0x6a, 0x42, 0x4a, 0x42, 0x4a, 0x42, 0x4a, 0x42, 0x4a, 0x42, 0x4a, 0x42, 0x4a, 0x42,
        0x4a, 0x42, 0x6a, 0x42, 0x6a, 0x42, 0x6a, 0x42, 0x6a, 0x42, 0x6a, 0x42, 0x6a, 0x42, 0x4a, 0x42, 0x4a, 0x42, 0x29, 0x3a,
        0xe9, 0x31, 0xc8, 0x31, 0xc8, 0x31, 0x25, 0x21, 0xc4, 0x18, 0x04, 0x19, 0x25, 0x21, 0xa7, 0x59, 0xa7, 0x61, 0xa7, 0x69,
        0x08, 0x7a, 0xab, 0x9a, 0x8a, 0x92, 0x6a, 0x8a, 0x29, 0x7a, 0x09, 0x7a, 0x09, 0x7a, 0x09, 0x7a, 0x09, 0x7a, 0x09, 0x7a,
        0x09, 0x72, 0x2a, 0x7a, 0x25, 0x41, 0x00, 0x00, 0x00, 0x00, 0x00, 0x00, 0x00, 0x00, 0x21, 0x00, 0x05, 0x19, 0x06, 0x19,
        0x26, 0x19, 0xe4, 0x10, 0x26, 0x19, 0x67, 0x21, 0x47, 0x21, 0x47, 0x21, 0x47, 0x21, 0xe9, 0x39, 0x8b, 0x4a, 0x6a, 0x42,
        0x6a, 0x42, 0x4a, 0x42, 0x4a, 0x42, 0x4a, 0x42, 0x29, 0x3a, 0x46, 0x21, 0x26, 0x19, 0x47, 0x21, 0x06, 0x19, 0x20, 0x00,
        0x00, 0x00, 0x00, 0x00, 0xe3, 0x10, 0x76, 0xa6, 0xf7, 0xae, 0xd7, 0xae, 0xd7, 0xae, 0xd7, 0xae, 0xd7, 0xae, 0xd7, 0xae,
        0xd7, 0xae, 0xd7, 0xae, 0xd7, 0xae, 0xd7, 0xae, 0xd7, 0xae, 0xd7, 0xae, 0xd7, 0xae, 0xd7, 0xae, 0xd7, 0xae, 0xd7, 0xae,
        0xd7, 0xae, 0xd7, 0xae, 0xd7, 0xae, 0xd7, 0xae, 0xd7, 0xae, 0xd7, 0xae, 0xd7, 0xae, 0xd7, 0xae, 0xd7, 0xae, 0xd7, 0xae,
        0xd7, 0xae, 0xd7, 0xae, 0xd7, 0xae, 0xd7, 0xae, 0xd7, 0xae, 0xd7, 0xae, 0xd7, 0xae, 0xd7, 0xae, 0xd7, 0xae, 0xd7, 0xae,
        0xd7, 0xae, 0xd7, 0xae, 0xd7, 0xae, 0xd7, 0xae, 0xd7, 0xae, 0xd7, 0xae, 0xd7, 0xae, 0xd7, 0xae, 0xd7, 0xae, 0xd7, 0xae,
        0xd7, 0xae, 0xd7, 0xae, 0xd7, 0xae, 0xd7, 0xae, 0xd7, 0xae, 0xd7, 0xae, 0xd7, 0xae, 0xd7, 0xae, 0xd7, 0xae, 0xd7, 0xae,
        0xd7, 0xae, 0xd7, 0xae, 0xd7, 0xae, 0xd7, 0xae, 0xd7, 0xae, 0xd7, 0xae, 0xd7, 0xae, 0xd7, 0xae, 0xd7, 0xae, 0xd7, 0xae,
        0xd7, 0xae, 0xd7, 0xae, 0xd7, 0xae, 0xd7, 0xae, 0xd7, 0xae, 0xd7, 0xae, 0xd7, 0xae, 0xd7, 0xae, 0xd7, 0xae, 0xd7, 0xae,
        0xd7, 0xae, 0xd7, 0xae, 0xd7, 0xae, 0xd7, 0xae, 0xd7, 0xae, 0xd7, 0xae, 0xd7, 0xae, 0xd7, 0xae, 0xd7, 0xae, 0xd7, 0xae,
        0xd7, 0xae, 0xd7, 0xae, 0xd7, 0xae, 0xd7, 0xae, 0xd7, 0xae, 0xd7, 0xae, 0xd7, 0xae, 0xd7, 0xae, 0xd7, 0xae, 0xd7, 0xae,
        0xb7, 0xae, 0x23, 0x19, 0x00, 0x00, 0x20, 0x00, 0x00, 0x00, 0x46, 0x19, 0x67, 0x21, 0x47, 0x21, 0x47, 0x21, 0x46, 0x21,
        0x46, 0x21, 0x46, 0x21, 0x62, 0x08, 0x00, 0x00, 0x00, 0x00, 0x00, 0x00, 0x00, 0x00, 0x00, 0x00, 0x00, 0x00, 0x31, 0x7d,
        0x17, 0xaf, 0xd7, 0xa6, 0xd7, 0xae, 0xd7, 0xae, 0x59, 0xbf, 0x2b, 0x4b, 0x00, 0x00, 0x20, 0x00, 0x20, 0x00, 0xc4, 0x10,
        0x06, 0x11, 0x05, 0x11, 0x05, 0x11, 0x05, 0x11, 0x05, 0x11, 0x05, 0x11, 0x26, 0x21, 0x29, 0x82, 0x49, 0x8a, 0x29, 0x8a,
        0x49, 0x8a, 0x8a, 0x9a, 0x8a, 0x9a, 0x8a, 0x9a, 0x69, 0x8a, 0x09, 0x7a, 0x09, 0x7a, 0x29, 0x82, 0xa7, 0x41, 0x47, 0x19,
        0x67, 0x21, 0x67, 0x21, 0x2a, 0x3a, 0x6a, 0x42, 0x4a, 0x42, 0x4a, 0x42, 0x8b, 0x4a, 0x8b, 0x4a, 0xab, 0x4a, 0xab, 0x4a,
        0xab, 0x4a, 0xab, 0x52, 0xab, 0x52, 0xcc, 0x52, 0x0d, 0x5b, 0x0d, 0x5b, 0x0d, 0x5b, 0x0d, 0x5b, 0xec, 0x5a, 0xec, 0x52,
        0xcc, 0x52, 0xcc, 0x52, 0xcc, 0x52, 0xec, 0x52, 0xec, 0x52, 0xec, 0x5a, 0xec, 0x52, 0xec, 0x5a, 0xec, 0x52, 0xec, 0x52,
        0xec, 0x52, 0xec, 0x5a, 0xec, 0x52, 0xed, 0x5a, 0xed, 0x5a, 0x2d, 0x63, 0xaf, 0x73, 0x2d, 0x63, 0x54, 0xad, 0x9c, 0xff,
        0x7b, 0xf7, 0x9b, 0xff, 0x9c, 0xf7, 0x9c, 0xff, 0x9c, 0xff, 0x9c, 0xff, 0x9c, 0xff, 0x9c, 0xff, 0x9c, 0xff, 0x9c, 0xff,
        0x9c, 0xff, 0x9c, 0xff, 0x9c, 0xff, 0x9c, 0xff, 0x9c, 0xff, 0x9c, 0xff, 0x9c, 0xff, 0x9c, 0xff, 0x9c, 0xff, 0x9b, 0xff,
        0xbc, 0xff, 0x14, 0xa5, 0x11, 0x7c, 0x31, 0x84, 0x31, 0x84, 0x0d, 0x5b, 0xcc, 0x52, 0xcc, 0x52, 0xcc, 0x52, 0xcc, 0x52,
        0xcc, 0x52, 0xcc, 0x52, 0xcc, 0x52, 0xac, 0x52, 0xab, 0x4a, 0x8b, 0x4a, 0x8b, 0x4a, 0x8b, 0x4a, 0xab, 0x4a, 0xab, 0x4a,
        0xab, 0x4a, 0xab, 0x4a, 0xab, 0x4a, 0x8b, 0x4a, 0x8b, 0x4a, 0xab, 0x4a, 0xab, 0x4a, 0x8b, 0x4a, 0x2e, 0x5b, 0x90, 0x63,
        0x8f, 0x63, 0xf2, 0x5b, 0x1e, 0x46, 0x5f, 0x3e, 0x3f, 0x3e, 0x3e, 0x3e, 0x3e, 0x3e, 0x9f, 0x46, 0x54, 0x44, 0x29, 0x4a,
        0x4a, 0x42, 0x4a, 0x42, 0x4a, 0x42, 0x4a, 0x42, 0x4a, 0x42, 0x4a, 0x42, 0x4a, 0x42, 0x4a, 0x42, 0x4a, 0x42, 0x6a, 0x42,
        0x6a, 0x42, 0x6a, 0x42, 0x6a, 0x42, 0x6a, 0x42, 0x6a, 0x42, 0x6a, 0x42, 0x6a, 0x42, 0x4a, 0x42, 0x4a, 0x42, 0x2a, 0x3a,
        0xe9, 0x39, 0xc8, 0x31, 0xc8, 0x31, 0xa7, 0x29, 0x87, 0x29, 0x87, 0x29, 0x67, 0x29, 0x41, 0x00, 0x00, 0x00, 0x00, 0x00,
        0x24, 0x41, 0xcb, 0xa2, 0x8a, 0x92, 0x6a, 0x92, 0x29, 0x7a, 0x29, 0x7a, 0x29, 0x7a, 0x09, 0x7a, 0x09, 0x72, 0xe9, 0x69,
        0xe8, 0x69, 0x09, 0x72, 0x25, 0x39, 0x00, 0x00, 0x00, 0x00, 0x00, 0x00, 0x00, 0x00, 0x20, 0x00, 0xa3, 0x10, 0xc4, 0x10,
        0xc4, 0x10, 0x83, 0x08, 0x26, 0x19, 0x88, 0x21, 0x67, 0x21, 0x87, 0x21, 0x67, 0x21, 0x09, 0x3a, 0x8b, 0x4a, 0x6a, 0x42,
        0x6a, 0x42, 0x6a, 0x42, 0x4a, 0x42, 0x4a, 0x42, 0x2a, 0x3a, 0x47, 0x21, 0x26, 0x19, 0x46, 0x21, 0x05, 0x19, 0x00, 0x00,
        0x00, 0x00, 0x00, 0x00, 0xe3, 0x10, 0x76, 0xa6, 0xf7, 0xae, 0xd7, 0xae, 0xd7, 0xae, 0xd7, 0xae, 0xd7, 0xae, 0xd7, 0xae,
        0xd7, 0xae, 0xd7, 0xae, 0xd7, 0xae, 0xd7, 0xae, 0xd7, 0xae, 0xd7, 0xae, 0xd7, 0xae, 0xd7, 0xae, 0xd7, 0xae, 0xd7, 0xae,
        0xd7, 0xae, 0xd7, 0xae, 0xd7, 0xae, 0xd7, 0xae, 0xd7, 0xae, 0xd7, 0xae, 0xd7, 0xae, 0xd7, 0xae, 0xd7, 0xae, 0xd7, 0xae,
        0xd7, 0xae, 0xd7, 0xae, 0xd7, 0xae, 0xd7, 0xae, 0xd7, 0xae, 0xd7, 0xae, 0xd7, 0xae, 0xd7, 0xae, 0xd7, 0xae, 0xd7, 0xae,
        0xd7, 0xae, 0xd7, 0xae, 0xd7, 0xae, 0xd7, 0xae, 0xd7, 0xae, 0xd7, 0xae, 0xd7, 0xae, 0xd7, 0xae, 0xd7, 0xae, 0xd7, 0xae,
        0xd7, 0xae, 0xd7, 0xae, 0xd7, 0xae, 0xd7, 0xae, 0xd7, 0xae, 0xd7, 0xae, 0xd7, 0xae, 0xd7, 0xae, 0xd7, 0xae, 0xd7, 0xae,
        0xd7, 0xae, 0xd7, 0xae, 0xd7, 0xae, 0xd7, 0xae, 0xd7, 0xae, 0xd7, 0xae, 0xd7, 0xae, 0xd7, 0xae, 0xd7, 0xae, 0xd7, 0xae,
        0xd7, 0xae, 0xd7, 0xae, 0xd7, 0xae, 0xd7, 0xae, 0xd7, 0xae, 0xd7, 0xae, 0xd7, 0xae, 0xd7, 0xae, 0xd7, 0xae, 0xd7, 0xae,
        0xd7, 0xae, 0xd7, 0xae, 0xd7, 0xae, 0xd7, 0xae, 0xd7, 0xae, 0xd7, 0xae, 0xd7, 0xae, 0xd7, 0xae, 0xd7, 0xae, 0xd7, 0xae,
        0xd7, 0xae, 0xd7, 0xae, 0xd7, 0xae, 0xd7, 0xae, 0xd7, 0xae, 0xd7, 0xae, 0xd7, 0xae, 0xd7, 0xae, 0xd7, 0xae, 0xf7, 0xae,
        0x96, 0xa6, 0x03, 0x19, 0x00, 0x00, 0x00, 0x00, 0x00, 0x00, 0x46, 0x21, 0x88, 0x21, 0x87, 0x21, 0x67, 0x21, 0x67, 0x21,
        0x67, 0x21, 0x67, 0x21, 0x82, 0x08, 0x00, 0x00, 0x00, 0x00, 0x00, 0x00, 0x00, 0x00, 0x00, 0x00, 0x00, 0x00, 0x31, 0x7d,
        0x18, 0xaf, 0xd7, 0xa6, 0xd7, 0xa6, 0xd7, 0xa6, 0x58, 0xb7, 0x0a, 0x4b, 0x00, 0x00, 0x20, 0x00, 0x00, 0x00, 0xc4, 0x10,
        0x06, 0x19, 0x05, 0x19, 0x05, 0x19, 0x05, 0x19, 0x05, 0x19, 0x05, 0x11, 0x25, 0x21, 0x09, 0x82, 0x29, 0x8a, 0x29, 0x82,
        0x49, 0x8a, 0x8a, 0x9a, 0x8a, 0x9a, 0x8a, 0x9a, 0x49, 0x8a, 0xe8, 0x69, 0xe8, 0x69, 0xe8, 0x71, 0x87, 0x41, 0x67, 0x21,
        0x88, 0x21, 0x88, 0x29, 0x2a, 0x3a, 0x4a, 0x42, 0x4a, 0x42, 0x4a, 0x42, 0x8b, 0x4a, 0x8b, 0x4a, 0xab, 0x4a, 0xab, 0x4a,
        0xab, 0x52, 0xab, 0x52, 0xab, 0x52, 0xcc, 0x52, 0xed, 0x5a, 0xed, 0x5a, 0x0d, 0x5b, 0x2d, 0x63, 0x4e, 0x63, 0x2d, 0x63,
        0x2d, 0x63, 0x2d, 0x63, 0x2d, 0x63, 0x2d, 0x63, 0x4e, 0x63, 0x6e, 0x6b, 0x4e, 0x6b, 0x0d, 0x5b, 0xec, 0x52, 0xec, 0x5a,
        0xec, 0x52, 0xec, 0x5a, 0xec, 0x5a, 0xec, 0x5a, 0xec, 0x52, 0x0d, 0x5b, 0x8f, 0x73, 0x4e, 0x6b, 0x92, 0x94, 0xd6, 0xbd,
        0xd6, 0xbd, 0x1a, 0xef, 0x9c, 0xff, 0x9c, 0xff, 0x9c, 0xff, 0x9c, 0xff, 0x9c, 0xff, 0x9c, 0xff, 0x9c, 0xff, 0x9c, 0xff,
        0x9c, 0xff, 0x9c, 0xff, 0x9c, 0xff, 0x9c, 0xff, 0x9c, 0xff, 0x9c, 0xff, 0x9c, 0xff, 0x9c, 0xff, 0x9c, 0xf7, 0x9c, 0xff,
        0xdc, 0xff, 0xb3, 0x94, 0x6f, 0x6b, 0xaf, 0x73, 0xaf, 0x73, 0xec, 0x52, 0xac, 0x4a, 0xac, 0x4a, 0xcc, 0x52, 0xac, 0x52,
        0xac, 0x52, 0xcc, 0x52, 0xcc, 0x52, 0x0d, 0x5b, 0x0d, 0x5b, 0xec, 0x5a, 0xec, 0x5a, 0xec, 0x5a, 0x0d, 0x5b, 0x0d, 0x5b,
        0x0d, 0x5b, 0x0d, 0x5b, 0x0d, 0x5b, 0xec, 0x5a, 0xcc, 0x52, 0x8b, 0x4a, 0xab, 0x4a, 0xab, 0x4a, 0x2d, 0x5b, 0x8f, 0x63,
        0x6f, 0x63, 0xd1, 0x5b, 0xbc, 0x45, 0xdc, 0x3d, 0xdc, 0x3d, 0xdc, 0x45, 0xfc, 0x45, 0x3d, 0x46, 0x75, 0x44, 0xac, 0x4a,
        0xcd, 0x42, 0xcc, 0x42, 0x4a, 0x42, 0x4a, 0x42, 0x4a, 0x42, 0x4a, 0x42, 0x4a, 0x42, 0x4a, 0x42, 0x4a, 0x42, 0x4a, 0x42,
        0x4a, 0x42, 0x6a, 0x42, 0x6a, 0x42, 0x4a, 0x42, 0x2a, 0x3a, 0x29, 0x3a, 0xe9, 0x31, 0xc8, 0x31, 0xc8, 0x31, 0xc8, 0x31,
        0xa8, 0x29, 0xa8, 0x29, 0xa7, 0x29, 0x87, 0x29, 0x87, 0x29, 0x87, 0x29, 0x46, 0x21, 0x20, 0x00, 0x00, 0x00, 0x00, 0x00,
        0x04, 0x41, 0xab, 0x9a, 0x8a, 0x92, 0x8a, 0x92, 0x4a, 0x82, 0x29, 0x7a, 0x29, 0x7a, 0x29, 0x7a, 0x09, 0x72, 0xe9, 0x71,
        0xe9, 0x69, 0x09, 0x72, 0x45, 0x41, 0x00, 0x00, 0x00, 0x00, 0x00, 0x00, 0x00, 0x00, 0x00, 0x00, 0x00, 0x00, 0x00, 0x00,
        0x20, 0x00, 0x61, 0x08, 0x26, 0x19, 0x88, 0x29, 0x88, 0x29, 0x88, 0x29, 0x88, 0x29, 0x09, 0x3a, 0x6b, 0x42, 0x4a, 0x42,
        0x4a, 0x3a, 0x4a, 0x42, 0x4a, 0x42, 0x4a, 0x42, 0x4a, 0x3a, 0x67, 0x21, 0x46, 0x19, 0x47, 0x21, 0x05, 0x19, 0x00, 0x00,
        0x00, 0x00, 0x00, 0x00, 0xe3, 0x10, 0x96, 0xa6, 0xf7, 0xae, 0xd7, 0xae, 0xd7, 0xae, 0xd7, 0xae, 0xd7, 0xae, 0xd7, 0xae,
        0xd7, 0xae, 0xd7, 0xae, 0xd7, 0xae, 0xd7, 0xae, 0xd7, 0xae, 0xd7, 0xae, 0xd7, 0xae, 0xd7, 0xae, 0xd7, 0xae, 0xd7, 0xae,
        0xd7, 0xae, 0xd7, 0xae, 0xd7, 0xae, 0xd7, 0xae, 0xd7, 0xae, 0xd7, 0xae, 0xd7, 0xae, 0xd7, 0xae, 0xd7, 0xae, 0xd7, 0xae,
        0xd7, 0xae, 0xd7, 0xae, 0xd7, 0xae, 0xd7, 0xae, 0xd7, 0xae, 0xd7, 0xae, 0xd7, 0xae, 0xd7, 0xae, 0xd7, 0xae, 0xd7, 0xae,
        0xd7, 0xae, 0xd7, 0xae, 0xd7, 0xae, 0xd7, 0xae, 0xd7, 0xae, 0xd7, 0xae, 0xd7, 0xae, 0xd7, 0xae, 0xd7, 0xae, 0xd7, 0xae,
        0xd7, 0xae, 0xd7, 0xae, 0xd7, 0xae, 0xd7, 0xae, 0xd7, 0xae, 0xd7, 0xae, 0xd7, 0xae, 0xd7, 0xae, 0xd7, 0xae, 0xd7, 0xae,
        0xd7, 0xae, 0xd7, 0xae, 0xd7, 0xae, 0xd7, 0xae, 0xd7, 0xae, 0xd7, 0xae, 0xd7, 0xae, 0xd7, 0xae, 0xd7, 0xae, 0xd7, 0xae,
        0xd7, 0xae, 0xd7, 0xae, 0xd7, 0xae, 0xd7, 0xae, 0xd7, 0xae, 0xd7, 0xae, 0xd7, 0xae, 0xd7, 0xae, 0xd7, 0xae, 0xd7, 0xae,
        0xd7, 0xae, 0xd7, 0xae, 0xd7, 0xae, 0xd7, 0xae, 0xd7, 0xae, 0xd7, 0xae, 0xd7, 0xae, 0xd7, 0xae, 0xd7, 0xae, 0xd7, 0xae,
        0xd7, 0xae, 0xd7, 0xae, 0xd7, 0xae, 0xd7, 0xae, 0xd7, 0xae, 0xd7, 0xae, 0xd7, 0xae, 0xd7, 0xae, 0xd7, 0xae, 0xd7, 0xae,
        0xd7, 0xae, 0xf1, 0x7c, 0x8f, 0x6c, 0xaf, 0x74, 0x4f, 0x6c, 0xc3, 0x10, 0x82, 0x08, 0xa3, 0x10, 0x83, 0x10, 0x82, 0x10,
        0x83, 0x10, 0x62, 0x08, 0x2b, 0x4b, 0x11, 0x7d, 0xd0, 0x7c, 0xd0, 0x74, 0xb0, 0x74, 0xb0, 0x74, 0xd0, 0x74, 0x55, 0x9e,
        0xd7, 0xa6, 0xd7, 0xa6, 0xd7, 0xa6, 0xd7, 0xa6, 0x38, 0xaf, 0xea, 0x42, 0x00, 0x00, 0x00, 0x00, 0x00, 0x00, 0xc4, 0x10,
        0x06, 0x19, 0x05, 0x11, 0x05, 0x19, 0x06, 0x19, 0x06, 0x19, 0x06, 0x11, 0x05, 0x21, 0xe8, 0x79, 0x09, 0x82, 0x08, 0x7a,
        0x29, 0x82, 0x8a, 0x9a, 0x8a, 0x9a, 0xaa, 0xa2, 0x08, 0x6a, 0x26, 0x19, 0x26, 0x21, 0x26, 0x21, 0xa7, 0x39, 0xe9, 0x49,
        0x09, 0x4a, 0x29, 0x42, 0x4a, 0x42, 0x4a, 0x42, 0x4a, 0x42, 0x4a, 0x42, 0xac, 0x4a, 0xac, 0x4a, 0xab, 0x4a, 0xac, 0x52,
        0xab, 0x52, 0xab, 0x52, 0xab, 0x52, 0xab, 0x52, 0xac, 0x52, 0xcc, 0x52, 0xac, 0x52, 0x6e, 0x6b, 0xb3, 0x94, 0x72, 0x94,
        0x52, 0x8c, 0x52, 0x8c, 0x52, 0x8c, 0x72, 0x8c, 0x72, 0x94, 0x93, 0x94, 0x92, 0x94, 0x2d, 0x63, 0xec, 0x52, 0xec, 0x5a,
        0xec, 0x52, 0xec, 0x52, 0xec, 0x52, 0xec, 0x52, 0xcc, 0x52, 0xed, 0x5a, 0xd0, 0x7b, 0xd0, 0x7b, 0xd0, 0x7b, 0xd0, 0x7b,
        0xb0, 0x73, 0x78, 0xd6, 0xbc, 0xff, 0x9c, 0xff, 0x9c, 0xff, 0x9c, 0xff, 0x9c, 0xff, 0x9c, 0xff, 0x9c, 0xff, 0x9c, 0xff,
        0x9c, 0xff, 0x9c, 0xff, 0x9c, 0xff, 0x9c, 0xff, 0x9c, 0xff, 0x9c, 0xff, 0x9c, 0xff, 0x9c, 0xff, 0x9c, 0xff, 0xbc, 0xff,
        0xdd, 0xff, 0xf0, 0x73, 0x4a, 0x42, 0x8b, 0x4a, 0xab, 0x4a, 0xac, 0x4a, 0xab, 0x4a, 0xab, 0x4a, 0xac, 0x4a, 0xac, 0x4a,
        0xac, 0x52, 0xcc, 0x52, 0xcc, 0x52, 0xf0, 0x7b, 0x72, 0x8c, 0x31, 0x8c, 0x31, 0x8c, 0x51, 0x8c, 0x72, 0x8c, 0x72, 0x8c,
        0x51, 0x8c, 0x31, 0x8c, 0x31, 0x84, 0x31, 0x84, 0x8f, 0x73, 0x8b, 0x4a, 0xab, 0x4a, 0xac, 0x52, 0xcc, 0x52, 0xec, 0x52,
        0xcc, 0x52, 0xcc, 0x52, 0xcd, 0x4a, 0xcd, 0x4a, 0xcd, 0x4a, 0xcd, 0x4a, 0xed, 0x4a, 0xcc, 0x4a, 0xd8, 0x3c, 0x3e, 0x3e,
        0xfe, 0x3d, 0x9b, 0x45, 0x4a, 0x3a, 0x29, 0x42, 0x4a, 0x42, 0x4a, 0x42, 0x4a, 0x42, 0x4a, 0x42, 0x4a, 0x42, 0x4a, 0x42,
        0x4a, 0x42, 0x6a, 0x42, 0x09, 0x32, 0xa8, 0x29, 0x88, 0x29, 0x87, 0x21, 0x46, 0x21, 0x26, 0x19, 0x26, 0x19, 0x26, 0x19,
        0x05, 0x19, 0xe5, 0x18, 0x05, 0x19, 0x25, 0x19, 0x25, 0x19, 0x05, 0x19, 0xc4, 0x10, 0x00, 0x00, 0x00, 0x00, 0x00, 0x00,
        0xe4, 0x30, 0xab, 0x9a, 0x8a, 0x92, 0x8a, 0x92, 0xaa, 0x9a, 0xaa, 0x9a, 0xaa, 0x9a, 0x8a, 0x92, 0x8a, 0x92, 0x6a, 0x8a,
        0x29, 0x7a, 0x2a, 0x7a, 0x09, 0x72, 0x66, 0x49, 0x62, 0x08, 0xa3, 0x10, 0xa3, 0x10, 0x00, 0x00, 0x00, 0x00, 0x00, 0x00,
        0x20, 0x08, 0x20, 0x08, 0x83, 0x10, 0xe5, 0x18, 0xe4, 0x18, 0xe4, 0x18, 0xe4, 0x18, 0x46, 0x21, 0x88, 0x29, 0x88, 0x21,
        0x67, 0x21, 0xc8, 0x31, 0x4a, 0x42, 0x4a, 0x42, 0x29, 0x3a, 0x87, 0x21, 0x47, 0x21, 0x67, 0x21, 0x05, 0x19, 0x00, 0x00,
        0x00, 0x00, 0x00, 0x00, 0xe3, 0x10, 0x96, 0xa6, 0xf7, 0xae, 0xd7, 0xae, 0xd7, 0xae, 0xd7, 0xae, 0xd7, 0xae, 0xd7, 0xae,
        0xd7, 0xae, 0xd7, 0xae, 0xd7, 0xae, 0xd7, 0xae, 0xd7, 0xae, 0xd7, 0xae, 0xd7, 0xae, 0xd7, 0xae, 0xd7, 0xae, 0xd7, 0xae,
        0xd7, 0xae, 0xd7, 0xae, 0xd7, 0xae, 0xd7, 0xae, 0xd7, 0xae, 0xd7, 0xae, 0xd7, 0xae, 0xd7, 0xae, 0xd7, 0xae, 0xd7, 0xae,
        0xd7, 0xae, 0xd7, 0xae, 0xd7, 0xae, 0xd7, 0xae, 0xd7, 0xae, 0xd7, 0xae, 0xd7, 0xae, 0xd7, 0xae, 0xd7, 0xae, 0xd7, 0xae,
        0xd7, 0xae, 0xd7, 0xae, 0xd7, 0xae, 0xd7, 0xae, 0xd7, 0xae, 0xd7, 0xae, 0xd7, 0xae, 0xd7, 0xae, 0xd7, 0xae, 0xd7, 0xae,
        0xd7, 0xae, 0xd7, 0xae, 0xd7, 0xae, 0xd7, 0xae, 0xd7, 0xae, 0xd7, 0xae, 0xd7, 0xae, 0xd7, 0xae, 0xd7, 0xae, 0xd7, 0xae,
        0xd7, 0xae, 0xd7, 0xae, 0xd7, 0xae, 0xd7, 0xae, 0xd7, 0xae, 0xd7, 0xae, 0xd7, 0xae, 0xd7, 0xae, 0xd7, 0xae, 0xd7, 0xae,
        0xd7, 0xae, 0xd7, 0xae, 0xd7, 0xae, 0xd7, 0xae, 0xd7, 0xae, 0xd7, 0xae, 0xd7, 0xae, 0xd7, 0xae, 0xd7, 0xae, 0xd7, 0xae,
        0xd7, 0xae, 0xd7, 0xae, 0xd7, 0xae, 0xd7, 0xae, 0xd7, 0xae, 0xd7, 0xae, 0xd7, 0xae, 0xd7, 0xae, 0xd7, 0xae, 0xd7, 0xae,
        0xd7, 0xae, 0xd7, 0xae, 0xd7, 0xae, 0xd7, 0xae, 0xd7, 0xae, 0xd7, 0xae, 0xd7, 0xae, 0xd7, 0xae, 0xd7, 0xae, 0xd7, 0xae,
        0xd7, 0xae, 0x17, 0xaf, 0x17, 0xaf, 0x18, 0xaf, 0x76, 0xa6, 0xc2, 0x10, 0x00, 0x00, 0x00, 0x00, 0x00, 0x00, 0x00, 0x00,
        0x20, 0x00, 0x00, 0x00, 0x8f, 0x74, 0x9a, 0xc7, 0x19, 0xb7, 0x18, 0xb7, 0x18, 0xaf, 0x18, 0xaf, 0x17, 0xaf, 0xd7, 0xa6,
        0xd7, 0xa6, 0xd7, 0xae, 0xd7, 0xae, 0xd7, 0xae, 0x38, 0xb7, 0x8c, 0x53, 0xc2, 0x10, 0xe3, 0x18, 0x03, 0x19, 0x82, 0x08,
        0x41, 0x00, 0x41, 0x00, 0x82, 0x08, 0x26, 0x19, 0x26, 0x19, 0x06, 0x11, 0x05, 0x21, 0xe8, 0x71, 0x08, 0x7a, 0x08, 0x7a,
        0x49, 0x8a, 0xaa, 0x9a, 0xaa, 0x9a, 0xaa, 0xa2, 0x09, 0x6a, 0x26, 0x19, 0x26, 0x21, 0x25, 0x19, 0x87, 0x31, 0xe8, 0x41,
        0xe9, 0x41, 0x09, 0x42, 0x4a, 0x42, 0x4a, 0x42, 0x4a, 0x42, 0x6a, 0x42, 0xac, 0x52, 0xcc, 0x52, 0xac, 0x52, 0xab, 0x52,
        0xac, 0x52, 0xac, 0x52, 0xab, 0x52, 0xab, 0x52, 0xcc, 0x52, 0xcc, 0x52, 0xac, 0x4a, 0x6e, 0x6b, 0xb3, 0x9c, 0x92, 0x94,
        0x72, 0x8c, 0x52, 0x8c, 0x52, 0x8c, 0x72, 0x8c, 0x72, 0x94, 0x93, 0x94, 0x92, 0x94, 0x2d, 0x63, 0xec, 0x52, 0xec, 0x5a,
        0xec, 0x52, 0xec, 0x52, 0xcc, 0x52, 0xcc, 0x52, 0xac, 0x52, 0xec, 0x5a, 0xd0, 0x7b, 0xd0, 0x7b, 0xf0, 0x7b, 0xf1, 0x7b,
        0xf0, 0x7b, 0x98, 0xd6, 0xdd, 0xff, 0x9c, 0xff, 0x9c, 0xff, 0x9c, 0xff, 0x9c, 0xff, 0x9c, 0xff, 0x9c, 0xff, 0x9c, 0xff,
        0x9c, 0xff, 0x9c, 0xff, 0x9c, 0xff, 0x9c, 0xff, 0x9c, 0xff, 0x9c, 0xff, 0x9c, 0xff, 0x9c, 0xff, 0x9c, 0xff, 0x9c, 0xff,
        0xdd, 0xff, 0xf0, 0x73, 0x6a, 0x42, 0x8b, 0x4a, 0xab, 0x4a, 0xab, 0x4a, 0xab, 0x4a, 0xab, 0x4a, 0xab, 0x4a, 0xab, 0x4a,
        0xab, 0x4a, 0xac, 0x4a, 0xab, 0x4a, 0xd0, 0x7b, 0x52, 0x8c, 0x31, 0x84, 0x31, 0x84, 0x51, 0x8c, 0x52, 0x8c, 0x51, 0x8c,
        0x51, 0x8c, 0x31, 0x84, 0x31, 0x84, 0x31, 0x84, 0x8f, 0x73, 0x8b, 0x4a, 0xac, 0x52, 0xcc, 0x52, 0xcc, 0x52, 0xcc, 0x52,
        0xcc, 0x52, 0xac, 0x4a, 0x8b, 0x4a, 0x8b, 0x4a, 0x8b, 0x4a, 0xab, 0x4a, 0xab, 0x52, 0x6a, 0x4a, 0xb7, 0x44, 0x5f, 0x3e,
        0x3f, 0x36, 0xdd, 0x3d, 0x8b, 0x3a, 0x49, 0x42, 0x6a, 0x42, 0x6a, 0x42, 0x6a, 0x42, 0x4a, 0x42, 0x4a, 0x42, 0x4a, 0x42,
        0x4a, 0x42, 0x6a, 0x42, 0x09, 0x32, 0xa8, 0x29, 0xa8, 0x29, 0x87, 0x21, 0x67, 0x21, 0x46, 0x21, 0x26, 0x19, 0x46, 0x21,
        0x62, 0x08, 0x00, 0x00, 0x20, 0x00, 0x20, 0x08, 0x21, 0x08, 0x20, 0x00, 0x41, 0x08, 0x25, 0x41, 0x04, 0x39, 0xe3, 0x30,
        0x86, 0x59, 0xab, 0x9a, 0x8a, 0x9a, 0xaa, 0x9a, 0xaa, 0x9a, 0xaa, 0xa2, 0xca, 0xa2, 0xaa, 0x9a, 0xaa, 0x9a, 0x8a, 0x92,
        0x4a, 0x82, 0x4a, 0x82, 0x4a, 0x82, 0xc8, 0x61, 0xc4, 0x10, 0xe5, 0x10, 0xc4, 0x10, 0x42, 0x08, 0x00, 0x00, 0x00, 0x00,
        0x00, 0x00, 0x20, 0x00, 0x00, 0x00, 0x00, 0x00, 0x00, 0x00, 0x00, 0x00, 0x00, 0x00, 0xc4, 0x10, 0x68, 0x21, 0x47, 0x21,
        0x46, 0x21, 0x67, 0x21, 0xa8, 0x29, 0xa8, 0x29, 0x87, 0x29, 0x67, 0x21, 0x47, 0x21, 0x67, 0x21, 0x06, 0x19, 0x00, 0x00,
        0x00, 0x00, 0x00, 0x00, 0x03, 0x19, 0x96, 0xa6, 0xf8, 0xae, 0xd7, 0xae, 0xd7, 0xae, 0xd7, 0xae, 0xd7, 0xae, 0xd7, 0xae,
        0xd7, 0xae, 0xd7, 0xae, 0xd7, 0xae, 0xd7, 0xae, 0xd7, 0xae, 0xd7, 0xae, 0xd7, 0xae, 0xd7, 0xae, 0xd7, 0xae, 0xd7, 0xae,
        0xd7, 0xae, 0xd7, 0xae, 0xd7, 0xae, 0xd7, 0xae, 0xd7, 0xae, 0xd7, 0xae, 0xd7, 0xae, 0xd7, 0xae, 0xd7, 0xae, 0xd7, 0xae,
        0xd7, 0xae, 0xd7, 0xae, 0xd7, 0xae, 0xd7, 0xae, 0xd7, 0xae, 0xd7, 0xae, 0xd7, 0xae, 0xd7, 0xae, 0xd7, 0xae, 0xd7, 0xae,
        0xd7, 0xae, 0xd7, 0xae, 0xd7, 0xae, 0xd7, 0xae, 0xd7, 0xae, 0xd7, 0xae, 0xd7, 0xae, 0xd7, 0xae, 0xd7, 0xae, 0xd7, 0xae,
        0xd7, 0xae, 0xd7, 0xae, 0xd7, 0xae, 0xd7, 0xae, 0xd7, 0xae, 0xd7, 0xae, 0xd7, 0xae, 0xd7, 0xae, 0xd7, 0xae, 0xd7, 0xae,
        0xd7, 0xae, 0xd7, 0xae, 0xd7, 0xae, 0xd7, 0xae, 0xd7, 0xae, 0xd7, 0xae, 0xd7, 0xae, 0xd7, 0xae, 0xd7, 0xae, 0xd7, 0xae,
        0xd7, 0xae, 0xd7, 0xae, 0xd7, 0xae, 0xd7, 0xae, 0xd7, 0xae, 0xd7, 0xae, 0xd7, 0xae, 0xd7, 0xae, 0xd7, 0xae, 0xd7, 0xae,
        0xd7, 0xae, 0xd7, 0xae, 0xd7, 0xae, 0xd7, 0xae, 0xd7, 0xae, 0xd7, 0xae, 0xd7, 0xae, 0xd7, 0xae, 0xd7, 0xae, 0xd7, 0xae,
        0xd7, 0xae, 0xd7, 0xae, 0xd7, 0xae, 0xd7, 0xae, 0xd7, 0xae, 0xd7, 0xae, 0xd7, 0xae, 0xd7, 0xae, 0xd7, 0xae, 0xd7, 0xae,
        0xd7, 0xae, 0xb7, 0xa6, 0xb7, 0xa6, 0xd7, 0xae, 0x35, 0x9e, 0xc2, 0x10, 0x00, 0x00, 0x00, 0x00, 0x00, 0x00, 0x00, 0x00,
        0x20, 0x00, 0x00, 0x00, 0x4e, 0x6c, 0x39, 0xbf, 0xd7, 0xae, 0xd7, 0xae, 0xd7, 0xa6, 0xb7, 0xa6, 0xb7, 0xa6, 0xd7, 0xae,
        0xd7, 0xae, 0xd7, 0xae, 0xd7, 0xae, 0xd7, 0xae, 0xf7, 0xae, 0x96, 0xa6, 0x55, 0x9e, 0x55, 0x9e, 0x35, 0x9e, 0x64, 0x21,
        0x00, 0x00, 0x00, 0x00, 0x41, 0x08, 0x06, 0x19, 0x05, 0x19, 0x05, 0x11, 0x25, 0x21, 0x08, 0x7a, 0x29, 0x82, 0x29, 0x82,
        0x6a, 0x92, 0xca, 0xa2, 0xca, 0xa2, 0xcb, 0xaa, 0x29, 0x6a, 0x26, 0x19, 0x26, 0x21, 0x25, 0x21, 0x67, 0x29, 0xa8, 0x39,
        0xa8, 0x39, 0xc8, 0x39, 0x2a, 0x42, 0x4a, 0x42, 0x4a, 0x42, 0x6a, 0x42, 0xcc, 0x52, 0xcc, 0x52, 0xcc, 0x52, 0xac, 0x4a,
        0xab, 0x4a, 0xab, 0x4a, 0xab, 0x4a, 0x8b, 0x4a, 0xab, 0x4a, 0xac, 0x4a, 0x8b, 0x4a, 0x4e, 0x63, 0xf4, 0x9c, 0xb3, 0x9c,
        0x93, 0x94, 0x72, 0x94, 0x72, 0x94, 0x93, 0x94, 0xb3, 0x94, 0xd3, 0x9c, 0xb3, 0x94, 0x0d, 0x5b, 0xcc, 0x52, 0xcc, 0x52,
        0xcc, 0x52, 0xcc, 0x52, 0xcc, 0x52, 0xcc, 0x52, 0xac, 0x52, 0xed, 0x5a, 0xf0, 0x7b, 0xf0, 0x83, 0x11, 0x84, 0x11, 0x84,
        0x10, 0x84, 0x99, 0xd6, 0xdd, 0xff, 0x9c, 0xff, 0x9c, 0xff, 0x9c, 0xff, 0x9c, 0xff, 0x9c, 0xff, 0x9c, 0xff, 0x9c, 0xff,
        0x9c, 0xff, 0x9c, 0xff, 0x9c, 0xff, 0x9c, 0xff, 0x9c, 0xff, 0x9c, 0xff, 0x9c, 0xff, 0xbc, 0xff, 0xbc, 0xff, 0xbc, 0xff,
        0xfd, 0xff, 0xcf, 0x73, 0x4a, 0x3a, 0x8b, 0x42, 0x8b, 0x4a, 0xac, 0x4a, 0xac, 0x4a, 0xab, 0x4a, 0xab, 0x4a, 0x8b, 0x4a,
        0x8b, 0x4a, 0x8b, 0x4a, 0x8b, 0x4a, 0xd0, 0x73, 0x72, 0x94, 0x52, 0x8c, 0x52, 0x8c, 0x51, 0x8c, 0x52, 0x8c, 0x52, 0x8c,
        0x52, 0x8c, 0x52, 0x8c, 0x52, 0x8c, 0x72, 0x8c, 0xcf, 0x73, 0xab, 0x4a, 0xcc, 0x52, 0xcc, 0x52, 0xcc, 0x52, 0xcc, 0x52,
        0xcc, 0x52, 0xcc, 0x52, 0xab, 0x4a, 0x8b, 0x4a, 0x8b, 0x4a, 0xab, 0x4a, 0xab, 0x4a, 0x6a, 0x4a, 0xb7, 0x44, 0x9f, 0x46,
        0x7f, 0x46, 0x1e, 0x46, 0x8c, 0x42, 0x29, 0x42, 0x49, 0x42, 0x4a, 0x42, 0x6a, 0x42, 0x4a, 0x42, 0x4a, 0x42, 0x4a, 0x42,
        0x4a, 0x42, 0x4a, 0x42, 0x29, 0x3a, 0x09, 0x3a, 0x29, 0x3a, 0xc8, 0x31, 0x47, 0x21, 0x46, 0x21, 0x46, 0x19, 0x26, 0x19,
        0x41, 0x00, 0x00, 0x00, 0x00, 0x00, 0x00, 0x00, 0x00, 0x00, 0x00, 0x00, 0x82, 0x18, 0xec, 0xa2, 0xec, 0xa2, 0xab, 0x9a,
        0x8a, 0x92, 0x8a, 0x92, 0x8a, 0x9a, 0xaa, 0x9a, 0xaa, 0x9a, 0xaa, 0x9a, 0xaa, 0x9a, 0xaa, 0x9a, 0xaa, 0x9a, 0x8a, 0x92,
        0x4a, 0x82, 0x4a, 0x82, 0x4a, 0x8a, 0xe8, 0x69, 0xe5, 0x10, 0x05, 0x19, 0x05, 0x19, 0x05, 0x19, 0x61, 0x08, 0x00, 0x00,
        0x00, 0x00, 0x00, 0x00, 0x00, 0x00, 0x00, 0x00, 0x00, 0x00, 0x00, 0x00, 0x00, 0x00, 0xa3, 0x10, 0x67, 0x21, 0x46, 0x21,
        0x46, 0x21, 0x47, 0x21, 0x47, 0x21, 0x47, 0x21, 0x47, 0x21, 0x67, 0x21, 0x67, 0x21, 0x67, 0x21, 0x25, 0x19, 0x00, 0x00,
        0x00, 0x00, 0x00, 0x00, 0x03, 0x19, 0x96, 0xa6, 0xf8, 0xae, 0xd7, 0xae, 0xd7, 0xae, 0xd7, 0xae, 0xd7, 0xae, 0xd7, 0xae,
        0xd7, 0xae, 0xd7, 0xae, 0xd7, 0xae, 0xd7, 0xae, 0xd7, 0xae, 0xd7, 0xae, 0xd7, 0xae, 0xd7, 0xae, 0xd7, 0xae, 0xd7, 0xae,
        0xd7, 0xae, 0xd7, 0xae, 0xd7, 0xae, 0xd7, 0xae, 0xd7, 0xae, 0xd7, 0xae, 0xd7, 0xae, 0xd7, 0xae, 0xd7, 0xae, 0xd7, 0xae,
        0xd7, 0xae, 0xd7, 0xae, 0xd7, 0xae, 0xd7, 0xae, 0xd7, 0xae, 0xd7, 0xae, 0xd7, 0xae, 0xd7, 0xae, 0xd7, 0xae, 0xd7, 0xae,
        0xd7, 0xae, 0xd7, 0xae, 0xd7, 0xae, 0xd7, 0xae, 0xd7, 0xae, 0xd7, 0xae, 0xd7, 0xae, 0xd7, 0xae, 0xd7, 0xae, 0xd7, 0xae,
        0xd7, 0xae, 0xd7, 0xae, 0xd7, 0xae, 0xd7, 0xae, 0xd7, 0xae, 0xd7, 0xae, 0xd7, 0xae, 0xd7, 0xae, 0xd7, 0xae, 0xd7, 0xae,
        0xd7, 0xae, 0xd7, 0xae, 0xd7, 0xae, 0xd7, 0xae, 0xd7, 0xae, 0xd7, 0xae, 0xd7, 0xae, 0xd7, 0xae, 0xd7, 0xae, 0xd7, 0xae,
        0xd7, 0xae, 0xd7, 0xae, 0xd7, 0xae, 0xd7, 0xae, 0xd7, 0xae, 0xd7, 0xae, 0xd7, 0xae, 0xd7, 0xae, 0xd7, 0xae, 0xd7, 0xae,
        0xd7, 0xae, 0xd7, 0xae, 0xd7, 0xae, 0xd7, 0xae, 0xd7, 0xae, 0xd7, 0xae, 0xd7, 0xae, 0xd7, 0xae, 0xd7, 0xae, 0xd7, 0xae,
        0xd7, 0xae, 0xd7, 0xae, 0xd7, 0xae, 0xd7, 0xae, 0xd7, 0xae, 0xd7, 0xae, 0xd7, 0xae, 0xd7, 0xae, 0xd7, 0xae, 0xd7, 0xae,
        0xd7, 0xae, 0xd7, 0xae, 0xd7, 0xae, 0xf8, 0xae, 0x76, 0xa6, 0x03, 0x19, 0x40, 0x00, 0x40, 0x00, 0x20, 0x00, 0x20, 0x00,
        0x40, 0x00, 0x20, 0x00, 0x6f, 0x6c, 0x39, 0xbf, 0xd7, 0xae, 0xd7, 0xae, 0xd7, 0xae, 0xd7, 0xae, 0xd7, 0xae, 0xd7, 0xae,
        0xd7, 0xae, 0xd7, 0xae, 0xd7, 0xae, 0xd7, 0xae, 0xf7, 0xae, 0xf7, 0xae, 0xf7, 0xae, 0xf7, 0xa6, 0xb7, 0xa6, 0x64, 0x21,
        0x00, 0x00, 0x00, 0x00, 0x41, 0x00, 0xe5, 0x10, 0xe5, 0x10, 0xe5, 0x10, 0x05, 0x19, 0x25, 0x41, 0x25, 0x41, 0x25, 0x41,
        0x66, 0x49, 0xe8, 0x59, 0xe9, 0x59, 0xe8, 0x59, 0xc8, 0x41, 0xa7, 0x29, 0x87, 0x29, 0x87, 0x29, 0xa7, 0x29, 0xa7, 0x31,
        0xa8, 0x31, 0xc8, 0x31, 0x2a, 0x42, 0x4a, 0x42, 0x4a, 0x42, 0x6a, 0x42, 0xac, 0x52, 0xac, 0x52, 0xac, 0x52, 0xab, 0x4a,
        0x8b, 0x4a, 0x8b, 0x4a, 0x8b, 0x4a, 0x2d, 0x63, 0x4e, 0x6b, 0x6e, 0x6b, 0x6e, 0x6b, 0x8f, 0x6b, 0x8f, 0x6b, 0x8f, 0x6b,
        0x6f, 0x6b, 0x4e, 0x6b, 0x4e, 0x6b, 0x6f, 0x6b, 0x8f, 0x73, 0x8f, 0x73, 0x11, 0x84, 0xd0, 0x73, 0x8f, 0x6b, 0x8e, 0x6b,
        0x6e, 0x6b, 0x0d, 0x5b, 0xac, 0x52, 0xcc, 0x52, 0xac, 0x52, 0x0d, 0x5b, 0x11, 0x84, 0x11, 0x84, 0x11, 0x84, 0x31, 0x84,
        0xf0, 0x83, 0x98, 0xd6, 0xdd, 0xff, 0x9c, 0xff, 0x9c, 0xff, 0x9c, 0xff, 0x9c, 0xff, 0x9c, 0xff, 0x9c, 0xff, 0x9c, 0xff,
        0x9c, 0xff, 0x9c, 0xff, 0x9c, 0xff, 0x9c, 0xff, 0x9c, 0xff, 0x9c, 0xff, 0x9c, 0xff, 0xd9, 0xde, 0x78, 0xd6, 0x98, 0xd6,
        0xb9, 0xde, 0xaf, 0x73, 0x6b, 0x42, 0xab, 0x4a, 0x8b, 0x4a, 0xac, 0x4a, 0xac, 0x4a, 0xac, 0x4a, 0xcc, 0x52, 0x4e, 0x63,
        0x4e, 0x63, 0x4e, 0x63, 0x6e, 0x6b, 0x31, 0x84, 0x8f, 0x73, 0x4e, 0x63, 0x2e, 0x63, 0x2d, 0x63, 0x2d, 0x63, 0x2d, 0x63,
        0x2d, 0x63, 0x2e, 0x63, 0x4e, 0x63, 0x4e, 0x6b, 0x4e, 0x6b, 0x6e, 0x6b, 0x8f, 0x6b, 0x8f, 0x6b, 0x8f, 0x6b, 0x6e, 0x6b,
        0x0d, 0x5b, 0xcc, 0x52, 0xab, 0x4a, 0x8b, 0x4a, 0x8b, 0x4a, 0x8b, 0x4a, 0xab, 0x4a, 0x6a, 0x4a, 0x54, 0x4c, 0xfc, 0x45,
        0xbb, 0x45, 0xdc, 0x45, 0xf3, 0x43, 0x70, 0x43, 0x90, 0x43, 0xee, 0x42, 0x4a, 0x42, 0x4a, 0x42, 0x4a, 0x42, 0x4a, 0x42,
        0x4a, 0x42, 0x4a, 0x42, 0x4a, 0x42, 0x4a, 0x42, 0x4a, 0x42, 0x09, 0x3a, 0x67, 0x21, 0x67, 0x21, 0x67, 0x21, 0x66, 0x21,
        0xa3, 0x10, 0x41, 0x08, 0x41, 0x08, 0x41, 0x08, 0x61, 0x08, 0x61, 0x08, 0xa3, 0x20, 0x6a, 0x8a, 0x8a, 0x92, 0x6a, 0x8a,
        0x6a, 0x8a, 0x8a, 0x92, 0x8a, 0x92, 0xaa, 0x9a, 0xaa, 0x9a, 0xaa, 0x9a, 0xaa, 0x9a, 0xaa, 0x9a, 0xaa, 0x9a, 0x6a, 0x92,
        0x09, 0x6a, 0x09, 0x6a, 0x09, 0x6a, 0xa8, 0x51, 0x05, 0x11, 0x26, 0x19, 0x06, 0x19, 0x05, 0x19, 0x61, 0x08, 0x00, 0x00,
        0x00, 0x00, 0x00, 0x00, 0x00, 0x00, 0x00, 0x00, 0x00, 0x00, 0x00, 0x00, 0x00, 0x00, 0x83, 0x10, 0x47, 0x21, 0x46, 0x21,
        0x46, 0x21, 0x67, 0x21, 0x67, 0x21, 0x67, 0x21, 0x67, 0x21, 0x67, 0x21, 0x67, 0x21, 0x67, 0x21, 0x26, 0x19, 0x00, 0x00,
        0x00, 0x00, 0x00, 0x00, 0x03, 0x19, 0x96, 0xa6, 0xf8, 0xae, 0xd7, 0xae, 0xd7, 0xae, 0xd7, 0xae, 0xd7, 0xae, 0xd7, 0xae,
        0xd7, 0xae, 0xd7, 0xae, 0xd7, 0xae, 0xd7, 0xae, 0xd7, 0xae, 0xd7, 0xae, 0xd7, 0xae, 0xd7, 0xae, 0xd7, 0xae, 0xd7, 0xae,
        0xd7, 0xae, 0xd7, 0xae, 0xd7, 0xae, 0xd7, 0xae, 0xd7, 0xae, 0xd7, 0xae, 0xd7, 0xae, 0xd7, 0xae, 0xd7, 0xae, 0xd7, 0xae,
        0xd7, 0xae, 0xd7, 0xae, 0xd7, 0xae, 0xd7, 0xae, 0xd7, 0xae, 0xd7, 0xae, 0xd7, 0xae, 0xd7, 0xae, 0xd7, 0xae, 0xd7, 0xae,
        0xd7, 0xae, 0xd7, 0xae, 0xd7, 0xae, 0xd7, 0xae, 0xd7, 0xae, 0xd7, 0xae, 0xd7, 0xae, 0xd7, 0xae, 0xd7, 0xae, 0xd7, 0xae,
        0xd7, 0xae, 0xd7, 0xae, 0xd7, 0xae, 0xd7, 0xae, 0xd7, 0xae, 0xd7, 0xae, 0xd7, 0xae, 0xd7, 0xae, 0xd7, 0xae, 0xd7, 0xae,
        0xd7, 0xae, 0xd7, 0xae, 0xd7, 0xae, 0xd7, 0xae, 0xd7, 0xae, 0xd7, 0xae, 0xd7, 0xae, 0xd7, 0xae, 0xd7, 0xae, 0xd7, 0xae,
        0xd7, 0xae, 0xd7, 0xae, 0xd7, 0xae, 0xd7, 0xae, 0xd7, 0xae, 0xd7, 0xae, 0xd7, 0xae, 0xd7, 0xae, 0xd7, 0xae, 0xd7, 0xae,
        0xd7, 0xae, 0xd7, 0xae, 0xd7, 0xae, 0xd7, 0xae, 0xd7, 0xae, 0xd7, 0xae, 0xd7, 0xae, 0xd7, 0xae, 0xd7, 0xae, 0xd7, 0xae,
        0xd7, 0xae, 0xd7, 0xae, 0xd7, 0xae, 0xd7, 0xae, 0xd7, 0xae, 0xd7, 0xae, 0xd7, 0xae, 0xd7, 0xae, 0xd7, 0xae, 0xd7, 0xae,
        0xd7, 0xae, 0xd7, 0xae, 0xd7, 0xae, 0xf7, 0xae, 0xd7, 0xae, 0xd4, 0x95, 0x93, 0x8d, 0x93, 0x8d, 0x93, 0x8d, 0x92, 0x8d,
        0x92, 0x8d, 0xb3, 0x8d, 0x76, 0xa6, 0xf8, 0xae, 0xd7, 0xae, 0xd7, 0xae, 0xd7, 0xae, 0xd7, 0xae, 0xd7, 0xae, 0xd7, 0xae,
        0xd7, 0xae, 0xd7, 0xae, 0xd7, 0xae, 0xd7, 0xae, 0xd7, 0xae, 0xd7, 0xae, 0xb7, 0xa6, 0xd7, 0xa6, 0xb6, 0xa6, 0x64, 0x21,
        0x00, 0x00, 0x00, 0x00, 0x41, 0x00, 0xe5, 0x10, 0xe4, 0x10, 0xe5, 0x10, 0xe5, 0x10, 0x20, 0x00, 0x00, 0x00, 0x00, 0x00,
        0x41, 0x00, 0x26, 0x19, 0x46, 0x19, 0x26, 0x19, 0x87, 0x21, 0x8a, 0x4a, 0x6a, 0x42, 0x4a, 0x42, 0x4a, 0x42, 0x4a, 0x42,
        0x4a, 0x42, 0x4a, 0x42, 0x4a, 0x42, 0x4a, 0x42, 0x4a, 0x42, 0x6a, 0x42, 0xac, 0x52, 0xac, 0x52, 0xac, 0x52, 0xab, 0x4a,
        0x8b, 0x4a, 0x8b, 0x4a, 0x8b, 0x4a, 0xf0, 0x7b, 0x31, 0x84, 0x51, 0x8c, 0x93, 0x94, 0x8f, 0x6b, 0x27, 0x19, 0x47, 0x21,
        0x47, 0x19, 0x26, 0x19, 0x47, 0x21, 0x47, 0x21, 0x67, 0x21, 0x27, 0x19, 0xcc, 0x52, 0xf4, 0xa4, 0xb3, 0x9c, 0x92, 0x94,
        0x92, 0x94, 0x6e, 0x6b, 0x8b, 0x4a, 0xac, 0x52, 0xac, 0x52, 0x0d, 0x5b, 0x11, 0x84, 0x11, 0x84, 0x11, 0x84, 0x31, 0x84,
        0xf0, 0x83, 0x99, 0xd6, 0xdd, 0xff, 0x9c, 0xff, 0x9c, 0xff, 0x9c, 0xff, 0xbc, 0xff, 0x9c, 0xff, 0x9c, 0xff, 0x9c, 0xff,
        0x9c, 0xff, 0xbc, 0xff, 0x9c, 0xff, 0x9c, 0xff, 0x9c, 0xff, 0x9c, 0xff, 0xdd, 0xff, 0xf3, 0x9c, 0x4e, 0x63, 0x8e, 0x73,
        0x8f, 0x73, 0x8f, 0x73, 0xaf, 0x73, 0x6e, 0x6b, 0x8b, 0x4a, 0xab, 0x4a, 0xac, 0x4a, 0xac, 0x4a, 0xec, 0x52, 0x72, 0x8c,
        0x92, 0x94, 0x92, 0x94, 0x92, 0x94, 0x93, 0x94, 0x09, 0x3a, 0x27, 0x19, 0x26, 0x19, 0x26, 0x19, 0x06, 0x19, 0x06, 0x19,
        0x06, 0x19, 0x26, 0x19, 0x47, 0x19, 0x26, 0x19, 0x2a, 0x3a, 0x72, 0x8c, 0x71, 0x8c, 0x51, 0x8c, 0x31, 0x84, 0x31, 0x84,
        0x8f, 0x73, 0x0d, 0x5b, 0x8b, 0x4a, 0x8b, 0x4a, 0x8b, 0x4a, 0x8b, 0x4a, 0xab, 0x4a, 0xab, 0x4a, 0xcc, 0x52, 0xed, 0x52,
        0xcc, 0x52, 0x13, 0x44, 0x7f, 0x46, 0x5f, 0x46, 0x7f, 0x46, 0x96, 0x44, 0x09, 0x3a, 0x4a, 0x42, 0x4a, 0x42, 0x4a, 0x42,
        0x4a, 0x42, 0x4a, 0x42, 0x4a, 0x42, 0x4a, 0x42, 0x4a, 0x42, 0x4a, 0x42, 0x29, 0x3a, 0x29, 0x3a, 0x29, 0x3a, 0x29, 0x3a,
        0x09, 0x3a, 0x09, 0x3a, 0x09, 0x3a, 0xe8, 0x31, 0xc8, 0x31, 0xe8, 0x39, 0xe8, 0x41, 0x09, 0x6a, 0x09, 0x6a, 0x09, 0x72,
        0x49, 0x8a, 0x8a, 0x92, 0x8a, 0x92, 0xaa, 0x9a, 0xaa, 0x9a, 0xaa, 0x9a, 0xaa, 0x9a, 0xaa, 0x9a, 0xaa, 0x9a, 0x69, 0x8a,
        0x66, 0x39, 0x46, 0x31, 0x46, 0x29, 0x26, 0x21, 0x26, 0x11, 0x26, 0x19, 0x26, 0x19, 0x06, 0x19, 0x62, 0x08, 0x00, 0x00,
        0x00, 0x00, 0x61, 0x08, 0x6f, 0x74, 0xf0, 0x7c, 0xd0, 0x74, 0xaf, 0x74, 0xd0, 0x7c, 0x27, 0x32, 0x21, 0x00, 0x61, 0x08,
        0x41, 0x08, 0xe5, 0x18, 0x88, 0x29, 0x87, 0x21, 0x67, 0x21, 0x67, 0x21, 0x67, 0x21, 0x88, 0x21, 0x46, 0x21, 0x00, 0x00,
        0x00, 0x00, 0x00, 0x00, 0xe3, 0x10, 0x96, 0xa6, 0xf8, 0xae, 0xd7, 0xae, 0xd7, 0xae, 0xd7, 0xae, 0xd7, 0xae, 0xd7, 0xae,
        0xd7, 0xae, 0xd7, 0xae, 0xd7, 0xae, 0xd7, 0xae, 0xd7, 0xae, 0xd7, 0xae, 0xd7, 0xae, 0xd7, 0xae, 0xd7, 0xae, 0xd7, 0xae,
        0xd7, 0xae, 0xd7, 0xae, 0xd7, 0xae, 0xd7, 0xae, 0xd7, 0xae, 0xd7, 0xae, 0xd7, 0xae, 0xd7, 0xae, 0xd7, 0xae, 0xd7, 0xae,
        0xd7, 0xae, 0xd7, 0xae, 0xd7, 0xae, 0xd7, 0xae, 0xd7, 0xae, 0xd7, 0xae, 0xd7, 0xae, 0xd7, 0xae, 0xd7, 0xae, 0xd7, 0xae,
        0xd7, 0xae, 0xd7, 0xae, 0xd7, 0xae, 0xd7, 0xae, 0xd7, 0xae, 0xd7, 0xae, 0xd7, 0xae, 0xd7, 0xae, 0xd7, 0xae, 0xd7, 0xae,
        0xd7, 0xae, 0xd7, 0xae, 0xd7, 0xae, 0xd7, 0xae, 0xd7, 0xae, 0xd7, 0xae, 0xd7, 0xae, 0xd7, 0xae, 0xd7, 0xae, 0xd7, 0xae,
        0xd7, 0xae, 0xd7, 0xae, 0xd7, 0xae, 0xd7, 0xae, 0xd7, 0xae, 0xd7, 0xae, 0xd7, 0xae, 0xd7, 0xae, 0xd7, 0xae, 0xd7, 0xae,
        0xd7, 0xae, 0xd7, 0xae, 0xd7, 0xae, 0xd7, 0xae, 0xd7, 0xae, 0xd7, 0xae, 0xd7, 0xae, 0xd7, 0xae, 0xd7, 0xae, 0xd7, 0xae,
        0xd7, 0xae, 0xd7, 0xae, 0xd7, 0xae, 0xd7, 0xae, 0xd7, 0xae, 0xd7, 0xae, 0xd7, 0xae, 0xd7, 0xae, 0xd7, 0xae, 0xd7, 0xae,
        0xd7, 0xae, 0xd7, 0xae, 0xd7, 0xae, 0xd7, 0xae, 0xd7, 0xae, 0xd7, 0xae, 0xd7, 0xae, 0xd7, 0xae, 0xd7, 0xae, 0xd7, 0xae,
        0xd7, 0xae, 0xd7, 0xae, 0xd7, 0xae, 0xd7, 0xae, 0xf7, 0xae, 0x18, 0xb7, 0x38, 0xb7, 0x38, 0xb7, 0x38, 0xb7, 0x18, 0xb7,
        0x18, 0xb7, 0x18, 0xb7, 0xf7, 0xae, 0xd7, 0xae, 0xd7, 0xae, 0xd7, 0xae, 0xd7, 0xae, 0xd7, 0xae, 0xd7, 0xae, 0xd7, 0xae,
        0xd7, 0xae, 0xd7, 0xae, 0xd7, 0xae, 0xd7, 0xae, 0xd7, 0xae, 0xd7, 0xae, 0xb7, 0xa6, 0xd7, 0xa6, 0xb7, 0xa6, 0x24, 0x19,
        0x00, 0x00, 0x00, 0x00, 0x41, 0x00, 0x25, 0x19, 0x05, 0x19, 0x05, 0x19, 0x05, 0x19, 0x21, 0x00, 0x00, 0x00, 0x00, 0x00,
        0x21, 0x00, 0x05, 0x19, 0x26, 0x19, 0x46, 0x19, 0xa7, 0x29, 0x8a, 0x4a, 0x6a, 0x42, 0x4a, 0x42, 0x4a, 0x42, 0x4a, 0x42,
        0x4a, 0x42, 0x4a, 0x42, 0x4a, 0x42, 0x4a, 0x42, 0x4a, 0x42, 0x6a, 0x42, 0xac, 0x52, 0xac, 0x52, 0xab, 0x4a, 0x8b, 0x4a,
        0x8b, 0x4a, 0x6a, 0x42, 0x8b, 0x4a, 0xd0, 0x7b, 0x31, 0x84, 0x31, 0x84, 0x72, 0x8c, 0x8f, 0x6b, 0x67, 0x21, 0x88, 0x21,
        0x67, 0x21, 0x67, 0x21, 0x67, 0x21, 0x88, 0x29, 0x88, 0x29, 0x67, 0x21, 0xed, 0x5a, 0xf4, 0xa4, 0xb3, 0x9c, 0x93, 0x94,
        0x72, 0x94, 0x6e, 0x6b, 0x8b, 0x4a, 0xac, 0x52, 0xab, 0x4a, 0x0d, 0x5b, 0xf0, 0x83, 0xf1, 0x83, 0x11, 0x84, 0x31, 0x84,
        0x11, 0x84, 0xb9, 0xd6, 0xdd, 0xff, 0x9c, 0xff, 0x9c, 0xff, 0x9c, 0xff, 0x9c, 0xff, 0x9c, 0xff, 0x9c, 0xff, 0x9c, 0xff,
        0x9c, 0xff, 0x9c, 0xff, 0x9c, 0xff, 0xbc, 0xff, 0xbc, 0xff, 0x9d, 0xff, 0xdd, 0xff, 0x14, 0xa5, 0x6e, 0x6b, 0x8f, 0x73,
        0x8f, 0x73, 0x8f, 0x73, 0xaf, 0x73, 0x6e, 0x6b, 0x8b, 0x4a, 0x8b, 0x4a, 0x8b, 0x4a, 0xab, 0x4a, 0xec, 0x52, 0x72, 0x8c,
        0x92, 0x94, 0x92, 0x94, 0x92, 0x94, 0xb3, 0x9c, 0x2a, 0x42, 0x67, 0x21, 0x67, 0x21, 0x67, 0x21, 0x47, 0x21, 0x47, 0x21,
        0x47, 0x21, 0x47, 0x21, 0x67, 0x21, 0x67, 0x21, 0x4a, 0x42, 0xaf, 0x73, 0x8f, 0x6b, 0x6e, 0x6b, 0xaf, 0x73, 0x11, 0x84,
        0x8f, 0x6b, 0xec, 0x5a, 0x6b, 0x4a, 0x8b, 0x4a, 0x8b, 0x4a, 0x8b, 0x4a, 0xab, 0x4a, 0xab, 0x4a, 0xab, 0x52, 0xcc, 0x52,
        0xab, 0x52, 0xf2, 0x4b, 0x7f, 0x3e, 0x3e, 0x36, 0x5f, 0x36, 0x96, 0x3c, 0x08, 0x3a, 0x29, 0x3a, 0x4a, 0x42, 0x4a, 0x42,
        0x4a, 0x42, 0x4a, 0x42, 0x4a, 0x42, 0x4a, 0x42, 0x4a, 0x42, 0x4a, 0x42, 0x4a, 0x42, 0x29, 0x3a, 0x29, 0x3a, 0x29, 0x3a,
        0x29, 0x3a, 0x29, 0x3a, 0x29, 0x3a, 0x09, 0x3a, 0xe8, 0x39, 0xe8, 0x39, 0xe9, 0x41, 0x09, 0x62, 0x08, 0x6a, 0x09, 0x6a,
        0x69, 0x8a, 0x8a, 0x9a, 0xaa, 0x9a, 0xaa, 0x9a, 0xaa, 0x9a, 0xaa, 0xa2, 0xaa, 0x9a, 0xaa, 0x9a, 0xaa, 0x9a, 0x69, 0x8a,
        0x67, 0x39, 0x46, 0x31, 0x66, 0x39, 0x26, 0x29, 0x26, 0x19, 0x26, 0x19, 0x26, 0x19, 0x26, 0x19, 0x62, 0x08, 0x00, 0x00,
        0x00, 0x00, 0x82, 0x10, 0x76, 0xa6, 0x59, 0xb7, 0x18, 0xaf, 0x18, 0xaf, 0x7a, 0xbf, 0x2b, 0x4b, 0x00, 0x00, 0x00, 0x00,
        0x00, 0x00, 0xe4, 0x10, 0xa8, 0x29, 0x88, 0x21, 0x87, 0x21, 0x87, 0x21, 0x87, 0x21, 0xa8, 0x29, 0x46, 0x21, 0x00, 0x00,
        0x00, 0x00, 0x00, 0x00, 0xc2, 0x10, 0x76, 0xa6, 0xf8, 0xae, 0xd7, 0xae, 0xd7, 0xae, 0xd7, 0xae, 0xd7, 0xae, 0xd7, 0xae,
        0xd7, 0xae, 0xd7, 0xae, 0xd7, 0xae, 0xd7, 0xae, 0xd7, 0xae, 0xd7, 0xae, 0xd7, 0xae, 0xd7, 0xae, 0xd7, 0xae, 0xd7, 0xae,
        0xd7, 0xae, 0xd7, 0xae, 0xd7, 0xae, 0xd7, 0xae, 0xd7, 0xae, 0xd7, 0xae, 0xd7, 0xae, 0xd7, 0xae, 0xd7, 0xae, 0xd7, 0xae,
        0xd7, 0xae, 0xd7, 0xae, 0xd7, 0xae, 0xd7, 0xae, 0xd7, 0xae, 0xd7, 0xae, 0xd7, 0xae, 0xd7, 0xae, 0xd7, 0xae, 0xd7, 0xae,
        0xd7, 0xae, 0xd7, 0xae, 0xd7, 0xae, 0xd7, 0xae, 0xd7, 0xae, 0xd7, 0xae, 0xd7, 0xae, 0xd7, 0xae, 0xd7, 0xae, 0xd7, 0xae,
        0xd7, 0xae, 0xd7, 0xae, 0xd7, 0xae, 0xd7, 0xae, 0xd7, 0xae, 0xd7, 0xae, 0xd7, 0xae, 0xd7, 0xae, 0xd7, 0xae, 0xd7, 0xae,
        0xd7, 0xae, 0xd7, 0xae, 0xd7, 0xae, 0xd7, 0xae, 0xd7, 0xae, 0xd7, 0xae, 0xd7, 0xa6, 0xd7, 0xae, 0xd7, 0xae, 0xd7, 0xae,
        0xd7, 0xae, 0xd7, 0xae, 0xd7, 0xae, 0xd7, 0xae, 0xd7, 0xae, 0xd7, 0xae, 0xd7, 0xae, 0xd7, 0xae, 0xd7, 0xae, 0xd7, 0xae,
        0xd7, 0xae, 0xd7, 0xae, 0xd7, 0xae, 0xd7, 0xae, 0xd7, 0xae, 0xd7, 0xae, 0xd7, 0xae, 0xd7, 0xae, 0xd7, 0xae, 0xd7, 0xae,
        0xd7, 0xae, 0xd7, 0xae, 0xd7, 0xae, 0xd7, 0xae, 0xd7, 0xae, 0xd7, 0xae, 0xd7, 0xae, 0xd7, 0xae, 0xd7, 0xae, 0xd7, 0xae,
        0xd7, 0xae, 0xd7, 0xae, 0xd7, 0xae, 0xd7, 0xae, 0xd7, 0xae, 0xd7, 0xae, 0xd7, 0xae, 0xd7, 0xae, 0xd7, 0xae, 0xd7, 0xae,
        0xd7, 0xae, 0xd7, 0xae, 0xd7, 0xae, 0xd7, 0xae, 0xd7, 0xae, 0xd7, 0xae, 0xd7, 0xae, 0xd7, 0xae, 0xd7, 0xae, 0xd7, 0xae,
        0xd7, 0xae, 0xd7, 0xae, 0xd7, 0xae, 0xd7, 0xae, 0xd7, 0xae, 0xd7, 0xae, 0xd7, 0xa6, 0xd7, 0xa6, 0xd7, 0xa6, 0x0d, 0x5c,
        0x2a, 0x4b, 0x6b, 0x53, 0x65, 0x21, 0x62, 0x08, 0x82, 0x08, 0x82, 0x08, 0x83, 0x08, 0xc4, 0x10, 0xa3, 0x10, 0x83, 0x08,
        0xa3, 0x10, 0x46, 0x21, 0x67, 0x21, 0x67, 0x21, 0xc8, 0x31, 0x8a, 0x4a, 0x6a, 0x42, 0x4a, 0x42, 0x4a, 0x42, 0x4a, 0x42,
        0x4a, 0x42, 0x4a, 0x42, 0x6a, 0x42, 0x6a, 0x42, 0x4a, 0x42, 0x6a, 0x42, 0xcc, 0x52, 0xcc, 0x52, 0xac, 0x52, 0xab, 0x4a,
        0xcc, 0x52, 0xcc, 0x52, 0xec, 0x5a, 0x6f, 0x6b, 0x2e, 0x63, 0x4e, 0x63, 0x6e, 0x6b, 0xcc, 0x52, 0x67, 0x21, 0x88, 0x21,
        0x67, 0x21, 0x67, 0x21, 0x67, 0x21, 0x67, 0x21, 0x87, 0x21, 0x67, 0x21, 0x8c, 0x52, 0x31, 0x84, 0xf0, 0x7b, 0x11, 0x84,
        0x31, 0x84, 0x6f, 0x6b, 0x8b, 0x4a, 0x8b, 0x4a, 0x6a, 0x42, 0xcc, 0x52, 0xd0, 0x7b, 0xf0, 0x7b, 0x11, 0x84, 0x11, 0x84,
        0x11, 0x84, 0xb9, 0xde, 0xdd, 0xff, 0x9c, 0xff, 0x9c, 0xff, 0x9c, 0xff, 0x9c, 0xff, 0x9c, 0xff, 0x9c, 0xff, 0x9c, 0xff,
        0xbc, 0xff, 0x9c, 0xff, 0x9c, 0xff, 0x9c, 0xff, 0xbc, 0xff, 0x9c, 0xff, 0xfd, 0xff, 0x34, 0xa5, 0x8e, 0x6b, 0xaf, 0x73,
        0xaf, 0x73, 0xaf, 0x73, 0xaf, 0x73, 0x6e, 0x6b, 0x6b, 0x42, 0x6b, 0x42, 0xab, 0x4a, 0x8b, 0x4a, 0xec, 0x52, 0x51, 0x8c,
        0x72, 0x94, 0x31, 0x84, 0xcf, 0x73, 0xf0, 0x7b, 0x0a, 0x3a, 0x67, 0x21, 0x67, 0x21, 0x67, 0x21, 0x67, 0x21, 0x47, 0x21,
        0x67, 0x21, 0x67, 0x21, 0x67, 0x21, 0x67, 0x21, 0xc9, 0x31, 0x4a, 0x42, 0x09, 0x32, 0xc8, 0x29, 0xec, 0x5a, 0xcf, 0x73,
        0x6e, 0x6b, 0xec, 0x5a, 0x8b, 0x4a, 0x8b, 0x4a, 0xab, 0x4a, 0xab, 0x4a, 0xab, 0x4a, 0xab, 0x4a, 0xab, 0x4a, 0xcc, 0x52,
        0xab, 0x52, 0xf2, 0x43, 0x7f, 0x36, 0x3f, 0x2e, 0x7f, 0x2e, 0x97, 0x34, 0xc7, 0x41, 0xe8, 0x39, 0x08, 0x3a, 0x49, 0x42,
        0x4a, 0x42, 0x4a, 0x42, 0x4a, 0x42, 0x4a, 0x42, 0x4a, 0x42, 0x4a, 0x42, 0x4a, 0x42, 0x49, 0x3a, 0x29, 0x3a, 0x29, 0x3a,
        0x09, 0x3a, 0x09, 0x3a, 0x09, 0x3a, 0xe8, 0x31, 0xa7, 0x29, 0xa7, 0x29, 0x87, 0x31, 0xa7, 0x41, 0xa8, 0x49, 0xa8, 0x49,
        0x29, 0x72, 0x49, 0x82, 0x49, 0x82, 0x69, 0x8a, 0xaa, 0x9a, 0xaa, 0xa2, 0xaa, 0xa2, 0xaa, 0x9a, 0xaa, 0x9a, 0x69, 0x92,
        0xe8, 0x69, 0xe8, 0x61, 0xe8, 0x69, 0x67, 0x49, 0x26, 0x19, 0x46, 0x19, 0x26, 0x19, 0x26, 0x19, 0x62, 0x08, 0x00, 0x00,
        0x00, 0x00, 0x81, 0x08, 0xf4, 0x95, 0xf7, 0xa6, 0xb7, 0xa6, 0xb6, 0xa6, 0x38, 0xaf, 0x0a, 0x4b, 0x00, 0x00, 0x00, 0x00,
        0x00, 0x00, 0xe4, 0x18, 0xa9, 0x29, 0x88, 0x21, 0x88, 0x21, 0x88, 0x29, 0x88, 0x21, 0xa8, 0x29, 0x67, 0x21, 0x20, 0x00,
        0x00, 0x00, 0x00, 0x00, 0xe3, 0x10, 0x76, 0xa6, 0xf7, 0xae, 0xd7, 0xae, 0xd7, 0xae, 0xd7, 0xae, 0xd7, 0xae, 0xd7, 0xae,
        0xd7, 0xae, 0xd7, 0xae, 0xd7, 0xae, 0xd7, 0xae, 0xd7, 0xae, 0xd7, 0xae, 0xd7, 0xae, 0xd7, 0xae, 0xd7, 0xae, 0xd7, 0xae,
        0xd7, 0xae, 0xd7, 0xae, 0xd7, 0xae, 0xd7, 0xae, 0xd7, 0xae, 0xd7, 0xae, 0xd7, 0xae, 0xd7, 0xae, 0xd7, 0xae, 0xd7, 0xae,
        0xd7, 0xae, 0xd7, 0xae, 0xd7, 0xae, 0xd7, 0xae, 0xd7, 0xae, 0xd7, 0xae, 0xd7, 0xae, 0xd7, 0xae, 0xd7, 0xae, 0xd7, 0xae,
        0xd7, 0xae, 0xd7, 0xae, 0xd7, 0xae, 0xd7, 0xae, 0xd7, 0xae, 0xd7, 0xae, 0xd7, 0xae, 0xd7, 0xae, 0xd7, 0xae, 0xd7, 0xae,
        0xd7, 0xae, 0xd7, 0xae, 0xd7, 0xae, 0xd7, 0xae, 0xd7, 0xae, 0xd7, 0xae, 0xd7, 0xae, 0xd7, 0xae, 0xd7, 0xae, 0xd7, 0xae,
        0xd7, 0xae, 0xd7, 0xae, 0xd7, 0xae, 0xd7, 0xae, 0xd7, 0xae, 0xd7, 0xae, 0xd7, 0xae, 0xd7, 0xae, 0xd7, 0xae, 0xd7, 0xae,
        0xd7, 0xae, 0xd7, 0xae, 0xd7, 0xae, 0xd7, 0xae, 0xd7, 0xae, 0xd7, 0xae, 0xd7, 0xae, 0xd7, 0xae, 0xd7, 0xae, 0xd7, 0xae,
        0xd7, 0xae, 0xd7, 0xae, 0xd7, 0xae, 0xd7, 0xae, 0xd7, 0xae, 0xd7, 0xae, 0xd7, 0xae, 0xd7, 0xae, 0xd7, 0xae, 0xd7, 0xae,
        0xd7, 0xae, 0xd7, 0xae, 0xd7, 0xae, 0xd7, 0xae, 0xd7, 0xae, 0xd7, 0xae, 0xd7, 0xae, 0xd7, 0xae, 0xd7, 0xae, 0xd7, 0xae,
        0xd7, 0xae, 0xd7, 0xae, 0xd7, 0xae, 0xd7, 0xae, 0xd7, 0xae, 0xd7, 0xae, 0xd7, 0xae, 0xd7, 0xae, 0xd7, 0xae, 0xd7, 0xae,
        0xd7, 0xae, 0xd7, 0xae, 0xd7, 0xae, 0xd7, 0xae, 0xd7, 0xae, 0xd7, 0xae, 0xd7, 0xae, 0xd7, 0xae, 0xd7, 0xae, 0xd7, 0xae,
        0xd7, 0xae, 0xd7, 0xae, 0xd7, 0xae, 0xd7, 0xae, 0xd7, 0xa6, 0xd7, 0xae, 0xd7, 0xa6, 0xb7, 0xa6, 0xb7, 0xa6, 0xf7, 0xa6,
        0xd7, 0xa6, 0x18, 0xaf, 0x68, 0x3a, 0x00, 0x00, 0x00, 0x08, 0x20, 0x00, 0x41, 0x00, 0x67, 0x21, 0x67, 0x21, 0x26, 0x19,
        0x66, 0x21, 0x09, 0x3a, 0x29, 0x3a, 0x2a, 0x3a, 0x4a, 0x42, 0x6a, 0x42, 0x6a, 0x42, 0x4a, 0x42, 0x4a, 0x42, 0x4a, 0x42,
        0x4a, 0x42, 0x4a, 0x42, 0x6a, 0x42, 0x6a, 0x42, 0x4a, 0x42, 0x6a, 0x42, 0xcc, 0x52, 0xcc, 0x52, 0xcc, 0x52, 0xac, 0x52,
        0x8f, 0x73, 0xf0, 0x7b, 0x10, 0x84, 0x0d, 0x5b, 0x26, 0x19, 0x46, 0x19, 0x46, 0x19, 0x47, 0x21, 0x67, 0x21, 0x67, 0x21,
        0x67, 0x21, 0x67, 0x21, 0x67, 0x21, 0x67, 0x21, 0x67, 0x21, 0x67, 0x21, 0x67, 0x21, 0x87, 0x21, 0x47, 0x21, 0x2a, 0x42,
        0x8f, 0x6b, 0x6e, 0x6b, 0x0d, 0x5b, 0x4a, 0x42, 0x29, 0x3a, 0x8b, 0x4a, 0xf0, 0x7b, 0x11, 0x84, 0x11, 0x84, 0x31, 0x84,
        0x11, 0x84, 0xb9, 0xde, 0xdd, 0xff, 0x9c, 0xff, 0x9c, 0xff, 0x9c, 0xff, 0x9c, 0xff, 0x9c, 0xff, 0x9c, 0xff, 0xbc, 0xff,
        0x9c, 0xff, 0x9c, 0xff, 0x9c, 0xff, 0x9c, 0xff, 0x9c, 0xff, 0x9c, 0xff, 0xfd, 0xff, 0x34, 0xa5, 0x8f, 0x73, 0xcf, 0x73,
        0xcf, 0x73, 0xcf, 0x73, 0xcf, 0x7b, 0x6e, 0x6b, 0x4a, 0x42, 0x4a, 0x42, 0x4e, 0x6b, 0x8f, 0x73, 0xaf, 0x73, 0x11, 0x84,
        0x52, 0x8c, 0x0d, 0x63, 0x67, 0x21, 0x88, 0x29, 0xa8, 0x29, 0x88, 0x29, 0x87, 0x21, 0x67, 0x21, 0x67, 0x21, 0x67, 0x21,
        0x67, 0x21, 0x67, 0x21, 0x67, 0x21, 0x67, 0x21, 0x67, 0x21, 0x67, 0x21, 0x47, 0x21, 0x46, 0x19, 0xe9, 0x39, 0x6b, 0x42,
        0x6b, 0x42, 0x8b, 0x4a, 0xac, 0x52, 0xcc, 0x52, 0xab, 0x52, 0xab, 0x52, 0xab, 0x4a, 0xab, 0x4a, 0xab, 0x4a, 0xab, 0x4a,
        0x6a, 0x4a, 0x90, 0x43, 0x1d, 0x36, 0xdc, 0x35, 0xdc, 0x35, 0xd8, 0x3c, 0x70, 0x3b, 0xb1, 0x3b, 0x4f, 0x43, 0x29, 0x42,
        0x4a, 0x42, 0x6a, 0x42, 0x4a, 0x42, 0x4a, 0x42, 0x4a, 0x42, 0x4a, 0x42, 0x4a, 0x42, 0x4a, 0x42, 0x4a, 0x42, 0x4a, 0x42,
        0xe8, 0x31, 0xc8, 0x31, 0xc8, 0x31, 0x87, 0x29, 0x46, 0x19, 0x26, 0x19, 0x26, 0x19, 0x05, 0x19, 0x26, 0x19, 0x26, 0x19,
        0x46, 0x21, 0x46, 0x21, 0x26, 0x21, 0x66, 0x31, 0x8a, 0x92, 0xaa, 0x9a, 0xaa, 0x9a, 0xaa, 0x9a, 0xaa, 0x9a, 0x69, 0x92,
        0x08, 0x62, 0xe8, 0x61, 0x09, 0x6a, 0xa8, 0x49, 0x26, 0x19, 0x46, 0x19, 0x27, 0x19, 0x47, 0x21, 0x62, 0x08, 0x00, 0x00,
        0x00, 0x00, 0x61, 0x08, 0xf4, 0x95, 0xf7, 0xa6, 0xd7, 0xa6, 0xb7, 0xa6, 0x38, 0xb7, 0xea, 0x4a, 0x00, 0x00, 0x00, 0x00,
        0x00, 0x00, 0xa4, 0x10, 0x88, 0x29, 0x88, 0x29, 0x88, 0x29, 0x88, 0x29, 0xa8, 0x29, 0xa8, 0x29, 0x67, 0x21, 0x00, 0x00,
        0x00, 0x00, 0x00, 0x00, 0xa2, 0x10, 0x76, 0xa6, 0xf7, 0xae, 0xd7, 0xae, 0xd7, 0xae, 0xd7, 0xae, 0xd7, 0xae, 0xd7, 0xae,
        0xd7, 0xae, 0xd7, 0xae, 0xd7, 0xae, 0xd7, 0xae, 0xd7, 0xae, 0xd7, 0xae, 0xd7, 0xae, 0xd7, 0xae, 0xd7, 0xae, 0xd7, 0xae,
        0xd7, 0xae, 0xd7, 0xae, 0xd7, 0xae, 0xd7, 0xae, 0xd7, 0xae, 0xd7, 0xae, 0xd7, 0xae, 0xd7, 0xae, 0xd7, 0xae, 0xd7, 0xae,
        0xd7, 0xae, 0xd7, 0xae, 0xd7, 0xae, 0xd7, 0xae, 0xd7, 0xae, 0xd7, 0xae, 0xd7, 0xae, 0xd7, 0xae, 0xd7, 0xae, 0xd7, 0xae,
        0xd7, 0xae, 0xd7, 0xae, 0xd7, 0xae, 0xd7, 0xae, 0xd7, 0xae, 0xd7, 0xae, 0xd7, 0xae, 0xd7, 0xae, 0xd7, 0xae, 0xd7, 0xae,
        0xd7, 0xae, 0xd7, 0xae, 0xd7, 0xae, 0xd7, 0xae, 0xd7, 0xae, 0xd7, 0xae, 0xd7, 0xae, 0xd7, 0xae, 0xd7, 0xae, 0xd7, 0xae,
        0xd7, 0xae, 0xd7, 0xae, 0xd7, 0xae, 0xd7, 0xae, 0xd7, 0xae, 0xd7, 0xae, 0xd7, 0xae, 0xd7, 0xae, 0xd7, 0xae, 0xd7, 0xae,
        0xd7, 0xae, 0xd7, 0xae, 0xd7, 0xae, 0xd7, 0xae, 0xd7, 0xae, 0xd7, 0xae, 0xd7, 0xae, 0xd7, 0xae, 0xd7, 0xae, 0xd7, 0xae,
        0xd7, 0xae, 0xd7, 0xae, 0xd7, 0xae, 0xd7, 0xae, 0xd7, 0xae, 0xd7, 0xae, 0xd7, 0xae, 0xd7, 0xae, 0xd7, 0xae, 0xd7, 0xae,
        0xd7, 0xae, 0xd7, 0xae, 0xd7, 0xae, 0xd7, 0xae, 0xd7, 0xae, 0xd7, 0xae, 0xd7, 0xae, 0xd7, 0xae, 0xd7, 0xae, 0xd7, 0xae,
        0xd7, 0xae, 0xd7, 0xae, 0xd7, 0xae, 0xd7, 0xae, 0xd7, 0xae, 0xd7, 0xae, 0xd7, 0xae, 0xd7, 0xae, 0xd7, 0xae, 0xd7, 0xae,
        0xd7, 0xae, 0xd7, 0xae, 0xd7, 0xae, 0xd7, 0xae, 0xd7, 0xae, 0xd7, 0xae, 0xd7, 0xae, 0xf7, 0xae, 0xd7, 0xae, 0xd7, 0xae,
        0xd7, 0xae, 0xd7, 0xae, 0xd7, 0xae, 0xd7, 0xae, 0xd7, 0xae, 0xd7, 0xae, 0xd7, 0xa6, 0xd7, 0xa6, 0xd7, 0xa6, 0xf7, 0xae,
        0xd7, 0xa6, 0xf8, 0xb6, 0x48, 0x3a, 0x00, 0x00, 0x00, 0x00, 0x00, 0x00, 0x41, 0x08, 0x46, 0x21, 0x47, 0x21, 0x26, 0x19,
        0x46, 0x21, 0x2a, 0x42, 0x29, 0x3a, 0x2a, 0x42, 0x4a, 0x42, 0x6a, 0x42, 0x6a, 0x4a, 0x6a, 0x42, 0x4a, 0x42, 0x4a, 0x42,
        0x4a, 0x42, 0x4a, 0x42, 0x4a, 0x42, 0x4a, 0x42, 0x4a, 0x42, 0x6a, 0x42, 0x8b, 0x4a, 0x8b, 0x4a, 0x8b, 0x4a, 0x8b, 0x4a,
        0xd0, 0x7b, 0x31, 0x84, 0x31, 0x84, 0x4e, 0x63, 0x26, 0x19, 0x47, 0x21, 0x67, 0x21, 0x67, 0x21, 0x67, 0x21, 0x67, 0x21,
        0x67, 0x21, 0x67, 0x21, 0x67, 0x21, 0x67, 0x21, 0x67, 0x21, 0x67, 0x21, 0x67, 0x21, 0x67, 0x21, 0x46, 0x19, 0x09, 0x3a,
        0xaf, 0x73, 0x8f, 0x6b, 0x0d, 0x63, 0x4a, 0x42, 0x4a, 0x42, 0xab, 0x52, 0xd0, 0x73, 0xd0, 0x7b, 0x11, 0x84, 0x31, 0x8c,
        0x11, 0x84, 0xb9, 0xd6, 0xdd, 0xff, 0x9c, 0xff, 0x9c, 0xff, 0x9c, 0xff, 0x9c, 0xff, 0x9c, 0xff, 0x9c, 0xff, 0x9c, 0xff,
        0x9c, 0xff, 0x9c, 0xff, 0x9c, 0xff, 0x9c, 0xff, 0x9c, 0xff, 0x9c, 0xff, 0xdd, 0xff, 0x34, 0xa5, 0xaf, 0x73, 0xcf, 0x7b,
        0xcf, 0x7b, 0xd0, 0x7b, 0xf0, 0x7b, 0x4e, 0x6b, 0x4a, 0x42, 0x4a, 0x42, 0x4e, 0x6b, 0xaf, 0x73, 0x8f, 0x73, 0x11, 0x84,
        0x72, 0x94, 0x0d, 0x5b, 0x47, 0x21, 0x88, 0x29, 0x88, 0x29, 0x88, 0x29, 0x87, 0x21, 0x87, 0x21, 0x67, 0x21, 0x67, 0x21,
        0x67, 0x21, 0x67, 0x21, 0x67, 0x21, 0x67, 0x21, 0x67, 0x21, 0x67, 0x21, 0x47, 0x21, 0x46, 0x21, 0x09, 0x3a, 0x8b, 0x4a,
        0x8b, 0x4a, 0xab, 0x52, 0x0d, 0x5b, 0x0d, 0x63, 0x0d, 0x5b, 0xcc, 0x52, 0xab, 0x4a, 0xab, 0x4a, 0x8b, 0x4a, 0x8b, 0x4a,
        0x8b, 0x4a, 0x8b, 0x42, 0xac, 0x42, 0xac, 0x4a, 0x6a, 0x4a, 0x55, 0x3c, 0x5f, 0x36, 0x5f, 0x36, 0x7b, 0x3d, 0x4a, 0x42,
        0x6a, 0x42, 0x6a, 0x42, 0x4a, 0x42, 0x4a, 0x42, 0x4a, 0x42, 0x4a, 0x42, 0x4a, 0x42, 0x4a, 0x42, 0x4a, 0x42, 0x6a, 0x42,
        0xe9, 0x31, 0xa8, 0x29, 0xa8, 0x29, 0x67, 0x21, 0x46, 0x19, 0x26, 0x19, 0x26, 0x19, 0x06, 0x19, 0x26, 0x19, 0x26, 0x19,
        0x46, 0x19, 0x46, 0x21, 0x26, 0x19, 0x26, 0x29, 0xaa, 0x9a, 0xca, 0xa2, 0xca, 0xa2, 0xaa, 0xa2, 0xaa, 0xa2, 0x69, 0x92,
        0x46, 0x21, 0x26, 0x19, 0x26, 0x19, 0x46, 0x19, 0x47, 0x19, 0x47, 0x19, 0x47, 0x21, 0xe5, 0x18, 0x41, 0x08, 0x00, 0x00,
        0x00, 0x00, 0x81, 0x08, 0xf4, 0x95, 0xf7, 0xa6, 0xd7, 0xa6, 0xd7, 0xa6, 0xf7, 0xae, 0x31, 0x7d, 0xac, 0x5b, 0xac, 0x5b,
        0xed, 0x63, 0xe6, 0x29, 0x62, 0x08, 0x82, 0x08, 0x82, 0x08, 0x82, 0x08, 0xa3, 0x10, 0x82, 0x10, 0x04, 0x19, 0xcd, 0x63,
        0xed, 0x63, 0xcd, 0x5b, 0x6e, 0x6c, 0xb7, 0xa6, 0xd7, 0xae, 0xd7, 0xae, 0xd7, 0xae, 0xd7, 0xae, 0xd7, 0xae, 0xd7, 0xae,
        0xd7, 0xae, 0xd7, 0xae, 0xd7, 0xae, 0xd7, 0xae, 0xd7, 0xae, 0xd7, 0xae, 0xd7, 0xae, 0xd7, 0xae, 0xd7, 0xae, 0xd7, 0xae,
        0xd7, 0xae, 0xd7, 0xae, 0xd7, 0xae, 0xd7, 0xae, 0xd7, 0xae, 0xd7, 0xae, 0xd7, 0xae, 0xd7, 0xae, 0xd7, 0xae, 0xd7, 0xae,
        0xd7, 0xae, 0xd7, 0xae, 0xd7, 0xae, 0xd7, 0xae, 0xd7, 0xae, 0xd7, 0xae, 0xd7, 0xae, 0xd7, 0xae, 0xd7, 0xae, 0xd7, 0xae,
        0xd7, 0xae, 0xd7, 0xae, 0xd7, 0xae, 0xd7, 0xae, 0xd7, 0xae, 0xd7, 0xae, 0xd7, 0xae, 0xd7, 0xae, 0xd7, 0xae, 0xd7, 0xae,
        0xd7, 0xae, 0xd7, 0xae, 0xd7, 0xae, 0xd7, 0xae, 0xd7, 0xae, 0xd7, 0xae, 0xd7, 0xae, 0xd7, 0xae, 0xd7, 0xae, 0xd7, 0xae,
        0xd7, 0xae, 0xd7, 0xae, 0xd7, 0xae, 0xd7, 0xae, 0xd7, 0xae, 0xd7, 0xae, 0xd7, 0xae, 0xd7, 0xae, 0xd7, 0xae, 0xd7, 0xae,
        0xd7, 0xae, 0xd7, 0xae, 0xd7, 0xae, 0xd7, 0xae, 0xd7, 0xae, 0xd7, 0xae, 0xd7, 0xae, 0xd7, 0xae, 0xd7, 0xae, 0xd7, 0xae,
        0xd7, 0xae, 0xd7, 0xae, 0xd7, 0xae, 0xd7, 0xae, 0xd7, 0xae, 0xd7, 0xae, 0xd7, 0xae, 0xd7, 0xae, 0xd7, 0xae, 0xd7, 0xae,
        0xd7, 0xae, 0xd7, 0xae, 0xd7, 0xae, 0xd7, 0xae, 0xd7, 0xae, 0xd7, 0xae, 0xd7, 0xae, 0xd7, 0xae, 0xd7, 0xae, 0xd7, 0xae,
        0xd7, 0xae, 0xd7, 0xae, 0xd7, 0xae, 0xd7, 0xae, 0xd7, 0xae, 0xd7, 0xae, 0xd7, 0xae, 0xd7, 0xae, 0xd7, 0xae, 0xd7, 0xae,
        0xd7, 0xae, 0xd7, 0xae, 0xd7, 0xae, 0xd7, 0xae, 0xd7, 0xae, 0xd7, 0xae, 0xd7, 0xae, 0xd7, 0xae, 0xd7, 0xae, 0xd7, 0xae,
        0xd7, 0xae, 0xd7, 0xae, 0xd7, 0xae, 0xd7, 0xae, 0xd7, 0xae, 0xd7, 0xae, 0xd7, 0xae, 0xd7, 0xae, 0xf7, 0xae, 0x8c, 0x53,
        0x48, 0x32, 0x68, 0x3a, 0xe3, 0x10, 0x41, 0x00, 0x41, 0x00, 0x41, 0x08, 0x82, 0x08, 0xa8, 0x29, 0xc8, 0x31, 0xc8, 0x31,
        0xc8, 0x29, 0xc8, 0x31, 0xc8, 0x31, 0xc8, 0x31, 0xc8, 0x31, 0xc8, 0x31, 0xe9, 0x31, 0xe9, 0x31, 0x4a, 0x42, 0x6a, 0x42,
        0x6a, 0x42, 0x6a, 0x42, 0x4a, 0x42, 0x4a, 0x42, 0x4a, 0x42, 0x4a, 0x42, 0x6a, 0x42, 0x6a, 0x42, 0x6a, 0x42, 0x8b, 0x4a,
        0x0d, 0x5b, 0x2d, 0x63, 0x0d, 0x63, 0x6b, 0x42, 0x26, 0x19, 0x47, 0x21, 0x67, 0x21, 0x67, 0x21, 0x67, 0x21, 0x87, 0x21,
        0x88, 0x21, 0x87, 0x21, 0x67, 0x21, 0x67, 0x21, 0x67, 0x21, 0x67, 0x21, 0x67, 0x21, 0x67, 0x21, 0x47, 0x21, 0x87, 0x29,
        0x2a, 0x42, 0x6a, 0x4a, 0xab, 0x52, 0x6a, 0x4a, 0x6a, 0x4a, 0xab, 0x52, 0x0d, 0x5b, 0x0d, 0x5b, 0xf0, 0x7b, 0x51, 0x8c,
        0xf1, 0x83, 0x99, 0xd6, 0xdc, 0xff, 0x9c, 0xff, 0x9c, 0xff, 0x9c, 0xff, 0x9c, 0xff, 0xbc, 0xff, 0x9c, 0xff, 0x9c, 0xff,
        0x9c, 0xff, 0x9c, 0xff, 0x9c, 0xff, 0x9c, 0xff, 0x9c, 0xff, 0x9c, 0xff, 0xdd, 0xff, 0x54, 0xad, 0xaf, 0x73, 0xd0, 0x7b,
        0xd0, 0x7b, 0xd0, 0x7b, 0xaf, 0x73, 0x0d, 0x5b, 0x6b, 0x42, 0x6b, 0x42, 0x6e, 0x6b, 0xaf, 0x73, 0x4e, 0x6b, 0xac, 0x52,
        0xec, 0x5a, 0x29, 0x3a, 0x47, 0x21, 0x67, 0x21, 0x87, 0x21, 0x87, 0x21, 0x87, 0x29, 0x87, 0x21, 0x87, 0x21, 0x67, 0x21,
        0x67, 0x21, 0x67, 0x21, 0x67, 0x21, 0x67, 0x21, 0x67, 0x21, 0x67, 0x21, 0x67, 0x21, 0x47, 0x21, 0x87, 0x29, 0xc8, 0x31,
        0xe8, 0x31, 0xe9, 0x31, 0x2d, 0x63, 0x8f, 0x6b, 0x4e, 0x6b, 0xcc, 0x52, 0x8b, 0x4a, 0x8b, 0x4a, 0x8b, 0x4a, 0x8b, 0x4a,
        0x8b, 0x4a, 0x6a, 0x4a, 0x6a, 0x4a, 0x6a, 0x4a, 0x49, 0x4a, 0x54, 0x44, 0x5f, 0x3e, 0x3f, 0x3e, 0x7b, 0x45, 0x6b, 0x42,
        0x6a, 0x42, 0x6a, 0x42, 0x4a, 0x42, 0x4a, 0x42, 0x4a, 0x42, 0x4a, 0x42, 0x4a, 0x42, 0x4a, 0x42, 0x4a, 0x42, 0x4a, 0x42,
        0x29, 0x3a, 0x09, 0x3a, 0x29, 0x3a, 0xe9, 0x31, 0xe8, 0x31, 0xe8, 0x31, 0xe8, 0x31, 0xc8, 0x31, 0xc8, 0x31, 0xe8, 0x31,
        0xc8, 0x31, 0xa8, 0x29, 0x87, 0x29, 0x87, 0x31, 0xe7, 0x61, 0xe7, 0x69, 0xe8, 0x69, 0xe8, 0x69, 0xe8, 0x69, 0xa7, 0x59,
        0x05, 0x19, 0x05, 0x19, 0x26, 0x19, 0x26, 0x19, 0x26, 0x19, 0x26, 0x19, 0x46, 0x19, 0x62, 0x08, 0x20, 0x08, 0x00, 0x00,
        0x00, 0x00, 0xc2, 0x10, 0x35, 0x9e, 0xd7, 0xa6, 0xd7, 0xa6, 0xd7, 0xae, 0xd7, 0xa6, 0x18, 0xaf, 0x38, 0xb7, 0x38, 0xaf,
        0x99, 0xbf, 0x2a, 0x4b, 0x00, 0x00, 0x00, 0x00, 0x00, 0x00, 0x00, 0x00, 0x00, 0x00, 0x00, 0x00, 0x03, 0x11, 0xd8, 0xae,
        0x79, 0xb7, 0x59, 0xb7, 0x38, 0xb7, 0xd7, 0xae, 0xd7, 0xae, 0xd7, 0xae, 0xd7, 0xae, 0xd7, 0xae, 0xd7, 0xae, 0xd7, 0xae,
        0xd7, 0xae, 0xd7, 0xae, 0xd7, 0xae, 0xd7, 0xae, 0xd7, 0xae, 0xd7, 0xae, 0xd7, 0xae, 0xd7, 0xae, 0xd7, 0xae, 0xd7, 0xae,
        0xd7, 0xae, 0xd7, 0xae, 0xd7, 0xae, 0xd7, 0xae, 0xd7, 0xae, 0xd7, 0xae, 0xd7, 0xae, 0xd7, 0xae, 0xd7, 0xae, 0xd7, 0xae,
        0xd7, 0xae, 0xd7, 0xae, 0xd7, 0xae, 0xd7, 0xae, 0xd7, 0xae, 0xd7, 0xae, 0xd7, 0xae, 0xd7, 0xae, 0xd7, 0xae, 0xd7, 0xae,
        0xd7, 0xae, 0xd7, 0xae, 0xd7, 0xae, 0xd7, 0xae, 0xd7, 0xae, 0xd7, 0xae, 0xd7, 0xae, 0xd7, 0xae, 0xd7, 0xae, 0xd7, 0xae,
        0xd7, 0xae, 0xd7, 0xae, 0xd7, 0xae, 0xd7, 0xae, 0xd7, 0xae, 0xd7, 0xae, 0xd7, 0xae, 0xd7, 0xae, 0xd7, 0xae, 0xd7, 0xae,
        0xd7, 0xae, 0xd7, 0xae, 0xd7, 0xae, 0xd7, 0xae, 0xd7, 0xae, 0xd7, 0xae, 0xd7, 0xae, 0xd7, 0xae, 0xd7, 0xae, 0xd7, 0xae,
        0xd7, 0xae, 0xd7, 0xae, 0xd7, 0xae, 0xd7, 0xae, 0xd7, 0xae, 0xd7, 0xae, 0xd7, 0xae, 0xd7, 0xae, 0xd7, 0xae, 0xd7, 0xae,
        0xd7, 0xae, 0xd7, 0xae, 0xd7, 0xae, 0xd7, 0xae, 0xd7, 0xae, 0xd7, 0xae, 0xd7, 0xae, 0xd7, 0xae, 0xd7, 0xae, 0xd7, 0xae,
        0xd7, 0xae, 0xd7, 0xae, 0xd7, 0xae, 0xd7, 0xae, 0xd7, 0xae, 0xd7, 0xae, 0xd7, 0xae, 0xd7, 0xae, 0xd7, 0xae, 0xd7, 0xae,
        0xd7, 0xae, 0xd7, 0xae, 0xd7, 0xae, 0xd7, 0xae, 0xd7, 0xae, 0xd7, 0xae, 0xd7, 0xae, 0xd7, 0xae, 0xd7, 0xae, 0xd7, 0xae,
        0xd7, 0xae, 0xd7, 0xae, 0xd7, 0xae, 0xd7, 0xae, 0xd7, 0xae, 0xd7, 0xae, 0xd7, 0xae, 0xd7, 0xae, 0xd7, 0xae, 0xd7, 0xae,
        0xd7, 0xae, 0xd7, 0xae, 0xd7, 0xae, 0xd7, 0xae, 0xd7, 0xae, 0xd7, 0xae, 0xd7, 0xae, 0xf8, 0xb6, 0xf8, 0xb6, 0x64, 0x21,
        0x00, 0x00, 0x00, 0x00, 0x62, 0x08, 0x05, 0x19, 0x05, 0x19, 0x05, 0x19, 0x46, 0x19, 0x2a, 0x3a, 0x4a, 0x42, 0x4a, 0x42,
        0x2a, 0x3a, 0x47, 0x21, 0x26, 0x19, 0x26, 0x19, 0x26, 0x19, 0x46, 0x21, 0x67, 0x21, 0x67, 0x21, 0x29, 0x3a, 0x8a, 0x4a,
        0x6a, 0x42, 0x6a, 0x42, 0x6a, 0x42, 0x6a, 0x42, 0x6a, 0x42, 0x4a, 0x42, 0x4a, 0x42, 0x6a, 0x42, 0x6a, 0x42, 0x8b, 0x4a,
        0xa8, 0x29, 0x47, 0x21, 0x47, 0x21, 0x46, 0x21, 0x47, 0x21, 0x47, 0x21, 0x67, 0x21, 0x87, 0x21, 0x88, 0x21, 0x88, 0x21,
        0x88, 0x21, 0x67, 0x21, 0x67, 0x21, 0x67, 0x21, 0x67, 0x21, 0x67, 0x21, 0x67, 0x21, 0x47, 0x21, 0x67, 0x21, 0x47, 0x21,
        0x26, 0x19, 0x46, 0x21, 0x4a, 0x42, 0x8b, 0x4a, 0x8b, 0x4a, 0xab, 0x52, 0x0d, 0x5b, 0xec, 0x5a, 0xd0, 0x7b, 0x31, 0x84,
        0xf0, 0x7b, 0x78, 0xd6, 0xbc, 0xff, 0x9c, 0xff, 0x9c, 0xff, 0x9c, 0xff, 0x9c, 0xff, 0x9c, 0xff, 0x9c, 0xff, 0x9c, 0xff,
        0xbc, 0xff, 0x9c, 0xff, 0xbc, 0xff, 0x9c, 0xff, 0x9c, 0xff, 0x9c, 0xff, 0xdd, 0xff, 0x34, 0xa5, 0xaf, 0x73, 0xcf, 0x7b,
        0xcf, 0x73, 0xd0, 0x7b, 0x4e, 0x63, 0x8b, 0x4a, 0x8b, 0x4a, 0x8b, 0x4a, 0x6f, 0x6b, 0xcf, 0x7b, 0x2d, 0x63, 0x46, 0x19,
        0x26, 0x19, 0x46, 0x21, 0x67, 0x21, 0x67, 0x21, 0x67, 0x21, 0x67, 0x21, 0x87, 0x21, 0x87, 0x21, 0x87, 0x21, 0x67, 0x21,
        0x87, 0x21, 0x87, 0x21, 0x67, 0x21, 0x67, 0x21, 0x67, 0x21, 0x67, 0x21, 0x67, 0x21, 0x47, 0x21, 0x47, 0x21, 0x47, 0x21,
        0x67, 0x21, 0x67, 0x21, 0xec, 0x52, 0x6e, 0x6b, 0x2d, 0x63, 0xab, 0x4a, 0x8b, 0x4a, 0x8b, 0x4a, 0x8b, 0x4a, 0x8b, 0x4a,
        0x8b, 0x4a, 0x8b, 0x4a, 0x8b, 0x4a, 0x8b, 0x4a, 0x6a, 0x4a, 0x75, 0x4c, 0x7f, 0x46, 0x5f, 0x46, 0x9b, 0x45, 0x6a, 0x42,
        0x49, 0x42, 0x29, 0x42, 0x49, 0x42, 0x4a, 0x42, 0x6a, 0x42, 0x6a, 0x42, 0x4a, 0x42, 0x4a, 0x42, 0x4a, 0x42, 0x4a, 0x42,
        0x4a, 0x42, 0x4a, 0x42, 0x49, 0x3a, 0x4a, 0x42, 0x4a, 0x42, 0x4a, 0x42, 0x4a, 0x42, 0x4a, 0x42, 0x6a, 0x42, 0x4a, 0x42,
        0x4a, 0x42, 0x4a, 0x42, 0x4a, 0x42, 0x29, 0x42, 0xc4, 0x10, 0x83, 0x00, 0xa3, 0x08, 0xc4, 0x08, 0xc4, 0x08, 0xc4, 0x08,
        0x05, 0x19, 0x05, 0x19, 0x05, 0x19, 0x05, 0x19, 0x05, 0x19, 0x05, 0x19, 0x25, 0x19, 0x62, 0x08, 0x00, 0x00, 0x00, 0x00,
        0x00, 0x00, 0xc2, 0x10, 0x35, 0x9e, 0xd7, 0xa6, 0xd7, 0xa6, 0xd7, 0xae, 0xd7, 0xae, 0xd7, 0xae, 0xd7, 0xae, 0xd7, 0xae,
        0x59, 0xb7, 0x4b, 0x53, 0x00, 0x00, 0x20, 0x00, 0x00, 0x00, 0x00, 0x00, 0x00, 0x00, 0x00, 0x00, 0x03, 0x19, 0x76, 0x9e,
        0xf7, 0xae, 0xf7, 0xae, 0xf7, 0xae, 0xd7, 0xae, 0xd7, 0xae, 0xd7, 0xae, 0xd7, 0xae, 0xd7, 0xae, 0xd7, 0xae, 0xd7, 0xae,
        0xd7, 0xae, 0xd7, 0xae, 0xd7, 0xae, 0xd7, 0xae, 0xd7, 0xae, 0xd7, 0xae, 0xd7, 0xae, 0xd7, 0xae, 0xd7, 0xae, 0xd7, 0xae,
        0xd7, 0xae, 0xd7, 0xae, 0xd7, 0xae, 0xd7, 0xae, 0xd7, 0xae, 0xd7, 0xae, 0xd7, 0xae, 0xd7, 0xae, 0xd7, 0xae, 0xd7, 0xae,
        0xd7, 0xae, 0xd7, 0xae, 0xd7, 0xae, 0xd7, 0xae, 0xd7, 0xae, 0xd7, 0xae, 0xd7, 0xae, 0xd7, 0xae, 0xd7, 0xae, 0xd7, 0xae,
        0xd7, 0xae, 0xd7, 0xae, 0xd7, 0xae, 0xd7, 0xae, 0xd7, 0xae, 0xd7, 0xae, 0xd7, 0xae, 0xd7, 0xae, 0xd7, 0xae, 0xd7, 0xae,
        0xd7, 0xae, 0xd7, 0xae, 0xd7, 0xae, 0xd7, 0xae, 0xd7, 0xae, 0xd7, 0xae, 0xd7, 0xae, 0xd7, 0xae, 0xd7, 0xae, 0xd7, 0xae,
        0xd7, 0xae, 0xd7, 0xae, 0xd7, 0xae, 0xd7, 0xae, 0xd7, 0xae, 0xd7, 0xae, 0xd7, 0xae, 0xd7, 0xae, 0xd7, 0xae, 0xd7, 0xae,
        0xd7, 0xae, 0xd7, 0xae, 0xd7, 0xae, 0xd7, 0xae, 0xd7, 0xae, 0xd7, 0xae, 0xd7, 0xae, 0xd7, 0xae, 0xd7, 0xae, 0xd7, 0xae,
        0xd7, 0xae, 0xd7, 0xae, 0xd7, 0xae, 0xd7, 0xae, 0xd7, 0xae, 0xd7, 0xae, 0xd7, 0xae, 0xd7, 0xae, 0xd7, 0xae, 0xd7, 0xae,
        0xd7, 0xae, 0xd7, 0xae, 0xd7, 0xae, 0xd7, 0xae, 0xd7, 0xae, 0xd7, 0xae, 0xd7, 0xae, 0xd7, 0xae, 0xd7, 0xae, 0xd7, 0xae,
        0xd7, 0xae, 0xd7, 0xae, 0xd7, 0xae, 0xd7, 0xae, 0xd7, 0xae, 0xd7, 0xae, 0xd7, 0xae, 0xd7, 0xae, 0xd7, 0xae, 0xd7, 0xae,
        0xd7, 0xae, 0xd7, 0xae, 0xd7, 0xae, 0xd7, 0xae, 0xd7, 0xae, 0xd7, 0xae, 0xd7, 0xae, 0xd7, 0xae, 0xd7, 0xae, 0xd7, 0xae,
        0xd7, 0xae, 0xd7, 0xae, 0xd7, 0xae, 0xd7, 0xae, 0xf8, 0xae, 0x18, 0xb7, 0x39, 0xbf, 0x39, 0xbf, 0x19, 0xbf, 0x85, 0x29,
        0x00, 0x00, 0x00, 0x00, 0x82, 0x08, 0x05, 0x11, 0xe5, 0x10, 0xe5, 0x10, 0x26, 0x19, 0x2a, 0x3a, 0x4a, 0x42, 0x4a, 0x42,
        0x2a, 0x3a, 0x67, 0x21, 0x26, 0x19, 0x26, 0x19, 0x26, 0x19, 0x46, 0x21, 0x46, 0x21, 0x67, 0x21, 0x29, 0x3a, 0x6a, 0x42,
        0x6a, 0x42, 0x6a, 0x42, 0x6a, 0x42, 0x6a, 0x42, 0x6a, 0x42, 0x6a, 0x42, 0x6a, 0x42, 0x6a, 0x42, 0x6a, 0x42, 0x6a, 0x42,
        0xa8, 0x29, 0x67, 0x21, 0x87, 0x21, 0x67, 0x21, 0x67, 0x21, 0x67, 0x21, 0x87, 0x29, 0x88, 0x29, 0xc8, 0x29, 0xc8, 0x29,
        0xa8, 0x29, 0xa8, 0x29, 0x67, 0x21, 0x67, 0x21, 0x67, 0x21, 0x67, 0x21, 0x67, 0x21, 0x67, 0x21, 0x67, 0x21, 0x47, 0x21,
        0x67, 0x21, 0x67, 0x21, 0x4a, 0x42, 0x8b, 0x4a, 0x8b, 0x4a, 0xab, 0x52, 0xec, 0x5a, 0xec, 0x52, 0xcf, 0x7b, 0x31, 0x84,
        0xf0, 0x7b, 0x78, 0xd6, 0xbc, 0xff, 0x9c, 0xff, 0x9c, 0xff, 0x9c, 0xff, 0x9c, 0xff, 0x9c, 0xff, 0xbc, 0xff, 0xbc, 0xff,
        0x9c, 0xff, 0x9c, 0xff, 0x9c, 0xff, 0xbc, 0xff, 0xbc, 0xff, 0x9c, 0xff, 0xdd, 0xff, 0x54, 0xad, 0x8f, 0x73, 0xaf, 0x73,
        0xaf, 0x73, 0xaf, 0x73, 0x0d, 0x5b, 0x8b, 0x42, 0x8b, 0x4a, 0x8b, 0x4a, 0xaf, 0x73, 0xf0, 0x83, 0x4e, 0x6b, 0x67, 0x21,
        0x67, 0x21, 0x67, 0x21, 0x67, 0x21, 0x67, 0x21, 0x67, 0x21, 0x67, 0x21, 0x67, 0x21, 0x67, 0x21, 0x67, 0x21, 0x87, 0x21,
        0x87, 0x21, 0x87, 0x21, 0x87, 0x21, 0x67, 0x21, 0x67, 0x21, 0x67, 0x21, 0x67, 0x21, 0x67, 0x21, 0x67, 0x21, 0x67, 0x21,
        0x67, 0x21, 0x67, 0x21, 0xcc, 0x52, 0x6e, 0x6b, 0x2d, 0x63, 0x8b, 0x4a, 0x6a, 0x42, 0x6b, 0x4a, 0x6b, 0x4a, 0x8b, 0x4a,
        0x8b, 0x4a, 0x8b, 0x4a, 0x8b, 0x4a, 0xab, 0x4a, 0x6a, 0x4a, 0x75, 0x4c, 0x7f, 0x46, 0x3e, 0x3e, 0x7a, 0x3d, 0x6b, 0x42,
        0x6b, 0x42, 0x6b, 0x42, 0x6b, 0x42, 0x4a, 0x42, 0x6a, 0x42, 0x4a, 0x42, 0x4a, 0x42, 0x4a, 0x42, 0x4a, 0x42, 0x4a, 0x42,
        0x29, 0x3a, 0x29, 0x3a, 0x49, 0x3a, 0x29, 0x3a, 0x29, 0x3a, 0x29, 0x3a, 0x29, 0x3a, 0x4a, 0x42, 0x4a, 0x42, 0x4a, 0x42,
        0x4a, 0x42, 0x4a, 0x42, 0x4a, 0x42, 0x29, 0x42, 0xc4, 0x10, 0xa3, 0x08, 0xc4, 0x10, 0xc4, 0x10, 0xc4, 0x10, 0xe4, 0x10,
        0x05, 0x19, 0x05, 0x19, 0x05, 0x19, 0x05, 0x19, 0xe5, 0x18, 0xe5, 0x18, 0x05, 0x19, 0x41, 0x08, 0x00, 0x00, 0x00, 0x00,
        0x00, 0x00, 0xa2, 0x08, 0x55, 0x9e, 0xd7, 0xa6, 0xd7, 0xa6, 0xd7, 0xae, 0xd7, 0xae, 0xd7, 0xae, 0xd7, 0xae, 0xf7, 0xae,
        0x59, 0xbf, 0x4b, 0x53, 0x00, 0x00, 0x00, 0x00, 0x00, 0x00, 0x00, 0x00, 0x00, 0x00, 0x00, 0x00, 0xe3, 0x10, 0x76, 0xa6,
        0xf8, 0xae, 0xf7, 0xae, 0xf7, 0xae, 0xd7, 0xae, 0xd7, 0xae, 0xd7, 0xae, 0xd7, 0xae, 0xd7, 0xae, 0xd7, 0xae, 0xd7, 0xae,
        0xd7, 0xae, 0xd7, 0xae, 0xd7, 0xae, 0xd7, 0xae, 0xd7, 0xae, 0xd7, 0xae, 0xd7, 0xae, 0xd7, 0xae, 0xd7, 0xae, 0xd7, 0xae,
        0xd7, 0xae, 0xd7, 0xae, 0xd7, 0xae, 0xd7, 0xae, 0xd7, 0xae, 0xd7, 0xae, 0xd7, 0xae, 0xd7, 0xae, 0xd7, 0xae, 0xd7, 0xae,
        0xd7, 0xae, 0xd7, 0xae, 0xd7, 0xae, 0xd7, 0xae, 0xd7, 0xae, 0xd7, 0xae, 0xd7, 0xae, 0xd7, 0xae, 0xd7, 0xae, 0xd7, 0xae,
        0xd7, 0xae, 0xd7, 0xae, 0xd7, 0xae, 0xd7, 0xae, 0xd7, 0xae, 0xd7, 0xae, 0xd7, 0xae, 0xd7, 0xae, 0xd7, 0xae, 0xd7, 0xae,
        0xd7, 0xae, 0xd7, 0xae, 0xd7, 0xae, 0xd7, 0xae, 0xd7, 0xae, 0xd7, 0xae, 0xd7, 0xae, 0xd7, 0xae, 0xd7, 0xae, 0xd7, 0xae,
        0xd7, 0xae, 0xd7, 0xae, 0xd7, 0xae, 0xd7, 0xae, 0xd7, 0xae, 0xd7, 0xae, 0xd7, 0xae, 0xd7, 0xae, 0xd7, 0xae, 0xd7, 0xae,
        0xd7, 0xae, 0xd7, 0xae, 0xd7, 0xae, 0xd7, 0xae, 0xd7, 0xae, 0xd7, 0xae, 0xd7, 0xae, 0xd7, 0xae, 0xd7, 0xae, 0xd7, 0xae,
        0xd7, 0xae, 0xd7, 0xae, 0xd7, 0xae, 0xd7, 0xae, 0xd7, 0xae, 0xd7, 0xae, 0xd7, 0xae, 0xd7, 0xae, 0xd7, 0xae, 0xd7, 0xae,
        0xd7, 0xae, 0xd7, 0xae, 0xd7, 0xae, 0xd7, 0xae, 0xd7, 0xae, 0xd7, 0xae, 0xd7, 0xae, 0xd7, 0xae, 0xd7, 0xae, 0xd7, 0xae,
        0xd7, 0xae, 0xd7, 0xae, 0xd7, 0xae, 0xd7, 0xae, 0xd7, 0xae, 0xd7, 0xae, 0xd7, 0xae, 0xd7, 0xae, 0xd7, 0xae, 0xd7, 0xae,
        0xd7, 0xae, 0xd7, 0xae, 0xd7, 0xae, 0xd7, 0xae, 0xd7, 0xae, 0xd7, 0xae, 0xd7, 0xae, 0xd7, 0xae, 0xd7, 0xae, 0xd7, 0xae,
        0xd7, 0xae, 0xd7, 0xae, 0xd7, 0xae, 0xd7, 0xae, 0xf8, 0xb6, 0x15, 0x9e, 0x52, 0x85, 0x52, 0x8d, 0x12, 0x8d, 0x04, 0x19,
        0x00, 0x00, 0x00, 0x00, 0x62, 0x08, 0xc4, 0x10, 0xa3, 0x10, 0xa3, 0x10, 0xc4, 0x10, 0x25, 0x21, 0x66, 0x21, 0x87, 0x29,
        0x87, 0x29, 0x67, 0x21, 0x47, 0x21, 0x46, 0x19, 0x46, 0x21, 0xa7, 0x29, 0xa8, 0x29, 0xa8, 0x29, 0x29, 0x3a, 0x4a, 0x42,
        0x4a, 0x42, 0x6a, 0x42, 0x6a, 0x42, 0x6a, 0x42, 0x6a, 0x42, 0x6a, 0x42, 0x6b, 0x4a, 0x6a, 0x4a, 0x6a, 0x42, 0x4a, 0x42,
        0xa8, 0x29, 0x67, 0x21, 0x67, 0x21, 0xa8, 0x29, 0x29, 0x3a, 0x09, 0x3a, 0x09, 0x3a, 0x09, 0x3a, 0x4a, 0x42, 0x4a, 0x42,
        0x4a, 0x42, 0x2a, 0x3a, 0x87, 0x21, 0x46, 0x19, 0x47, 0x21, 0x47, 0x21, 0x67, 0x21, 0x67, 0x21, 0x67, 0x21, 0x67, 0x21,
        0x67, 0x21, 0x88, 0x29, 0x2a, 0x3a, 0x8b, 0x4a, 0x6b, 0x4a, 0x8b, 0x4a, 0xab, 0x4a, 0x8b, 0x4a, 0xaf, 0x73, 0x11, 0x84,
        0xd0, 0x7b, 0x58, 0xd6, 0xbc, 0xff, 0x9c, 0xff, 0x9c, 0xff, 0x9c, 0xff, 0x9c, 0xff, 0x9c, 0xff, 0xbc, 0xff, 0x9c, 0xff,
        0x9c, 0xff, 0xbc, 0xff, 0xbc, 0xff, 0xbc, 0xff, 0xbc, 0xff, 0xbc, 0xff, 0xfd, 0xff, 0x54, 0xad, 0x8f, 0x73, 0xaf, 0x73,
        0xaf, 0x73, 0x0d, 0x5b, 0x8b, 0x4a, 0x6b, 0x42, 0x8b, 0x4a, 0x8b, 0x4a, 0xec, 0x5a, 0x0d, 0x63, 0xac, 0x52, 0x88, 0x21,
        0x87, 0x21, 0x67, 0x21, 0x67, 0x21, 0x67, 0x21, 0x67, 0x21, 0x67, 0x21, 0x87, 0x29, 0x88, 0x29, 0xa8, 0x29, 0xa8, 0x29,
        0x09, 0x32, 0x09, 0x3a, 0x09, 0x3a, 0x09, 0x3a, 0x09, 0x3a, 0x09, 0x3a, 0x09, 0x3a, 0x09, 0x3a, 0xc8, 0x29, 0x67, 0x21,
        0x87, 0x21, 0x87, 0x21, 0x09, 0x3a, 0x4a, 0x42, 0x2a, 0x42, 0x4a, 0x42, 0x6a, 0x4a, 0x6a, 0x4a, 0x8b, 0x4a, 0x6b, 0x4a,
        0x8b, 0x4a, 0x8b, 0x4a, 0x8b, 0x4a, 0x8b, 0x4a, 0x8b, 0x4a, 0x0e, 0x4b, 0x91, 0x4b, 0x4f, 0x4b, 0x71, 0x43, 0x7c, 0x2d,
        0x7c, 0x2d, 0xbc, 0x35, 0x55, 0x3c, 0x29, 0x42, 0x6a, 0x42, 0x4a, 0x42, 0x4a, 0x42, 0x4a, 0x42, 0x4a, 0x42, 0x49, 0x42,
        0x29, 0x3a, 0x4a, 0x42, 0x49, 0x3a, 0x49, 0x3a, 0x49, 0x42, 0x29, 0x3a, 0x29, 0x3a, 0x09, 0x3a, 0x09, 0x3a, 0x09, 0x3a,
        0x09, 0x3a, 0xe8, 0x31, 0xe8, 0x39, 0xe8, 0x39, 0xa3, 0x10, 0x82, 0x08, 0xa3, 0x10, 0xe4, 0x10, 0xe5, 0x10, 0xe5, 0x10,
        0x26, 0x19, 0x05, 0x19, 0x05, 0x19, 0xe5, 0x10, 0xa3, 0x10, 0xa3, 0x08, 0xa3, 0x10, 0x00, 0x00, 0x85, 0x21, 0x4e, 0x6c,
        0x0d, 0x64, 0x8f, 0x74, 0xb6, 0xa6, 0xd7, 0xa6, 0xd7, 0xa6, 0xd7, 0xae, 0xd7, 0xae, 0xd7, 0xae, 0xd7, 0xae, 0xf7, 0xae,
        0x18, 0xb7, 0xf4, 0x95, 0xb0, 0x7c, 0xb0, 0x7c, 0xaf, 0x74, 0x8f, 0x74, 0x8f, 0x6c, 0x8f, 0x6c, 0xf0, 0x7c, 0xb7, 0xa6,
        0xf7, 0xae, 0xd7, 0xae, 0xd7, 0xae, 0xd7, 0xae, 0xd7, 0xae, 0xd7, 0xae, 0xd7, 0xae, 0xd7, 0xae, 0xd7, 0xae, 0xd7, 0xae,
        0xd7, 0xae, 0xd7, 0xae, 0xd7, 0xae, 0xd7, 0xae, 0xd7, 0xae, 0xd7, 0xae, 0xd7, 0xae, 0xd7, 0xae, 0xd7, 0xae, 0xd7, 0xae,
        0xd7, 0xae, 0xd7, 0xae, 0xd7, 0xae, 0xd7, 0xae, 0xd7, 0xae, 0xd7, 0xae, 0xd7, 0xae, 0xd7, 0xae, 0xd7, 0xae, 0xd7, 0xae,
        0xd7, 0xae, 0xd7, 0xae, 0xd7, 0xae, 0xd7, 0xae, 0xd7, 0xae, 0xd7, 0xae, 0xd7, 0xae, 0xd7, 0xae, 0xd7, 0xae, 0xd7, 0xae,
        0xd7, 0xae, 0xd7, 0xae, 0xd7, 0xae, 0xd7, 0xae, 0xd7, 0xae, 0xd7, 0xae, 0xd7, 0xae, 0xd7, 0xae, 0xd7, 0xae, 0xd7, 0xae,
        0xd7, 0xae, 0xd7, 0xae, 0xd7, 0xae, 0xd7, 0xae, 0xd7, 0xae, 0xd7, 0xae, 0xd7, 0xae, 0xd7, 0xae, 0xd7, 0xae, 0xd7, 0xae,
        0xd7, 0xae, 0xd7, 0xae, 0xd7, 0xae, 0xd7, 0xae, 0xd7, 0xae, 0xd7, 0xae, 0xd7, 0xae, 0xd7, 0xae, 0xd7, 0xae, 0xd7, 0xae,
        0xd7, 0xae, 0xd7, 0xae, 0xd7, 0xae, 0xd7, 0xae, 0xd7, 0xae, 0xd7, 0xae, 0xd7, 0xae, 0xd7, 0xae, 0xd7, 0xae, 0xd7, 0xae,
        0xd7, 0xae, 0xd7, 0xae, 0xd7, 0xae, 0xd7, 0xae, 0xd7, 0xae, 0xd7, 0xae, 0xd7, 0xae, 0xd7, 0xae, 0xd7, 0xae, 0xd7, 0xae,
        0xd7, 0xae, 0xd7, 0xae, 0xd7, 0xae, 0xd7, 0xae, 0xd7, 0xae, 0xd7, 0xae, 0xd7, 0xae, 0xd7, 0xae, 0xd7, 0xae, 0xd7, 0xae,
        0xd7, 0xae, 0xd7, 0xae, 0xd7, 0xae, 0xd7, 0xae, 0xd7, 0xae, 0xd7, 0xae, 0xd7, 0xae, 0xd7, 0xae, 0xd7, 0xae, 0xd7, 0xae,
        0xd7, 0xae, 0xd7, 0xae, 0xd7, 0xae, 0xd7, 0xae, 0xd7, 0xae, 0xd7, 0xae, 0xd7, 0xae, 0xd7, 0xae, 0xd7, 0xae, 0xd7, 0xae,
        0xd7, 0xae, 0xd7, 0xae, 0xd7, 0xae, 0xd7, 0xae, 0x39, 0xb7, 0x4b, 0x53, 0x00, 0x00, 0x40, 0x00, 0x20, 0x00, 0x20, 0x00,
        0x20, 0x00, 0x20, 0x00, 0x00, 0x00, 0x00, 0x00, 0x00, 0x00, 0x00, 0x00, 0x00, 0x00, 0x00, 0x00, 0x00, 0x00, 0x00, 0x00,
        0x41, 0x08, 0x47, 0x21, 0x67, 0x21, 0x47, 0x21, 0xa8, 0x29, 0x6a, 0x42, 0x4a, 0x42, 0x4a, 0x42, 0x4a, 0x42, 0x4a, 0x42,
        0x4a, 0x42, 0x4a, 0x42, 0x6a, 0x42, 0x8b, 0x4a, 0xac, 0x52, 0xcc, 0x52, 0xac, 0x52, 0x8b, 0x4a, 0x6a, 0x42, 0x4a, 0x42,
        0x88, 0x29, 0x67, 0x21, 0x67, 0x21, 0xa8, 0x29, 0x4a, 0x42, 0x4a, 0x42, 0x4a, 0x42, 0x4a, 0x42, 0x4a, 0x42, 0x4a, 0x42,
        0x2a, 0x3a, 0x29, 0x3a, 0xc8, 0x31, 0xa8, 0x29, 0xc8, 0x31, 0xe8, 0x31, 0x87, 0x29, 0x67, 0x21, 0x67, 0x21, 0x67, 0x21,
        0x88, 0x29, 0x88, 0x29, 0xc8, 0x31, 0x4a, 0x42, 0x4a, 0x42, 0x4a, 0x42, 0x6a, 0x42, 0x6a, 0x42, 0x6e, 0x6b, 0xf1, 0x83,
        0xaf, 0x73, 0x58, 0xd6, 0xbc, 0xff, 0x9c, 0xff, 0xbc, 0xff, 0x9c, 0xff, 0x9c, 0xff, 0x9c, 0xff, 0x9c, 0xff, 0x9c, 0xff,
        0xbc, 0xff, 0xbc, 0xff, 0xbc, 0xff, 0xbc, 0xff, 0xbc, 0xff, 0xbc, 0xff, 0xdd, 0xff, 0x34, 0xad, 0x8f, 0x73, 0xaf, 0x7b,
        0xd0, 0x7b, 0xcc, 0x52, 0x6a, 0x42, 0x8b, 0x4a, 0x8b, 0x4a, 0x8b, 0x4a, 0xe9, 0x31, 0x88, 0x21, 0x88, 0x29, 0x88, 0x29,
        0x88, 0x29, 0x87, 0x29, 0x87, 0x21, 0x67, 0x21, 0x67, 0x21, 0x67, 0x21, 0xc8, 0x31, 0x29, 0x3a, 0x09, 0x3a, 0x29, 0x3a,
        0x29, 0x3a, 0x29, 0x3a, 0x29, 0x3a, 0x4a, 0x3a, 0x4a, 0x42, 0x4a, 0x42, 0x4a, 0x42, 0x4a, 0x42, 0x2a, 0x3a, 0x29, 0x3a,
        0x29, 0x3a, 0x09, 0x3a, 0x87, 0x21, 0x67, 0x21, 0x46, 0x21, 0x2a, 0x42, 0x8b, 0x4a, 0x8a, 0x4a, 0x8b, 0x4a, 0x8b, 0x4a,
        0x8b, 0x4a, 0x8b, 0x4a, 0x8b, 0x4a, 0x8b, 0x4a, 0x8b, 0x4a, 0xac, 0x52, 0xcc, 0x52, 0xab, 0x52, 0x0e, 0x43, 0xfe, 0x25,
        0x1f, 0x26, 0x5f, 0x36, 0xb7, 0x3c, 0x49, 0x42, 0x6a, 0x42, 0x4a, 0x42, 0x4a, 0x42, 0x4a, 0x3a, 0x4a, 0x3a, 0x4a, 0x42,
        0x4a, 0x42, 0x4a, 0x42, 0x4a, 0x42, 0x4a, 0x42, 0x4a, 0x42, 0x29, 0x3a, 0x49, 0x3a, 0x09, 0x3a, 0x09, 0x3a, 0x09, 0x3a,
        0x67, 0x21, 0x05, 0x19, 0x26, 0x19, 0x05, 0x19, 0x83, 0x08, 0x82, 0x08, 0x82, 0x08, 0x25, 0x19, 0x46, 0x19, 0x26, 0x19,
        0x26, 0x19, 0x05, 0x19, 0x05, 0x11, 0xe4, 0x10, 0x00, 0x00, 0x00, 0x00, 0x00, 0x00, 0x00, 0x00, 0xc9, 0x42, 0x79, 0xb7,
        0x18, 0xaf, 0x18, 0xaf, 0xd7, 0xae, 0xd7, 0xae, 0xd7, 0xae, 0xd7, 0xae, 0xd7, 0xae, 0xd7, 0xae, 0xd7, 0xae, 0xd7, 0xae,
        0xd7, 0xae, 0x18, 0xb7, 0x39, 0xb7, 0x39, 0xb7, 0x39, 0xb7, 0x38, 0xb7, 0x18, 0xaf, 0x18, 0xaf, 0x18, 0xaf, 0xd7, 0xae,
        0xd7, 0xae, 0xd7, 0xae, 0xd7, 0xae, 0xd7, 0xae, 0xd7, 0xae, 0xd7, 0xae, 0xd7, 0xae, 0xd7, 0xae, 0xd7, 0xae, 0xd7, 0xae,
        0xd7, 0xae, 0xd7, 0xae, 0xd7, 0xae, 0xd7, 0xae, 0xd7, 0xae, 0xd7, 0xae, 0xd7, 0xae, 0xd7, 0xae, 0xd7, 0xae, 0xd7, 0xae,
        0xd7, 0xae, 0xd7, 0xae, 0xd7, 0xae, 0xd7, 0xae, 0xd7, 0xae, 0xd7, 0xae, 0xd7, 0xae, 0xd7, 0xae, 0xd7, 0xae, 0xd7, 0xae,
        0xd7, 0xae, 0xd7, 0xae, 0xd7, 0xae, 0xd7, 0xae, 0xd7, 0xae, 0xd7, 0xae, 0xd7, 0xae, 0xd7, 0xae, 0xd7, 0xae, 0xd7, 0xae,
        0xd7, 0xae, 0xd7, 0xae, 0xd7, 0xae, 0xd7, 0xae, 0xd7, 0xae, 0xd7, 0xae, 0xd7, 0xae, 0xd7, 0xae, 0xd7, 0xae, 0xd7, 0xae,
        0xd7, 0xae, 0xd7, 0xae, 0xd7, 0xae, 0xd7, 0xae, 0xd7, 0xae, 0xd7, 0xae, 0xd7, 0xae, 0xd7, 0xae, 0xd7, 0xae, 0xd7, 0xae,
        0xd7, 0xae, 0xd7, 0xae, 0xd7, 0xae, 0xd7, 0xae, 0xd7, 0xae, 0xd7, 0xae, 0xd7, 0xae, 0xd7, 0xae, 0xd7, 0xae, 0xd7, 0xae,
        0xd7, 0xae, 0xd7, 0xae, 0xd7, 0xae, 0xd7, 0xae, 0xd7, 0xae, 0xd7, 0xae, 0xd7, 0xae, 0xd7, 0xae, 0xd7, 0xae, 0xd7, 0xae,
        0xd7, 0xae, 0xd7, 0xae, 0xd7, 0xae, 0xd7, 0xae, 0xd7, 0xae, 0xd7, 0xae, 0xd7, 0xae, 0xd7, 0xae, 0xd7, 0xae, 0xd7, 0xae,
        0xd7, 0xae, 0xd7, 0xae, 0xd7, 0xae, 0xd7, 0xae, 0xd7, 0xae, 0xd7, 0xae, 0xd7, 0xae, 0xd7, 0xae, 0xd7, 0xae, 0xd7, 0xae,
        0xd7, 0xae, 0xd7, 0xae, 0xd7, 0xae, 0xd7, 0xae, 0xd7, 0xae, 0xd7, 0xae, 0xd7, 0xae, 0xd7, 0xae, 0xd7, 0xae, 0xd7, 0xae,
        0xd7, 0xae, 0xd7, 0xae, 0xd7, 0xae, 0xd7, 0xae, 0xd7, 0xae, 0xd7, 0xae, 0xd7, 0xae, 0xd7, 0xae, 0xd7, 0xae, 0xd7, 0xae,
        0xd7, 0xae, 0xd7, 0xae, 0xd7, 0xae, 0xd7, 0xa6, 0x38, 0xb7, 0x4b, 0x4b, 0x00, 0x00, 0x20, 0x00, 0x00, 0x00, 0x00, 0x00,
        0x20, 0x00, 0x20, 0x00, 0x00, 0x00, 0x00, 0x00, 0x00, 0x00, 0x00, 0x00, 0x00, 0x00, 0x00, 0x00, 0x00, 0x00, 0x00, 0x00,
        0x41, 0x00, 0x47, 0x21, 0x67, 0x21, 0x67, 0x21, 0xa8, 0x29, 0x8b, 0x42, 0x6a, 0x42, 0x4a, 0x42, 0x4a, 0x42, 0x4a, 0x42,
        0x4a, 0x42, 0x4a, 0x42, 0x6b, 0x42, 0xcc, 0x52, 0xec, 0x52, 0xec, 0x52, 0xcc, 0x52, 0x8b, 0x4a, 0x6b, 0x4a, 0x6a, 0x42,
        0x29, 0x3a, 0x09, 0x3a, 0x09, 0x3a, 0x29, 0x3a, 0x4a, 0x42, 0x4a, 0x42, 0x4a, 0x42, 0x4a, 0x42, 0x4a, 0x42, 0x4a, 0x3a,
        0x2a, 0x3a, 0x29, 0x3a, 0x4a, 0x42, 0x4a, 0x42, 0x6a, 0x42, 0x6a, 0x42, 0x88, 0x29, 0x67, 0x21, 0x87, 0x21, 0x67, 0x21,
        0x87, 0x29, 0x87, 0x29, 0xa8, 0x29, 0x2a, 0x3a, 0x4a, 0x42, 0x4a, 0x42, 0x6b, 0x42, 0x6a, 0x42, 0x8f, 0x6b, 0x11, 0x84,
        0xb0, 0x73, 0x78, 0xd6, 0xdc, 0xff, 0x9c, 0xff, 0x9c, 0xff, 0x9c, 0xff, 0x9c, 0xff, 0x9c, 0xff, 0x9c, 0xff, 0x9c, 0xff,
        0x9c, 0xff, 0xbc, 0xff, 0xbc, 0xff, 0x9c, 0xff, 0xbc, 0xff, 0xbc, 0xff, 0xdd, 0xff, 0x34, 0xad, 0x8f, 0x73, 0xd0, 0x7b,
        0xf0, 0x7b, 0xec, 0x52, 0x6b, 0x42, 0x8b, 0x4a, 0x8b, 0x4a, 0x8b, 0x4a, 0xc9, 0x31, 0x88, 0x29, 0x88, 0x29, 0x87, 0x21,
        0x87, 0x29, 0x87, 0x29, 0x87, 0x29, 0x87, 0x29, 0x88, 0x29, 0x87, 0x21, 0xe9, 0x31, 0x2a, 0x3a, 0x29, 0x3a, 0x29, 0x3a,
        0x29, 0x3a, 0x29, 0x3a, 0x29, 0x3a, 0x29, 0x3a, 0x4a, 0x3a, 0x4a, 0x42, 0x4a, 0x42, 0x4a, 0x42, 0x4a, 0x3a, 0x29, 0x3a,
        0x29, 0x3a, 0x09, 0x3a, 0x67, 0x21, 0x46, 0x21, 0x46, 0x21, 0x4a, 0x42, 0x8b, 0x4a, 0x8b, 0x4a, 0x8b, 0x4a, 0x8b, 0x4a,
        0x8b, 0x4a, 0x8b, 0x4a, 0x8b, 0x4a, 0x8b, 0x4a, 0x8b, 0x4a, 0xac, 0x4a, 0xcd, 0x52, 0xab, 0x52, 0x2f, 0x4b, 0x1f, 0x2e,
        0x3f, 0x2e, 0x7f, 0x36, 0xb7, 0x3c, 0x08, 0x42, 0x09, 0x42, 0x09, 0x42, 0x29, 0x3a, 0x49, 0x3a, 0x4a, 0x42, 0x4a, 0x42,
        0x4a, 0x42, 0x4a, 0x42, 0x4a, 0x42, 0x4a, 0x42, 0x4a, 0x42, 0x4a, 0x42, 0x4a, 0x3a, 0x29, 0x3a, 0x29, 0x3a, 0x29, 0x3a,
        0x67, 0x21, 0x05, 0x11, 0x26, 0x19, 0x26, 0x19, 0xa3, 0x08, 0x82, 0x08, 0x62, 0x08, 0x26, 0x19, 0x47, 0x19, 0x46, 0x19,
        0x26, 0x19, 0x05, 0x19, 0x05, 0x11, 0xe4, 0x10, 0x00, 0x00, 0x00, 0x00, 0x20, 0x00, 0x00, 0x00, 0x89, 0x42, 0x18, 0xaf,
        0xb7, 0xae, 0xd7, 0xae, 0xd7, 0xae, 0xd7, 0xae, 0xd7, 0xae, 0xd7, 0xae, 0xd7, 0xae, 0xd7, 0xae, 0xd7, 0xae, 0xd7, 0xae,
        0xd7, 0xae, 0xd7, 0xae, 0xd7, 0xae, 0xd7, 0xae, 0xd7, 0xae, 0xd7, 0xae, 0xd7, 0xae, 0xd7, 0xae, 0xd7, 0xae, 0xd7, 0xae,
        0xd7, 0xae, 0xd7, 0xae, 0xd7, 0xae, 0xd7, 0xae, 0xd7, 0xae, 0xd7, 0xae, 0xd7, 0xae, 0xd7, 0xae, 0xd7, 0xae, 0xd7, 0xae,
        0xd7, 0xae, 0xd7, 0xae, 0xd7, 0xae, 0xd7, 0xae, 0xd7, 0xae, 0xd7, 0xae, 0xd7, 0xae, 0xd7, 0xae, 0xd7, 0xae, 0xd7, 0xae,
        0xd7, 0xae, 0xd7, 0xae, 0xd7, 0xae, 0xd7, 0xae, 0xd7, 0xae, 0xd7, 0xae, 0xd7, 0xae, 0xd7, 0xae, 0xd7, 0xae, 0xd7, 0xae,
        0xd7, 0xae, 0xd7, 0xae, 0xd7, 0xae, 0xd7, 0xae, 0xd7, 0xae, 0xd7, 0xae, 0xd7, 0xae, 0xd7, 0xae, 0xd7, 0xae, 0xd7, 0xae,
        0xd7, 0xae, 0xd7, 0xae, 0xd7, 0xae, 0xd7, 0xae, 0xd7, 0xae, 0xd7, 0xae, 0xd7, 0xae, 0xd7, 0xae, 0xd7, 0xae, 0xd7, 0xae,
        0xd7, 0xae, 0xd7, 0xae, 0xd7, 0xae, 0xd7, 0xae, 0xd7, 0xae, 0xd7, 0xae, 0xd7, 0xae, 0xd7, 0xae, 0xd7, 0xae, 0xd7, 0xae,
        0xd7, 0xae, 0xd7, 0xae, 0xd7, 0xae, 0xd7, 0xae, 0xd7, 0xae, 0xd7, 0xae, 0xd7, 0xae, 0xd7, 0xae, 0xd7, 0xae, 0xd7, 0xae,
        0xd7, 0xae, 0xd7, 0xae, 0xd7, 0xae, 0xd7, 0xae, 0xd7, 0xae, 0xd7, 0xae, 0xd7, 0xae, 0xd7, 0xae, 0xd7, 0xae, 0xd7, 0xae,
        0xd7, 0xae, 0xd7, 0xae, 0xd7, 0xae, 0xd7, 0xae, 0xd7, 0xae, 0xd7, 0xae, 0xd7, 0xae, 0xd7, 0xae, 0xd7, 0xae, 0xd7, 0xae,
        0xd7, 0xae, 0xd7, 0xae, 0xd7, 0xae, 0xd7, 0xae, 0xd7, 0xae, 0xd7, 0xae, 0xd7, 0xae, 0xd7, 0xae, 0xd7, 0xae, 0xd7, 0xae,
        0xd7, 0xae, 0xd7, 0xae, 0xd7, 0xae, 0xd7, 0xae, 0xd7, 0xae, 0xd7, 0xae, 0xd7, 0xae, 0xd7, 0xae, 0xd7, 0xae, 0xd7, 0xae,
        0xd7, 0xae, 0xd7, 0xae, 0xd7, 0xae, 0xd7, 0xae, 0xd7, 0xae, 0xd7, 0xae, 0xd7, 0xae, 0xd7, 0xae, 0xd7, 0xae, 0xd7, 0xae,
        0xf7, 0xae, 0xd7, 0xae, 0xd7, 0xae, 0xd7, 0xae, 0x38, 0xb7, 0x4b, 0x4b, 0x00, 0x00, 0x00, 0x00, 0x00, 0x00, 0x00, 0x00,
        0x00, 0x00, 0x20, 0x00, 0x20, 0x00, 0x20, 0x00, 0x00, 0x00, 0x00, 0x00, 0x00, 0x00, 0x00, 0x00, 0x00, 0x00, 0x00, 0x00,
        0x21, 0x00, 0x46, 0x21, 0x67, 0x21, 0x67, 0x21, 0xc8, 0x29, 0x8b, 0x4a, 0x6a, 0x42, 0x6a, 0x42, 0x4a, 0x42, 0x4a, 0x42,
        0x4a, 0x42, 0x4a, 0x42, 0x8b, 0x4a, 0xcc, 0x52, 0xcc, 0x52, 0xcc, 0x52, 0x8b, 0x4a, 0x6a, 0x42, 0x6a, 0x42, 0x4a, 0x42,
        0x6a, 0x42, 0x6a, 0x42, 0x6a, 0x42, 0x4a, 0x42, 0x4a, 0x42, 0x4a, 0x42, 0x4a, 0x42, 0x2a, 0x3a, 0x2a, 0x3a, 0x2a, 0x3a,
        0x29, 0x3a, 0x4a, 0x3a, 0x4a, 0x42, 0x4a, 0x42, 0x6a, 0x42, 0x6a, 0x42, 0xa8, 0x29, 0x87, 0x29, 0x88, 0x29, 0x87, 0x29,
        0x87, 0x21, 0x67, 0x21, 0x67, 0x21, 0xc8, 0x31, 0xc8, 0x31, 0x09, 0x3a, 0x6a, 0x42, 0x6a, 0x42, 0x8f, 0x6b, 0x11, 0x84,
        0xd0, 0x7b, 0x78, 0xd6, 0xdd, 0xff, 0x9c, 0xff, 0x9c, 0xff, 0x9c, 0xff, 0x9c, 0xff, 0x9c, 0xff, 0x9c, 0xff, 0x9c, 0xff,
        0x9c, 0xff, 0xbc, 0xff, 0xbc, 0xff, 0xbc, 0xff, 0xbc, 0xff, 0xbc, 0xff, 0xdc, 0xff, 0x34, 0xad, 0xaf, 0x73, 0xf0, 0x7b,
        0x11, 0x84, 0xec, 0x52, 0x8b, 0x42, 0x8b, 0x4a, 0x6b, 0x42, 0x6b, 0x42, 0xc8, 0x29, 0x67, 0x21, 0x67, 0x21, 0x67, 0x21,
        0x67, 0x21, 0x87, 0x21, 0x87, 0x29, 0x88, 0x29, 0xa8, 0x29, 0xa8, 0x29, 0xe9, 0x31, 0x4a, 0x42, 0x29, 0x3a, 0x29, 0x3a,
        0x29, 0x3a, 0x29, 0x3a, 0x29, 0x3a, 0x29, 0x3a, 0x29, 0x3a, 0x2a, 0x3a, 0x29, 0x3a, 0x29, 0x3a, 0x29, 0x3a, 0x29, 0x3a,
        0x29, 0x3a, 0x09, 0x3a, 0xa7, 0x29, 0xa7, 0x29, 0xa8, 0x29, 0x4a, 0x42, 0x8b, 0x4a, 0x8a, 0x4a, 0x6b, 0x4a, 0x8b, 0x4a,
        0x8b, 0x4a, 0x8b, 0x4a, 0x8b, 0x4a, 0x8b, 0x4a, 0x6a, 0x42, 0xed, 0x4a, 0x50, 0x5b, 0x2f, 0x5b, 0x50, 0x53, 0xf8, 0x34,
        0x39, 0x35, 0x39, 0x3d, 0x19, 0x35, 0x55, 0x3c, 0x35, 0x34, 0xd2, 0x3b, 0x29, 0x3a, 0x49, 0x3a, 0x4a, 0x42, 0x4a, 0x3a,
        0x4a, 0x3a, 0x4a, 0x42, 0x4a, 0x42, 0x4a, 0x42, 0x4a, 0x42, 0x4a, 0x42, 0x4a, 0x42, 0x29, 0x3a, 0x29, 0x3a, 0x29, 0x3a,
        0x67, 0x21, 0x05, 0x11, 0x26, 0x19, 0x26, 0x19, 0x82, 0x08, 0x41, 0x08, 0x41, 0x08, 0x05, 0x19, 0x46, 0x21, 0x26, 0x19,
        0x26, 0x19, 0x25, 0x19, 0x05, 0x19, 0xe4, 0x10, 0x00, 0x00, 0x00, 0x00, 0x00, 0x00, 0x00, 0x00, 0xa9, 0x42, 0x18, 0xb7,
        0xd7, 0xae, 0xd7, 0xae, 0xd7, 0xae, 0xd7, 0xae, 0xd7, 0xae, 0xd7, 0xae, 0xd7, 0xae, 0xd7, 0xae, 0xd7, 0xae, 0xd7, 0xae,
        0xd7, 0xae, 0xd7, 0xae, 0xd7, 0xae, 0xd7, 0xae, 0xd7, 0xae, 0xd7, 0xae, 0xd7, 0xae, 0xd7, 0xae, 0xd7, 0xae, 0xd7, 0xae,
        0xd7, 0xae, 0xd7, 0xae, 0xd7, 0xae, 0xd7, 0xae, 0xd7, 0xae, 0xd7, 0xae, 0xd7, 0xae, 0xd7, 0xae, 0xd7, 0xae, 0xd7, 0xae,
        0xd7, 0xae, 0xd7, 0xae, 0xd7, 0xae, 0xd7, 0xae, 0xd7, 0xae, 0xd7, 0xae, 0xd7, 0xae, 0xd7, 0xae, 0xd7, 0xae, 0xd7, 0xae,
        0xd7, 0xae, 0xd7, 0xae, 0xd7, 0xae, 0xd7, 0xae, 0xd7, 0xae, 0xd7, 0xae, 0xd7, 0xae, 0xd7, 0xae, 0xd7, 0xae, 0xd7, 0xae,
        0xd7, 0xae, 0xd7, 0xae, 0xd7, 0xae, 0xd7, 0xae, 0xd7, 0xae, 0xd7, 0xae, 0xd7, 0xae, 0xd7, 0xae, 0xd7, 0xae, 0xd7, 0xae,
        0xd7, 0xae, 0xd7, 0xae, 0xd7, 0xae, 0xd7, 0xae, 0xd7, 0xae, 0xd7, 0xae, 0xd7, 0xae, 0xd7, 0xae, 0xd7, 0xae, 0xd7, 0xae,
        0xd7, 0xae, 0xd7, 0xae, 0xd7, 0xae, 0xd7, 0xae, 0xd7, 0xae, 0xd7, 0xae, 0xd7, 0xae, 0xd7, 0xae, 0xd7, 0xae, 0xd7, 0xae,
        0xd7, 0xae, 0xd7, 0xae, 0xd7, 0xae, 0xd7, 0xae, 0xd7, 0xae, 0xd7, 0xae, 0xd7, 0xae, 0xd7, 0xae, 0xd7, 0xae, 0xd7, 0xae,
        0xd7, 0xae, 0xd7, 0xae, 0xd7, 0xae, 0xd7, 0xae, 0xd7, 0xae, 0xd7, 0xae, 0xd7, 0xae, 0xd7, 0xae, 0xd7, 0xae, 0xd7, 0xae,
        0xd7, 0xae, 0xd7, 0xae, 0xd7, 0xae, 0xd7, 0xae, 0xd7, 0xae, 0xd7, 0xae, 0xd7, 0xae, 0xd7, 0xae, 0xd7, 0xae, 0xd7, 0xae,
        0xd7, 0xae, 0xd7, 0xae, 0xd7, 0xae, 0xd7, 0xae, 0xd7, 0xae, 0xd7, 0xae, 0xd7, 0xae, 0xd7, 0xae, 0xd7, 0xae, 0xd7, 0xae,
        0xd7, 0xae, 0xd7, 0xae, 0xd7, 0xae, 0xd7, 0xae, 0xd7, 0xae, 0xd7, 0xae, 0xd7, 0xae, 0xd7, 0xae, 0xd7, 0xae, 0xd7, 0xae,
        0xd7, 0xae, 0xd7, 0xae, 0xd7, 0xae, 0xd7, 0xae, 0xd7, 0xae, 0xd7, 0xae, 0xd7, 0xae, 0xd7, 0xae, 0xd7, 0xae, 0xd7, 0xae,
        0xd7, 0xae, 0xf7, 0xae, 0xd7, 0xae, 0xd7, 0xae, 0xf8, 0xae, 0xf4, 0x95, 0x11, 0x7d, 0x11, 0x7d, 0x31, 0x7d, 0x31, 0x7d,
        0x51, 0x85, 0x52, 0x85, 0x72, 0x8d, 0x93, 0x8d, 0x6f, 0x74, 0x20, 0x00, 0x00, 0x00, 0x41, 0x00, 0x25, 0x21, 0x25, 0x19,
        0x46, 0x21, 0x09, 0x3a, 0x2a, 0x3a, 0x2a, 0x3a, 0x4a, 0x42, 0x8b, 0x4a, 0x6a, 0x42, 0x6a, 0x42, 0x6a, 0x42, 0x4a, 0x42,
        0x4a, 0x42, 0x4a, 0x42, 0xac, 0x4a, 0xcc, 0x52, 0xcc, 0x52, 0xac, 0x4a, 0x6a, 0x42, 0x4a, 0x42, 0x4a, 0x42, 0x4a, 0x42,
        0x4a, 0x42, 0x4a, 0x42, 0x4a, 0x42, 0x4a, 0x42, 0x4a, 0x42, 0x4a, 0x42, 0x4a, 0x42, 0x2a, 0x3a, 0x29, 0x3a, 0x29, 0x3a,
        0x29, 0x3a, 0x29, 0x3a, 0x4a, 0x42, 0x4a, 0x42, 0x6a, 0x42, 0x6a, 0x42, 0x4a, 0x42, 0x4a, 0x42, 0xc8, 0x31, 0x87, 0x29,
        0x87, 0x21, 0x67, 0x21, 0x67, 0x21, 0x67, 0x21, 0x67, 0x21, 0xc8, 0x29, 0x6a, 0x42, 0x4a, 0x42, 0x6e, 0x6b, 0xf1, 0x83,
        0xb0, 0x73, 0x99, 0xd6, 0xdd, 0xff, 0x9c, 0xff, 0x9c, 0xff, 0x9c, 0xff, 0x9c, 0xff, 0x9c, 0xff, 0x9c, 0xff, 0x9c, 0xff,
        0x9c, 0xff, 0xbc, 0xff, 0xbc, 0xff, 0xbc, 0xff, 0xbc, 0xff, 0x9c, 0xff, 0xdc, 0xff, 0x34, 0xad, 0xaf, 0x73, 0xf0, 0x83,
        0x11, 0x84, 0xed, 0x5a, 0x6b, 0x42, 0x8b, 0x4a, 0x6b, 0x42, 0x6a, 0x42, 0xa8, 0x29, 0x67, 0x21, 0x67, 0x21, 0x67, 0x21,
        0x67, 0x21, 0x87, 0x21, 0x87, 0x21, 0xe9, 0x31, 0x4a, 0x42, 0x2a, 0x3a, 0x4a, 0x3a, 0x4a, 0x42, 0x2a, 0x3a, 0x29, 0x3a,
        0x29, 0x3a, 0x29, 0x3a, 0x29, 0x3a, 0x29, 0x3a, 0x29, 0x3a, 0x29, 0x3a, 0x29, 0x3a, 0x29, 0x3a, 0x29, 0x3a, 0x29, 0x3a,
        0x29, 0x3a, 0x29, 0x3a, 0x29, 0x3a, 0x29, 0x3a, 0x49, 0x42, 0x4a, 0x42, 0x4a, 0x42, 0x4a, 0x42, 0x6a, 0x42, 0x8b, 0x4a,
        0x8b, 0x4a, 0x8b, 0x4a, 0x6b, 0x4a, 0x6a, 0x4a, 0x4a, 0x42, 0x2f, 0x53, 0xd3, 0x5b, 0xf3, 0x63, 0x91, 0x5b, 0x49, 0x42,
        0x6a, 0x4a, 0x29, 0x4a, 0x55, 0x3c, 0x7f, 0x36, 0x5f, 0x36, 0x5b, 0x35, 0x29, 0x42, 0x49, 0x42, 0x4a, 0x42, 0x4a, 0x3a,
        0x29, 0x3a, 0x29, 0x3a, 0x29, 0x3a, 0x29, 0x3a, 0x4a, 0x3a, 0x4a, 0x3a, 0x49, 0x3a, 0x29, 0x3a, 0x29, 0x3a, 0x29, 0x3a,
        0xe8, 0x31, 0xe8, 0x31, 0xe8, 0x31, 0xe8, 0x31, 0x05, 0x19, 0xe4, 0x10, 0x05, 0x11, 0x62, 0x08, 0x40, 0x08, 0x40, 0x08,
        0x41, 0x08, 0x41, 0x00, 0x21, 0x00, 0x20, 0x00, 0x00, 0x00, 0x00, 0x00, 0x00, 0x00, 0xe2, 0x10, 0xd3, 0x8d, 0xf7, 0xae,
        0xd7, 0xae, 0xd7, 0xae, 0xd7, 0xae, 0xd7, 0xae, 0xd7, 0xae, 0xd7, 0xae, 0xd7, 0xae, 0xd7, 0xae, 0xd7, 0xae, 0xd7, 0xae,
        0xd7, 0xae, 0xd7, 0xae, 0xd7, 0xae, 0xd7, 0xae, 0xd7, 0xae, 0xd7, 0xae, 0xd7, 0xae, 0xd7, 0xae, 0xd7, 0xae, 0xd7, 0xae,
        0xd7, 0xae, 0xd7, 0xae, 0xd7, 0xae, 0xd7, 0xae, 0xd7, 0xae, 0xd7, 0xae, 0xd7, 0xae, 0xd7, 0xae, 0xd7, 0xae, 0xd7, 0xae,
        0xd7, 0xae, 0xd7, 0xae, 0xd7, 0xae, 0xd7, 0xae, 0xd7, 0xae, 0xd7, 0xae, 0xd7, 0xae, 0xd7, 0xae, 0xd7, 0xae, 0xd7, 0xae,
        0xd7, 0xae, 0xd7, 0xae, 0xd7, 0xae, 0xd7, 0xae, 0xd7, 0xae, 0xd7, 0xae, 0xd7, 0xae, 0xd7, 0xae, 0xd7, 0xae, 0xd7, 0xae,
        0xd7, 0xae, 0xd7, 0xae, 0xd7, 0xae, 0xd7, 0xae, 0xd7, 0xae, 0xd7, 0xae, 0xd7, 0xae, 0xd7, 0xae, 0xd7, 0xae, 0xd7, 0xae,
        0xd7, 0xae, 0xd7, 0xae, 0xd7, 0xae, 0xd7, 0xae, 0xd7, 0xae, 0xd7, 0xae, 0xd7, 0xae, 0xd7, 0xae, 0xd7, 0xae, 0xd7, 0xae,
        0xd7, 0xae, 0xd7, 0xae, 0xd7, 0xae, 0xd7, 0xae, 0xd7, 0xae, 0xd7, 0xae, 0xd7, 0xae, 0xd7, 0xae, 0xd7, 0xae, 0xd7, 0xae,
        0xd7, 0xae, 0xd7, 0xae, 0xd7, 0xae, 0xd7, 0xae, 0xd7, 0xae, 0xd7, 0xae, 0xd7, 0xae, 0xd7, 0xae, 0xd7, 0xae, 0xd7, 0xae,
        0xd7, 0xae, 0xd7, 0xae, 0xd7, 0xae, 0xd7, 0xae, 0xd7, 0xae, 0xd7, 0xae, 0xd7, 0xae, 0xd7, 0xae, 0xd7, 0xae, 0xd7, 0xae,
        0xd7, 0xae, 0xd7, 0xae, 0xd7, 0xae, 0xd7, 0xae, 0xd7, 0xae, 0xd7, 0xae, 0xd7, 0xae, 0xd7, 0xae, 0xd7, 0xae, 0xd7, 0xae,
        0xd7, 0xae, 0xd7, 0xae, 0xd7, 0xae, 0xd7, 0xae, 0xd7, 0xae, 0xd7, 0xae, 0xd7, 0xae, 0xd7, 0xae, 0xd7, 0xae, 0xd7, 0xae,
        0xd7, 0xae, 0xd7, 0xae, 0xd7, 0xae, 0xd7, 0xae, 0xd7, 0xae, 0xd7, 0xae, 0xd7, 0xae, 0xd7, 0xae, 0xd7, 0xae, 0xd7, 0xae,
        0xd7, 0xae, 0xd7, 0xae, 0xd7, 0xae, 0xd7, 0xae, 0xd7, 0xae, 0xd7, 0xae, 0xd7, 0xae, 0xd7, 0xae, 0xd7, 0xae, 0xd7, 0xae,
        0xd7, 0xae, 0xd7, 0xae, 0xd7, 0xae, 0xf7, 0xae, 0xf7, 0xae, 0x18, 0xaf, 0x38, 0xaf, 0x18, 0xaf, 0x38, 0xaf, 0x38, 0xaf,
        0x38, 0xb7, 0x39, 0xb7, 0x39, 0xbf, 0x5a, 0xbf, 0xd4, 0x95, 0x20, 0x00, 0x00, 0x00, 0x62, 0x08, 0xa8, 0x29, 0x87, 0x29,
        0xa8, 0x29, 0x29, 0x3a, 0x4a, 0x42, 0x6a, 0x42, 0x6a, 0x42, 0x6a, 0x42, 0x6a, 0x42, 0x6a, 0x42, 0x6a, 0x42, 0x6a, 0x42,
        0x6a, 0x42, 0x6a, 0x42, 0xac, 0x4a, 0xcc, 0x52, 0xcc, 0x52, 0xab, 0x4a, 0x4a, 0x42, 0x4a, 0x42, 0x4a, 0x42, 0x4a, 0x42,
        0x4a, 0x42, 0x4a, 0x42, 0x4a, 0x42, 0x4a, 0x42, 0x4a, 0x42, 0x4a, 0x42, 0x4a, 0x42, 0x29, 0x3a, 0x29, 0x3a, 0x29, 0x3a,
        0x29, 0x3a, 0x29, 0x3a, 0x4a, 0x42, 0x4a, 0x42, 0x6a, 0x42, 0x6a, 0x42, 0x6b, 0x42, 0x8b, 0x4a, 0xe9, 0x31, 0x67, 0x21,
        0x67, 0x21, 0x67, 0x21, 0x67, 0x21, 0x67, 0x21, 0x67, 0x21, 0xc8, 0x29, 0x6a, 0x42, 0x4a, 0x42, 0x8f, 0x6b, 0x11, 0x84,
        0xd0, 0x73, 0x99, 0xd6, 0xdd, 0xff, 0x9c, 0xff, 0x9c, 0xff, 0x9c, 0xff, 0x9c, 0xff, 0x9c, 0xff, 0x9c, 0xff, 0x9c, 0xff,
        0x9c, 0xff, 0x9c, 0xff, 0xbc, 0xff, 0xbc, 0xff, 0xbc, 0xff, 0x9c, 0xff, 0xdc, 0xff, 0x54, 0xad, 0xcf, 0x7b, 0x11, 0x84,
        0x11, 0x84, 0xec, 0x52, 0x6a, 0x42, 0x6b, 0x42, 0x6a, 0x42, 0x4a, 0x42, 0xa8, 0x29, 0x67, 0x21, 0x67, 0x21, 0x67, 0x21,
        0x67, 0x21, 0x67, 0x21, 0x87, 0x21, 0x09, 0x3a, 0x6a, 0x42, 0x4a, 0x42, 0x4a, 0x42, 0x4a, 0x42, 0x4a, 0x42, 0x2a, 0x3a,
        0x29, 0x3a, 0x29, 0x3a, 0x29, 0x3a, 0x29, 0x3a, 0x29, 0x3a, 0x29, 0x3a, 0x4a, 0x3a, 0x29, 0x3a, 0x29, 0x3a, 0x29, 0x3a,
        0x29, 0x3a, 0x29, 0x3a, 0x29, 0x3a, 0x49, 0x3a, 0x4a, 0x42, 0x4a, 0x42, 0x4a, 0x42, 0x4a, 0x42, 0x6a, 0x42, 0x8b, 0x4a,
        0x6b, 0x4a, 0x6b, 0x4a, 0x6b, 0x42, 0x6a, 0x42, 0x4a, 0x42, 0x4f, 0x53, 0xf3, 0x63, 0x14, 0x64, 0xd2, 0x5b, 0x8a, 0x4a,
        0x8a, 0x4a, 0x49, 0x4a, 0x55, 0x44, 0x5f, 0x36, 0x1f, 0x36, 0x5a, 0x35, 0x2a, 0x42, 0x4a, 0x42, 0x4a, 0x3a, 0x2a, 0x3a,
        0x29, 0x3a, 0x29, 0x3a, 0x29, 0x3a, 0x29, 0x3a, 0x29, 0x3a, 0x29, 0x3a, 0x29, 0x3a, 0x49, 0x3a, 0x29, 0x3a, 0x29, 0x3a,
        0x49, 0x42, 0x49, 0x42, 0x4a, 0x42, 0x6a, 0x42, 0x87, 0x21, 0x47, 0x21, 0x46, 0x19, 0x41, 0x00, 0x00, 0x00, 0x00, 0x00,
        0x00, 0x00, 0x00, 0x00, 0x00, 0x00, 0x00, 0x00, 0x00, 0x00, 0x00, 0x00, 0x00, 0x00, 0x44, 0x19, 0xb7, 0xa6, 0xb7, 0xa6,
        0xd7, 0xa6, 0xd7, 0xae, 0xd7, 0xae, 0xd8, 0xae, 0xd7, 0xae, 0xd7, 0xae, 0xd7, 0xae, 0xd7, 0xae, 0xd7, 0xae, 0xd7, 0xae,
        0xd7, 0xae, 0xd7, 0xae, 0xd7, 0xae, 0xd7, 0xae, 0xd7, 0xae, 0xd7, 0xae, 0xd7, 0xae, 0xd7, 0xae, 0xd7, 0xae, 0xd7, 0xae,
        0xd7, 0xae, 0xd7, 0xae, 0xd7, 0xae, 0xd7, 0xae, 0xd7, 0xae, 0xd7, 0xae, 0xd7, 0xae, 0xd7, 0xae, 0xd7, 0xae, 0xd7, 0xae,
        0xd7, 0xae, 0xd7, 0xae, 0xd7, 0xae, 0xd7, 0xae, 0xd7, 0xae, 0xd7, 0xae, 0xd7, 0xae, 0xd7, 0xae, 0xd7, 0xae, 0xd7, 0xae,
        0xd7, 0xae, 0xd7, 0xae, 0xd7, 0xae, 0xd7, 0xae, 0xd7, 0xae, 0xd7, 0xae, 0xd7, 0xae, 0xd7, 0xae, 0xd7, 0xae, 0xd7, 0xae,
        0xd7, 0xae, 0xd7, 0xae, 0xd7, 0xae, 0xd7, 0xae, 0xd7, 0xae, 0xd7, 0xae, 0xd7, 0xae, 0xd7, 0xae, 0xd7, 0xae, 0xd7, 0xae,
        0xd7, 0xae, 0xd7, 0xae, 0xd7, 0xae, 0xd7, 0xae, 0xd7, 0xae, 0xd7, 0xae, 0xd7, 0xae, 0xd7, 0xae, 0xd7, 0xae, 0xd7, 0xae,
        0xd7, 0xae, 0xd7, 0xae, 0xd7, 0xae, 0xd7, 0xae, 0xd7, 0xae, 0xd7, 0xae, 0xd7, 0xae, 0xd7, 0xae, 0xd7, 0xae, 0xd7, 0xae,
        0xd7, 0xae, 0xd7, 0xae, 0xd7, 0xae, 0xd7, 0xae, 0xd7, 0xae, 0xd7, 0xae, 0xd7, 0xae, 0xd7, 0xae, 0xd7, 0xae, 0xd7, 0xae,
        0xd7, 0xae, 0xd7, 0xae, 0xd7, 0xae, 0xd7, 0xae, 0xd7, 0xae, 0xd7, 0xae, 0xd7, 0xae, 0xd7, 0xae, 0xd7, 0xae, 0xd7, 0xae,
        0xd7, 0xae, 0xd7, 0xae, 0xd7, 0xae, 0xd7, 0xae, 0xd7, 0xae, 0xd7, 0xae, 0xd7, 0xae, 0xd7, 0xae, 0xd7, 0xae, 0xd7, 0xae,
        0xd7, 0xae, 0xd7, 0xae, 0xd7, 0xae, 0xd7, 0xae, 0xd7, 0xae, 0xd7, 0xae, 0xd7, 0xae, 0xd7, 0xae, 0xd7, 0xae, 0xd7, 0xae,
        0xd7, 0xae, 0xd7, 0xae, 0xd7, 0xae, 0xd7, 0xae, 0xd7, 0xae, 0xd7, 0xae, 0xd7, 0xae, 0xd7, 0xae, 0xd7, 0xae, 0xd7, 0xae,
        0xd7, 0xae, 0xd7, 0xae, 0xd7, 0xae, 0xd7, 0xae, 0xd7, 0xae, 0xd7, 0xae, 0xd7, 0xae, 0xd7, 0xae, 0xd7, 0xae, 0xd7, 0xae,
        0xd7, 0xae, 0xd7, 0xae, 0xd7, 0xae, 0xf7, 0xae, 0xf7, 0xae, 0xf7, 0xae, 0xf7, 0xae, 0xf7, 0xae, 0xd7, 0xa6, 0xd7, 0xae,
        0xf7, 0xae, 0xf7, 0xae, 0xf8, 0xb6, 0x19, 0xbf, 0x94, 0x95, 0x20, 0x00, 0x00, 0x00, 0x61, 0x08, 0xc8, 0x31, 0xa8, 0x29,
        0xa7, 0x29, 0x29, 0x3a, 0x2a, 0x3a, 0x4a, 0x42, 0x4a, 0x42, 0x4a, 0x42, 0x6a, 0x42, 0x6a, 0x42, 0x6a, 0x42, 0x6a, 0x42,
        0x6a, 0x42, 0x6a, 0x42, 0xab, 0x4a, 0xac, 0x4a, 0xac, 0x4a, 0x8b, 0x4a, 0x4a, 0x42, 0x4a, 0x42, 0x4a, 0x42, 0x4a, 0x42,
        0x4a, 0x42, 0x4a, 0x42, 0x6a, 0x42, 0x6a, 0x42, 0x6a, 0x42, 0x6a, 0x42, 0x49, 0x42, 0x29, 0x3a, 0x09, 0x3a, 0x09, 0x3a,
        0x09, 0x3a, 0x29, 0x3a, 0x4a, 0x42, 0x4a, 0x42, 0x6a, 0x42, 0x6a, 0x42, 0x6a, 0x42, 0x8b, 0x4a, 0xc8, 0x31, 0x47, 0x21,
        0x67, 0x21, 0x67, 0x21, 0x67, 0x21, 0x67, 0x21, 0x47, 0x21, 0xa8, 0x29, 0x6a, 0x42, 0x6a, 0x42, 0xaf, 0x73, 0x11, 0x84,
        0xb0, 0x73, 0x99, 0xd6, 0xdd, 0xff, 0x9c, 0xff, 0x9c, 0xff, 0x9c, 0xff, 0x9c, 0xff, 0x9c, 0xff, 0x9c, 0xff, 0x9c, 0xff,
        0x9c, 0xff, 0xbc, 0xff, 0x9c, 0xff, 0xbc, 0xff, 0xbc, 0xff, 0x9c, 0xff, 0xdd, 0xff, 0x75, 0xad, 0xd0, 0x7b, 0x11, 0x84,
        0x10, 0x84, 0xcc, 0x52, 0x4a, 0x42, 0x6a, 0x42, 0x4a, 0x42, 0x6a, 0x42, 0xa8, 0x29, 0x67, 0x21, 0x67, 0x21, 0x67, 0x21,
        0x67, 0x21, 0x67, 0x21, 0x67, 0x21, 0xe9, 0x31, 0x2a, 0x42, 0x4a, 0x42, 0x4a, 0x42, 0x6a, 0x42, 0x4a, 0x42, 0x4a, 0x42,
        0x29, 0x3a, 0x09, 0x3a, 0x09, 0x3a, 0x09, 0x3a, 0x09, 0x3a, 0x09, 0x3a, 0x29, 0x3a, 0x29, 0x3a, 0x29, 0x3a, 0x29, 0x3a,
        0x29, 0x3a, 0x29, 0x3a, 0x49, 0x3a, 0x4a, 0x42, 0x4a, 0x42, 0x4a, 0x42, 0x4a, 0x42, 0x49, 0x3a, 0x4a, 0x42, 0x6a, 0x42,
        0x6b, 0x42, 0x6a, 0x42, 0x6a, 0x42, 0x6a, 0x42, 0x4a, 0x42, 0x50, 0x5b, 0x14, 0x64, 0x34, 0x64, 0xd2, 0x63, 0x8b, 0x4a,
        0x8b, 0x4a, 0x4a, 0x4a, 0x75, 0x44, 0x5f, 0x36, 0x3f, 0x36, 0x5a, 0x35, 0x29, 0x3a, 0x29, 0x3a, 0x29, 0x3a, 0x29, 0x3a,
        0x29, 0x3a, 0x29, 0x3a, 0x29, 0x3a, 0x29, 0x3a, 0x29, 0x3a, 0x29, 0x3a, 0x2a, 0x42, 0x49, 0x42, 0x4a, 0x42, 0x4a, 0x42,
        0x4a, 0x42, 0x4a, 0x42, 0x4a, 0x42, 0x4a, 0x42, 0x66, 0x21, 0x26, 0x19, 0x26, 0x19, 0x21, 0x00, 0x00, 0x00, 0x00, 0x00,
        0x00, 0x00, 0x00, 0x00, 0x00, 0x00, 0x00, 0x00, 0x00, 0x00, 0x00, 0x00, 0x00, 0x00, 0x44, 0x21, 0xd8, 0xae, 0xf8, 0xae,
        0xf8, 0xb6, 0x18, 0xb7, 0x18, 0xb7, 0xf8, 0xae, 0xd7, 0xae, 0xd7, 0xae, 0xd7, 0xae, 0xd7, 0xae, 0xd7, 0xae, 0xd7, 0xae,
        0xd7, 0xae, 0xd7, 0xae, 0xd7, 0xae, 0xd7, 0xae, 0xd7, 0xae, 0xd7, 0xae, 0xd7, 0xae, 0xd7, 0xae, 0xd7, 0xae, 0xd7, 0xae,
        0xd7, 0xae, 0xd7, 0xae, 0xd7, 0xae, 0xd7, 0xae, 0xd7, 0xae, 0xd7, 0xae, 0xd7, 0xae, 0xd7, 0xae, 0xd7, 0xae, 0xd7, 0xae,
        0xd7, 0xae, 0xd7, 0xae, 0xd7, 0xae, 0xd7, 0xae, 0xd7, 0xae, 0xd7, 0xae, 0xd7, 0xae, 0xd7, 0xae, 0xd7, 0xae, 0xd7, 0xae,
        0xd7, 0xae, 0xd7, 0xae, 0xd7, 0xae, 0xd7, 0xae, 0xd7, 0xae, 0xd7, 0xae, 0xd7, 0xae, 0xd7, 0xae, 0xd7, 0xae, 0xd7, 0xae,
        0xd7, 0xae, 0xd7, 0xae, 0xd7, 0xae, 0xd7, 0xae, 0xd7, 0xae, 0xd7, 0xae, 0xd7, 0xae, 0xd7, 0xae, 0xd7, 0xae, 0xd7, 0xae,
        0xd7, 0xae, 0xd7, 0xae, 0xd7, 0xae, 0xd7, 0xae, 0xd7, 0xae, 0xf7, 0xae, 0xd7, 0xae, 0xd7, 0xae, 0xd7, 0xae, 0xd7, 0xae,
        0xd7, 0xae, 0xd7, 0xae, 0xd7, 0xae, 0xd7, 0xae, 0xd7, 0xae, 0xd7, 0xae, 0xd7, 0xae, 0xd7, 0xae, 0xd7, 0xae, 0xd7, 0xae,
        0xd7, 0xae, 0xd7, 0xae, 0xd7, 0xae, 0xd7, 0xae, 0xd7, 0xae, 0xd7, 0xae, 0xd7, 0xae, 0xd7, 0xae, 0xd7, 0xae, 0xd7, 0xae,
        0xd7, 0xae, 0xd7, 0xae, 0xd7, 0xae, 0xd7, 0xae, 0xd7, 0xae, 0xd7, 0xae, 0xd7, 0xae, 0xd7, 0xae, 0xd7, 0xae, 0xd7, 0xae,
        0xd7, 0xae, 0xd7, 0xae, 0xd7, 0xae, 0xd7, 0xae, 0xd7, 0xae, 0xd7, 0xae, 0xd7, 0xae, 0xd7, 0xae, 0xd7, 0xae, 0xd7, 0xae,
        0xd7, 0xae, 0xd7, 0xae, 0xd7, 0xae, 0xd7, 0xae, 0xd7, 0xae, 0xd7, 0xae, 0xd7, 0xae, 0xd7, 0xae, 0xd7, 0xae, 0xd7, 0xae,
        0xd7, 0xae, 0xd7, 0xae, 0xd7, 0xae, 0xd7, 0xae, 0xd7, 0xae, 0xd7, 0xae, 0xd7, 0xae, 0xd7, 0xae, 0xd7, 0xae, 0xd7, 0xae,
        0xd7, 0xae, 0xd7, 0xae, 0xd7, 0xae, 0xd7, 0xae, 0xd7, 0xae, 0xd7, 0xae, 0xd7, 0xae, 0xd7, 0xae, 0xd7, 0xae, 0xd7, 0xae,
        0xd7, 0xae, 0xd7, 0xae, 0xd7, 0xae, 0xd7, 0xae, 0xf7, 0xae, 0xf7, 0xae, 0xf7, 0xae, 0xf7, 0xae, 0xd7, 0xae, 0xd7, 0xae,
        0x38, 0xb7, 0x6f, 0x6c, 0x44, 0x21, 0xa5, 0x29, 0x85, 0x29, 0xa6, 0x29, 0x66, 0x29, 0xa7, 0x29, 0x2a, 0x3a, 0x29, 0x3a,
        0x09, 0x3a, 0x29, 0x3a, 0x2a, 0x3a, 0x4a, 0x42, 0xe9, 0x31, 0xa8, 0x29, 0xc8, 0x31, 0xe8, 0x31, 0x4a, 0x42, 0x6a, 0x42,
        0x6a, 0x42, 0x6a, 0x42, 0x6a, 0x42, 0x6a, 0x42, 0x6a, 0x42, 0x6a, 0x42, 0x4a, 0x42, 0x4a, 0x42, 0x4a, 0x42, 0x4a, 0x42,
        0x4a, 0x42, 0x4a, 0x42, 0x6a, 0x42, 0x6a, 0x42, 0x25, 0x21, 0xa3, 0x10, 0xa2, 0x10, 0x62, 0x08, 0x62, 0x08, 0x62, 0x08,
        0x62, 0x08, 0x62, 0x08, 0x82, 0x10, 0xa2, 0x10, 0xa2, 0x10, 0xa2, 0x10, 0xa2, 0x10, 0xa3, 0x10, 0x67, 0x29, 0x88, 0x29,
        0x67, 0x21, 0x67, 0x21, 0x67, 0x21, 0x67, 0x21, 0x47, 0x21, 0xa8, 0x29, 0x4a, 0x42, 0x6a, 0x42, 0xcc, 0x52, 0xaf, 0x73,
        0xb0, 0x73, 0x78, 0xd6, 0xdd, 0xff, 0x9c, 0xff, 0x9c, 0xff, 0x9c, 0xff, 0x9c, 0xff, 0x9c, 0xff, 0x9c, 0xff, 0xbc, 0xff,
        0xbc, 0xff, 0x9c, 0xff, 0x9c, 0xff, 0x9c, 0xff, 0x9c, 0xff, 0xbc, 0xff, 0xfd, 0xff, 0x55, 0xad, 0x8f, 0x6b, 0xaf, 0x73,
        0xaf, 0x73, 0x8b, 0x4a, 0x4a, 0x42, 0x6a, 0x42, 0x6a, 0x42, 0x6a, 0x42, 0xc8, 0x29, 0x67, 0x21, 0x67, 0x21, 0x67, 0x29,
        0x67, 0x21, 0x67, 0x21, 0x67, 0x21, 0x87, 0x21, 0x46, 0x21, 0x82, 0x10, 0xa3, 0x10, 0xa3, 0x10, 0xa3, 0x10, 0xa2, 0x10,
        0x82, 0x10, 0x62, 0x08, 0x61, 0x08, 0x61, 0x08, 0x61, 0x08, 0x62, 0x08, 0x82, 0x08, 0x82, 0x10, 0x86, 0x29, 0x4a, 0x42,
        0x2a, 0x42, 0x29, 0x3a, 0x4a, 0x42, 0x4a, 0x42, 0x4a, 0x42, 0x49, 0x42, 0x29, 0x3a, 0x29, 0x3a, 0x29, 0x3a, 0x4a, 0x42,
        0x4a, 0x42, 0x4a, 0x42, 0x4a, 0x42, 0x6a, 0x42, 0x4a, 0x42, 0x70, 0x5b, 0x34, 0x6c, 0x34, 0x6c, 0xd2, 0x63, 0x8a, 0x4a,
        0x8b, 0x4a, 0x4a, 0x4a, 0x95, 0x44, 0x5f, 0x36, 0x1f, 0x36, 0x3a, 0x35, 0x09, 0x3a, 0x29, 0x3a, 0x29, 0x3a, 0x29, 0x3a,
        0x29, 0x3a, 0x29, 0x3a, 0x29, 0x3a, 0x09, 0x32, 0xa7, 0x29, 0xa7, 0x29, 0xc8, 0x31, 0x2a, 0x3a, 0x49, 0x3a, 0x29, 0x3a,
        0x29, 0x3a, 0x4a, 0x42, 0x4a, 0x42, 0x4a, 0x42, 0x09, 0x3a, 0x09, 0x3a, 0xe9, 0x31, 0x25, 0x21, 0xe4, 0x10, 0xc3, 0x10,
        0x82, 0x08, 0x82, 0x08, 0x82, 0x08, 0x82, 0x08, 0xc4, 0x10, 0xe4, 0x10, 0xe4, 0x10, 0xe3, 0x10, 0xc6, 0x29, 0xe6, 0x29,
        0xe7, 0x31, 0xc6, 0x29, 0x0a, 0x4b, 0xd7, 0xae, 0xd7, 0xae, 0xd7, 0xae, 0xd7, 0xae, 0xd7, 0xae, 0xd7, 0xae, 0xd7, 0xae,
        0xd7, 0xae, 0xd7, 0xae, 0xd7, 0xae, 0xd7, 0xae, 0xd7, 0xae, 0xd7, 0xae, 0xd7, 0xae, 0xd7, 0xae, 0xd7, 0xae, 0xd7, 0xae,
        0xd7, 0xae, 0xd7, 0xae, 0xd7, 0xae, 0xd7, 0xae, 0xd7, 0xae, 0xd7, 0xae, 0xd7, 0xae, 0xd7, 0xae, 0xd7, 0xae, 0xd7, 0xae,
        0xd7, 0xae, 0xd7, 0xae, 0xd7, 0xae, 0xd7, 0xae, 0xd7, 0xae, 0xd7, 0xae, 0xd7, 0xae, 0xd7, 0xae, 0xd7, 0xae, 0xd7, 0xae,
        0xd7, 0xae, 0xd7, 0xae, 0xd7, 0xae, 0xd7, 0xae, 0xd7, 0xae, 0xd7, 0xae, 0xd7, 0xae, 0xd7, 0xae, 0xd7, 0xae, 0xd7, 0xae,
        0xd7, 0xae, 0xd7, 0xae, 0xd7, 0xae, 0xd7, 0xae, 0xd7, 0xae, 0xd7, 0xae, 0xd7, 0xae, 0xd7, 0xae, 0xd7, 0xae, 0xd7, 0xae,
        0xf7, 0xae, 0xd7, 0xae, 0xd7, 0xae, 0xd7, 0xae, 0xd7, 0xae, 0xd7, 0xae, 0xf7, 0xae, 0xd7, 0xae, 0xd7, 0xae, 0xd7, 0xae,
        0xd7, 0xae, 0xd7, 0xae, 0xd7, 0xae, 0xd7, 0xae, 0xd7, 0xae, 0xd7, 0xae, 0xd7, 0xae, 0xd7, 0xae, 0xd7, 0xae, 0xd7, 0xae,
        0xd7, 0xae, 0xd7, 0xae, 0xd7, 0xae, 0xd7, 0xae, 0xd7, 0xae, 0xd7, 0xae, 0xd7, 0xae, 0xd7, 0xae, 0xd7, 0xae, 0xd7, 0xae,
        0xd7, 0xae, 0xd7, 0xae, 0xd7, 0xae, 0xd7, 0xae, 0xd7, 0xae, 0xd7, 0xae, 0xd7, 0xae, 0xd7, 0xae, 0xd7, 0xae, 0xd7, 0xae,
        0xd7, 0xae, 0xd7, 0xae, 0xd7, 0xae, 0xd7, 0xae, 0xd7, 0xae, 0xd7, 0xae, 0xd7, 0xae, 0xd7, 0xae, 0xd7, 0xae, 0xd7, 0xae,
        0xd7, 0xae, 0xd7, 0xae, 0xd7, 0xae, 0xd7, 0xae, 0xd7, 0xae, 0xd7, 0xae, 0xd7, 0xae, 0xd7, 0xae, 0xd7, 0xae, 0xd7, 0xae,
        0xd7, 0xae, 0xd7, 0xae, 0xd7, 0xae, 0xd7, 0xae, 0xd7, 0xae, 0xd7, 0xae, 0xd7, 0xae, 0xd7, 0xae, 0xd7, 0xae, 0xd7, 0xae,
        0xd7, 0xae, 0xd7, 0xae, 0xd7, 0xae, 0xd7, 0xae, 0xd7, 0xae, 0xd7, 0xae, 0xd7, 0xae, 0xd7, 0xae, 0xd7, 0xae, 0xd7, 0xae,
        0xd7, 0xae, 0xd7, 0xae, 0xd7, 0xae, 0xd7, 0xae, 0xd7, 0xae, 0xd7, 0xae, 0xd7, 0xae, 0xf7, 0xae, 0xf7, 0xae, 0xf7, 0xae,
        0x59, 0xbf, 0xcc, 0x5b, 0x00, 0x00, 0x00, 0x00, 0x41, 0x00, 0x6a, 0x42, 0x8b, 0x42, 0x8b, 0x42, 0x6a, 0x42, 0x4a, 0x42,
        0x4a, 0x42, 0x4a, 0x42, 0x4a, 0x42, 0x4a, 0x42, 0xc8, 0x31, 0x67, 0x21, 0x87, 0x21, 0x87, 0x29, 0x2a, 0x42, 0x6a, 0x42,
        0x6a, 0x42, 0x6a, 0x42, 0x4a, 0x42, 0x6a, 0x42, 0x6a, 0x42, 0x4a, 0x42, 0x4a, 0x42, 0x4a, 0x42, 0x4a, 0x42, 0x4a, 0x42,
        0x4a, 0x3a, 0x4a, 0x3a, 0x4a, 0x42, 0x6a, 0x42, 0xa3, 0x10, 0x00, 0x00, 0x00, 0x00, 0x00, 0x00, 0x00, 0x00, 0x00, 0x00,
        0x00, 0x00, 0x00, 0x00, 0x00, 0x00, 0x00, 0x00, 0x00, 0x00, 0x00, 0x00, 0x00, 0x00, 0x00, 0x00, 0x66, 0x21, 0xa8, 0x29,
        0x67, 0x21, 0x67, 0x21, 0x67, 0x21, 0x67, 0x21, 0x67, 0x21, 0xc8, 0x31, 0x6a, 0x42, 0x6a, 0x42, 0x6a, 0x42, 0x6e, 0x6b,
        0x8f, 0x73, 0x78, 0xd6, 0xdd, 0xff, 0x9c, 0xff, 0x9c, 0xff, 0x9c, 0xff, 0x9c, 0xff, 0x9c, 0xff, 0x9c, 0xff, 0xbc, 0xff,
        0x9c, 0xff, 0x9c, 0xff, 0x9c, 0xff, 0xbc, 0xff, 0xbc, 0xff, 0xbd, 0xff, 0xfe, 0xff, 0x14, 0xa5, 0x0d, 0x5b, 0x2d, 0x63,
        0x0d, 0x5b, 0x8b, 0x4a, 0x4a, 0x42, 0x6a, 0x42, 0x6a, 0x42, 0x6a, 0x42, 0xc8, 0x31, 0x87, 0x29, 0x87, 0x29, 0x87, 0x29,
        0x67, 0x29, 0x67, 0x21, 0x67, 0x21, 0x67, 0x21, 0x05, 0x19, 0x00, 0x00, 0x00, 0x00, 0x00, 0x00, 0x00, 0x00, 0x00, 0x00,
        0x00, 0x00, 0x00, 0x00, 0x00, 0x00, 0x00, 0x00, 0x00, 0x00, 0x00, 0x00, 0x00, 0x00, 0x00, 0x00, 0x45, 0x21, 0x6a, 0x42,
        0x4a, 0x42, 0x4a, 0x42, 0x4a, 0x42, 0x4a, 0x42, 0x4a, 0x3a, 0x49, 0x3a, 0x2a, 0x3a, 0x29, 0x3a, 0x29, 0x3a, 0x2a, 0x3a,
        0x2a, 0x3a, 0x4a, 0x3a, 0x4a, 0x42, 0x4a, 0x42, 0x49, 0x42, 0x70, 0x5b, 0x34, 0x64, 0x34, 0x64, 0xb2, 0x5b, 0x6a, 0x42,
        0x6a, 0x42, 0x49, 0x42, 0x75, 0x44, 0x5f, 0x36, 0x1e, 0x36, 0x39, 0x35, 0xe8, 0x39, 0x08, 0x3a, 0x29, 0x3a, 0x29, 0x3a,
        0x29, 0x3a, 0x29, 0x3a, 0x49, 0x42, 0x09, 0x3a, 0x87, 0x29, 0x87, 0x29, 0xa8, 0x29, 0x29, 0x3a, 0x29, 0x3a, 0x09, 0x3a,
        0x49, 0x3a, 0x4a, 0x42, 0x4a, 0x42, 0x4a, 0x42, 0x6a, 0x42, 0x6a, 0x42, 0x6a, 0x42, 0xc8, 0x31, 0x87, 0x29, 0x66, 0x21,
        0xc4, 0x10, 0xc4, 0x10, 0xe5, 0x10, 0xe5, 0x10, 0x67, 0x21, 0x88, 0x21, 0xa8, 0x29, 0xe4, 0x10, 0x00, 0x00, 0x00, 0x00,
        0x00, 0x00, 0x00, 0x00, 0x44, 0x21, 0xd7, 0xae, 0xd7, 0xae, 0xd7, 0xae, 0xd7, 0xae, 0xd7, 0xae, 0xd7, 0xae, 0xd7, 0xae,
        0xd7, 0xae, 0xd7, 0xae, 0xd7, 0xae, 0xd7, 0xae, 0xd7, 0xae, 0xd7, 0xae, 0xd7, 0xae, 0xd7, 0xae, 0xd7, 0xae, 0xd7, 0xae,
        0xd7, 0xae, 0xd7, 0xae, 0xd7, 0xae, 0xd7, 0xae, 0xd7, 0xae, 0xd7, 0xae, 0xd7, 0xae, 0xd7, 0xae, 0xd7, 0xae, 0xd7, 0xae,
        0xd7, 0xae, 0xd7, 0xae, 0xd7, 0xae, 0xd7, 0xae, 0xd7, 0xae, 0xd7, 0xae, 0xd7, 0xae, 0xd7, 0xae, 0xd7, 0xae, 0xd7, 0xae,
        0xd7, 0xae, 0xd7, 0xae, 0xd7, 0xae, 0xd7, 0xae, 0xd7, 0xae, 0xd7, 0xae, 0xd7, 0xae, 0xd7, 0xae, 0xd7, 0xae, 0xd7, 0xae,
        0xd7, 0xae, 0xd7, 0xae, 0xd7, 0xae, 0xd7, 0xae, 0xd7, 0xae, 0xd7, 0xae, 0xd7, 0xae, 0xd7, 0xae, 0xd7, 0xae, 0xd7, 0xae,
        0xf7, 0xae, 0xf7, 0xae, 0xd7, 0xae, 0xd7, 0xae, 0xf7, 0xae, 0xf7, 0xae, 0xf7, 0xae, 0xd7, 0xae, 0xd7, 0xae, 0xd7, 0xae,
        0xd7, 0xae, 0xd7, 0xae, 0xd7, 0xae, 0xd7, 0xae, 0xd7, 0xae, 0xd7, 0xae, 0xd7, 0xae, 0xd7, 0xae, 0xd7, 0xae, 0xd7, 0xae,
        0xd7, 0xae, 0xd7, 0xae, 0xd7, 0xae, 0xd7, 0xae, 0xd7, 0xae, 0xd7, 0xae, 0xd7, 0xae, 0xd7, 0xae, 0xd7, 0xae, 0xd7, 0xae,
        0xd7, 0xae, 0xd7, 0xae, 0xd7, 0xae, 0xd7, 0xae, 0xd7, 0xae, 0xd7, 0xae, 0xd7, 0xae, 0xd7, 0xae, 0xd7, 0xae, 0xd7, 0xae,
        0xd7, 0xae, 0xd7, 0xae, 0xd7, 0xae, 0xd7, 0xae, 0xd7, 0xae, 0xd7, 0xae, 0xd7, 0xae, 0xd7, 0xae, 0xd7, 0xae, 0xd7, 0xae,
        0xd7, 0xae, 0xd7, 0xae, 0xd7, 0xae, 0xd7, 0xae, 0xd7, 0xae, 0xd7, 0xae, 0xd7, 0xae, 0xd7, 0xae, 0xd7, 0xae, 0xd7, 0xae,
        0xd7, 0xae, 0xd7, 0xae, 0xd7, 0xae, 0xd7, 0xae, 0xd7, 0xae, 0xd7, 0xae, 0xd7, 0xae, 0xd7, 0xae, 0xd7, 0xae, 0xd7, 0xae,
        0xd7, 0xae, 0xd7, 0xae, 0xd7, 0xae, 0xd7, 0xae, 0xd7, 0xae, 0xd7, 0xae, 0xd7, 0xae, 0xd7, 0xae, 0xd7, 0xae, 0xd7, 0xae,
        0xd7, 0xae, 0xd7, 0xae, 0xd7, 0xae, 0xd7, 0xae, 0xd7, 0xae, 0xd7, 0xae, 0xf8, 0xb6, 0xf8, 0xb6, 0xf8, 0xb6, 0xf7, 0xae,
        0x18, 0xb7, 0xed, 0x5b, 0x00, 0x00, 0x00, 0x00, 0x41, 0x08, 0x29, 0x3a, 0x4a, 0x42, 0x6a, 0x42, 0x6a, 0x42, 0x6a, 0x42,
        0x4a, 0x42, 0xe9, 0x31, 0xc8, 0x31, 0xa8, 0x29, 0x87, 0x29, 0x46, 0x21, 0x67, 0x21, 0x67, 0x29, 0x29, 0x3a, 0x6a, 0x42,
        0x4a, 0x42, 0x4a, 0x42, 0x4a, 0x42, 0x6a, 0x42, 0x6a, 0x42, 0x4a, 0x42, 0x4a, 0x42, 0x4a, 0x42, 0x4a, 0x42, 0x4a, 0x42,
        0x4a, 0x42, 0x4a, 0x42, 0x4a, 0x42, 0x6a, 0x42, 0xa3, 0x10, 0x00, 0x00, 0x20, 0x00, 0x00, 0x00, 0x00, 0x00, 0x00, 0x00,
        0x00, 0x00, 0x00, 0x00, 0x00, 0x00, 0x00, 0x00, 0x00, 0x00, 0x00, 0x00, 0x00, 0x00, 0x00, 0x00, 0x67, 0x21, 0xc9, 0x31,
        0x87, 0x21, 0x67, 0x21, 0x67, 0x21, 0x87, 0x21, 0x67, 0x21, 0xe9, 0x31, 0x8b, 0x4a, 0x6a, 0x42, 0x6a, 0x42, 0x6e, 0x6b,
        0x6f, 0x6b, 0x58, 0xce, 0xdc, 0xff, 0x9c, 0xff, 0x9c, 0xff, 0x9c, 0xff, 0x9c, 0xff, 0x9c, 0xff, 0xbc, 0xff, 0xbc, 0xff,
        0xbc, 0xff, 0x9c, 0xff, 0x9c, 0xff, 0xbc, 0xff, 0xbc, 0xff, 0xbd, 0xff, 0xfe, 0xff, 0x14, 0x9d, 0xed, 0x5a, 0x2d, 0x63,
        0x0d, 0x5b, 0x6b, 0x4a, 0x4a, 0x42, 0x6a, 0x42, 0x6b, 0x42, 0x8b, 0x4a, 0xe9, 0x31, 0x88, 0x29, 0x88, 0x29, 0x87, 0x29,
        0x67, 0x21, 0x67, 0x21, 0x67, 0x21, 0x67, 0x21, 0x05, 0x19, 0x00, 0x00, 0x00, 0x00, 0x00, 0x00, 0x00, 0x00, 0x00, 0x00,
        0x00, 0x00, 0x00, 0x00, 0x00, 0x00, 0x00, 0x00, 0x00, 0x00, 0x00, 0x00, 0x00, 0x00, 0x00, 0x00, 0x45, 0x21, 0x4a, 0x42,
        0x2a, 0x3a, 0x2a, 0x3a, 0x2a, 0x3a, 0x29, 0x3a, 0x29, 0x3a, 0x29, 0x3a, 0x29, 0x3a, 0x29, 0x3a, 0x29, 0x3a, 0x2a, 0x3a,
        0x4a, 0x42, 0x4a, 0x42, 0x4a, 0x42, 0x6a, 0x42, 0x49, 0x42, 0x90, 0x5b, 0x35, 0x64, 0x14, 0x64, 0xb2, 0x5b, 0x4a, 0x42,
        0x4a, 0x42, 0x29, 0x42, 0x55, 0x44, 0x3f, 0x36, 0x1e, 0x36, 0x19, 0x35, 0xc8, 0x39, 0xe8, 0x39, 0x08, 0x3a, 0x09, 0x3a,
        0x29, 0x42, 0x4a, 0x42, 0x4a, 0x42, 0x29, 0x3a, 0xc8, 0x31, 0xa7, 0x29, 0xa8, 0x29, 0x29, 0x3a, 0x29, 0x3a, 0x29, 0x3a,
        0x4a, 0x42, 0x6a, 0x42, 0x6a, 0x42, 0x4a, 0x42, 0x4a, 0x42, 0x4a, 0x42, 0x4a, 0x42, 0xc8, 0x31, 0x87, 0x29, 0x66, 0x21,
        0xc4, 0x10, 0xe4, 0x10, 0xe5, 0x10, 0x05, 0x11, 0x87, 0x21, 0x88, 0x29, 0xa8, 0x29, 0xe4, 0x10, 0x00, 0x00, 0x00, 0x00,
        0x00, 0x00, 0x00, 0x00, 0x44, 0x19, 0xd7, 0xae, 0xd7, 0xae, 0xd7, 0xae, 0xd7, 0xae, 0xd7, 0xae, 0xd7, 0xae, 0xd7, 0xae,
        0xd7, 0xae, 0xd7, 0xae, 0xd7, 0xae, 0xd7, 0xae, 0xd7, 0xae, 0xd7, 0xae, 0xd7, 0xae, 0xd7, 0xae, 0xd7, 0xae, 0xd7, 0xae,
        0xd7, 0xae, 0xd7, 0xae, 0xd7, 0xae, 0xd7, 0xae, 0xd7, 0xae, 0xd7, 0xae, 0xd7, 0xae, 0xd7, 0xae, 0xd7, 0xae, 0xd7, 0xae,
        0xd7, 0xae, 0xd7, 0xae, 0xd7, 0xae, 0xd7, 0xae, 0xd7, 0xae, 0xd7, 0xae, 0xd7, 0xae, 0xd7, 0xae, 0xd7, 0xae, 0xd7, 0xae,
        0xd7, 0xae, 0xd7, 0xae, 0xd7, 0xae, 0xd7, 0xae, 0xd7, 0xae, 0xd7, 0xae, 0xd7, 0xae, 0xd7, 0xae, 0xd7, 0xae, 0xd7, 0xae,
        0xd7, 0xae, 0xd7, 0xae, 0xd7, 0xae, 0xd7, 0xae, 0xd7, 0xae, 0xd7, 0xae, 0xd7, 0xae, 0xd7, 0xae, 0xd7, 0xae, 0xd7, 0xae,
        0xf7, 0xae, 0xf7, 0xae, 0xd7, 0xae, 0xd7, 0xae, 0xd7, 0xae, 0xf7, 0xae, 0xf7, 0xae, 0xf7, 0xae, 0xf7, 0xae, 0xd7, 0xae,
        0xd7, 0xae, 0xd7, 0xae, 0xd7, 0xae, 0xd7, 0xae, 0xd7, 0xae, 0xd7, 0xae, 0xd7, 0xae, 0xd7, 0xae, 0xd7, 0xae, 0xd7, 0xae,
        0xd7, 0xae, 0xd7, 0xae, 0xd7, 0xae, 0xd7, 0xae, 0xd7, 0xae, 0xd7, 0xae, 0xd7, 0xae, 0xd7, 0xae, 0xd7, 0xae, 0xd7, 0xae,
        0xd7, 0xae, 0xd7, 0xae, 0xd7, 0xae, 0xd7, 0xae, 0xd7, 0xae, 0xd7, 0xae, 0xd7, 0xae, 0xd7, 0xae, 0xd7, 0xae, 0xd7, 0xae,
        0xd7, 0xae, 0xd7, 0xae, 0xd7, 0xae, 0xd7, 0xae, 0xd7, 0xae, 0xd7, 0xae, 0xd7, 0xae, 0xd7, 0xae, 0xd7, 0xae, 0xd7, 0xae,
        0xd7, 0xae, 0xd7, 0xae, 0xd7, 0xae, 0xd7, 0xae, 0xd7, 0xae, 0xd7, 0xae, 0xd7, 0xae, 0xd7, 0xae, 0xd7, 0xae, 0xd7, 0xae,
        0xd7, 0xae, 0xd7, 0xae, 0xd7, 0xae, 0xd7, 0xae, 0xd7, 0xae, 0xd7, 0xae, 0xd7, 0xae, 0xd7, 0xae, 0xd7, 0xae, 0xd7, 0xae,
        0xd7, 0xae, 0xd7, 0xae, 0xd7, 0xae, 0xd7, 0xae, 0xd7, 0xae, 0xd7, 0xae, 0xd7, 0xae, 0xd7, 0xae, 0xd7, 0xae, 0xd7, 0xae,
        0xd7, 0xae, 0xd7, 0xae, 0xd7, 0xae, 0xd7, 0xae, 0xd7, 0xae, 0xd7, 0xae, 0xd8, 0xb6, 0x18, 0xb7, 0xb7, 0xae, 0x27, 0x32,
        0x64, 0x21, 0xc3, 0x10, 0x62, 0x08, 0x82, 0x08, 0xc3, 0x10, 0x09, 0x3a, 0x4a, 0x3a, 0x4a, 0x3a, 0x2a, 0x3a, 0x4a, 0x42,
        0x4a, 0x42, 0xa8, 0x29, 0x67, 0x21, 0x47, 0x21, 0x67, 0x21, 0xa7, 0x29, 0xa8, 0x29, 0xa8, 0x29, 0x09, 0x3a, 0x4a, 0x42,
        0x4a, 0x42, 0x4a, 0x42, 0x4a, 0x42, 0x4a, 0x42, 0x4a, 0x42, 0x4a, 0x42, 0x6a, 0x42, 0x4a, 0x42, 0x4a, 0x42, 0x29, 0x3a,
        0x86, 0x29, 0x66, 0x29, 0x66, 0x29, 0x66, 0x29, 0x61, 0x08, 0x00, 0x00, 0x21, 0x00, 0x61, 0x10, 0x20, 0x08, 0x00, 0x00,
        0x00, 0x00, 0x00, 0x00, 0x00, 0x00, 0x00, 0x00, 0x00, 0x00, 0x00, 0x00, 0x00, 0x00, 0x00, 0x00, 0xa3, 0x10, 0xe4, 0x18,
        0x46, 0x21, 0x88, 0x29, 0x87, 0x21, 0x87, 0x29, 0x87, 0x21, 0xe9, 0x31, 0x6a, 0x42, 0x4a, 0x42, 0x6a, 0x42, 0x4e, 0x6b,
        0x6e, 0x6b, 0x58, 0xce, 0xdc, 0xff, 0x9c, 0xff, 0x9c, 0xff, 0x9c, 0xff, 0x9c, 0xff, 0x9c, 0xff, 0xbc, 0xff, 0x9c, 0xff,
        0xbc, 0xff, 0x9c, 0xff, 0xbc, 0xff, 0xbc, 0xff, 0xbc, 0xff, 0x9c, 0xff, 0xfd, 0xff, 0xf3, 0x9c, 0xec, 0x5a, 0x0d, 0x5b,
        0x0d, 0x5b, 0x8b, 0x4a, 0x4a, 0x42, 0x6a, 0x42, 0x6a, 0x42, 0x2a, 0x3a, 0xc9, 0x31, 0x88, 0x29, 0x88, 0x29, 0x87, 0x29,
        0x88, 0x29, 0x67, 0x21, 0xa3, 0x10, 0xa3, 0x10, 0x82, 0x10, 0x00, 0x00, 0x00, 0x00, 0x00, 0x00, 0x00, 0x00, 0x00, 0x00,
        0x00, 0x00, 0x00, 0x00, 0x00, 0x00, 0x00, 0x00, 0x00, 0x00, 0x00, 0x00, 0x00, 0x00, 0x00, 0x00, 0x61, 0x08, 0x82, 0x08,
        0x62, 0x08, 0x82, 0x10, 0xe8, 0x39, 0x29, 0x3a, 0x29, 0x3a, 0x29, 0x3a, 0x29, 0x3a, 0x29, 0x3a, 0x29, 0x3a, 0x4a, 0x42,
        0x4a, 0x42, 0x4a, 0x42, 0x4a, 0x42, 0x6a, 0x42, 0x4a, 0x42, 0x0e, 0x4b, 0x91, 0x53, 0x91, 0x53, 0x2f, 0x53, 0x29, 0x3a,
        0x29, 0x3a, 0xe8, 0x39, 0x34, 0x3c, 0x3f, 0x36, 0x1f, 0x36, 0x3a, 0x35, 0x8c, 0x32, 0x8c, 0x3a, 0xad, 0x3a, 0xcd, 0x3a,
        0x8b, 0x42, 0x4a, 0x42, 0x6a, 0x42, 0x4a, 0x3a, 0x09, 0x32, 0xc8, 0x31, 0xa8, 0x29, 0x09, 0x3a, 0xe9, 0x31, 0xe8, 0x31,
        0x09, 0x3a, 0x29, 0x3a, 0x09, 0x3a, 0x09, 0x3a, 0x4a, 0x42, 0x4a, 0x42, 0x4a, 0x42, 0xe8, 0x31, 0xa8, 0x29, 0x87, 0x29,
        0x25, 0x19, 0x46, 0x19, 0x46, 0x21, 0x26, 0x19, 0x05, 0x19, 0xe4, 0x18, 0xe4, 0x18, 0x45, 0x21, 0xe6, 0x31, 0xc5, 0x29,
        0xc5, 0x29, 0xa5, 0x21, 0xa8, 0x42, 0xd7, 0xae, 0xd7, 0xae, 0xd7, 0xae, 0xd7, 0xae, 0xd7, 0xae, 0xd7, 0xae, 0xd7, 0xae,
        0xd7, 0xae, 0xd7, 0xae, 0xd7, 0xae, 0xd7, 0xae, 0xd7, 0xae, 0xd7, 0xae, 0xd7, 0xae, 0xd7, 0xae, 0xd7, 0xae, 0xd7, 0xae,
        0xd7, 0xae, 0xd7, 0xae, 0xd7, 0xae, 0xd7, 0xae, 0xd7, 0xae, 0xd7, 0xae, 0xd7, 0xae, 0xd7, 0xae, 0xd7, 0xae, 0xd7, 0xae,
        0xd7, 0xae, 0xd7, 0xae, 0xd7, 0xae, 0xd7, 0xae, 0xd7, 0xae, 0xd7, 0xae, 0xd7, 0xae, 0xd7, 0xae, 0xd7, 0xae, 0xd7, 0xae,
        0xd7, 0xae, 0xd7, 0xae, 0xd7, 0xae, 0xd7, 0xae, 0xd7, 0xae, 0xd7, 0xae, 0xd7, 0xae, 0xd7, 0xae, 0xd7, 0xae, 0xd7, 0xae,
        0xd7, 0xae, 0xd7, 0xae, 0xd7, 0xae, 0xd7, 0xae, 0xd7, 0xae, 0xd7, 0xae, 0xd7, 0xae, 0xd7, 0xae, 0xd7, 0xae, 0xd7, 0xae,
        0xd7, 0xae, 0xd7, 0xae, 0xd7, 0xae, 0xf7, 0xae, 0xf7, 0xae, 0xd7, 0xae, 0xd7, 0xae, 0xf7, 0xae, 0xf7, 0xae, 0xf7, 0xae,
        0xd7, 0xae, 0xd7, 0xae, 0xd7, 0xae, 0xd7, 0xae, 0xd7, 0xae, 0xd7, 0xae, 0xd7, 0xae, 0xd7, 0xae, 0xd7, 0xae, 0xd7, 0xae,
        0xd7, 0xae, 0xd7, 0xae, 0xd7, 0xae, 0xd7, 0xae, 0xd7, 0xae, 0xd7, 0xae, 0xd7, 0xae, 0xd7, 0xae, 0xd7, 0xae, 0xd7, 0xae,
        0xd7, 0xae, 0xd7, 0xae, 0xd7, 0xae, 0xd7, 0xae, 0xd7, 0xae, 0xd7, 0xae, 0xd7, 0xae, 0xd7, 0xae, 0xd7, 0xae, 0xd7, 0xae,
        0xd7, 0xae, 0xd7, 0xae, 0xd7, 0xae, 0xd7, 0xae, 0xd7, 0xae, 0xd7, 0xae, 0xd7, 0xae, 0xd7, 0xae, 0xd7, 0xae, 0xd7, 0xae,
        0xd7, 0xae, 0xd7, 0xae, 0xd7, 0xae, 0xd7, 0xae, 0xd7, 0xae, 0xd7, 0xae, 0xd7, 0xae, 0xd7, 0xae, 0xd7, 0xae, 0xd7, 0xae,
        0xd7, 0xae, 0xd7, 0xae, 0xd7, 0xae, 0xd7, 0xae, 0xd7, 0xae, 0xd7, 0xae, 0xd7, 0xae, 0xd7, 0xae, 0xd7, 0xae, 0xd7, 0xae,
        0xd7, 0xae, 0xd7, 0xae, 0xd7, 0xae, 0xd7, 0xae, 0xd7, 0xae, 0xd7, 0xae, 0xd7, 0xae, 0xd7, 0xae, 0xd7, 0xae, 0xd7, 0xae,
        0xd7, 0xae, 0xd7, 0xae, 0xd7, 0xae, 0xd7, 0xa6, 0xd7, 0xa6, 0xf7, 0xae, 0x18, 0xb7, 0x39, 0xbf, 0xb7, 0xae, 0xe3, 0x10,
        0x00, 0x00, 0x20, 0x00, 0xe8, 0x31, 0x29, 0x3a, 0x09, 0x3a, 0x09, 0x3a, 0x2a, 0x3a, 0xc8, 0x31, 0x47, 0x21, 0x67, 0x21,
        0x87, 0x21, 0x67, 0x21, 0x67, 0x21, 0x47, 0x21, 0x87, 0x21, 0x4a, 0x42, 0x4a, 0x3a, 0x4a, 0x3a, 0x4a, 0x3a, 0x4a, 0x3a,
        0x4a, 0x42, 0x4a, 0x42, 0x4a, 0x42, 0x4a, 0x42, 0x4a, 0x42, 0x4a, 0x42, 0x4a, 0x42, 0x6a, 0x42, 0x6a, 0x42, 0x29, 0x3a,
        0x20, 0x00, 0x00, 0x00, 0x00, 0x00, 0x00, 0x00, 0x00, 0x00, 0x00, 0x00, 0xe4, 0x18, 0xed, 0x5a, 0xa2, 0x10, 0x00, 0x00,
        0x20, 0x00, 0x00, 0x00, 0x00, 0x00, 0x00, 0x00, 0x00, 0x00, 0x00, 0x00, 0x00, 0x00, 0x00, 0x00, 0x00, 0x00, 0x00, 0x00,
        0xe4, 0x18, 0x88, 0x29, 0x87, 0x21, 0x87, 0x21, 0x67, 0x21, 0xa8, 0x31, 0x4a, 0x42, 0x4a, 0x42, 0x4a, 0x42, 0x4e, 0x63,
        0x4e, 0x6b, 0x57, 0xce, 0xdc, 0xff, 0x9c, 0xff, 0x9c, 0xff, 0x9c, 0xff, 0xbc, 0xff, 0xbc, 0xff, 0xbc, 0xff, 0x9c, 0xff,
        0xbc, 0xff, 0x9c, 0xff, 0x9c, 0xff, 0x9c, 0xff, 0x9c, 0xff, 0x9c, 0xff, 0xdd, 0xff, 0xd2, 0x94, 0xec, 0x52, 0x0d, 0x63,
        0x0d, 0x5b, 0x8b, 0x4a, 0x6a, 0x42, 0x6b, 0x4a, 0x4a, 0x42, 0x88, 0x21, 0x88, 0x29, 0x88, 0x29, 0x88, 0x29, 0x88, 0x29,
        0xa8, 0x29, 0x87, 0x29, 0x20, 0x00, 0x00, 0x00, 0x00, 0x00, 0x00, 0x00, 0x41, 0x08, 0x20, 0x00, 0x00, 0x00, 0x00, 0x00,
        0x00, 0x00, 0x00, 0x00, 0x00, 0x00, 0x00, 0x00, 0x00, 0x00, 0x00, 0x00, 0x00, 0x00, 0x20, 0x00, 0x00, 0x00, 0x00, 0x00,
        0x00, 0x00, 0x00, 0x00, 0xa7, 0x31, 0x29, 0x3a, 0x29, 0x3a, 0x29, 0x3a, 0x29, 0x3a, 0x29, 0x3a, 0x2a, 0x3a, 0x4a, 0x42,
        0x4a, 0x42, 0x4a, 0x42, 0x4a, 0x42, 0x4a, 0x42, 0x4a, 0x42, 0x4a, 0x42, 0x29, 0x3a, 0x29, 0x3a, 0x29, 0x3a, 0x29, 0x3a,
        0x29, 0x3a, 0xe8, 0x39, 0x34, 0x3c, 0x3f, 0x36, 0xfe, 0x35, 0xfe, 0x35, 0xdd, 0x35, 0xdd, 0x35, 0xdd, 0x35, 0x1e, 0x3e,
        0xf3, 0x3b, 0x29, 0x42, 0x6a, 0x42, 0x4a, 0x3a, 0x29, 0x3a, 0x29, 0x3a, 0x09, 0x3a, 0xc8, 0x29, 0xa8, 0x29, 0xc8, 0x29,
        0x67, 0x21, 0x47, 0x21, 0x46, 0x19, 0x46, 0x21, 0x29, 0x3a, 0x4a, 0x42, 0x4a, 0x42, 0x29, 0x3a, 0x09, 0x3a, 0x09, 0x3a,
        0x29, 0x3a, 0x29, 0x3a, 0x4a, 0x42, 0xc8, 0x31, 0x20, 0x00, 0x20, 0x00, 0x00, 0x00, 0xe6, 0x31, 0x18, 0xb7, 0xd7, 0xae,
        0xd7, 0xae, 0xd6, 0xa6, 0xd7, 0xae, 0xd7, 0xae, 0xd7, 0xae, 0xd7, 0xae, 0xd7, 0xae, 0xd7, 0xae, 0xd7, 0xae, 0xd7, 0xae,
        0xd7, 0xae, 0xd7, 0xae, 0xd7, 0xae, 0xd7, 0xae, 0xd7, 0xae, 0xd7, 0xae, 0xd7, 0xae, 0xd7, 0xae, 0xd7, 0xae, 0xd7, 0xae,
        0xd7, 0xae, 0xd7, 0xae, 0xd7, 0xae, 0xd7, 0xae, 0xd7, 0xae, 0xd7, 0xae, 0xd7, 0xae, 0xd7, 0xae, 0xd7, 0xae, 0xd7, 0xae,
        0xd7, 0xae, 0xd7, 0xae, 0xd7, 0xae, 0xd7, 0xae, 0xd7, 0xae, 0xd7, 0xae, 0xd7, 0xae, 0xd7, 0xae, 0xd7, 0xae, 0xd7, 0xae,
        0xd7, 0xae, 0xd7, 0xae, 0xd7, 0xae, 0xd7, 0xae, 0xd7, 0xae, 0xd7, 0xae, 0xd7, 0xae, 0xd7, 0xae, 0xd7, 0xae, 0xd7, 0xae,
        0xd7, 0xae, 0xd7, 0xae, 0xd7, 0xae, 0xd7, 0xae, 0xd7, 0xae, 0xd7, 0xae, 0xd7, 0xae, 0xd7, 0xae, 0xd7, 0xae, 0xd7, 0xae,
        0xf7, 0xae, 0xd7, 0xae, 0xd7, 0xae, 0xf7, 0xae, 0xf7, 0xae, 0xf7, 0xae, 0xf7, 0xae, 0xf7, 0xae, 0xf7, 0xae, 0xf7, 0xae,
        0xd7, 0xae, 0xd7, 0xae, 0xd7, 0xae, 0xd7, 0xae, 0xd7, 0xae, 0xd7, 0xae, 0xd7, 0xae, 0xd7, 0xae, 0xd7, 0xae, 0xd7, 0xae,
        0xd7, 0xae, 0xd7, 0xae, 0xd7, 0xae, 0xd7, 0xae, 0xd7, 0xae, 0xd7, 0xae, 0xd7, 0xae, 0xd7, 0xae, 0xd7, 0xae, 0xd7, 0xae,
        0xd7, 0xae, 0xd7, 0xae, 0xd7, 0xae, 0xd7, 0xae, 0xd7, 0xae, 0xd7, 0xae, 0xd7, 0xae, 0xd7, 0xae, 0xd7, 0xae, 0xd7, 0xae,
        0xd7, 0xae, 0xd7, 0xae, 0xd7, 0xae, 0xd7, 0xae, 0xd7, 0xae, 0xd7, 0xae, 0xd7, 0xae, 0xd7, 0xae, 0xd7, 0xae, 0xd7, 0xae,
        0xd7, 0xae, 0xd7, 0xae, 0xd7, 0xae, 0xd7, 0xae, 0xd7, 0xae, 0xd7, 0xae, 0xd7, 0xae, 0xd7, 0xae, 0xd7, 0xae, 0xd7, 0xae,
        0xd7, 0xae, 0xd7, 0xae, 0xd7, 0xae, 0xd7, 0xae, 0xd7, 0xae, 0xd7, 0xae, 0xd7, 0xae, 0xd7, 0xae, 0xd7, 0xae, 0xd7, 0xae,
        0xd7, 0xae, 0xd7, 0xae, 0xd7, 0xae, 0xd7, 0xae, 0xd7, 0xae, 0xd7, 0xae, 0xd7, 0xae, 0xd7, 0xae, 0xd7, 0xae, 0xd7, 0xae,
        0xd7, 0xae, 0xd7, 0xae, 0xd7, 0xa6, 0xd7, 0xa6, 0xd7, 0xa6, 0x55, 0x9e, 0xb4, 0x95, 0xf5, 0x9d, 0xb4, 0x95, 0xc2, 0x10,
        0x00, 0x00, 0x40, 0x00, 0x09, 0x3a, 0x4a, 0x3a, 0x29, 0x3a, 0x29, 0x3a, 0x2a, 0x3a, 0xa8, 0x29, 0x26, 0x19, 0x46, 0x19,
        0x46, 0x21, 0x47, 0x21, 0x47, 0x21, 0x47, 0x21, 0x87, 0x29, 0x6a, 0x42, 0x4a, 0x42, 0x4a, 0x42, 0x4a, 0x42, 0x4a, 0x42,
        0x4a, 0x42, 0x4a, 0x42, 0x4a, 0x42, 0x4a, 0x42, 0x4a, 0x42, 0x4a, 0x42, 0x4a, 0x42, 0x6a, 0x42, 0x8b, 0x42, 0x29, 0x3a,
        0x41, 0x08, 0x00, 0x00, 0x00, 0x00, 0x00, 0x00, 0x00, 0x00, 0x00, 0x00, 0x04, 0x21, 0x0e, 0x5b, 0x62, 0x08, 0x00, 0x00,
        0x00, 0x00, 0x00, 0x00, 0x00, 0x00, 0x00, 0x00, 0x00, 0x00, 0x00, 0x00, 0x00, 0x00, 0x00, 0x00, 0x00, 0x00, 0x00, 0x00,
        0xe4, 0x18, 0x88, 0x29, 0x87, 0x29, 0x67, 0x21, 0x67, 0x21, 0xc8, 0x31, 0x4a, 0x42, 0x4a, 0x42, 0x4a, 0x42, 0x4e, 0x63,
        0x4e, 0x6b, 0x58, 0xce, 0xdc, 0xff, 0x9c, 0xff, 0x9c, 0xff, 0x9c, 0xff, 0x9c, 0xff, 0xbc, 0xff, 0xbc, 0xff, 0x9c, 0xff,
        0xbc, 0xff, 0x9c, 0xff, 0xbc, 0xff, 0x9c, 0xff, 0x9c, 0xff, 0x9c, 0xff, 0xdd, 0xff, 0xd2, 0x94, 0xcc, 0x52, 0x0d, 0x63,
        0x2d, 0x63, 0xab, 0x4a, 0x6a, 0x42, 0x6a, 0x42, 0x4a, 0x3a, 0x87, 0x21, 0x67, 0x21, 0x87, 0x29, 0x88, 0x29, 0x88, 0x29,
        0x87, 0x29, 0x67, 0x21, 0x41, 0x08, 0x00, 0x00, 0x00, 0x00, 0x00, 0x00, 0x45, 0x21, 0xc3, 0x18, 0x00, 0x00, 0x00, 0x00,
        0x00, 0x00, 0x00, 0x00, 0x00, 0x00, 0x00, 0x00, 0x00, 0x00, 0x00, 0x00, 0x00, 0x00, 0x00, 0x00, 0x00, 0x00, 0x00, 0x00,
        0x00, 0x00, 0x00, 0x00, 0x82, 0x08, 0xc3, 0x10, 0x04, 0x19, 0x09, 0x3a, 0x2a, 0x3a, 0x4a, 0x3a, 0x4a, 0x42, 0x4a, 0x42,
        0x4a, 0x42, 0x4a, 0x42, 0x4a, 0x42, 0x4a, 0x42, 0x4a, 0x42, 0x4a, 0x42, 0x49, 0x3a, 0x4a, 0x3a, 0x4a, 0x3a, 0x29, 0x3a,
        0x29, 0x3a, 0xe8, 0x39, 0x34, 0x3c, 0x3f, 0x36, 0xfe, 0x35, 0xfe, 0x3d, 0x1e, 0x36, 0x1e, 0x3e, 0x1e, 0x3e, 0x3f, 0x3e,
        0xf3, 0x3b, 0x29, 0x42, 0x6a, 0x42, 0x4a, 0x3a, 0x29, 0x3a, 0x29, 0x3a, 0x09, 0x3a, 0xa8, 0x29, 0xa8, 0x29, 0xa8, 0x29,
        0x47, 0x21, 0x46, 0x19, 0x26, 0x19, 0x46, 0x21, 0x29, 0x3a, 0x4a, 0x42, 0x4a, 0x42, 0x2a, 0x3a, 0x2a, 0x3a, 0x2a, 0x3a,
        0x2a, 0x3a, 0x2a, 0x3a, 0x6a, 0x42, 0xc8, 0x31, 0x00, 0x00, 0x00, 0x00, 0x00, 0x00, 0x85, 0x29, 0xb3, 0x8d, 0xb3, 0x8d,
        0xf4, 0x95, 0xb7, 0xa6, 0xd7, 0xae, 0xd7, 0xae, 0xd7, 0xae, 0xd7, 0xae, 0xd7, 0xae, 0xd7, 0xae, 0xd7, 0xae, 0xd7, 0xae,
        0xd7, 0xae, 0xd7, 0xae, 0xd7, 0xae, 0xd7, 0xae, 0xd7, 0xae, 0xd7, 0xae, 0xd7, 0xae, 0xd7, 0xae, 0xd7, 0xae, 0xd7, 0xae,
        0xd7, 0xae, 0xd7, 0xae, 0xd7, 0xae, 0xd7, 0xae, 0xd7, 0xae, 0xd7, 0xae, 0xd7, 0xae, 0xd7, 0xae, 0xd7, 0xae, 0xd7, 0xae,
        0xd7, 0xae, 0xd7, 0xae, 0xd7, 0xae, 0xd7, 0xae, 0xd7, 0xae, 0xd7, 0xae, 0xd7, 0xae, 0xd7, 0xae, 0xd7, 0xae, 0xd7, 0xae,
        0xd7, 0xae, 0xd7, 0xae, 0xd7, 0xae, 0xd7, 0xae, 0xd7, 0xae, 0xd7, 0xae, 0xd7, 0xae, 0xd7, 0xae, 0xd7, 0xae, 0xd7, 0xae,
        0xd7, 0xae, 0xd7, 0xae, 0xd7, 0xae, 0xd7, 0xae, 0xd7, 0xae, 0xd7, 0xae, 0xf7, 0xae, 0xd7, 0xae, 0xd7, 0xae, 0xd7, 0xae,
        0xf7, 0xae, 0xf7, 0xae, 0xd7, 0xae, 0xd7, 0xae, 0xf7, 0xae, 0xf7, 0xae, 0xf7, 0xae, 0xd7, 0xae, 0xd7, 0xae, 0xd7, 0xae,
        0xd7, 0xae, 0xd7, 0xae, 0xd7, 0xae, 0xd7, 0xae, 0xd7, 0xae, 0xd7, 0xae, 0xd7, 0xae, 0xd7, 0xae, 0xd7, 0xae, 0xd7, 0xae,
        0xd7, 0xae, 0xd7, 0xae, 0xd7, 0xae, 0xd7, 0xae, 0xd7, 0xae, 0xd7, 0xae, 0xd7, 0xae, 0xd7, 0xae, 0xd7, 0xae, 0xd7, 0xae,
        0xd7, 0xae, 0xd7, 0xae, 0xd7, 0xae, 0xd7, 0xae, 0xd7, 0xae, 0xd7, 0xae, 0xd7, 0xae, 0xd7, 0xae, 0xd7, 0xae, 0xd7, 0xae,
        0xd7, 0xae, 0xd7, 0xae, 0xd7, 0xae, 0xd7, 0xae, 0xd7, 0xae, 0xd7, 0xae, 0xd7, 0xae, 0xd7, 0xae, 0xd7, 0xae, 0xd7, 0xae,
        0xd7, 0xae, 0xd7, 0xae, 0xd7, 0xae, 0xd7, 0xae, 0xd7, 0xae, 0xd7, 0xae, 0xd7, 0xae, 0xd7, 0xae, 0xd7, 0xae, 0xd7, 0xae,
        0xd7, 0xae, 0xd7, 0xae, 0xd7, 0xae, 0xd7, 0xae, 0xd7, 0xae, 0xd7, 0xae, 0xd7, 0xae, 0xd7, 0xae, 0xd7, 0xae, 0xd7, 0xae,
        0xd7, 0xae, 0xd7, 0xae, 0xd7, 0xae, 0xd7, 0xae, 0xd7, 0xae, 0xd7, 0xae, 0xd7, 0xae, 0xd7, 0xae, 0xd7, 0xae, 0xd7, 0xae,
        0xd7, 0xae, 0xd7, 0xae, 0xd7, 0xae, 0xd7, 0xa6, 0x18, 0xaf, 0xe9, 0x42, 0x20, 0x00, 0x61, 0x08, 0x61, 0x08, 0x45, 0x21,
        0x86, 0x29, 0xa7, 0x29, 0x4a, 0x42, 0x6a, 0x42, 0x29, 0x3a, 0xc8, 0x31, 0xc8, 0x31, 0x67, 0x21, 0xe5, 0x10, 0x25, 0x19,
        0x26, 0x19, 0x46, 0x21, 0x46, 0x21, 0x47, 0x19, 0x87, 0x29, 0x8a, 0x42, 0x6a, 0x42, 0x4a, 0x42, 0x4a, 0x42, 0x4a, 0x42,
        0x4a, 0x42, 0x4a, 0x42, 0x4a, 0x42, 0x4a, 0x42, 0x4a, 0x42, 0x4a, 0x42, 0x4a, 0x42, 0x4a, 0x42, 0x6a, 0x42, 0x29, 0x3a,
        0x41, 0x00, 0x00, 0x00, 0x00, 0x00, 0x00, 0x00, 0x00, 0x00, 0x00, 0x00, 0x82, 0x10, 0xc8, 0x31, 0x41, 0x08, 0x00, 0x00,
        0x00, 0x00, 0x00, 0x00, 0x00, 0x00, 0x00, 0x00, 0x00, 0x00, 0x00, 0x00, 0x00, 0x00, 0x00, 0x00, 0x00, 0x00, 0x00, 0x00,
        0xa3, 0x10, 0x26, 0x19, 0x26, 0x21, 0x67, 0x21, 0x67, 0x21, 0xa8, 0x29, 0x6a, 0x42, 0x4a, 0x42, 0x4a, 0x42, 0x4e, 0x63,
        0x4e, 0x6b, 0x58, 0xce, 0xdc, 0xff, 0x9c, 0xff, 0x9c, 0xff, 0x9c, 0xff, 0x9c, 0xff, 0x9c, 0xff, 0x9c, 0xff, 0x9c, 0xff,
        0x9c, 0xff, 0xbc, 0xff, 0xbc, 0xff, 0xbc, 0xff, 0xbc, 0xff, 0x9c, 0xff, 0xdd, 0xff, 0xd2, 0x94, 0xcc, 0x52, 0x0d, 0x63,
        0x2d, 0x63, 0x8b, 0x4a, 0x4a, 0x42, 0x6a, 0x42, 0x29, 0x3a, 0x67, 0x21, 0x67, 0x21, 0x67, 0x21, 0x88, 0x29, 0x88, 0x29,
        0x62, 0x08, 0x21, 0x08, 0x01, 0x00, 0x41, 0x08, 0xa3, 0x10, 0xa3, 0x10, 0x86, 0x31, 0x82, 0x10, 0x00, 0x00, 0x00, 0x00,
        0x00, 0x00, 0x00, 0x00, 0x00, 0x00, 0x00, 0x00, 0x00, 0x00, 0x00, 0x00, 0x00, 0x00, 0x00, 0x00, 0x00, 0x00, 0x00, 0x00,
        0x00, 0x00, 0x00, 0x00, 0x00, 0x00, 0x00, 0x00, 0x20, 0x00, 0x09, 0x3a, 0x4a, 0x42, 0x4a, 0x42, 0x4a, 0x42, 0x4a, 0x42,
        0x4a, 0x42, 0x4a, 0x42, 0x4a, 0x42, 0x4a, 0x42, 0x4a, 0x42, 0x4a, 0x3a, 0x4a, 0x42, 0x4a, 0x42, 0x4a, 0x3a, 0x29, 0x3a,
        0x29, 0x3a, 0xe8, 0x39, 0x34, 0x3c, 0x3f, 0x36, 0x1e, 0x3e, 0x1e, 0x3e, 0x3f, 0x3e, 0x3f, 0x3e, 0x3e, 0x46, 0x5f, 0x46,
        0xf3, 0x3b, 0x49, 0x42, 0x6a, 0x42, 0x4a, 0x3a, 0x29, 0x3a, 0x09, 0x3a, 0x09, 0x3a, 0x87, 0x29, 0x87, 0x29, 0x87, 0x29,
        0x46, 0x19, 0x26, 0x19, 0x26, 0x19, 0x26, 0x19, 0xc8, 0x31, 0xe9, 0x31, 0xe9, 0x31, 0x09, 0x3a, 0x29, 0x3a, 0x2a, 0x3a,
        0x4a, 0x42, 0x4a, 0x42, 0x4a, 0x42, 0x09, 0x32, 0x45, 0x19, 0x25, 0x19, 0x25, 0x21, 0xa3, 0x10, 0x40, 0x00, 0x61, 0x08,
        0xc2, 0x10, 0x35, 0x9e, 0xf8, 0xb6, 0xd7, 0xae, 0xd7, 0xae, 0xd7, 0xae, 0xd7, 0xa6, 0xd7, 0xa6, 0xd7, 0xae, 0xd7, 0xae,
        0xd7, 0xae, 0xd7, 0xae, 0xd7, 0xae, 0xd7, 0xae, 0xd7, 0xae, 0xd7, 0xae, 0xd7, 0xae, 0xd7, 0xae, 0xd7, 0xae, 0xd7, 0xae,
        0xd7, 0xae, 0xd7, 0xae, 0xd7, 0xae, 0xd7, 0xae, 0xd7, 0xae, 0xd7, 0xae, 0xd7, 0xae, 0xd7, 0xae, 0xd7, 0xae, 0xd7, 0xae,
        0xd7, 0xae, 0xd7, 0xae, 0xd7, 0xae, 0xd7, 0xae, 0xd7, 0xae, 0xd7, 0xae, 0xd7, 0xae, 0xd7, 0xae, 0xd7, 0xae, 0xd7, 0xae,
        0xd7, 0xae, 0xd7, 0xae, 0xd7, 0xae, 0xd7, 0xae, 0xd7, 0xae, 0xd7, 0xae, 0xd7, 0xae, 0xd7, 0xae, 0xd7, 0xae, 0xd7, 0xae,
        0xd7, 0xae, 0xd7, 0xae, 0xd7, 0xae, 0xd7, 0xae, 0xd7, 0xae, 0xd7, 0xae, 0xd7, 0xae, 0xd7, 0xae, 0xd7, 0xae, 0xd7, 0xae,
        0xf7, 0xae, 0xf7, 0xae, 0xd7, 0xae, 0xd7, 0xae, 0xd7, 0xae, 0xd7, 0xae, 0xd7, 0xae, 0xd7, 0xae, 0xf7, 0xae, 0xd7, 0xae,
        0xd7, 0xae, 0xd7, 0xae, 0xd7, 0xae, 0xd7, 0xae, 0xd7, 0xae, 0xd7, 0xae, 0xd7, 0xae, 0xd7, 0xae, 0xd7, 0xae, 0xd7, 0xae,
        0xd7, 0xae, 0xd7, 0xae, 0xd7, 0xae, 0xd7, 0xae, 0xd7, 0xae, 0xd7, 0xae, 0xd7, 0xae, 0xd7, 0xae, 0xd7, 0xae, 0xd7, 0xae,
        0xd7, 0xae, 0xd7, 0xae, 0xd7, 0xae, 0xd7, 0xae, 0xd7, 0xae, 0xd7, 0xae, 0xd7, 0xae, 0xd7, 0xae, 0xd7, 0xae, 0xd7, 0xae,
        0xd7, 0xae, 0xd7, 0xae, 0xd7, 0xae, 0xd7, 0xae, 0xd7, 0xae, 0xd7, 0xae, 0xd7, 0xae, 0xd7, 0xae, 0xd7, 0xae, 0xd7, 0xae,
        0xd7, 0xae, 0xd7, 0xae, 0xd7, 0xae, 0xd7, 0xae, 0xd7, 0xae, 0xd7, 0xae, 0xd7, 0xae, 0xd7, 0xae, 0xd7, 0xae, 0xd7, 0xae,
        0xd7, 0xae, 0xd7, 0xae, 0xd7, 0xae, 0xd7, 0xae, 0xd7, 0xae, 0xd7, 0xae, 0xd7, 0xae, 0xd7, 0xae, 0xd7, 0xae, 0xd7, 0xae,
        0xd7, 0xae, 0xd7, 0xae, 0xd7, 0xae, 0xd7, 0xae, 0xd7, 0xae, 0xd7, 0xae, 0xd7, 0xae, 0xd7, 0xae, 0xd7, 0xae, 0xd7, 0xae,
        0xd7, 0xae, 0xd7, 0xae, 0xd7, 0xae, 0xd7, 0xa6, 0x18, 0xaf, 0x88, 0x3a, 0x00, 0x00, 0x00, 0x00, 0x00, 0x00, 0xe8, 0x31,
        0x4b, 0x42, 0x4a, 0x42, 0x6a, 0x42, 0x6b, 0x42, 0x0a, 0x3a, 0x26, 0x19, 0x06, 0x19, 0xe5, 0x10, 0xa3, 0x08, 0xa4, 0x10,
        0xc4, 0x10, 0x46, 0x21, 0x87, 0x29, 0x88, 0x29, 0xe8, 0x31, 0x6a, 0x42, 0x6a, 0x42, 0x4a, 0x42, 0x4a, 0x42, 0x4a, 0x42,
        0x4a, 0x42, 0x4a, 0x42, 0x4a, 0x42, 0x4a, 0x42, 0x2a, 0x3a, 0x29, 0x3a, 0x4a, 0x3a, 0x4a, 0x42, 0x6a, 0x42, 0xe8, 0x31,
        0x20, 0x00, 0x00, 0x00, 0x61, 0x08, 0x8b, 0x52, 0xac, 0x52, 0x8b, 0x52, 0x41, 0x08, 0x00, 0x00, 0x00, 0x00, 0x00, 0x00,
        0x00, 0x00, 0x00, 0x00, 0x00, 0x00, 0x00, 0x00, 0x00, 0x00, 0x00, 0x00, 0x00, 0x00, 0x00, 0x00, 0x46, 0x21, 0xc4, 0x10,
        0x00, 0x00, 0x00, 0x00, 0x20, 0x00, 0x46, 0x21, 0x67, 0x21, 0xa8, 0x29, 0x4a, 0x42, 0x2a, 0x3a, 0x4a, 0x42, 0x4e, 0x6b,
        0x4f, 0x6b, 0x58, 0xce, 0xdd, 0xff, 0x9c, 0xff, 0x9c, 0xff, 0x9c, 0xff, 0x9c, 0xff, 0x9c, 0xff, 0x9c, 0xff, 0x9c, 0xff,
        0x9c, 0xff, 0xbc, 0xff, 0x9c, 0xff, 0x9c, 0xff, 0xbc, 0xff, 0x9c, 0xff, 0xdd, 0xff, 0xd3, 0x9c, 0xcc, 0x52, 0x0d, 0x5b,
        0x0d, 0x5b, 0x8b, 0x4a, 0x4a, 0x42, 0x4a, 0x42, 0x29, 0x3a, 0x67, 0x21, 0x67, 0x21, 0x67, 0x21, 0xa8, 0x29, 0xa8, 0x29,
        0x61, 0x08, 0x01, 0x08, 0x00, 0x00, 0xe4, 0x18, 0x90, 0x6b, 0xb0, 0x6b, 0x46, 0x29, 0x00, 0x00, 0x00, 0x00, 0x00, 0x00,
        0x00, 0x00, 0x00, 0x00, 0x00, 0x00, 0x00, 0x00, 0x00, 0x00, 0x00, 0x00, 0x00, 0x00, 0x00, 0x00, 0x61, 0x08, 0x04, 0x19,
        0xe4, 0x18, 0xa3, 0x10, 0x00, 0x00, 0x00, 0x00, 0x41, 0x08, 0x09, 0x3a, 0x6a, 0x42, 0x4a, 0x42, 0x4a, 0x42, 0x4a, 0x42,
        0x4a, 0x42, 0x4a, 0x42, 0x4a, 0x3a, 0x4a, 0x3a, 0x4a, 0x3a, 0x4a, 0x42, 0x4a, 0x42, 0x4a, 0x42, 0x4a, 0x3a, 0x29, 0x3a,
        0x29, 0x3a, 0xe8, 0x39, 0x34, 0x34, 0x3f, 0x36, 0x1e, 0x3e, 0x1d, 0x46, 0x9b, 0x45, 0xbb, 0x45, 0xdc, 0x45, 0x1e, 0x3e,
        0x13, 0x44, 0x49, 0x4a, 0x8b, 0x42, 0x4a, 0x42, 0x09, 0x3a, 0x09, 0x3a, 0xe8, 0x39, 0xc8, 0x31, 0xc8, 0x31, 0xa8, 0x31,
        0x46, 0x19, 0x05, 0x19, 0x05, 0x19, 0x05, 0x19, 0xa4, 0x10, 0xa4, 0x10, 0xc4, 0x10, 0x26, 0x19, 0x47, 0x21, 0x87, 0x21,
        0x2a, 0x3a, 0x4a, 0x42, 0x4a, 0x42, 0x09, 0x3a, 0xc8, 0x29, 0x88, 0x29, 0xa7, 0x29, 0xe4, 0x10, 0x00, 0x00, 0x00, 0x00,
        0x41, 0x08, 0x56, 0xae, 0x7a, 0xc7, 0x39, 0xb7, 0x18, 0xaf, 0xb7, 0xa6, 0xb7, 0xa6, 0xb7, 0xa6, 0xd7, 0xa6, 0xd7, 0xae,
        0xd7, 0xae, 0xd7, 0xae, 0xd7, 0xae, 0xd7, 0xae, 0xd7, 0xae, 0xd7, 0xae, 0xd7, 0xae, 0xd7, 0xae, 0xd7, 0xae, 0xd7, 0xae,
        0xd7, 0xae, 0xd7, 0xae, 0xd7, 0xae, 0xd7, 0xae, 0xd7, 0xae, 0xd7, 0xae, 0xd7, 0xae, 0xd7, 0xae, 0xd7, 0xae, 0xd7, 0xae,
        0xd7, 0xae, 0xd7, 0xae, 0xd7, 0xae, 0xd7, 0xae, 0xd7, 0xae, 0xd7, 0xae, 0xd7, 0xae, 0xd7, 0xae, 0xd7, 0xae, 0xd7, 0xae,
        0xd7, 0xae, 0xd7, 0xae, 0xd7, 0xae, 0xd7, 0xae, 0xd7, 0xae, 0xd7, 0xae, 0xd7, 0xae, 0xd7, 0xae, 0xd7, 0xae, 0xd7, 0xae,
        0xd7, 0xae, 0xd7, 0xae, 0xd7, 0xae, 0xd7, 0xae, 0xd7, 0xae, 0xd7, 0xae, 0xd7, 0xae, 0xd7, 0xae, 0xd7, 0xae, 0xd7, 0xae,
        0xd7, 0xae, 0xd7, 0xae, 0xd7, 0xae, 0xd7, 0xae, 0xd7, 0xae, 0xd7, 0xae, 0xd7, 0xae, 0xd7, 0xae, 0xd7, 0xae, 0xd7, 0xae,
        0xd7, 0xae, 0xd7, 0xae, 0xd7, 0xae, 0xd7, 0xae, 0xd7, 0xae, 0xd7, 0xae, 0xd7, 0xae, 0xd7, 0xae, 0xd7, 0xae, 0xd7, 0xae,
        0xd7, 0xae, 0xd7, 0xae, 0xd7, 0xae, 0xd7, 0xae, 0xd7, 0xae, 0xd7, 0xae, 0xd7, 0xae, 0xd7, 0xae, 0xd7, 0xae, 0xd7, 0xae,
        0xd7, 0xae, 0xd7, 0xae, 0xd7, 0xae, 0xd7, 0xae, 0xd7, 0xae, 0xd7, 0xae, 0xd7, 0xae, 0xd7, 0xae, 0xd7, 0xae, 0xd7, 0xae,
        0xd7, 0xae, 0xd7, 0xae, 0xd7, 0xae, 0xd7, 0xae, 0xd7, 0xae, 0xd7, 0xae, 0xd7, 0xae, 0xd7, 0xae, 0xd7, 0xae, 0xd7, 0xae,
        0xd7, 0xae, 0xd7, 0xae, 0xd7, 0xae, 0xd7, 0xae, 0xd7, 0xae, 0xd7, 0xae, 0xd7, 0xae, 0xd7, 0xae, 0xd7, 0xae, 0xd7, 0xae,
        0xd7, 0xae, 0xd7, 0xae, 0xd7, 0xae, 0xd7, 0xae, 0xd7, 0xae, 0xd7, 0xae, 0xd7, 0xae, 0xd7, 0xae, 0xd7, 0xae, 0xd7, 0xae,
        0xd7, 0xae, 0xd7, 0xae, 0xd7, 0xae, 0xd7, 0xae, 0xd7, 0xae, 0xd7, 0xae, 0xd7, 0xae, 0xd7, 0xae, 0xd7, 0xae, 0xf7, 0xae,
        0xf7, 0xae, 0x19, 0xb7, 0x19, 0xb7, 0x18, 0xb7, 0x59, 0xbf, 0x88, 0x42, 0x00, 0x00, 0x00, 0x00, 0x20, 0x00, 0xc8, 0x31,
        0x2a, 0x3a, 0x2a, 0x3a, 0xe9, 0x31, 0xc8, 0x29, 0xa8, 0x29, 0x47, 0x19, 0x47, 0x19, 0xc4, 0x10, 0x00, 0x00, 0x00, 0x00,
        0x21, 0x00, 0x66, 0x21, 0x2a, 0x3a, 0x4a, 0x42, 0x4a, 0x42, 0x6a, 0x42, 0x4a, 0x42, 0x4a, 0x42, 0x4a, 0x42, 0x4a, 0x42,
        0x4a, 0x42, 0x4a, 0x42, 0x4a, 0x42, 0x4a, 0x3a, 0x2a, 0x3a, 0x29, 0x3a, 0x66, 0x29, 0x45, 0x21, 0x66, 0x21, 0x04, 0x19,
        0x00, 0x00, 0x00, 0x00, 0xc3, 0x18, 0xb0, 0x73, 0xf1, 0x7b, 0x6f, 0x6b, 0x21, 0x00, 0x00, 0x00, 0x00, 0x00, 0x00, 0x00,
        0x00, 0x00, 0x00, 0x00, 0x00, 0x00, 0x00, 0x00, 0x00, 0x00, 0x00, 0x00, 0x00, 0x00, 0x00, 0x00, 0xa8, 0x29, 0x25, 0x19,
        0x00, 0x00, 0x00, 0x00, 0x20, 0x00, 0x67, 0x21, 0x67, 0x21, 0xa8, 0x29, 0x29, 0x3a, 0x29, 0x3a, 0x4a, 0x42, 0x6e, 0x6b,
        0x6f, 0x6b, 0x78, 0xd6, 0xdd, 0xff, 0x9c, 0xff, 0x9c, 0xff, 0x9c, 0xff, 0x9c, 0xff, 0x9c, 0xff, 0x9c, 0xff, 0x9c, 0xff,
        0x9c, 0xff, 0x9c, 0xff, 0x9c, 0xff, 0x9c, 0xff, 0x9c, 0xff, 0x9c, 0xff, 0xfd, 0xff, 0xd3, 0x9c, 0xcc, 0x5a, 0x0d, 0x5b,
        0x0d, 0x5b, 0x6b, 0x4a, 0x4a, 0x42, 0x6a, 0x42, 0x4a, 0x42, 0x87, 0x29, 0x87, 0x29, 0x88, 0x29, 0x67, 0x29, 0x25, 0x21,
        0x41, 0x08, 0x21, 0x00, 0x21, 0x00, 0xc8, 0x39, 0x4f, 0x63, 0x90, 0x63, 0x45, 0x21, 0x00, 0x00, 0x00, 0x00, 0x00, 0x00,
        0x20, 0x00, 0x20, 0x00, 0x00, 0x00, 0x00, 0x00, 0x00, 0x00, 0x00, 0x00, 0x00, 0x00, 0x00, 0x00, 0x25, 0x21, 0xcd, 0x52,
        0xcd, 0x52, 0x09, 0x3a, 0x00, 0x00, 0x00, 0x00, 0x41, 0x08, 0xc8, 0x31, 0x09, 0x3a, 0xe8, 0x39, 0x09, 0x3a, 0x4a, 0x42,
        0x4a, 0x42, 0x4a, 0x3a, 0x4a, 0x3a, 0x4a, 0x3a, 0x4a, 0x42, 0x4a, 0x42, 0x4a, 0x3a, 0x4a, 0x3a, 0x4a, 0x3a, 0x49, 0x3a,
        0x29, 0x3a, 0xe8, 0x39, 0x55, 0x3c, 0x3f, 0x36, 0x5f, 0x3e, 0x7b, 0x3d, 0x6b, 0x42, 0x8b, 0x42, 0x6a, 0x4a, 0xf4, 0x3b,
        0x3b, 0x35, 0xd8, 0x3c, 0xf9, 0x44, 0x2f, 0x3b, 0xc8, 0x31, 0xe8, 0x31, 0xe8, 0x31, 0xe9, 0x39, 0xe8, 0x39, 0xe8, 0x31,
        0x67, 0x21, 0x46, 0x21, 0x66, 0x21, 0x26, 0x19, 0x62, 0x08, 0x62, 0x08, 0x83, 0x08, 0x26, 0x19, 0x47, 0x19, 0x47, 0x21,
        0x88, 0x29, 0x88, 0x29, 0x67, 0x21, 0x67, 0x21, 0xa8, 0x29, 0x87, 0x29, 0xa8, 0x29, 0x05, 0x19, 0x20, 0x00, 0x20, 0x00,
        0x41, 0x08, 0x4b, 0x53, 0x2e, 0x64, 0xed, 0x63, 0xd0, 0x74, 0xd7, 0xa6, 0xb7, 0xa6, 0xb7, 0xa6, 0xd7, 0xae, 0xd7, 0xae,
        0xd7, 0xae, 0xd7, 0xae, 0xd7, 0xae, 0xd7, 0xae, 0xd7, 0xae, 0xd7, 0xae, 0xd7, 0xae, 0xd7, 0xae, 0xd7, 0xae, 0xd7, 0xae,
        0xd7, 0xae, 0xd7, 0xae, 0xd7, 0xae, 0xd7, 0xae, 0xd7, 0xae, 0xd7, 0xae, 0xd7, 0xae, 0xd7, 0xae, 0xd7, 0xae, 0xd7, 0xae,
        0xd7, 0xae, 0xd7, 0xae, 0xd7, 0xae, 0xd7, 0xae, 0xd7, 0xae, 0xd7, 0xae, 0xd7, 0xae, 0xd7, 0xae, 0xd7, 0xae, 0xd7, 0xae,
        0xd7, 0xae, 0xd7, 0xae, 0xd7, 0xae, 0xd7, 0xae, 0xd7, 0xae, 0xd7, 0xae, 0xd7, 0xae, 0xd7, 0xae, 0xd7, 0xae, 0xd7, 0xae,
        0xd7, 0xae, 0xd7, 0xae, 0xd7, 0xae, 0xd7, 0xae, 0xd7, 0xae, 0xd7, 0xae, 0xd7, 0xae, 0xd7, 0xae, 0xd7, 0xae, 0xd7, 0xae,
        0xd7, 0xae, 0xd7, 0xae, 0xd7, 0xae, 0xd7, 0xae, 0xd7, 0xae, 0xd7, 0xae, 0xd7, 0xae, 0xd7, 0xae, 0xd7, 0xae, 0xd7, 0xae,
        0xd7, 0xae, 0xd7, 0xae, 0xd7, 0xae, 0xd7, 0xae, 0xd7, 0xae, 0xd7, 0xae, 0xd7, 0xae, 0xd7, 0xae, 0xd7, 0xae, 0xd7, 0xae,
        0xd7, 0xae, 0xd7, 0xae, 0xd7, 0xae, 0xd7, 0xae, 0xd7, 0xae, 0xd7, 0xae, 0xd7, 0xae, 0xd7, 0xae, 0xd7, 0xae, 0xd7, 0xae,
        0xd7, 0xae, 0xd7, 0xae, 0xd7, 0xae, 0xd7, 0xae, 0xd7, 0xae, 0xd7, 0xae, 0xd7, 0xae, 0xd7, 0xae, 0xd7, 0xae, 0xd7, 0xae,
        0xd7, 0xae, 0xd7, 0xae, 0xd7, 0xae, 0xd7, 0xae, 0xd7, 0xae, 0xd7, 0xae, 0xd7, 0xae, 0xd7, 0xae, 0xd7, 0xae, 0xd7, 0xae,
        0xd7, 0xae, 0xd7, 0xae, 0xd7, 0xae, 0xd7, 0xae, 0xd7, 0xae, 0xd7, 0xae, 0xd7, 0xae, 0xd7, 0xae, 0xd7, 0xae, 0xd7, 0xae,
        0xd7, 0xae, 0xd7, 0xae, 0xd7, 0xae, 0xd7, 0xae, 0xd7, 0xae, 0xd7, 0xae, 0xd7, 0xae, 0xd7, 0xae, 0xd7, 0xae, 0xd7, 0xae,
        0xd7, 0xae, 0xd7, 0xae, 0xd7, 0xae, 0xd7, 0xae, 0xd7, 0xae, 0xd7, 0xae, 0xd7, 0xae, 0xd7, 0xae, 0xd7, 0xae, 0xf8, 0xae,
        0xb7, 0xa6, 0xca, 0x4a, 0x48, 0x3a, 0x68, 0x3a, 0x88, 0x3a, 0xa6, 0x29, 0x05, 0x19, 0x25, 0x21, 0x26, 0x21, 0x67, 0x21,
        0x87, 0x29, 0xa8, 0x29, 0x87, 0x29, 0x67, 0x21, 0x67, 0x21, 0x46, 0x19, 0x47, 0x21, 0xc4, 0x10, 0x00, 0x00, 0x00, 0x00,
        0x20, 0x00, 0x67, 0x29, 0x29, 0x3a, 0x2a, 0x3a, 0x4a, 0x3a, 0x4a, 0x42, 0x4a, 0x42, 0x4a, 0x42, 0x4a, 0x42, 0x4a, 0x42,
        0x4a, 0x42, 0x4a, 0x42, 0x4a, 0x42, 0x4a, 0x3a, 0x2a, 0x3a, 0x29, 0x3a, 0x41, 0x08, 0x00, 0x00, 0x00, 0x00, 0x00, 0x00,
        0x00, 0x00, 0x00, 0x00, 0xc7, 0x31, 0x0d, 0x5b, 0x66, 0x29, 0x29, 0x42, 0x96, 0xb5, 0xb6, 0xb5, 0xb6, 0xb5, 0xb6, 0xb5,
        0xd7, 0xbd, 0xaa, 0x5a, 0x00, 0x00, 0x00, 0x00, 0x00, 0x00, 0x00, 0x00, 0x00, 0x00, 0x00, 0x00, 0x62, 0x08, 0x62, 0x08,
        0x00, 0x00, 0x00, 0x00, 0x21, 0x00, 0x67, 0x21, 0x67, 0x21, 0x87, 0x29, 0x09, 0x3a, 0x29, 0x3a, 0x6a, 0x42, 0x6e, 0x6b,
        0x6f, 0x6b, 0x78, 0xce, 0xdd, 0xff, 0x9c, 0xff, 0x9c, 0xff, 0x9c, 0xff, 0x9c, 0xff, 0x9c, 0xff, 0x9c, 0xff, 0x9c, 0xff,
        0x9c, 0xff, 0x9c, 0xff, 0x9c, 0xff, 0x9c, 0xff, 0xbc, 0xff, 0x9c, 0xff, 0xfd, 0xff, 0xd3, 0x9c, 0xec, 0x5a, 0x2d, 0x63,
        0x2d, 0x63, 0x8b, 0x4a, 0x4a, 0x42, 0x4a, 0x42, 0x2a, 0x3a, 0x87, 0x21, 0x87, 0x21, 0x88, 0x29, 0x83, 0x10, 0x00, 0x00,
        0x21, 0x00, 0x20, 0x00, 0xa2, 0x10, 0xed, 0x5a, 0x61, 0x08, 0x61, 0x08, 0x51, 0x8c, 0xf7, 0xbd, 0xd7, 0xbd, 0xf7, 0xbd,
        0x38, 0xc6, 0x96, 0xb5, 0x41, 0x08, 0x00, 0x00, 0x00, 0x00, 0x00, 0x00, 0x00, 0x00, 0x00, 0x00, 0x61, 0x08, 0xc3, 0x18,
        0xe4, 0x18, 0x05, 0x21, 0x00, 0x00, 0x20, 0x00, 0x20, 0x00, 0x41, 0x08, 0x41, 0x08, 0x20, 0x00, 0x04, 0x19, 0x6a, 0x42,
        0x4a, 0x3a, 0x2a, 0x3a, 0x4a, 0x3a, 0x49, 0x3a, 0x49, 0x3a, 0x4a, 0x3a, 0x4a, 0x3a, 0x4a, 0x3a, 0x4a, 0x3a, 0x49, 0x3a,
        0x4a, 0x3a, 0x08, 0x3a, 0x75, 0x3c, 0x5f, 0x3e, 0x3f, 0x3e, 0x7b, 0x3d, 0x6a, 0x42, 0x69, 0x42, 0x29, 0x4a, 0x91, 0x3b,
        0x5c, 0x2d, 0x3b, 0x2d, 0x5b, 0x35, 0x50, 0x33, 0xa7, 0x31, 0xe8, 0x31, 0xe8, 0x31, 0x87, 0x21, 0x67, 0x21, 0x67, 0x21,
        0xc8, 0x31, 0xe8, 0x31, 0x09, 0x3a, 0xc8, 0x31, 0x00, 0x00, 0x00, 0x00, 0x21, 0x00, 0x26, 0x19, 0x47, 0x19, 0x47, 0x21,
        0x67, 0x21, 0x67, 0x21, 0x26, 0x19, 0x26, 0x19, 0xa8, 0x29, 0xa8, 0x29, 0xc8, 0x29, 0x88, 0x29, 0x66, 0x21, 0x67, 0x21,
        0x66, 0x21, 0x00, 0x00, 0x00, 0x00, 0x00, 0x00, 0xc6, 0x29, 0x18, 0xaf, 0xd7, 0xae, 0xd7, 0xae, 0xd7, 0xae, 0xd7, 0xae,
        0xd7, 0xae, 0xf7, 0xae, 0xd7, 0xae, 0xd7, 0xae, 0xd7, 0xae, 0xd7, 0xae, 0xd7, 0xae, 0xd7, 0xae, 0xd7, 0xae, 0xd7, 0xae,
        0xd7, 0xae, 0xd7, 0xae, 0xd7, 0xae, 0xd7, 0xae, 0xd7, 0xae, 0xd7, 0xae, 0xd7, 0xae, 0xd7, 0xae, 0xd7, 0xae, 0xd7, 0xae,
        0xd7, 0xae, 0xd7, 0xae, 0xd7, 0xae, 0xd7, 0xae, 0xd7, 0xae, 0xd7, 0xae, 0xd7, 0xae, 0xd7, 0xae, 0xd7, 0xae, 0xd7, 0xae,
        0xd7, 0xae, 0xd7, 0xae, 0xd7, 0xae, 0xd7, 0xae, 0xd7, 0xae, 0xd7, 0xae, 0xd7, 0xae, 0xd7, 0xae, 0xd7, 0xae, 0xd7, 0xae,
        0xd7, 0xae, 0xd7, 0xae, 0xd7, 0xae, 0xd7, 0xae, 0xd7, 0xae, 0xd7, 0xae, 0xd7, 0xae, 0xd7, 0xae, 0xd7, 0xae, 0xd7, 0xae,
        0xd7, 0xae, 0xd7, 0xae, 0xd7, 0xae, 0xd7, 0xae, 0xd7, 0xae, 0xd7, 0xae, 0xd7, 0xae, 0xd7, 0xae, 0xd7, 0xae, 0xd7, 0xae,
        0xd7, 0xae, 0xd7, 0xae, 0xd7, 0xae, 0xd7, 0xae, 0xd7, 0xae, 0xd7, 0xae, 0xd7, 0xae, 0xd7, 0xae, 0xd7, 0xae, 0xd7, 0xae,
        0xd7, 0xae, 0xd7, 0xae, 0xd7, 0xae, 0xd7, 0xae, 0xd7, 0xae, 0xd7, 0xae, 0xd7, 0xae, 0xd7, 0xae, 0xd7, 0xae, 0xd7, 0xae,
        0xd7, 0xae, 0xd7, 0xae, 0xd7, 0xae, 0xd7, 0xae, 0xd7, 0xae, 0xd7, 0xae, 0xd7, 0xae, 0xd7, 0xae, 0xd7, 0xae, 0xd7, 0xae,
        0xd7, 0xae, 0xd7, 0xae, 0xd7, 0xae, 0xd7, 0xae, 0xd7, 0xae, 0xd7, 0xae, 0xd7, 0xae, 0xd7, 0xae, 0xd7, 0xae, 0xd7, 0xae,
        0xd7, 0xae, 0xd7, 0xae, 0xd7, 0xae, 0xd7, 0xae, 0xd7, 0xae, 0xd7, 0xae, 0xd7, 0xae, 0xd7, 0xae, 0xd7, 0xae, 0xd7, 0xae,
        0xd7, 0xae, 0xd7, 0xae, 0xd7, 0xae, 0xd7, 0xae, 0xd7, 0xae, 0xd7, 0xae, 0xd7, 0xae, 0xd7, 0xae, 0xd7, 0xae, 0xd7, 0xae,
        0xd7, 0xae, 0xd7, 0xae, 0xd7, 0xae, 0xd7, 0xae, 0xd7, 0xae, 0xd7, 0xae, 0xd7, 0xae, 0xd7, 0xae, 0xd7, 0xae, 0xd8, 0xae,
        0x55, 0x9e, 0x82, 0x08, 0x00, 0x00, 0x00, 0x00, 0x00, 0x00, 0xc3, 0x10, 0xc9, 0x31, 0x87, 0x29, 0x67, 0x29, 0x67, 0x21,
        0x67, 0x21, 0x87, 0x29, 0xe4, 0x18, 0xa3, 0x10, 0xa3, 0x10, 0x62, 0x08, 0x62, 0x08, 0x62, 0x08, 0xe4, 0x10, 0xc4, 0x10,
        0xc4, 0x10, 0x87, 0x29, 0x29, 0x3a, 0x29, 0x3a, 0x2a, 0x3a, 0x4a, 0x42, 0x4a, 0x42, 0x4a, 0x42, 0x4a, 0x42, 0x4a, 0x42,
        0x4a, 0x42, 0x4a, 0x42, 0x4a, 0x42, 0x4a, 0x42, 0x4a, 0x42, 0x29, 0x3a, 0x62, 0x08, 0x00, 0x00, 0x00, 0x00, 0x00, 0x00,
        0x00, 0x00, 0x00, 0x00, 0x09, 0x42, 0x4a, 0x4a, 0x00, 0x00, 0x65, 0x29, 0xdf, 0xff, 0xff, 0xff, 0xff, 0xff, 0xff, 0xff,
        0xff, 0xff, 0xef, 0x7b, 0x00, 0x00, 0x20, 0x00, 0x00, 0x00, 0x00, 0x00, 0x00, 0x00, 0x00, 0x00, 0x00, 0x00, 0x21, 0x00,
        0x82, 0x08, 0x00, 0x00, 0x21, 0x00, 0x47, 0x21, 0x47, 0x21, 0x87, 0x29, 0x29, 0x3a, 0x2a, 0x42, 0x6a, 0x4a, 0x8f, 0x6b,
        0x6f, 0x6b, 0x58, 0xce, 0xdd, 0xff, 0x9c, 0xff, 0x9c, 0xff, 0x9c, 0xff, 0x9c, 0xff, 0x9c, 0xff, 0x9c, 0xff, 0x9c, 0xff,
        0xbc, 0xff, 0x9c, 0xff, 0xbc, 0xff, 0x9c, 0xff, 0x9c, 0xff, 0x9c, 0xff, 0xfd, 0xff, 0xf3, 0x9c, 0x0d, 0x5b, 0x4e, 0x63,
        0x4e, 0x63, 0xab, 0x4a, 0x4a, 0x42, 0x4a, 0x42, 0x09, 0x3a, 0x47, 0x21, 0x47, 0x21, 0x67, 0x21, 0x82, 0x10, 0x00, 0x00,
        0x00, 0x00, 0x00, 0x00, 0x62, 0x10, 0x6a, 0x4a, 0x00, 0x00, 0x00, 0x00, 0x96, 0xb5, 0xff, 0xff, 0xff, 0xff, 0xff, 0xff,
        0xff, 0xff, 0x3c, 0xef, 0x61, 0x08, 0x00, 0x00, 0x00, 0x00, 0x00, 0x00, 0x00, 0x00, 0x00, 0x00, 0x00, 0x00, 0x00, 0x00,
        0x00, 0x00, 0x00, 0x00, 0x20, 0x00, 0x20, 0x00, 0x20, 0x00, 0x00, 0x00, 0x00, 0x00, 0x00, 0x00, 0xc3, 0x10, 0x4a, 0x42,
        0x2a, 0x3a, 0x4a, 0x3a, 0x4a, 0x3a, 0x2a, 0x3a, 0x2a, 0x3a, 0x4a, 0x3a, 0x4a, 0x3a, 0x4a, 0x42, 0x4a, 0x42, 0x4a, 0x42,
        0x4a, 0x42, 0x29, 0x42, 0x75, 0x44, 0x5f, 0x3e, 0x3f, 0x3e, 0x5b, 0x3d, 0x6a, 0x42, 0x6a, 0x42, 0x29, 0x42, 0x71, 0x3b,
        0x3b, 0x25, 0xfa, 0x2c, 0x1a, 0x35, 0x10, 0x33, 0xa7, 0x31, 0xe8, 0x31, 0xe8, 0x31, 0x67, 0x21, 0x46, 0x21, 0x46, 0x21,
        0xc8, 0x31, 0x09, 0x3a, 0x29, 0x3a, 0xe8, 0x31, 0xa3, 0x08, 0x83, 0x08, 0x82, 0x08, 0x62, 0x08, 0x62, 0x08, 0xa3, 0x10,
        0xc4, 0x18, 0xc4, 0x10, 0xa3, 0x10, 0xa3, 0x10, 0x26, 0x21, 0x46, 0x21, 0x47, 0x21, 0x87, 0x21, 0x88, 0x29, 0xa8, 0x29,
        0x87, 0x29, 0x42, 0x08, 0x20, 0x00, 0x00, 0x00, 0xa5, 0x29, 0x35, 0x9e, 0x15, 0x96, 0x35, 0x9e, 0x76, 0xa6, 0xd7, 0xae,
        0xd8, 0xae, 0xf7, 0xae, 0xf7, 0xae, 0xf7, 0xae, 0xf7, 0xae, 0xd7, 0xae, 0xd7, 0xae, 0xd7, 0xae, 0xd7, 0xae, 0xd7, 0xae,
        0xd7, 0xae, 0xd7, 0xae, 0xd7, 0xae, 0xd7, 0xae, 0xd7, 0xae, 0xd7, 0xae, 0xd7, 0xae, 0xd7, 0xae, 0xd7, 0xae, 0xd7, 0xae,
        0xd7, 0xae, 0xd7, 0xae, 0xd7, 0xae, 0xd7, 0xae, 0xd7, 0xae, 0xd7, 0xae, 0xd7, 0xae, 0xd7, 0xae, 0xd7, 0xae, 0xd7, 0xae,
        0xd7, 0xae, 0xd7, 0xae, 0xd7, 0xae, 0xd7, 0xae, 0xd7, 0xae, 0xd7, 0xae, 0xd7, 0xae, 0xd7, 0xae, 0xd7, 0xae, 0xd7, 0xae,
        0xd7, 0xae, 0xd7, 0xae, 0xd7, 0xae, 0xd7, 0xae, 0xd7, 0xae, 0xd7, 0xae, 0xd7, 0xae, 0xd7, 0xae, 0xd7, 0xae, 0xd7, 0xae,
        0xd7, 0xae, 0xd7, 0xae, 0xd7, 0xae, 0xd7, 0xae, 0xd7, 0xae, 0xd7, 0xae, 0xd7, 0xae, 0xd7, 0xae, 0xd7, 0xae, 0xd7, 0xae,
        0xd7, 0xae, 0xd7, 0xae, 0xd7, 0xae, 0xd7, 0xae, 0xd7, 0xae, 0xd7, 0xae, 0xd7, 0xae, 0xd7, 0xae, 0xd7, 0xae, 0xd7, 0xae,
        0xd7, 0xae, 0xd7, 0xae, 0xd7, 0xae, 0xd7, 0xae, 0xd7, 0xae, 0xd7, 0xae, 0xd7, 0xae, 0xd7, 0xae, 0xd7, 0xae, 0xd7, 0xae,
        0xd7, 0xae, 0xd7, 0xae, 0xd7, 0xae, 0xd7, 0xae, 0xd7, 0xae, 0xd7, 0xae, 0xd7, 0xae, 0xd7, 0xae, 0xd7, 0xae, 0xd7, 0xae,
        0xd7, 0xae, 0xd7, 0xae, 0xd7, 0xae, 0xd7, 0xae, 0xd7, 0xae, 0xd7, 0xae, 0xd7, 0xae, 0xd7, 0xae, 0xd7, 0xae, 0xd7, 0xae,
        0xd7, 0xae, 0xd7, 0xae, 0xd7, 0xae, 0xd7, 0xae, 0xd7, 0xae, 0xd7, 0xae, 0xd7, 0xae, 0xd7, 0xae, 0xd7, 0xae, 0xd7, 0xae,
        0xd7, 0xae, 0xd7, 0xae, 0xd7, 0xae, 0xd7, 0xae, 0xd7, 0xae, 0xd7, 0xae, 0xd7, 0xae, 0xd7, 0xae, 0xd7, 0xae, 0xd7, 0xae,
        0xd7, 0xae, 0xd7, 0xae, 0xd7, 0xae, 0xd7, 0xae, 0xd7, 0xae, 0xd7, 0xae, 0xd7, 0xae, 0xd7, 0xae, 0xd7, 0xae, 0xd7, 0xae,
        0x55, 0x9e, 0xc2, 0x10, 0x20, 0x00, 0x20, 0x00, 0x20, 0x00, 0x83, 0x10, 0x46, 0x21, 0x25, 0x19, 0x05, 0x19, 0xe4, 0x18,
        0xe4, 0x18, 0x05, 0x19, 0x41, 0x00, 0x00, 0x00, 0x00, 0x00, 0x00, 0x00, 0x00, 0x00, 0x41, 0x08, 0x47, 0x21, 0x47, 0x21,
        0x26, 0x19, 0xa8, 0x29, 0x29, 0x3a, 0x29, 0x3a, 0x29, 0x3a, 0x2a, 0x3a, 0x4a, 0x42, 0x4a, 0x42, 0x4a, 0x42, 0x4a, 0x42,
        0x4a, 0x42, 0x4a, 0x42, 0x4a, 0x42, 0x4a, 0x42, 0x4a, 0x42, 0x29, 0x3a, 0x62, 0x08, 0x00, 0x00, 0x00, 0x00, 0x20, 0x00,
        0x41, 0x08, 0x00, 0x00, 0x29, 0x42, 0x29, 0x42, 0x00, 0x00, 0x45, 0x29, 0x7d, 0xef, 0xdf, 0xff, 0xdf, 0xff, 0xde, 0xff,
        0xff, 0xff, 0xcf, 0x7b, 0x00, 0x00, 0x20, 0x00, 0x00, 0x00, 0x00, 0x00, 0x00, 0x00, 0x20, 0x00, 0x00, 0x00, 0xc3, 0x10,
        0xe9, 0x31, 0x20, 0x00, 0x20, 0x00, 0x46, 0x21, 0x67, 0x21, 0x87, 0x29, 0x4a, 0x42, 0x4a, 0x42, 0x8b, 0x4a, 0x8f, 0x73,
        0x6f, 0x6b, 0x58, 0xce, 0xdc, 0xff, 0x9c, 0xf7, 0x9c, 0xff, 0x9c, 0xff, 0x9c, 0xff, 0x9c, 0xff, 0x9c, 0xff, 0x9c, 0xff,
        0xbc, 0xff, 0xbc, 0xff, 0xbc, 0xff, 0xbc, 0xff, 0x9c, 0xff, 0x9c, 0xff, 0xfd, 0xff, 0xf3, 0x9c, 0x2d, 0x5b, 0x4e, 0x63,
        0x4e, 0x63, 0xab, 0x4a, 0x4a, 0x42, 0x4a, 0x42, 0x09, 0x3a, 0x26, 0x19, 0x26, 0x21, 0x47, 0x21, 0x82, 0x08, 0x00, 0x00,
        0x00, 0x00, 0x00, 0x00, 0x00, 0x00, 0xc7, 0x39, 0x00, 0x00, 0x00, 0x00, 0x96, 0xb5, 0xff, 0xff, 0xdf, 0xff, 0xdf, 0xff,
        0xff, 0xff, 0x1c, 0xe7, 0x61, 0x08, 0x00, 0x00, 0x00, 0x00, 0x00, 0x00, 0x00, 0x00, 0x00, 0x00, 0x00, 0x00, 0x00, 0x00,
        0x00, 0x00, 0x00, 0x00, 0x00, 0x00, 0x00, 0x00, 0x00, 0x00, 0x00, 0x00, 0x00, 0x00, 0x00, 0x00, 0x82, 0x10, 0x2a, 0x3a,
        0x29, 0x3a, 0x2a, 0x3a, 0x4a, 0x3a, 0x4a, 0x3a, 0x4a, 0x3a, 0x4a, 0x42, 0x4a, 0x42, 0x4a, 0x42, 0x4a, 0x42, 0x4a, 0x42,
        0x6a, 0x42, 0x29, 0x42, 0x96, 0x3c, 0x7f, 0x3e, 0x7f, 0x3e, 0x7b, 0x35, 0x2a, 0x3a, 0x29, 0x42, 0xe8, 0x41, 0x2f, 0x3b,
        0x1a, 0x2d, 0xd9, 0x2c, 0xfa, 0x34, 0xee, 0x32, 0xa7, 0x31, 0xe9, 0x31, 0xe8, 0x31, 0x87, 0x21, 0x87, 0x21, 0x67, 0x21,
        0xe9, 0x31, 0x29, 0x42, 0x4a, 0x42, 0xe9, 0x31, 0xe5, 0x10, 0xe4, 0x10, 0xa3, 0x08, 0x00, 0x00, 0x00, 0x00, 0x00, 0x00,
        0x00, 0x00, 0x00, 0x00, 0x00, 0x00, 0x00, 0x00, 0x05, 0x19, 0x26, 0x19, 0x46, 0x21, 0x67, 0x21, 0xa8, 0x29, 0xa8, 0x29,
        0x88, 0x29, 0x26, 0x19, 0x05, 0x19, 0x05, 0x19, 0xa3, 0x10, 0x82, 0x08, 0xa2, 0x08, 0x82, 0x08, 0x47, 0x3a, 0x18, 0xb7,
        0xd7, 0xae, 0xf7, 0xae, 0xf7, 0xae, 0xd7, 0xae, 0xd7, 0xae, 0xd7, 0xae, 0xd7, 0xae, 0xd7, 0xae, 0xd7, 0xae, 0xd7, 0xae,
        0xd7, 0xae, 0xd7, 0xae, 0xd7, 0xae, 0xd7, 0xae, 0xd7, 0xae, 0xd7, 0xae, 0xd7, 0xae, 0xd7, 0xae, 0xd7, 0xae, 0xd7, 0xae,
        0xd7, 0xae, 0xd7, 0xae, 0xd7, 0xae, 0xd7, 0xae, 0xd7, 0xae, 0xd7, 0xae, 0xd7, 0xae, 0xd7, 0xae, 0xd7, 0xae, 0xd7, 0xae,
        0xd7, 0xae, 0xd7, 0xae, 0xd7, 0xae, 0xd7, 0xae, 0xd7, 0xae, 0xd7, 0xae, 0xd7, 0xae, 0xd7, 0xae, 0xd7, 0xae, 0xd7, 0xae,
        0xd7, 0xae, 0xd7, 0xae, 0xd7, 0xae, 0xd7, 0xae, 0xd7, 0xae, 0xd7, 0xae, 0xd7, 0xae, 0xd7, 0xae, 0xd7, 0xae, 0xd7, 0xae,
        0xd7, 0xae, 0xd7, 0xae, 0xf7, 0xae, 0xd7, 0xae, 0xd7, 0xae, 0xd7, 0xae, 0xd7, 0xae, 0xd7, 0xae, 0xd7, 0xae, 0xd7, 0xae,
        0xd7, 0xae, 0xd7, 0xae, 0xd7, 0xae, 0xd7, 0xae, 0xd7, 0xae, 0xd7, 0xae, 0xd7, 0xae, 0xd7, 0xae, 0xd7, 0xae, 0xd7, 0xae,
        0xd7, 0xae, 0xd7, 0xae, 0xd7, 0xae, 0xd7, 0xae, 0xd7, 0xae, 0xd7, 0xae, 0xd7, 0xae, 0xd7, 0xae, 0xd7, 0xae, 0xd7, 0xae,
        0xd7, 0xae, 0xd7, 0xae, 0xd7, 0xae, 0xd7, 0xae, 0xd7, 0xae, 0xd7, 0xae, 0xd7, 0xae, 0xd7, 0xae, 0xd7, 0xae, 0xd7, 0xae,
        0xd7, 0xae, 0xd7, 0xae, 0xd7, 0xae, 0xd7, 0xae, 0xd7, 0xae, 0xd7, 0xae, 0xd7, 0xae, 0xd7, 0xae, 0xd7, 0xae, 0xd7, 0xae,
        0xd7, 0xae, 0xd7, 0xae, 0xd7, 0xae, 0xd7, 0xae, 0xd7, 0xae, 0xd7, 0xae, 0xd7, 0xae, 0xd7, 0xae, 0xd7, 0xae, 0xd7, 0xae,
        0xd7, 0xae, 0xd7, 0xae, 0xd7, 0xae, 0xd7, 0xae, 0xd7, 0xae, 0xd7, 0xae, 0xd7, 0xae, 0xd7, 0xae, 0xd7, 0xae, 0xd7, 0xae,
        0xd7, 0xae, 0xd7, 0xae, 0xd7, 0xae, 0xd7, 0xae, 0xd7, 0xae, 0xd7, 0xae, 0xd7, 0xae, 0xd7, 0xae, 0xd7, 0xae, 0xd7, 0xae,
        0x35, 0x9e, 0xa2, 0x10, 0x20, 0x00, 0x00, 0x00, 0x00, 0x00, 0x00, 0x00, 0x00, 0x00, 0x00, 0x00, 0x00, 0x00, 0x00, 0x00,
        0x00, 0x00, 0x00, 0x00, 0x00, 0x00, 0x00, 0x00, 0x00, 0x00, 0x00, 0x00, 0x00, 0x00, 0x41, 0x08, 0x87, 0x21, 0x87, 0x21,
        0x67, 0x21, 0xe8, 0x31, 0x29, 0x3a, 0x29, 0x3a, 0x29, 0x3a, 0x09, 0x3a, 0x09, 0x3a, 0x09, 0x3a, 0x4a, 0x42, 0x4a, 0x42,
        0x4a, 0x42, 0x4a, 0x42, 0x4a, 0x42, 0x4a, 0x42, 0x4a, 0x42, 0x29, 0x3a, 0x61, 0x08, 0x00, 0x00, 0x00, 0x00, 0x04, 0x21,
        0x52, 0x8c, 0x11, 0x84, 0xd4, 0x9c, 0x08, 0x42, 0x00, 0x00, 0x24, 0x21, 0x7d, 0xef, 0xdf, 0xff, 0xbe, 0xff, 0xde, 0xff,
        0xff, 0xff, 0xef, 0x7b, 0x00, 0x00, 0x20, 0x00, 0x00, 0x00, 0x00, 0x00, 0x00, 0x00, 0x20, 0x00, 0x20, 0x00, 0x61, 0x08,
        0xe4, 0x18, 0x20, 0x00, 0x41, 0x08, 0x67, 0x21, 0x87, 0x21, 0xc8, 0x31, 0x6a, 0x42, 0x8b, 0x4a, 0x6b, 0x4a, 0x11, 0x84,
        0x93, 0x94, 0x99, 0xd6, 0xbc, 0xff, 0x9c, 0xf7, 0x9c, 0xff, 0x9c, 0xff, 0x9c, 0xff, 0x9c, 0xff, 0x9c, 0xff, 0xbc, 0xff,
        0xbc, 0xff, 0x9c, 0xff, 0xbc, 0xff, 0xbc, 0xff, 0xbc, 0xff, 0xbd, 0xff, 0xfe, 0xff, 0xf3, 0x9c, 0x2d, 0x5b, 0x4e, 0x63,
        0x4e, 0x63, 0xab, 0x4a, 0x4a, 0x42, 0x4a, 0x42, 0x09, 0x3a, 0x26, 0x19, 0xe5, 0x18, 0x62, 0x08, 0x20, 0x00, 0x00, 0x00,
        0xe8, 0x39, 0xcc, 0x5a, 0xec, 0x62, 0x6a, 0x52, 0x00, 0x00, 0x00, 0x00, 0x96, 0xb5, 0xff, 0xff, 0xdf, 0xff, 0xdf, 0xff,
        0xff, 0xff, 0x1c, 0xe7, 0x61, 0x08, 0x00, 0x00, 0x00, 0x00, 0x00, 0x00, 0x00, 0x00, 0x00, 0x00, 0x00, 0x00, 0x00, 0x00,
        0x00, 0x00, 0xa2, 0x10, 0x49, 0x4a, 0x29, 0x4a, 0xe8, 0x39, 0x00, 0x00, 0x00, 0x00, 0x00, 0x00, 0x82, 0x08, 0x29, 0x3a,
        0x29, 0x3a, 0x29, 0x3a, 0x4a, 0x3a, 0x4a, 0x42, 0x4a, 0x42, 0x4a, 0x42, 0x4a, 0x42, 0x4a, 0x42, 0x4a, 0x42, 0x4a, 0x42,
        0x6a, 0x42, 0x4a, 0x42, 0x0e, 0x3b, 0xb2, 0x3b, 0x90, 0x3b, 0xd3, 0x33, 0x19, 0x35, 0xf9, 0x34, 0x18, 0x35, 0x34, 0x34,
        0x6c, 0x32, 0x6c, 0x32, 0x8c, 0x32, 0x6c, 0x32, 0xce, 0x32, 0xce, 0x3a, 0xcd, 0x3a, 0xc9, 0x29, 0x87, 0x29, 0x87, 0x29,
        0xa8, 0x29, 0xa8, 0x29, 0xc8, 0x31, 0x87, 0x29, 0x26, 0x19, 0x05, 0x19, 0xc3, 0x10, 0x00, 0x00, 0x00, 0x00, 0x00, 0x00,
        0x00, 0x00, 0x00, 0x00, 0x00, 0x00, 0x00, 0x00, 0xe4, 0x18, 0x05, 0x19, 0x25, 0x19, 0x26, 0x19, 0x46, 0x21, 0x46, 0x21,
        0x26, 0x19, 0x05, 0x19, 0xe5, 0x18, 0xe5, 0x18, 0x82, 0x08, 0x00, 0x00, 0x00, 0x00, 0x00, 0x00, 0xa5, 0x29, 0x18, 0xaf,
        0xd7, 0xae, 0xd7, 0xae, 0xd7, 0xae, 0xd7, 0xae, 0xd7, 0xae, 0xd7, 0xae, 0xd7, 0xae, 0xd7, 0xae, 0xd7, 0xae, 0xf7, 0xae,
        0xd7, 0xae, 0xd7, 0xae, 0xd7, 0xae, 0xd7, 0xae, 0xd7, 0xae, 0xd7, 0xae, 0xd7, 0xae, 0xd7, 0xae, 0xd7, 0xae, 0xd7, 0xae,
        0xd7, 0xae, 0xd7, 0xae, 0xd7, 0xae, 0xd7, 0xae, 0xd7, 0xae, 0xd7, 0xae, 0xd7, 0xae, 0xd7, 0xae, 0xd7, 0xae, 0xd7, 0xae,
        0xd7, 0xae, 0xd7, 0xae, 0xd7, 0xae, 0xd7, 0xae, 0xd7, 0xae, 0xd7, 0xae, 0xd7, 0xae, 0xd7, 0xae, 0xd7, 0xae, 0xd7, 0xae,
        0xd7, 0xae, 0xd7, 0xae, 0xd7, 0xae, 0xd7, 0xae, 0xd7, 0xae, 0xd7, 0xae, 0xd7, 0xae, 0xd7, 0xae, 0xd7, 0xae, 0xd7, 0xae,
        0xd7, 0xae, 0xd7, 0xae, 0xd7, 0xae, 0xd7, 0xae, 0xd7, 0xae, 0xd7, 0xae, 0xd7, 0xae, 0xd7, 0xae, 0xd7, 0xae, 0xd7, 0xae,
        0xd7, 0xae, 0xd7, 0xae, 0xd7, 0xae, 0xd7, 0xae, 0xd7, 0xae, 0xd7, 0xae, 0xd7, 0xae, 0xd7, 0xae, 0xd7, 0xae, 0xd7, 0xae,
        0xd7, 0xae, 0xd7, 0xae, 0xd7, 0xae, 0xd7, 0xae, 0xd7, 0xae, 0xd7, 0xae, 0xd7, 0xae, 0xd7, 0xae, 0xd7, 0xae, 0xd7, 0xae,
        0xd7, 0xae, 0xd7, 0xae, 0xd7, 0xae, 0xd7, 0xae, 0xd7, 0xae, 0xd7, 0xae, 0xd7, 0xae, 0xd7, 0xae, 0xd7, 0xae, 0xd7, 0xae,
        0xd7, 0xae, 0xd7, 0xae, 0xd7, 0xae, 0xd7, 0xae, 0xd7, 0xae, 0xd7, 0xae, 0xd7, 0xae, 0xd7, 0xae, 0xd7, 0xae, 0xd7, 0xae,
        0xd7, 0xae, 0xd7, 0xae, 0xd7, 0xae, 0xd7, 0xae, 0xd7, 0xae, 0xd7, 0xae, 0xd7, 0xae, 0xd7, 0xae, 0xd7, 0xae, 0xd7, 0xae,
        0xd7, 0xae, 0xd7, 0xae, 0xd7, 0xae, 0xd7, 0xae, 0xd7, 0xae, 0xd7, 0xae, 0xd7, 0xae, 0xd7, 0xae, 0xd7, 0xae, 0xd7, 0xae,
        0xd7, 0xae, 0xd7, 0xae, 0xd7, 0xae, 0xd7, 0xae, 0xd7, 0xae, 0xd7, 0xae, 0xd7, 0xae, 0xd7, 0xae, 0xd7, 0xae, 0xf7, 0xae,
        0x35, 0x9e, 0x03, 0x19, 0x61, 0x08, 0x61, 0x08, 0x81, 0x08, 0xa2, 0x10, 0xa2, 0x10, 0xa2, 0x10, 0x82, 0x08, 0x81, 0x08,
        0x81, 0x08, 0x81, 0x08, 0x81, 0x08, 0xa1, 0x08, 0x81, 0x08, 0x00, 0x00, 0x00, 0x00, 0x41, 0x08, 0xa8, 0x29, 0xa8, 0x29,
        0xa8, 0x29, 0x09, 0x3a, 0x29, 0x3a, 0x29, 0x3a, 0x29, 0x3a, 0xe9, 0x31, 0xe8, 0x31, 0xe9, 0x31, 0x2a, 0x42, 0x4a, 0x42,
        0x4a, 0x42, 0x4a, 0x42, 0x4a, 0x42, 0x4a, 0x42, 0x49, 0x3a, 0x29, 0x3a, 0x61, 0x08, 0x00, 0x00, 0x00, 0x00, 0x25, 0x29,
        0x77, 0xb5, 0x77, 0xb5, 0xb8, 0xbd, 0xe8, 0x39, 0x00, 0x00, 0x24, 0x21, 0x5d, 0xef, 0xbe, 0xff, 0xde, 0xff, 0xdf, 0xff,
        0xff, 0xff, 0xef, 0x7b, 0x00, 0x00, 0x00, 0x00, 0x00, 0x00, 0x00, 0x00, 0x00, 0x00, 0x00, 0x00, 0x20, 0x00, 0x20, 0x08,
        0x00, 0x08, 0x20, 0x00, 0x62, 0x08, 0x88, 0x29, 0xa8, 0x29, 0xe8, 0x31, 0x6b, 0x42, 0x8b, 0x4a, 0x6a, 0x4a, 0x31, 0x84,
        0xd4, 0x9c, 0xd9, 0xde, 0xbc, 0xff, 0x9c, 0xff, 0x9c, 0xff, 0x9c, 0xff, 0x9c, 0xff, 0x9c, 0xff, 0xbc, 0xff, 0x9c, 0xff,
        0x9c, 0xff, 0xbc, 0xff, 0x9c, 0xff, 0xbc, 0xff, 0xbc, 0xff, 0xbd, 0xff, 0xfe, 0xff, 0xf3, 0x9c, 0x2d, 0x5b, 0x4e, 0x63,
        0x4e, 0x63, 0xab, 0x4a, 0x4a, 0x42, 0x4a, 0x42, 0x09, 0x3a, 0x46, 0x21, 0xc4, 0x10, 0x00, 0x00, 0x00, 0x00, 0x00, 0x00,
        0x4e, 0x6b, 0xf6, 0x9c, 0xf6, 0xa4, 0x2d, 0x6b, 0x00, 0x00, 0x00, 0x00, 0xb6, 0xb5, 0xff, 0xff, 0xdf, 0xff, 0xdf, 0xff,
        0xff, 0xff, 0xfb, 0xe6, 0x61, 0x08, 0x00, 0x00, 0x00, 0x00, 0x00, 0x00, 0x00, 0x00, 0x00, 0x00, 0x00, 0x00, 0x00, 0x00,
        0x00, 0x00, 0x25, 0x21, 0xd5, 0x9c, 0xd5, 0x9c, 0x11, 0x84, 0x20, 0x00, 0x00, 0x00, 0x00, 0x00, 0x82, 0x08, 0x29, 0x3a,
        0x29, 0x3a, 0x29, 0x3a, 0x4a, 0x3a, 0x4a, 0x3a, 0x4a, 0x3a, 0x4a, 0x42, 0x4a, 0x42, 0x4a, 0x42, 0x4a, 0x42, 0x4a, 0x42,
        0x4a, 0x42, 0x6a, 0x42, 0x49, 0x42, 0x08, 0x42, 0xe7, 0x41, 0xcc, 0x3a, 0x3f, 0x2e, 0x3f, 0x26, 0x7f, 0x2e, 0xb7, 0x2c,
        0xa7, 0x31, 0xe8, 0x31, 0xe8, 0x31, 0x8d, 0x32, 0x72, 0x33, 0x71, 0x3b, 0x50, 0x3b, 0xe9, 0x29, 0x88, 0x29, 0x88, 0x29,
        0x67, 0x21, 0x67, 0x21, 0x67, 0x21, 0x46, 0x21, 0x26, 0x19, 0x26, 0x19, 0xc4, 0x10, 0x00, 0x00, 0x00, 0x00, 0x00, 0x00,
        0x00, 0x00, 0x00, 0x00, 0x00, 0x00, 0x00, 0x00, 0x00, 0x00, 0x20, 0x00, 0x21, 0x00, 0x21, 0x00, 0x20, 0x00, 0x00, 0x00,
        0x00, 0x00, 0x00, 0x00, 0x00, 0x00, 0x00, 0x00, 0x00, 0x00, 0x20, 0x00, 0x20, 0x00, 0x00, 0x00, 0xe6, 0x31, 0x18, 0xb7,
        0xd7, 0xae, 0xd7, 0xae, 0xd7, 0xae, 0xd7, 0xae, 0xd7, 0xae, 0xd7, 0xae, 0xd7, 0xae, 0xd7, 0xae, 0xd7, 0xae, 0xd7, 0xae,
        0xd7, 0xae, 0xd7, 0xae, 0xd7, 0xae, 0xd7, 0xae, 0xd7, 0xae, 0xd7, 0xae, 0xd7, 0xae, 0xd7, 0xae, 0xd7, 0xae, 0xd7, 0xae,
        0xd7, 0xae, 0xd7, 0xae, 0xd7, 0xae, 0xd7, 0xae, 0xd7, 0xae, 0xd7, 0xae, 0xd7, 0xae, 0xd7, 0xae, 0xd7, 0xae, 0xd7, 0xae,
        0xd7, 0xae, 0xd7, 0xae, 0xd7, 0xae, 0xd7, 0xae, 0xd7, 0xae, 0xd7, 0xae, 0xd7, 0xae, 0xd7, 0xae, 0xd7, 0xae, 0xd7, 0xae,
        0xd7, 0xae, 0xd7, 0xae, 0xd7, 0xae, 0xd7, 0xae, 0xd7, 0xae, 0xd7, 0xae, 0xd7, 0xae, 0xd7, 0xae, 0xd7, 0xae, 0xd7, 0xae,
        0xd7, 0xae, 0xd7, 0xae, 0xd7, 0xae, 0xd7, 0xae, 0xd7, 0xae, 0xd7, 0xae, 0xd7, 0xae, 0xd7, 0xae, 0xd7, 0xae, 0xd7, 0xae,
        0xd7, 0xae, 0xd7, 0xae, 0xd7, 0xae, 0xd7, 0xae, 0xd7, 0xae, 0xd7, 0xae, 0xd7, 0xae, 0xd7, 0xae, 0xd7, 0xae, 0xd7, 0xae,
        0xd7, 0xae, 0xd7, 0xae, 0xd7, 0xae, 0xd7, 0xae, 0xd7, 0xae, 0xd7, 0xae, 0xd7, 0xae, 0xd7, 0xae, 0xd7, 0xae, 0xd7, 0xae,
        0xd7, 0xae, 0xd7, 0xae, 0xd7, 0xae, 0xd7, 0xae, 0xd7, 0xae, 0xd7, 0xae, 0xd7, 0xae, 0xd7, 0xae, 0xd7, 0xae, 0xd7, 0xae,
        0xd7, 0xae, 0xd7, 0xae, 0xd7, 0xae, 0xd7, 0xae, 0xd7, 0xae, 0xd7, 0xae, 0xd7, 0xae, 0xd7, 0xae, 0xd7, 0xae, 0xd7, 0xae,
        0xd7, 0xae, 0xd7, 0xae, 0xd7, 0xae, 0xd7, 0xae, 0xd7, 0xae, 0xd7, 0xae, 0xd7, 0xae, 0xd7, 0xae, 0xd7, 0xae, 0xd7, 0xae,
        0xd7, 0xae, 0xd7, 0xae, 0xd7, 0xae, 0xd7, 0xae, 0xd7, 0xae, 0xd7, 0xae, 0xd7, 0xae, 0xd7, 0xae, 0xd7, 0xae, 0xd7, 0xae,
        0xd7, 0xae, 0xd7, 0xae, 0xd7, 0xae, 0xd7, 0xae, 0xd7, 0xae, 0xd7, 0xae, 0xd7, 0xae, 0xd7, 0xae, 0xd7, 0xae, 0xd7, 0xae,
        0xb6, 0xa6, 0x14, 0x96, 0xf4, 0x95, 0x14, 0x96, 0x35, 0x9e, 0x55, 0x9e, 0x55, 0xa6, 0x35, 0xa6, 0x35, 0x9e, 0x14, 0x96,
        0x14, 0x96, 0xf4, 0x95, 0xf4, 0x95, 0x34, 0x96, 0x31, 0x7d, 0x20, 0x00, 0x00, 0x00, 0x41, 0x08, 0x87, 0x29, 0xa8, 0x29,
        0xa8, 0x29, 0x09, 0x3a, 0x29, 0x3a, 0x29, 0x3a, 0x09, 0x3a, 0xe8, 0x31, 0xe8, 0x31, 0xe8, 0x31, 0x2a, 0x3a, 0x4a, 0x42,
        0x4a, 0x42, 0x4a, 0x42, 0x4a, 0x42, 0x4a, 0x42, 0x4a, 0x42, 0x29, 0x3a, 0x61, 0x08, 0x00, 0x00, 0x00, 0x00, 0x24, 0x29,
        0x35, 0xad, 0x36, 0xad, 0x76, 0xb5, 0xc7, 0x39, 0x00, 0x00, 0x24, 0x21, 0x9e, 0xf7, 0xff, 0xff, 0xff, 0xff, 0xff, 0xff,
        0xff, 0xff, 0xef, 0x7b, 0x00, 0x00, 0x00, 0x00, 0x00, 0x00, 0x00, 0x00, 0x00, 0x00, 0x00, 0x00, 0x00, 0x00, 0x20, 0x00,
        0x20, 0x00, 0x20, 0x00, 0x62, 0x08, 0x88, 0x29, 0xa8, 0x29, 0xc8, 0x31, 0x4a, 0x42, 0x6a, 0x42, 0x4a, 0x42, 0xf0, 0x7b,
        0xd4, 0x94, 0xfa, 0xde, 0xbc, 0xff, 0x9c, 0xff, 0x9c, 0xff, 0x9c, 0xff, 0x9c, 0xff, 0x9c, 0xff, 0xbc, 0xff, 0x9c, 0xff,
        0x9c, 0xff, 0x9c, 0xff, 0xbc, 0xff, 0xbc, 0xff, 0xbc, 0xff, 0x9c, 0xff, 0xfd, 0xff, 0xf3, 0x9c, 0x0d, 0x5b, 0x4e, 0x63,
        0x2d, 0x63, 0x8b, 0x4a, 0x4a, 0x42, 0x4a, 0x42, 0x09, 0x3a, 0x46, 0x19, 0xe4, 0x10, 0x00, 0x00, 0x00, 0x00, 0x00, 0x00,
        0x0d, 0x63, 0xb4, 0x94, 0xb4, 0x9c, 0x2d, 0x6b, 0x00, 0x00, 0x00, 0x00, 0xf7, 0xbd, 0xff, 0xff, 0xff, 0xff, 0xff, 0xff,
        0xff, 0xff, 0x3c, 0xe7, 0x41, 0x08, 0x00, 0x00, 0x00, 0x00, 0x00, 0x00, 0x00, 0x00, 0x00, 0x00, 0x00, 0x00, 0x00, 0x00,
        0x00, 0x00, 0x04, 0x21, 0x74, 0x94, 0x94, 0x94, 0xf0, 0x7b, 0x20, 0x00, 0x00, 0x00, 0x00, 0x00, 0xa2, 0x10, 0x2a, 0x3a,
        0x29, 0x3a, 0x2a, 0x3a, 0x2a, 0x3a, 0x4a, 0x3a, 0x4a, 0x42, 0x4a, 0x42, 0x4a, 0x42, 0x4a, 0x42, 0x4a, 0x42, 0x4a, 0x42,
        0x4a, 0x42, 0x4a, 0x42, 0x4a, 0x3a, 0x49, 0x3a, 0x08, 0x3a, 0xcd, 0x3a, 0xfe, 0x2d, 0x1f, 0x26, 0x5f, 0x2e, 0xd8, 0x34,
        0xc8, 0x31, 0xe9, 0x31, 0xe9, 0x31, 0x8c, 0x3a, 0x72, 0x3b, 0x71, 0x3b, 0x30, 0x43, 0xc9, 0x29, 0x67, 0x21, 0x67, 0x21,
        0x67, 0x21, 0x67, 0x21, 0x46, 0x21, 0x46, 0x21, 0x26, 0x19, 0x26, 0x19, 0xe5, 0x10, 0x00, 0x00, 0x00, 0x00, 0x00, 0x00,
        0x20, 0x00, 0x00, 0x00, 0x00, 0x00, 0x00, 0x00, 0x00, 0x00, 0x00, 0x00, 0x00, 0x00, 0x00, 0x00, 0x00, 0x00, 0x00, 0x00,
        0x00, 0x00, 0x00, 0x00, 0x00, 0x00, 0x00, 0x00, 0x00, 0x00, 0x00, 0x00, 0x00, 0x00, 0x00, 0x00, 0xa5, 0x29, 0x18, 0xb7,
        0xf7, 0xae, 0xd7, 0xae, 0xd7, 0xae, 0xd7, 0xae, 0xd7, 0xae, 0xd7, 0xae, 0xd7, 0xae, 0xd7, 0xae, 0xd7, 0xae, 0xd7, 0xae,
        0xd7, 0xae, 0xd7, 0xae, 0xd7, 0xae, 0xd7, 0xae, 0xd7, 0xae, 0xd7, 0xae, 0xd7, 0xae, 0xd7, 0xae, 0xd7, 0xae, 0xd7, 0xae,
        0xd7, 0xae, 0xd7, 0xae, 0xd7, 0xae, 0xd7, 0xae, 0xd7, 0xae, 0xd7, 0xae, 0xd7, 0xae, 0xd7, 0xae, 0xd7, 0xae, 0xd7, 0xae,
        0xd7, 0xae, 0xd7, 0xae, 0xd7, 0xae, 0xd7, 0xae, 0xd7, 0xae, 0xd7, 0xae, 0xd7, 0xae, 0xd7, 0xae, 0xd7, 0xae, 0xd7, 0xae,
        0xd7, 0xae, 0xd7, 0xae, 0xd7, 0xae, 0xd7, 0xae, 0xd7, 0xae, 0xd7, 0xae, 0xd7, 0xae, 0xd7, 0xae, 0xd7, 0xae, 0xd7, 0xae,
        0xd7, 0xae, 0xd7, 0xae, 0xd7, 0xae, 0xd7, 0xae, 0xd7, 0xae, 0xd7, 0xae, 0xd7, 0xae, 0xd7, 0xae, 0xd7, 0xae, 0xd7, 0xae,
        0xd7, 0xae, 0xd7, 0xae, 0xd7, 0xae, 0xd7, 0xae, 0xd7, 0xae, 0xd7, 0xae, 0xd7, 0xae, 0xd7, 0xae, 0xd7, 0xae, 0xd7, 0xae,
        0xd7, 0xae, 0xd7, 0xae, 0xd7, 0xae, 0xd7, 0xae, 0xd7, 0xae, 0xd7, 0xae, 0xd7, 0xae, 0xd7, 0xae, 0xd7, 0xae, 0xd7, 0xae,
        0xd7, 0xae, 0xd7, 0xae, 0xd7, 0xae, 0xd7, 0xae, 0xd7, 0xae, 0xd7, 0xae, 0xd7, 0xae, 0xd7, 0xae, 0xd7, 0xae, 0xd7, 0xae,
        0xd7, 0xae, 0xd7, 0xae, 0xd7, 0xae, 0xd7, 0xae, 0xd7, 0xae, 0xd7, 0xae, 0xd7, 0xae, 0xd7, 0xae, 0xd7, 0xae, 0xd7, 0xae,
        0xd7, 0xae, 0xd7, 0xae, 0xd7, 0xae, 0xd7, 0xae, 0xd7, 0xae, 0xd7, 0xae, 0xd7, 0xae, 0xd7, 0xae, 0xd7, 0xae, 0xd7, 0xae,
        0xd7, 0xae, 0xd7, 0xae, 0xd7, 0xae, 0xd7, 0xae, 0xd7, 0xae, 0xd7, 0xae, 0xd7, 0xae, 0xd7, 0xae, 0xd7, 0xae, 0xd7, 0xae,
        0xd7, 0xae, 0xd7, 0xae, 0xd7, 0xae, 0xd7, 0xae, 0xd7, 0xae, 0xd7, 0xae, 0xd7, 0xae, 0xd7, 0xae, 0xd7, 0xae, 0xd7, 0xae,
        0xd7, 0xae, 0xf7, 0xae, 0xf7, 0xae, 0xf7, 0xae, 0xf8, 0xae, 0x18, 0xb7, 0x18, 0xb7, 0x18, 0xb7, 0x18, 0xb7, 0xf8, 0xae,
        0xf7, 0xae, 0xd7, 0xa6, 0xd7, 0xa6, 0xf7, 0xa6, 0xb3, 0x8d, 0x20, 0x00, 0x00, 0x00, 0x61, 0x08, 0x09, 0x3a, 0x4a, 0x42,
        0x6a, 0x42, 0xc8, 0x29, 0x87, 0x21, 0x67, 0x21, 0xa7, 0x29, 0x29, 0x3a, 0x29, 0x3a, 0x29, 0x3a, 0x4a, 0x42, 0x4a, 0x42,
        0x4a, 0x42, 0x4a, 0x42, 0x4a, 0x42, 0x4a, 0x42, 0x6a, 0x42, 0x4a, 0x42, 0x82, 0x08, 0x00, 0x00, 0x00, 0x00, 0x86, 0x31,
        0xba, 0xd6, 0xbb, 0xde, 0xdb, 0xde, 0x49, 0x4a, 0x00, 0x00, 0x61, 0x08, 0x8a, 0x52, 0xaa, 0x52, 0xaa, 0x52, 0xaa, 0x52,
        0xcb, 0x5a, 0x45, 0x29, 0x00, 0x00, 0x00, 0x00, 0x00, 0x00, 0x00, 0x00, 0x00, 0x00, 0x00, 0x00, 0x00, 0x00, 0x00, 0x00,
        0x00, 0x00, 0x00, 0x00, 0x41, 0x08, 0x87, 0x21, 0x87, 0x29, 0xa8, 0x29, 0xec, 0x5a, 0x2d, 0x63, 0x0d, 0x5b, 0x96, 0xb5,
        0xda, 0xde, 0x7c, 0xf7, 0xbc, 0xff, 0x9c, 0xff, 0x9c, 0xff, 0x9c, 0xff, 0x9c, 0xff, 0xbc, 0xff, 0xbc, 0xff, 0x9c, 0xff,
        0x9c, 0xff, 0x9c, 0xff, 0x9c, 0xff, 0x9c, 0xff, 0x9c, 0xff, 0x9c, 0xff, 0xdc, 0xff, 0xf3, 0x9c, 0x4e, 0x63, 0x6e, 0x6b,
        0x6e, 0x6b, 0x6a, 0x42, 0x09, 0x3a, 0x29, 0x3a, 0x09, 0x3a, 0xa7, 0x29, 0x25, 0x21, 0x00, 0x00, 0x00, 0x00, 0x00, 0x00,
        0x8e, 0x73, 0x97, 0xb5, 0x97, 0xb5, 0xd0, 0x7b, 0x00, 0x00, 0x00, 0x00, 0x28, 0x42, 0xeb, 0x5a, 0xaa, 0x52, 0x8a, 0x52,
        0xaa, 0x52, 0x89, 0x52, 0x00, 0x00, 0x00, 0x00, 0x00, 0x00, 0x00, 0x00, 0x00, 0x00, 0x00, 0x00, 0x00, 0x00, 0x00, 0x00,
        0x00, 0x00, 0x04, 0x21, 0xb4, 0x94, 0xb4, 0x9c, 0x11, 0x84, 0x21, 0x00, 0x20, 0x00, 0x00, 0x00, 0xc3, 0x10, 0x4a, 0x42,
        0x2a, 0x3a, 0x2a, 0x3a, 0x4a, 0x3a, 0x4a, 0x3a, 0x49, 0x3a, 0x49, 0x3a, 0x4a, 0x42, 0x4a, 0x42, 0x4a, 0x42, 0x4a, 0x3a,
        0x4a, 0x3a, 0x4a, 0x3a, 0x49, 0x3a, 0x29, 0x3a, 0xe8, 0x39, 0xcd, 0x3a, 0x1e, 0x2e, 0x3f, 0x2e, 0x5f, 0x36, 0x3a, 0x35,
        0x50, 0x43, 0x70, 0x43, 0x71, 0x43, 0x0f, 0x3b, 0x8c, 0x3a, 0x8b, 0x3a, 0x6b, 0x3a, 0x09, 0x32, 0xe8, 0x31, 0xe8, 0x31,
        0x67, 0x21, 0x26, 0x19, 0x46, 0x19, 0x46, 0x19, 0x26, 0x19, 0x26, 0x19, 0x05, 0x19, 0x62, 0x08, 0x62, 0x08, 0x62, 0x08,
        0x41, 0x08, 0x20, 0x00, 0x00, 0x00, 0x20, 0x00, 0xc6, 0x29, 0x27, 0x32, 0x06, 0x32, 0xe6, 0x31, 0xe6, 0x29, 0xc6, 0x29,
        0xc6, 0x29, 0xa6, 0x29, 0xc6, 0x29, 0xc6, 0x29, 0xc6, 0x29, 0xc6, 0x29, 0xe6, 0x29, 0xa5, 0x29, 0x4b, 0x53, 0x18, 0xb7,
        0xf7, 0xae, 0xd7, 0xae, 0xd7, 0xae, 0xd7, 0xae, 0xd7, 0xae, 0xd7, 0xae, 0xd7, 0xae, 0xd7, 0xae, 0xd7, 0xae, 0xd7, 0xae,
        0xd7, 0xae, 0xd7, 0xae, 0xd7, 0xae, 0xd7, 0xae, 0xd7, 0xae, 0xd7, 0xae, 0xd7, 0xae, 0xd7, 0xae, 0xd7, 0xae, 0xd7, 0xae,
        0xd7, 0xae, 0xd7, 0xae, 0xd7, 0xae, 0xd7, 0xae, 0xd7, 0xae, 0xd7, 0xae, 0xd7, 0xae, 0xd7, 0xae, 0xd7, 0xae, 0xd7, 0xae,
        0xd7, 0xae, 0xd7, 0xae, 0xd7, 0xae, 0xd7, 0xae, 0xd7, 0xae, 0xd7, 0xae, 0xd7, 0xae, 0xd7, 0xae, 0xd7, 0xae, 0xd7, 0xae,
        0xd7, 0xae, 0xd7, 0xae, 0xd7, 0xae, 0xd7, 0xae, 0xd7, 0xae, 0xd7, 0xae, 0xd7, 0xae, 0xd7, 0xae, 0xd7, 0xae, 0xd7, 0xae,
        0xd7, 0xae, 0xd7, 0xae, 0xd7, 0xae, 0xd7, 0xae, 0xd7, 0xae, 0xd7, 0xae, 0xd7, 0xae, 0xd7, 0xae, 0xd7, 0xae, 0xd7, 0xae,
        0xd7, 0xae, 0xd7, 0xae, 0xd7, 0xae, 0xd7, 0xae, 0xd7, 0xae, 0xd7, 0xae, 0xd7, 0xae, 0xd7, 0xae, 0xd7, 0xae, 0xd7, 0xae,
        0xd7, 0xae, 0xd7, 0xae, 0xd7, 0xae, 0xd7, 0xae, 0xd7, 0xae, 0xd7, 0xae, 0xd7, 0xae, 0xd7, 0xae, 0xd7, 0xae, 0xd7, 0xae,
        0xd7, 0xae, 0xd7, 0xae, 0xd7, 0xae, 0xd7, 0xae, 0xd7, 0xae, 0xd7, 0xae, 0xd7, 0xae, 0xd7, 0xae, 0xd7, 0xae, 0xd7, 0xae,
        0xd7, 0xae, 0xd7, 0xae, 0xd7, 0xae, 0xd7, 0xae, 0xd7, 0xae, 0xd7, 0xae, 0xd7, 0xae, 0xd7, 0xae, 0xd7, 0xae, 0xd7, 0xae,
        0xd7, 0xae, 0xd7, 0xae, 0xd7, 0xae, 0xd7, 0xae, 0xd7, 0xae, 0xd7, 0xae, 0xd7, 0xae, 0xd7, 0xae, 0xd7, 0xae, 0xd7, 0xae,
        0xd7, 0xae, 0xd7, 0xae, 0xd7, 0xae, 0xd7, 0xae, 0xd7, 0xae, 0xd7, 0xae, 0xd7, 0xae, 0xd7, 0xae, 0xd7, 0xae, 0xd7, 0xae,
        0xd7, 0xae, 0xd7, 0xae, 0xd7, 0xae, 0xd7, 0xae, 0xd7, 0xae, 0xd7, 0xae, 0xd7, 0xae, 0xd7, 0xae, 0xd7, 0xae, 0xd7, 0xae,
        0xd7, 0xae, 0xd7, 0xae, 0xd7, 0xa6, 0xd7, 0xa6, 0xd7, 0xae, 0xd7, 0xae, 0xd7, 0xae, 0xd7, 0xae, 0xf8, 0xae, 0xd8, 0xae,
        0xd7, 0xae, 0xf8, 0xae, 0xf8, 0xae, 0x18, 0xaf, 0xd4, 0x95, 0x20, 0x00, 0x00, 0x00, 0x41, 0x08, 0x4a, 0x42, 0xab, 0x4a,
        0x8b, 0x4a, 0xa8, 0x29, 0x47, 0x21, 0x46, 0x21, 0x87, 0x21, 0x4a, 0x42, 0x4a, 0x42, 0x4a, 0x42, 0x4a, 0x42, 0x4a, 0x42,
        0x4a, 0x42, 0x4a, 0x42, 0x6a, 0x42, 0x6a, 0x42, 0x6a, 0x42, 0x6a, 0x42, 0x82, 0x10, 0x20, 0x00, 0x00, 0x00, 0xc6, 0x39,
        0xff, 0xff, 0xdf, 0xff, 0xff, 0xff, 0x8a, 0x52, 0x00, 0x00, 0x00, 0x00, 0x00, 0x00, 0x00, 0x00, 0x00, 0x00, 0x00, 0x00,
        0x00, 0x00, 0x00, 0x00, 0x00, 0x00, 0x00, 0x00, 0x00, 0x00, 0x00, 0x00, 0x00, 0x00, 0x00, 0x00, 0x00, 0x00, 0x00, 0x00,
        0x00, 0x00, 0x00, 0x00, 0x41, 0x00, 0x87, 0x21, 0x87, 0x21, 0xa7, 0x29, 0x6f, 0x6b, 0xd0, 0x73, 0xaf, 0x73, 0x78, 0xd6,
        0xfd, 0xff, 0xbc, 0xff, 0xbc, 0xff, 0xbc, 0xff, 0xbc, 0xff, 0x9c, 0xff, 0x9c, 0xff, 0x9c, 0xff, 0x9c, 0xff, 0xbc, 0xff,
        0x9c, 0xff, 0x9c, 0xff, 0x9c, 0xff, 0x9c, 0xff, 0x9c, 0xff, 0x9b, 0xff, 0xbc, 0xff, 0x54, 0xad, 0xb0, 0x7b, 0xf0, 0x7b,
        0xd0, 0x7b, 0x6a, 0x42, 0xe9, 0x39, 0x09, 0x3a, 0x09, 0x3a, 0xe9, 0x39, 0x87, 0x29, 0x20, 0x00, 0x00, 0x00, 0x00, 0x00,
        0xf3, 0x9c, 0xbe, 0xff, 0xde, 0xff, 0x75, 0xad, 0x00, 0x00, 0x20, 0x00, 0x00, 0x00, 0x00, 0x00, 0x00, 0x00, 0x00, 0x00,
        0x00, 0x00, 0x00, 0x00, 0x00, 0x00, 0x00, 0x00, 0x00, 0x00, 0x00, 0x00, 0x00, 0x00, 0x00, 0x00, 0x00, 0x00, 0x00, 0x00,
        0x00, 0x00, 0x45, 0x29, 0xd7, 0xbd, 0xf8, 0xc5, 0x14, 0xa5, 0x41, 0x08, 0x20, 0x00, 0x00, 0x00, 0xc3, 0x18, 0x6a, 0x42,
        0x4a, 0x3a, 0x4a, 0x3a, 0x2a, 0x3a, 0x4a, 0x3a, 0x4a, 0x3a, 0x4a, 0x3a, 0x4a, 0x3a, 0x4a, 0x3a, 0x4a, 0x3a, 0x49, 0x3a,
        0x29, 0x3a, 0x4a, 0x3a, 0x29, 0x3a, 0x29, 0x3a, 0x09, 0x3a, 0x2a, 0x3a, 0xee, 0x32, 0x0e, 0x3b, 0xee, 0x3a, 0x76, 0x3c,
        0x7f, 0x3e, 0x3e, 0x46, 0x5f, 0x46, 0xb7, 0x3c, 0x8b, 0x3a, 0xac, 0x3a, 0x6b, 0x3a, 0x29, 0x42, 0x29, 0x3a, 0x29, 0x42,
        0x67, 0x21, 0x25, 0x19, 0x26, 0x19, 0x46, 0x19, 0x26, 0x19, 0x26, 0x19, 0x46, 0x19, 0x46, 0x19, 0x46, 0x19, 0x46, 0x19,
        0x61, 0x08, 0x20, 0x00, 0x00, 0x00, 0x20, 0x00, 0xf5, 0x9d, 0x59, 0xbf, 0x18, 0xb7, 0x18, 0xb7, 0xf8, 0xae, 0xf8, 0xae,
        0xf8, 0xae, 0xd8, 0xae, 0xf8, 0xae, 0xf8, 0xae, 0xf8, 0xae, 0x18, 0xb7, 0x18, 0xb7, 0x18, 0xb7, 0x18, 0xb7, 0xd7, 0xae,
        0xf7, 0xae, 0xd7, 0xae, 0xd7, 0xae, 0xd7, 0xae, 0xd7, 0xae, 0xd7, 0xae, 0xd7, 0xae, 0xd7, 0xae, 0xd7, 0xae, 0xd7, 0xae,
        0xd7, 0xae, 0xd7, 0xae, 0xd7, 0xae, 0xd7, 0xae, 0xd7, 0xae, 0xd7, 0xae, 0xd7, 0xae, 0xd7, 0xae, 0xd7, 0xae, 0xd7, 0xae,
        0xd7, 0xae, 0xd7, 0xae, 0xd7, 0xae, 0xd7, 0xae, 0xd7, 0xae, 0xd7, 0xae, 0xd7, 0xae, 0xd7, 0xae, 0xd7, 0xae, 0xd7, 0xae,
        0xd7, 0xae, 0xd7, 0xae, 0xd7, 0xae, 0xd7, 0xae, 0xd7, 0xae, 0xd7, 0xae, 0xd7, 0xae, 0xd7, 0xae, 0xd7, 0xae, 0xd7, 0xae,
        0xd7, 0xae, 0xd7, 0xae, 0xd7, 0xae, 0xd7, 0xae, 0xd7, 0xae, 0xd7, 0xae, 0xd7, 0xae, 0xd7, 0xae, 0xd7, 0xae, 0xd7, 0xae,
        0xd7, 0xae, 0xd7, 0xae, 0xd7, 0xae, 0xd7, 0xae, 0xd7, 0xae, 0xd7, 0xae, 0xd7, 0xae, 0xd7, 0xae, 0xd7, 0xae, 0xd7, 0xae,
        0xd7, 0xae, 0xd7, 0xae, 0xd7, 0xae, 0xd7, 0xae, 0xd7, 0xae, 0xd7, 0xae, 0xd7, 0xae, 0xd7, 0xae, 0xd7, 0xa6, 0xd7, 0xae,
        0xd7, 0xae, 0xd7, 0xae, 0xd7, 0xae, 0xd7, 0xae, 0xd7, 0xae, 0xd7, 0xae, 0xd7, 0xae, 0xd7, 0xae, 0xd7, 0xae, 0xd7, 0xae,
        0xd7, 0xae, 0xd7, 0xae, 0xd7, 0xae, 0xd7, 0xae, 0xd7, 0xae, 0xd7, 0xae, 0xd7, 0xae, 0xd7, 0xae, 0xd7, 0xae, 0xd7, 0xae,
        0xd7, 0xae, 0xd7, 0xae, 0xd7, 0xae, 0xd7, 0xae, 0xd7, 0xae, 0xd7, 0xae, 0xd7, 0xae, 0xd7, 0xae, 0xd7, 0xae, 0xd7, 0xae,
        0xd7, 0xae, 0xd7, 0xae, 0xd7, 0xae, 0xd7, 0xae, 0xd7, 0xae, 0xd7, 0xae, 0xd7, 0xae, 0xd7, 0xae, 0xd7, 0xae, 0xd7, 0xae,
        0xd7, 0xae, 0xd7, 0xae, 0xd7, 0xae, 0xd7, 0xae, 0xd7, 0xae, 0xd7, 0xae, 0xd7, 0xae, 0xd7, 0xae, 0xd7, 0xae, 0xd7, 0xae,
        0xd7, 0xae, 0xd7, 0xae, 0xd7, 0xae, 0xd7, 0xae, 0xd7, 0xae, 0xd7, 0xae, 0xd7, 0xae, 0xd7, 0xae, 0xd7, 0xae, 0xd7, 0xae,
        0xd7, 0xae, 0xd7, 0xae, 0xd7, 0xae, 0xd7, 0xae, 0xd7, 0xae, 0xd7, 0xae, 0xd7, 0xae, 0xd7, 0xae, 0xf8, 0xae, 0xf8, 0xae,
        0x18, 0xb7, 0x35, 0x9e, 0x52, 0x85, 0x93, 0x8d, 0x90, 0x74, 0x41, 0x00, 0x00, 0x00, 0x41, 0x08, 0x09, 0x3a, 0x29, 0x3a,
        0x29, 0x3a, 0xa8, 0x29, 0x67, 0x21, 0x67, 0x21, 0x87, 0x29, 0x4a, 0x42, 0x4a, 0x42, 0x4a, 0x42, 0x4a, 0x42, 0x4a, 0x42,
        0x6a, 0x42, 0x6a, 0x42, 0x4a, 0x42, 0x6a, 0x42, 0x6a, 0x42, 0x6a, 0x42, 0x82, 0x10, 0x00, 0x00, 0x00, 0x00, 0x86, 0x31,
        0xbe, 0xf7, 0x9d, 0xf7, 0xde, 0xff, 0x28, 0x42, 0x00, 0x00, 0x00, 0x00, 0x00, 0x00, 0x00, 0x00, 0x00, 0x00, 0x00, 0x00,
        0x00, 0x00, 0x00, 0x00, 0x00, 0x00, 0x00, 0x00, 0x00, 0x00, 0x00, 0x00, 0x00, 0x00, 0x00, 0x00, 0x00, 0x00, 0x00, 0x00,
        0x00, 0x00, 0x00, 0x00, 0x41, 0x00, 0x87, 0x29, 0xa7, 0x29, 0xa8, 0x31, 0x8f, 0x6b, 0xd0, 0x7b, 0xaf, 0x73, 0x37, 0xce,
        0xbc, 0xff, 0x9c, 0xff, 0xbc, 0xff, 0xbc, 0xff, 0x9c, 0xff, 0x9c, 0xff, 0xbc, 0xff, 0x9c, 0xff, 0xbc, 0xff, 0xbc, 0xff,
        0x9c, 0xff, 0x9c, 0xff, 0x9c, 0xff, 0x9c, 0xff, 0x9c, 0xff, 0x9b, 0xff, 0xbc, 0xff, 0x34, 0xad, 0xaf, 0x73, 0xd0, 0x7b,
        0xf0, 0x7b, 0x6b, 0x4a, 0x09, 0x3a, 0x29, 0x3a, 0x09, 0x3a, 0xe9, 0x31, 0x87, 0x29, 0x20, 0x00, 0x20, 0x00, 0x00, 0x00,
        0x34, 0xa5, 0xff, 0xff, 0xff, 0xff, 0x75, 0xb5, 0x00, 0x00, 0x00, 0x00, 0x00, 0x00, 0x00, 0x00, 0x00, 0x00, 0x00, 0x00,
        0x00, 0x00, 0x00, 0x00, 0x00, 0x00, 0x00, 0x00, 0x00, 0x00, 0x00, 0x00, 0x00, 0x00, 0x20, 0x00, 0x41, 0x08, 0x62, 0x08,
        0x20, 0x00, 0xe7, 0x39, 0x3c, 0xe7, 0x5d, 0xef, 0x38, 0xce, 0x61, 0x08, 0x20, 0x00, 0x00, 0x00, 0xc3, 0x10, 0x6a, 0x42,
        0x4a, 0x42, 0x2a, 0x3a, 0x2a, 0x3a, 0x4a, 0x3a, 0x4a, 0x3a, 0x4a, 0x3a, 0x2a, 0x3a, 0x2a, 0x3a, 0x4a, 0x3a, 0x4a, 0x3a,
        0x2a, 0x3a, 0x29, 0x3a, 0x29, 0x3a, 0x29, 0x3a, 0x29, 0x3a, 0x29, 0x3a, 0x09, 0x3a, 0x29, 0x42, 0x08, 0x42, 0x35, 0x3c,
        0x5f, 0x3e, 0xfe, 0x3d, 0xfe, 0x3d, 0x7c, 0x2d, 0x3c, 0x25, 0x3c, 0x2d, 0x99, 0x2c, 0x4b, 0x3a, 0x09, 0x3a, 0x29, 0x3a,
        0x67, 0x21, 0x26, 0x19, 0x46, 0x21, 0x46, 0x21, 0x46, 0x19, 0x26, 0x19, 0x26, 0x19, 0x26, 0x19, 0x26, 0x19, 0x26, 0x19,
        0x41, 0x08, 0x00, 0x00, 0x00, 0x00, 0x20, 0x00, 0xb3, 0x8d, 0x18, 0xaf, 0xd7, 0xae, 0xd7, 0xae, 0xd7, 0xae, 0xd7, 0xae,
        0xd7, 0xae, 0xd7, 0xae, 0xd7, 0xae, 0xd7, 0xae, 0xd7, 0xae, 0xd7, 0xae, 0xd7, 0xae, 0xd7, 0xae, 0xd7, 0xae, 0xd7, 0xae,
        0xd7, 0xae, 0xd7, 0xae, 0xd7, 0xae, 0xd7, 0xae, 0xd7, 0xae, 0xd7, 0xae, 0xd7, 0xae, 0xd7, 0xae, 0xd7, 0xae, 0xd7, 0xae,
        0xd7, 0xae, 0xd7, 0xae, 0xd7, 0xae, 0xd7, 0xae, 0xd7, 0xae, 0xd7, 0xae, 0xd7, 0xae, 0xd7, 0xae, 0xd7, 0xae, 0xd7, 0xae,
        0xd7, 0xae, 0xd7, 0xae, 0xd7, 0xae, 0xd7, 0xae, 0xd7, 0xae, 0xd7, 0xae, 0xd7, 0xae, 0xd7, 0xae, 0xd7, 0xae, 0xd7, 0xae,
        0xd7, 0xae, 0xd7, 0xae, 0xd7, 0xae, 0xd7, 0xae, 0xd7, 0xae, 0xd7, 0xae, 0xd7, 0xae, 0xd7, 0xae, 0xd7, 0xae, 0xd7, 0xae,
        0xd7, 0xae, 0xd7, 0xae, 0xd7, 0xae, 0xd7, 0xae, 0xd7, 0xae, 0xd7, 0xae, 0xd7, 0xae, 0xd7, 0xae, 0xd7, 0xae, 0xd7, 0xae,
        0xd7, 0xae, 0xd7, 0xae, 0xd7, 0xae, 0xd7, 0xae, 0xd7, 0xae, 0xd7, 0xae, 0xd7, 0xae, 0xd7, 0xae, 0xd7, 0xae, 0xd7, 0xae,
        0xd7, 0xae, 0xd7, 0xae, 0xd7, 0xae, 0xd7, 0xae, 0xd7, 0xae, 0xd7, 0xae, 0xd7, 0xae, 0xd7, 0xae, 0xd7, 0xae, 0xd7, 0xae,
        0xd7, 0xae, 0xd7, 0xae, 0xd7, 0xae, 0xd7, 0xae, 0xd7, 0xae, 0xd7, 0xae, 0xd7, 0xae, 0xd7, 0xae, 0xd7, 0xae, 0xd7, 0xae,
        0xd7, 0xae, 0xd7, 0xae, 0xd7, 0xae, 0xd7, 0xae, 0xd7, 0xae, 0xd7, 0xae, 0xd7, 0xae, 0xd7, 0xae, 0xd7, 0xae, 0xd7, 0xae,
        0xd7, 0xae, 0xd7, 0xae, 0xd7, 0xae, 0xd7, 0xae, 0xd7, 0xae, 0xd7, 0xae, 0xd7, 0xae, 0xd7, 0xae, 0xd7, 0xae, 0xd7, 0xae,
        0xd7, 0xae, 0xd7, 0xae, 0xd7, 0xae, 0xd7, 0xae, 0xd7, 0xae, 0xd7, 0xae, 0xd7, 0xae, 0xd7, 0xae, 0xd7, 0xae, 0xd7, 0xae,
        0xd7, 0xae, 0xd7, 0xae, 0xd7, 0xae, 0xd7, 0xae, 0xd7, 0xae, 0xd7, 0xae, 0xd7, 0xae, 0xd7, 0xae, 0xd7, 0xae, 0xd7, 0xae,
        0xd7, 0xae, 0xd7, 0xae, 0xd7, 0xae, 0xd7, 0xae, 0xd7, 0xae, 0xd7, 0xae, 0xd7, 0xae, 0xd7, 0xae, 0xd7, 0xae, 0xd7, 0xae,
        0xd7, 0xae, 0xd7, 0xae, 0xd7, 0xae, 0xd7, 0xae, 0xd7, 0xae, 0xd7, 0xae, 0xd7, 0xae, 0xd7, 0xae, 0xd7, 0xae, 0xd8, 0xae,
        0x59, 0xbf, 0x2e, 0x64, 0x00, 0x00, 0x40, 0x00, 0x41, 0x00, 0xe4, 0x10, 0xc4, 0x10, 0x05, 0x19, 0xc8, 0x31, 0xc8, 0x31,
        0xc8, 0x31, 0x87, 0x29, 0x67, 0x21, 0x67, 0x21, 0xa8, 0x29, 0x4a, 0x42, 0x4a, 0x42, 0x4a, 0x42, 0x4a, 0x42, 0x6a, 0x42,
        0x6a, 0x42, 0x6a, 0x42, 0x6a, 0x42, 0x6a, 0x42, 0x6a, 0x42, 0x6a, 0x42, 0x82, 0x08, 0x00, 0x00, 0x00, 0x00, 0x85, 0x31,
        0x9e, 0xf7, 0x9d, 0xf7, 0xdd, 0xff, 0x49, 0x42, 0x21, 0x00, 0x62, 0x08, 0x83, 0x10, 0x20, 0x00, 0x00, 0x00, 0x00, 0x00,
        0x00, 0x00, 0x00, 0x00, 0x00, 0x00, 0x00, 0x00, 0x00, 0x00, 0x00, 0x00, 0x62, 0x08, 0x67, 0x21, 0x67, 0x21, 0xa3, 0x10,
        0x00, 0x00, 0x00, 0x00, 0x41, 0x08, 0xa8, 0x29, 0xc8, 0x31, 0xc8, 0x31, 0xb0, 0x73, 0xf1, 0x7b, 0xb0, 0x73, 0x38, 0xce,
        0xbc, 0xff, 0x9c, 0xff, 0x9c, 0xff, 0x9c, 0xff, 0x9c, 0xff, 0x9c, 0xff, 0x9c, 0xff, 0x9c, 0xff, 0xbc, 0xff, 0x9c, 0xff,
        0x9c, 0xff, 0x9c, 0xff, 0x9c, 0xff, 0x9c, 0xff, 0x9c, 0xff, 0x9c, 0xff, 0xbc, 0xff, 0x34, 0xad, 0xaf, 0x73, 0xd0, 0x7b,
        0xf1, 0x83, 0x8b, 0x4a, 0x09, 0x3a, 0x4a, 0x42, 0x2a, 0x3a, 0x09, 0x3a, 0x87, 0x29, 0x20, 0x00, 0x20, 0x00, 0x00, 0x00,
        0x34, 0xa5, 0xff, 0xff, 0xff, 0xff, 0xb6, 0xb5, 0x42, 0x00, 0xa3, 0x08, 0x62, 0x08, 0x00, 0x00, 0x00, 0x00, 0x00, 0x00,
        0x00, 0x00, 0x00, 0x00, 0x00, 0x00, 0x00, 0x00, 0x00, 0x00, 0x00, 0x00, 0x20, 0x00, 0x21, 0x00, 0x67, 0x21, 0xc9, 0x29,
        0x68, 0x21, 0x2d, 0x5b, 0xff, 0xff, 0xff, 0xff, 0xba, 0xd6, 0x61, 0x08, 0x20, 0x00, 0x00, 0x00, 0xa3, 0x10, 0x4a, 0x42,
        0x4a, 0x42, 0x4a, 0x3a, 0x4a, 0x3a, 0x4a, 0x42, 0x4a, 0x42, 0x4a, 0x42, 0x4a, 0x3a, 0x4a, 0x3a, 0x4a, 0x3a, 0x49, 0x3a,
        0x49, 0x3a, 0x29, 0x3a, 0x29, 0x3a, 0x29, 0x3a, 0x29, 0x3a, 0x2a, 0x3a, 0x4a, 0x3a, 0x4a, 0x42, 0x29, 0x42, 0x35, 0x3c,
        0x5f, 0x3e, 0xfe, 0x35, 0xfe, 0x35, 0x5c, 0x2d, 0x3c, 0x25, 0x3c, 0x25, 0x99, 0x24, 0x4b, 0x3a, 0x29, 0x3a, 0x29, 0x42,
        0x87, 0x21, 0x46, 0x19, 0x46, 0x21, 0x46, 0x21, 0x46, 0x19, 0x46, 0x19, 0x26, 0x19, 0x26, 0x19, 0x26, 0x19, 0x25, 0x19,
        0x41, 0x00, 0x00, 0x00, 0x00, 0x00, 0x00, 0x00, 0xb3, 0x8d, 0x18, 0xaf, 0xd7, 0xae, 0xd7, 0xae, 0xd7, 0xae, 0xd7, 0xae,
        0xd7, 0xae, 0xd7, 0xae, 0xd7, 0xae, 0xd7, 0xae, 0xd7, 0xae, 0xd7, 0xae, 0xd7, 0xae, 0xd7, 0xae, 0xd7, 0xae, 0xd7, 0xae,
        0xd7, 0xae, 0xd7, 0xae, 0xd7, 0xae, 0xd7, 0xae, 0xd7, 0xae, 0xd7, 0xae, 0xd7, 0xae, 0xd7, 0xae, 0xd7, 0xae, 0xd7, 0xae,
        0xd7, 0xae, 0xd7, 0xae, 0xd7, 0xae, 0xd7, 0xae, 0xd7, 0xae, 0xd7, 0xae, 0xd7, 0xae, 0xd7, 0xae, 0xd7, 0xae, 0xd7, 0xae,
        0xd7, 0xae, 0xd7, 0xae, 0xd7, 0xae, 0xd7, 0xae, 0xd7, 0xae, 0xd7, 0xae, 0xd7, 0xae, 0xd7, 0xae, 0xd7, 0xae, 0xd7, 0xae,
        0xd7, 0xae, 0xd7, 0xae, 0xd7, 0xae, 0xd7, 0xae, 0xd7, 0xae, 0xd7, 0xae, 0xd7, 0xae, 0xd7, 0xae, 0xd7, 0xae, 0xd7, 0xae,
        0xd7, 0xae, 0xd7, 0xae, 0xd7, 0xae, 0xd7, 0xae, 0xd7, 0xae, 0xd7, 0xae, 0xd7, 0xae, 0xd7, 0xae, 0xd7, 0xae, 0xd7, 0xae,
        0xd7, 0xae, 0xd7, 0xae, 0xd7, 0xae, 0xd7, 0xae, 0xd7, 0xae, 0xd7, 0xae, 0xd7, 0xae, 0xd7, 0xae, 0xd7, 0xae, 0xd7, 0xae,
        0xd7, 0xae, 0xd7, 0xae, 0xd7, 0xae, 0xd7, 0xae, 0xd7, 0xae, 0xd7, 0xae, 0xd7, 0xae, 0xd7, 0xae, 0xd7, 0xae, 0xd7, 0xae,
        0xd7, 0xae, 0xd7, 0xae, 0xd7, 0xae, 0xd7, 0xae, 0xd7, 0xae, 0xd7, 0xae, 0xd7, 0xae, 0xd7, 0xae, 0xd7, 0xae, 0xd7, 0xae,
        0xd7, 0xae, 0xd7, 0xae, 0xd7, 0xae, 0xd7, 0xae, 0xd7, 0xae, 0xd7, 0xae, 0xd7, 0xae, 0xd7, 0xae, 0xd7, 0xae, 0xd7, 0xae,
        0xd7, 0xae, 0xd7, 0xae, 0xd7, 0xae, 0xd7, 0xae, 0xd7, 0xae, 0xd7, 0xae, 0xd7, 0xae, 0xd7, 0xae, 0xd7, 0xae, 0xd7, 0xae,
        0xd7, 0xae, 0xd7, 0xae, 0xd7, 0xae, 0xd7, 0xae, 0xf7, 0xae, 0xf7, 0xae, 0xd7, 0xae, 0xd7, 0xae, 0xd7, 0xae, 0xd7, 0xae,
        0xd7, 0xae, 0xd7, 0xae, 0xd7, 0xae, 0xd7, 0xae, 0xd7, 0xae, 0xd7, 0xae, 0xd7, 0xae, 0xd7, 0xae, 0xd7, 0xae, 0xd7, 0xae,
        0xd7, 0xae, 0xd7, 0xae, 0xd7, 0xae, 0xd7, 0xae, 0xd7, 0xae, 0xd7, 0xae, 0xd7, 0xae, 0xd7, 0xae, 0xd7, 0xae, 0xd7, 0xae,
        0xd7, 0xae, 0xd7, 0xae, 0xd7, 0xae, 0xd7, 0xae, 0xd7, 0xae, 0xd7, 0xae, 0xf7, 0xae, 0xd7, 0xae, 0xf8, 0xae, 0xf8, 0xae,
        0x59, 0xbf, 0x2e, 0x6c, 0x00, 0x00, 0x20, 0x00, 0x21, 0x00, 0xe5, 0x18, 0xe5, 0x10, 0x26, 0x19, 0xc8, 0x31, 0xc8, 0x31,
        0xc8, 0x31, 0x67, 0x21, 0x47, 0x21, 0x47, 0x21, 0x87, 0x29, 0x4a, 0x42, 0x4a, 0x42, 0x4a, 0x42, 0x6a, 0x42, 0x6a, 0x42,
        0x6a, 0x42, 0x6a, 0x42, 0x6a, 0x42, 0x6a, 0x42, 0x6a, 0x42, 0x6a, 0x42, 0x62, 0x08, 0x00, 0x00, 0x00, 0x00, 0x65, 0x31,
        0x9d, 0xf7, 0x9d, 0xf7, 0xdd, 0xff, 0x4a, 0x42, 0xa4, 0x08, 0x46, 0x21, 0xa8, 0x29, 0x62, 0x08, 0x00, 0x00, 0x00, 0x00,
        0x00, 0x00, 0x00, 0x00, 0x00, 0x00, 0x00, 0x00, 0x00, 0x00, 0x00, 0x00, 0x82, 0x08, 0xa9, 0x29, 0xc9, 0x31, 0xe4, 0x18,
        0x00, 0x00, 0x00, 0x00, 0x61, 0x08, 0xc8, 0x31, 0xe9, 0x31, 0xe8, 0x39, 0xf0, 0x7b, 0x32, 0x84, 0xd0, 0x7b, 0x58, 0xce,
        0xdd, 0xff, 0x9c, 0xff, 0x9c, 0xff, 0x9c, 0xff, 0x9c, 0xff, 0xbc, 0xff, 0x9c, 0xff, 0x9c, 0xff, 0xbc, 0xff, 0xbc, 0xff,
        0x9c, 0xff, 0x9c, 0xff, 0xbc, 0xff, 0x9c, 0xff, 0x9c, 0xff, 0x9c, 0xff, 0xdd, 0xff, 0x34, 0xa5, 0x8f, 0x73, 0xd0, 0x7b,
        0xf0, 0x83, 0xab, 0x4a, 0x4a, 0x42, 0x6a, 0x42, 0x4a, 0x42, 0x09, 0x3a, 0x87, 0x29, 0x20, 0x00, 0x20, 0x00, 0x00, 0x00,
        0x14, 0xa5, 0xff, 0xff, 0xff, 0xff, 0x96, 0xb5, 0x84, 0x00, 0x06, 0x11, 0xa3, 0x08, 0x00, 0x00, 0x00, 0x00, 0x00, 0x00,
        0x00, 0x00, 0x00, 0x00, 0x00, 0x00, 0x00, 0x00, 0x00, 0x00, 0x00, 0x00, 0x00, 0x00, 0x00, 0x00, 0x67, 0x21, 0xc9, 0x29,
        0x88, 0x21, 0x2d, 0x63, 0xfe, 0xff, 0xdf, 0xff, 0x79, 0xd6, 0x41, 0x08, 0x20, 0x00, 0x00, 0x00, 0xa3, 0x10, 0x4a, 0x42,
        0x4a, 0x3a, 0x4a, 0x3a, 0x4a, 0x3a, 0x4a, 0x3a, 0x4a, 0x3a, 0x4a, 0x42, 0x4a, 0x42, 0x4a, 0x3a, 0x2a, 0x3a, 0x2a, 0x3a,
        0x2a, 0x3a, 0x49, 0x3a, 0x2a, 0x3a, 0x29, 0x3a, 0x4a, 0x3a, 0x4a, 0x3a, 0x4a, 0x42, 0x4a, 0x42, 0x09, 0x3a, 0x35, 0x3c,
        0x7f, 0x36, 0x3f, 0x36, 0x3f, 0x36, 0x1b, 0x2d, 0x99, 0x24, 0xda, 0x24, 0x79, 0x24, 0x6b, 0x42, 0x28, 0x42, 0x49, 0x42,
        0x87, 0x29, 0x46, 0x19, 0x47, 0x21, 0x46, 0x21, 0x46, 0x19, 0x46, 0x19, 0x46, 0x19, 0x26, 0x19, 0x25, 0x19, 0x05, 0x19,
        0x41, 0x00, 0x00, 0x00, 0x00, 0x00, 0x00, 0x00, 0xb4, 0x95, 0x18, 0xb7, 0xf7, 0xae, 0xd7, 0xae, 0xd7, 0xae, 0xd7, 0xae,
        0xd7, 0xae, 0xd7, 0xae, 0xd7, 0xae, 0xd7, 0xae, 0xd7, 0xae, 0xd7, 0xae, 0xd7, 0xae, 0xd7, 0xae, 0xd7, 0xae, 0xd7, 0xae,
        0xd7, 0xae, 0xd7, 0xae, 0xd7, 0xae, 0xd7, 0xae, 0xd7, 0xae, 0xd7, 0xae, 0xd7, 0xae, 0xd7, 0xae, 0xd7, 0xae, 0xd7, 0xae,
        0xd7, 0xae, 0xd7, 0xae, 0xd7, 0xae, 0xd7, 0xae, 0xd7, 0xae, 0xd7, 0xae, 0xd7, 0xae, 0xd7, 0xae, 0xd7, 0xae, 0xd7, 0xae,
        0xd7, 0xae, 0xd7, 0xae, 0xd7, 0xae, 0xd7, 0xae, 0xd7, 0xae, 0xd7, 0xae, 0xd7, 0xae, 0xd7, 0xae, 0xd7, 0xae, 0xd7, 0xae,
        0xd7, 0xae, 0xd7, 0xae, 0xd7, 0xae, 0xd7, 0xae, 0xd7, 0xae, 0xd7, 0xae, 0xd7, 0xae, 0xd7, 0xae, 0xd7, 0xae, 0xd7, 0xae,
        0xd7, 0xae, 0xd7, 0xae, 0xd7, 0xae, 0xd7, 0xae, 0xd7, 0xae, 0xd7, 0xae, 0xd7, 0xae, 0xd7, 0xae, 0xd7, 0xae, 0xd7, 0xae,
        0xd7, 0xae, 0xd7, 0xae, 0xd7, 0xae, 0xd7, 0xae, 0xd7, 0xae, 0xd7, 0xae, 0xd7, 0xae, 0xd7, 0xae, 0xd7, 0xae, 0xd7, 0xae,
        0xd7, 0xae, 0xd7, 0xae, 0xd7, 0xae, 0xd7, 0xae, 0xd7, 0xa6, 0xd7, 0xae, 0xd7, 0xae, 0xd7, 0xae, 0xd7, 0xae, 0xd7, 0xae,
        0xd7, 0xae, 0xd7, 0xae, 0xd7, 0xae, 0xd7, 0xae, 0xd7, 0xae, 0xd7, 0xae, 0xd7, 0xae, 0xd7, 0xae, 0xd7, 0xae, 0xd7, 0xae,
        0xd7, 0xae, 0xd7, 0xae, 0xd7, 0xae, 0xd7, 0xae, 0xd7, 0xae, 0xd7, 0xae, 0xd7, 0xae, 0xd7, 0xae, 0xd7, 0xae, 0xd7, 0xae,
        0xd7, 0xae, 0xd7, 0xae, 0xd7, 0xae, 0xd7, 0xae, 0xd7, 0xae, 0xd7, 0xae, 0xd7, 0xae, 0xd7, 0xae, 0xd7, 0xae, 0xd7, 0xae,
        0xd7, 0xae, 0xd7, 0xae, 0xd7, 0xae, 0xd7, 0xae, 0xd7, 0xae, 0xd7, 0xae, 0xd7, 0xae, 0xd7, 0xae, 0xd7, 0xae, 0xd7, 0xae,
        0xd7, 0xae, 0xd7, 0xae, 0xd7, 0xae, 0xd7, 0xae, 0xd7, 0xae, 0xd7, 0xae, 0xd7, 0xae, 0xd7, 0xae, 0xd7, 0xae, 0xd7, 0xae,
        0xd7, 0xae, 0xd7, 0xae, 0xd7, 0xae, 0xd7, 0xae, 0xd7, 0xae, 0xd7, 0xae, 0xd7, 0xae, 0xd7, 0xae, 0xd7, 0xae, 0xd7, 0xae,
        0xd7, 0xae, 0xd7, 0xae, 0xd7, 0xae, 0xd7, 0xae, 0xd7, 0xae, 0xd7, 0xae, 0xf7, 0xae, 0xf7, 0xae, 0xd8, 0xae, 0xf7, 0xae,
        0x39, 0xbf, 0x0d, 0x64, 0x00, 0x00, 0x20, 0x00, 0x41, 0x08, 0x26, 0x19, 0x26, 0x19, 0x26, 0x19, 0x88, 0x29, 0x88, 0x29,
        0xa8, 0x29, 0xc8, 0x31, 0xe9, 0x31, 0xc8, 0x31, 0xe9, 0x31, 0x6a, 0x42, 0x4a, 0x42, 0x4a, 0x42, 0x4a, 0x42, 0x6a, 0x42,
        0x6a, 0x42, 0x6a, 0x42, 0x6a, 0x42, 0x6a, 0x42, 0x6a, 0x42, 0x6a, 0x42, 0xa3, 0x10, 0x41, 0x08, 0x00, 0x00, 0x86, 0x31,
        0x9e, 0xf7, 0x9d, 0xf7, 0xbd, 0xff, 0x6e, 0x6b, 0x67, 0x21, 0xc9, 0x31, 0x0a, 0x3a, 0xa8, 0x31, 0xe4, 0x18, 0x20, 0x00,
        0x00, 0x00, 0x00, 0x00, 0x00, 0x00, 0x00, 0x00, 0x20, 0x00, 0x21, 0x00, 0xe4, 0x18, 0xe9, 0x31, 0x0a, 0x3a, 0x05, 0x19,
        0x00, 0x00, 0x00, 0x00, 0xa2, 0x10, 0xcc, 0x52, 0xed, 0x5a, 0xcc, 0x5a, 0x38, 0xce, 0x3b, 0xe7, 0xfa, 0xe6, 0x7c, 0xf7,
        0xbc, 0xff, 0x9c, 0xff, 0x9c, 0xff, 0x9c, 0xff, 0x9c, 0xff, 0x9c, 0xff, 0x9c, 0xff, 0x9c, 0xff, 0x9c, 0xff, 0x9c, 0xff,
        0x9c, 0xff, 0x9c, 0xff, 0x9c, 0xff, 0xbc, 0xff, 0x9c, 0xff, 0x9c, 0xff, 0xdd, 0xff, 0x37, 0xc6, 0x34, 0xad, 0x55, 0xad,
        0x95, 0xb5, 0x2d, 0x5b, 0x4a, 0x3a, 0x6a, 0x42, 0x4a, 0x42, 0x09, 0x3a, 0xc8, 0x31, 0x62, 0x08, 0x20, 0x00, 0x00, 0x00,
        0xf3, 0x9c, 0xff, 0xff, 0xff, 0xff, 0x96, 0xb5, 0x26, 0x19, 0x67, 0x21, 0x46, 0x21, 0xe4, 0x18, 0xe4, 0x18, 0x41, 0x00,
        0x00, 0x00, 0x20, 0x00, 0x20, 0x00, 0x20, 0x00, 0x00, 0x00, 0x62, 0x08, 0x04, 0x21, 0x25, 0x21, 0xc8, 0x31, 0xc9, 0x31,
        0x68, 0x21, 0x2d, 0x63, 0xde, 0xff, 0xdf, 0xff, 0x79, 0xce, 0x20, 0x00, 0x20, 0x00, 0x41, 0x08, 0x04, 0x19, 0x4a, 0x3a,
        0x29, 0x3a, 0x4a, 0x3a, 0x4a, 0x3a, 0x4a, 0x3a, 0x4a, 0x3a, 0x4a, 0x3a, 0x4a, 0x3a, 0x4a, 0x42, 0x4a, 0x42, 0x4a, 0x3a,
        0x2a, 0x3a, 0x29, 0x3a, 0x4a, 0x3a, 0x29, 0x3a, 0x4a, 0x3a, 0x4a, 0x3a, 0x4a, 0x3a, 0x4a, 0x3a, 0x29, 0x3a, 0x0e, 0x3b,
        0x14, 0x3c, 0xf3, 0x33, 0xd3, 0x3b, 0x15, 0x34, 0x1a, 0x2d, 0x3b, 0x2d, 0x5b, 0x2d, 0xb3, 0x33, 0x52, 0x33, 0x31, 0x33,
        0xe9, 0x29, 0xa7, 0x29, 0xa8, 0x31, 0xa7, 0x29, 0x46, 0x21, 0x46, 0x19, 0x26, 0x19, 0x26, 0x19, 0x26, 0x19, 0x05, 0x19,
        0x41, 0x00, 0x00, 0x00, 0x00, 0x00, 0x20, 0x00, 0xd4, 0x95, 0x19, 0xb7, 0xf8, 0xae, 0xf7, 0xae, 0xd7, 0xae, 0xd7, 0xae,
        0xd7, 0xae, 0xd7, 0xae, 0xf7, 0xae, 0xd7, 0xae, 0xd7, 0xae, 0xd7, 0xae, 0xd7, 0xae, 0xd7, 0xae, 0xd7, 0xae, 0xd7, 0xae,
        0xd7, 0xae, 0xd7, 0xae, 0xd7, 0xae, 0xd7, 0xae, 0xd7, 0xae, 0xd7, 0xae, 0xd7, 0xae, 0xd7, 0xae, 0xd7, 0xae, 0xd7, 0xae,
        0xd7, 0xae, 0xd7, 0xae, 0xd7, 0xae, 0xd7, 0xae, 0xd7, 0xae, 0xd7, 0xae, 0xd7, 0xae, 0xd7, 0xae, 0xd7, 0xae, 0xd7, 0xae,
        0xd7, 0xae, 0xd7, 0xae, 0xd7, 0xae, 0xd7, 0xae, 0xd7, 0xae, 0xd7, 0xae, 0xd7, 0xae, 0xd7, 0xae, 0xd7, 0xae, 0xd7, 0xae,
        0xd7, 0xae, 0xd7, 0xae, 0xd7, 0xae, 0xd7, 0xae, 0xd7, 0xae, 0xd7, 0xae, 0xd7, 0xae, 0xd7, 0xae, 0xd7, 0xae, 0xd7, 0xae,
        0xd7, 0xae, 0xd7, 0xae, 0xd7, 0xae, 0xd7, 0xae, 0xd7, 0xae, 0xd7, 0xae, 0xd7, 0xae, 0xd7, 0xae, 0xd7, 0xae, 0xd7, 0xae,
        0xd7, 0xae, 0xd7, 0xae, 0xd7, 0xae, 0xd7, 0xae, 0xd7, 0xae, 0xd7, 0xae, 0xd7, 0xae, 0xd7, 0xae, 0xd7, 0xae, 0xd7, 0xae,
        0xd7, 0xae, 0xd7, 0xae, 0xd7, 0xae, 0xd7, 0xae, 0xd7, 0xa6, 0xd7, 0xae, 0xd7, 0xae, 0xd7, 0xae, 0xd7, 0xae, 0xd7, 0xae,
        0xd7, 0xae, 0xd7, 0xae, 0xd7, 0xae, 0xd7, 0xae, 0xd7, 0xae, 0xd7, 0xae, 0xd7, 0xae, 0xd7, 0xae, 0xd7, 0xae, 0xd7, 0xae,
        0xd7, 0xae, 0xd7, 0xae, 0xd7, 0xae, 0xd7, 0xae, 0xd7, 0xae, 0xd7, 0xae, 0xd7, 0xae, 0xd7, 0xae, 0xd7, 0xae, 0xd7, 0xae,
        0xd7, 0xae, 0xd7, 0xae, 0xd7, 0xae, 0xd7, 0xae, 0xd7, 0xae, 0xd7, 0xae, 0xd7, 0xae, 0xd7, 0xae, 0xd7, 0xae, 0xd7, 0xae,
        0xd7, 0xae, 0xd7, 0xae, 0xd7, 0xae, 0xd7, 0xae, 0xd7, 0xae, 0xd7, 0xae, 0xd7, 0xae, 0xd7, 0xae, 0xd7, 0xae, 0xd7, 0xae,
        0xd7, 0xae, 0xd7, 0xae, 0xd7, 0xae, 0xd7, 0xae, 0xd7, 0xae, 0xd7, 0xae, 0xd7, 0xae, 0xd7, 0xae, 0xd7, 0xae, 0xd7, 0xae,
        0xd7, 0xae, 0xd7, 0xae, 0xd7, 0xae, 0xd7, 0xae, 0xd7, 0xae, 0xd7, 0xae, 0xd7, 0xae, 0xd7, 0xae, 0xd7, 0xae, 0xd7, 0xae,
        0xd7, 0xae, 0xd7, 0xae, 0xd7, 0xae, 0xd7, 0xae, 0xd7, 0xae, 0xd7, 0xae, 0xd7, 0xae, 0xf7, 0xae, 0xd8, 0xae, 0x18, 0xb7,
        0x79, 0xbf, 0xed, 0x63, 0x00, 0x00, 0x00, 0x00, 0x20, 0x00, 0x67, 0x21, 0x67, 0x21, 0x67, 0x21, 0x67, 0x21, 0x67, 0x21,
        0x67, 0x21, 0x4a, 0x3a, 0x8b, 0x4a, 0x8a, 0x42, 0x6a, 0x42, 0x6a, 0x42, 0x6a, 0x42, 0x4a, 0x42, 0x4a, 0x42, 0x6a, 0x42,
        0x6a, 0x42, 0x6a, 0x42, 0x6a, 0x42, 0x6a, 0x42, 0x6a, 0x42, 0x6a, 0x42, 0x4a, 0x42, 0xe8, 0x31, 0x62, 0x00, 0xe7, 0x39,
        0xbe, 0xf7, 0xbe, 0xff, 0xdd, 0xff, 0xfb, 0xde, 0xcc, 0x4a, 0x8c, 0x4a, 0xcd, 0x4a, 0x0e, 0x5b, 0xe9, 0x39, 0x00, 0x00,
        0x20, 0x08, 0x20, 0x00, 0x00, 0x00, 0x00, 0x00, 0x66, 0x29, 0x6b, 0x42, 0x6b, 0x4a, 0x8c, 0x4a, 0xcc, 0x52, 0x66, 0x29,
        0x00, 0x00, 0x00, 0x00, 0xc3, 0x10, 0x8f, 0x6b, 0xb0, 0x73, 0x8f, 0x6b, 0xfa, 0xde, 0xfe, 0xff, 0xdd, 0xff, 0xbc, 0xff,
        0x9c, 0xff, 0x9c, 0xff, 0x9c, 0xff, 0x9c, 0xff, 0x9c, 0xff, 0x9c, 0xff, 0x9c, 0xff, 0x9c, 0xff, 0x9c, 0xff, 0x9c, 0xff,
        0xbc, 0xff, 0x9c, 0xff, 0x9c, 0xff, 0x9c, 0xff, 0x9c, 0xff, 0x9c, 0xff, 0x9c, 0xff, 0xbd, 0xff, 0xbd, 0xff, 0xdd, 0xff,
        0xfe, 0xff, 0xaf, 0x73, 0x29, 0x3a, 0x4a, 0x42, 0x4a, 0x42, 0x09, 0x3a, 0x29, 0x3a, 0xc8, 0x31, 0xa3, 0x08, 0x00, 0x00,
        0xd3, 0x9c, 0xff, 0xff, 0xfe, 0xff, 0xf7, 0xbd, 0xe9, 0x31, 0x2a, 0x3a, 0x4a, 0x42, 0x8b, 0x4a, 0x8b, 0x4a, 0x82, 0x10,
        0x00, 0x00, 0x20, 0x00, 0x20, 0x00, 0x20, 0x00, 0x00, 0x00, 0x86, 0x29, 0x6f, 0x6b, 0x4e, 0x6b, 0x0d, 0x5b, 0x8b, 0x4a,
        0x4b, 0x42, 0xaf, 0x6b, 0xbd, 0xff, 0xdf, 0xff, 0x59, 0xce, 0x00, 0x00, 0xa2, 0x10, 0xe8, 0x31, 0x29, 0x3a, 0x29, 0x3a,
        0x29, 0x3a, 0x4a, 0x3a, 0x4a, 0x3a, 0x4a, 0x42, 0x4a, 0x42, 0x4a, 0x42, 0x4a, 0x3a, 0x4a, 0x3a, 0x4a, 0x42, 0x4a, 0x42,
        0x4a, 0x42, 0x4a, 0x3a, 0x4a, 0x3a, 0x4a, 0x3a, 0x4a, 0x3a, 0x4a, 0x3a, 0x49, 0x3a, 0x29, 0x3a, 0x29, 0x3a, 0x09, 0x3a,
        0xc8, 0x31, 0xc8, 0x31, 0x66, 0x31, 0xb2, 0x33, 0x9f, 0x3e, 0x3f, 0x3e, 0x3f, 0x3e, 0x7d, 0x2d, 0xdd, 0x0c, 0x19, 0x14,
        0x2a, 0x32, 0x09, 0x3a, 0x09, 0x3a, 0xe8, 0x39, 0x47, 0x21, 0x26, 0x19, 0x26, 0x19, 0x26, 0x19, 0x26, 0x19, 0x26, 0x19,
        0x41, 0x08, 0x00, 0x00, 0x00, 0x00, 0x20, 0x00, 0xd4, 0x95, 0x39, 0xb7, 0xf8, 0xae, 0xf7, 0xae, 0xd7, 0xae, 0xf7, 0xae,
        0xf7, 0xae, 0xd7, 0xae, 0xd7, 0xae, 0xd7, 0xae, 0xd7, 0xae, 0xd7, 0xae, 0xd7, 0xae, 0xd7, 0xae, 0xd7, 0xae, 0xd7, 0xae,
        0xd7, 0xae, 0xd7, 0xae, 0xd7, 0xae, 0xd7, 0xae, 0xd7, 0xae, 0xd7, 0xae, 0xd7, 0xae, 0xd7, 0xae, 0xd7, 0xae, 0xd7, 0xae,
        0xd7, 0xae, 0xd7, 0xae, 0xd7, 0xae, 0xd7, 0xae, 0xd7, 0xae, 0xd7, 0xae, 0xd7, 0xae, 0xd7, 0xae, 0xd7, 0xae, 0xd7, 0xae,
        0xd7, 0xae, 0xd7, 0xae, 0xd7, 0xae, 0xd7, 0xae, 0xd7, 0xae, 0xd7, 0xae, 0xd7, 0xae, 0xd7, 0xae, 0xd7, 0xae, 0xd7, 0xae,
        0xd7, 0xae, 0xd7, 0xae, 0xd7, 0xae, 0xd7, 0xae, 0xd7, 0xae, 0xd7, 0xae, 0xd7, 0xae, 0xd7, 0xae, 0xd7, 0xae, 0xd7, 0xae,
        0xd7, 0xae, 0xd7, 0xae, 0xd7, 0xae, 0xd7, 0xae, 0xd7, 0xae, 0xd7, 0xae, 0xd7, 0xae, 0xd7, 0xae, 0xd7, 0xae, 0xd7, 0xae,
        0xd7, 0xae, 0xd7, 0xae, 0xd7, 0xae, 0xd7, 0xae, 0xd7, 0xae, 0xd7, 0xae, 0xd7, 0xae, 0xd7, 0xae, 0xd7, 0xae, 0xd7, 0xae,
        0xd7, 0xae, 0xd7, 0xae, 0xd7, 0xae, 0xd7, 0xae, 0xd7, 0xae, 0xd7, 0xae, 0xd7, 0xae, 0xd7, 0xae, 0xd7, 0xae, 0xd7, 0xae,
        0xd7, 0xae, 0xd7, 0xae, 0xd7, 0xae, 0xd7, 0xae, 0xd7, 0xae, 0xd7, 0xae, 0xd7, 0xae, 0xd7, 0xae, 0xd7, 0xae, 0xd7, 0xae,
        0xd7, 0xae, 0xd7, 0xae, 0xd7, 0xae, 0xd7, 0xae, 0xd7, 0xae, 0xd7, 0xae, 0xd7, 0xae, 0xd7, 0xae, 0xd7, 0xae, 0xd7, 0xae,
        0xd7, 0xae, 0xd7, 0xae, 0xd7, 0xae, 0xd7, 0xae, 0xd7, 0xae, 0xd7, 0xae, 0xd7, 0xae, 0xd7, 0xae, 0xd7, 0xae, 0xd7, 0xae,
        0xd7, 0xae, 0xd7, 0xae, 0xd7, 0xae, 0xd7, 0xae, 0xd7, 0xae, 0xd7, 0xae, 0xd7, 0xae, 0xd7, 0xae, 0xd7, 0xae, 0xd7, 0xae,
        0xd7, 0xae, 0xd7, 0xae, 0xd7, 0xae, 0xd7, 0xae, 0xd7, 0xae, 0xd7, 0xae, 0xd7, 0xae, 0xd7, 0xae, 0xd7, 0xae, 0xd7, 0xae,
        0xd7, 0xae, 0xd7, 0xae, 0xd7, 0xae, 0xd7, 0xae, 0xd7, 0xae, 0xd7, 0xae, 0xd7, 0xae, 0xd7, 0xae, 0xd7, 0xae, 0xd7, 0xae,
        0xd7, 0xae, 0xd7, 0xae, 0xd7, 0xae, 0xd7, 0xae, 0xd7, 0xae, 0xd7, 0xae, 0xd7, 0xae, 0xd7, 0xae, 0xf8, 0xb6, 0x4b, 0x53,
        0x68, 0x3a, 0x24, 0x19, 0x00, 0x00, 0x00, 0x00, 0x20, 0x00, 0x46, 0x21, 0x67, 0x21, 0x67, 0x21, 0x67, 0x21, 0x67, 0x21,
        0x67, 0x21, 0x2a, 0x42, 0x8b, 0x4a, 0x6a, 0x42, 0x6a, 0x42, 0x6a, 0x42, 0x6a, 0x42, 0x6a, 0x42, 0x6a, 0x42, 0x6a, 0x42,
        0x6a, 0x42, 0x6a, 0x42, 0x6a, 0x42, 0x6a, 0x42, 0x6a, 0x42, 0x6a, 0x42, 0x8b, 0x4a, 0x29, 0x3a, 0x83, 0x08, 0x08, 0x42,
        0xde, 0xff, 0xbe, 0xff, 0xde, 0xff, 0x1b, 0xe7, 0xcd, 0x52, 0xac, 0x4a, 0xcd, 0x52, 0xed, 0x52, 0xa8, 0x31, 0x00, 0x00,
        0x20, 0x00, 0x20, 0x00, 0x20, 0x00, 0x00, 0x00, 0xc8, 0x31, 0xac, 0x4a, 0xac, 0x4a, 0xac, 0x4a, 0xcd, 0x52, 0x66, 0x29,
        0x00, 0x00, 0x00, 0x00, 0xa3, 0x10, 0x4e, 0x63, 0x6f, 0x63, 0x4e, 0x63, 0xda, 0xde, 0xdd, 0xff, 0xbc, 0xff, 0x9c, 0xff,
        0x9c, 0xff, 0x9c, 0xff, 0x9c, 0xff, 0x9c, 0xff, 0x9c, 0xff, 0x9c, 0xff, 0x9c, 0xff, 0x9c, 0xff, 0x9c, 0xff, 0x9c, 0xff,
        0x9c, 0xff, 0x9c, 0xff, 0x9c, 0xff, 0x9c, 0xff, 0x9c, 0xff, 0x9c, 0xff, 0x9c, 0xff, 0x9c, 0xff, 0x9c, 0xff, 0xbc, 0xff,
        0xdd, 0xff, 0x8e, 0x6b, 0x09, 0x3a, 0x2a, 0x3a, 0x29, 0x3a, 0xe9, 0x31, 0xe9, 0x31, 0xc8, 0x31, 0xa3, 0x08, 0x00, 0x00,
        0xb2, 0x94, 0xff, 0xff, 0xfe, 0xff, 0xf7, 0xc5, 0x0a, 0x32, 0x4b, 0x42, 0x4b, 0x42, 0x8c, 0x4a, 0x8b, 0x4a, 0xa3, 0x10,
        0x00, 0x00, 0x20, 0x00, 0x00, 0x00, 0x00, 0x00, 0x00, 0x00, 0x66, 0x29, 0x4f, 0x63, 0x2e, 0x63, 0xed, 0x5a, 0x6b, 0x42,
        0x4b, 0x42, 0xd0, 0x73, 0xde, 0xff, 0xdf, 0xff, 0x79, 0xce, 0x00, 0x00, 0xa3, 0x10, 0x29, 0x3a, 0x29, 0x3a, 0x29, 0x3a,
        0x4a, 0x42, 0x4a, 0x42, 0x4a, 0x3a, 0x4a, 0x42, 0x4a, 0x3a, 0x4a, 0x3a, 0x4a, 0x3a, 0x4a, 0x42, 0x4a, 0x42, 0x4a, 0x42,
        0x4a, 0x42, 0x4a, 0x42, 0x4a, 0x3a, 0x2a, 0x3a, 0x2a, 0x3a, 0x29, 0x3a, 0x29, 0x3a, 0x29, 0x3a, 0x29, 0x3a, 0x29, 0x3a,
        0x29, 0x3a, 0x09, 0x3a, 0xc7, 0x31, 0x14, 0x3c, 0x9f, 0x3e, 0x5f, 0x3e, 0x5f, 0x3e, 0x7c, 0x2d, 0xbc, 0x0c, 0x19, 0x0c,
        0x2b, 0x32, 0x09, 0x3a, 0x09, 0x3a, 0x09, 0x3a, 0x67, 0x21, 0x46, 0x19, 0x26, 0x19, 0x46, 0x19, 0x46, 0x19, 0x46, 0x21,
        0x62, 0x08, 0x00, 0x00, 0x00, 0x00, 0x00, 0x00, 0x93, 0x8d, 0xf7, 0xae, 0xb6, 0xae, 0xb7, 0xae, 0xd7, 0xa6, 0xd7, 0xae,
        0xf7, 0xae, 0xd7, 0xae, 0xd7, 0xae, 0xd7, 0xae, 0xd7, 0xae, 0xd7, 0xae, 0xd7, 0xae, 0xd7, 0xae, 0xd7, 0xae, 0xd7, 0xae,
        0xd7, 0xae, 0xd7, 0xae, 0xd7, 0xae, 0xd7, 0xae, 0xd7, 0xae, 0xd7, 0xae, 0xd7, 0xae, 0xd7, 0xae, 0xd7, 0xae, 0xd7, 0xae,
        0xd7, 0xae, 0xd7, 0xae, 0xd7, 0xae, 0xd7, 0xae, 0xd7, 0xae, 0xd7, 0xae, 0xd7, 0xae, 0xd7, 0xae, 0xd7, 0xae, 0xd7, 0xae,
        0xd7, 0xae, 0xd7, 0xae, 0xd7, 0xae, 0xd7, 0xae, 0xd7, 0xae, 0xd7, 0xae, 0xd7, 0xae, 0xd7, 0xae, 0xd7, 0xae, 0xd7, 0xae,
        0xd7, 0xae, 0xd7, 0xae, 0xd7, 0xae, 0xd7, 0xae, 0xd7, 0xae, 0xd7, 0xae, 0xd7, 0xae, 0xd7, 0xae, 0xd7, 0xae, 0xd7, 0xae,
        0xd7, 0xae, 0xd7, 0xae, 0xd7, 0xae, 0xd7, 0xae, 0xd7, 0xae, 0xd7, 0xae, 0xd7, 0xae, 0xd7, 0xae, 0xd7, 0xae, 0xd7, 0xae,
        0xd7, 0xae, 0xd7, 0xae, 0xd7, 0xae, 0xd7, 0xae, 0xd7, 0xae, 0xd7, 0xae, 0xd7, 0xae, 0xd7, 0xae, 0xd7, 0xae, 0xd7, 0xae,
        0xd7, 0xae, 0xd7, 0xae, 0xd7, 0xae, 0xd7, 0xae, 0xd7, 0xae, 0xd7, 0xae, 0xd7, 0xae, 0xd7, 0xae, 0xd7, 0xae, 0xd7, 0xae,
        0xd7, 0xae, 0xd7, 0xae, 0xd7, 0xae, 0xd7, 0xae, 0xd7, 0xae, 0xd7, 0xae, 0xd7, 0xae, 0xd7, 0xae, 0xd7, 0xae, 0xd7, 0xae,
        0xd7, 0xae, 0xd7, 0xae, 0xd7, 0xae, 0xd7, 0xae, 0xd7, 0xae, 0xd7, 0xae, 0xd7, 0xae, 0xd7, 0xae, 0xd7, 0xae, 0xd7, 0xae,
        0xd7, 0xae, 0xd7, 0xae, 0xd7, 0xae, 0xd7, 0xae, 0xd7, 0xae, 0xd7, 0xae, 0xd7, 0xae, 0xd7, 0xae, 0xd7, 0xae, 0xd7, 0xae,
        0xd7, 0xae, 0xd7, 0xae, 0xd7, 0xae, 0xd7, 0xae, 0xd7, 0xae, 0xd7, 0xae, 0xd7, 0xae, 0xd7, 0xae, 0xd7, 0xae, 0xd7, 0xae,
        0xd7, 0xae, 0xd7, 0xae, 0xd7, 0xae, 0xd7, 0xae, 0xd7, 0xae, 0xd7, 0xae, 0xd7, 0xae, 0xd7, 0xae, 0xd7, 0xae, 0xd7, 0xae,
        0xd7, 0xae, 0xd7, 0xae, 0xd7, 0xae, 0xd7, 0xae, 0xd7, 0xae, 0xd7, 0xae, 0xd7, 0xae, 0xd7, 0xae, 0xd7, 0xae, 0xd7, 0xae,
        0xd7, 0xae, 0xd7, 0xae, 0xd7, 0xae, 0xd7, 0xae, 0xf7, 0xae, 0xd7, 0xae, 0xd7, 0xae, 0xd7, 0xae, 0xf8, 0xb6, 0x85, 0x21,
        0x00, 0x00, 0x00, 0x00, 0x21, 0x00, 0x41, 0x08, 0x62, 0x08, 0x47, 0x21, 0x67, 0x21, 0x67, 0x21, 0x47, 0x21, 0x67, 0x21,
        0x67, 0x21, 0x2a, 0x3a, 0x8b, 0x4a, 0x6a, 0x42, 0x6a, 0x42, 0x4a, 0x42, 0x6a, 0x42, 0x6a, 0x42, 0x6a, 0x42, 0x6a, 0x42,
        0x6a, 0x42, 0x6a, 0x42, 0x6a, 0x42, 0x6a, 0x42, 0x6a, 0x42, 0x6a, 0x42, 0x8b, 0x4a, 0x29, 0x3a, 0x83, 0x08, 0x08, 0x3a,
        0xff, 0xff, 0xff, 0xff, 0xff, 0xff, 0x1c, 0xe7, 0x6b, 0x4a, 0x4b, 0x42, 0x6c, 0x42, 0xac, 0x4a, 0x0a, 0x3a, 0xc8, 0x31,
        0xe9, 0x39, 0xe9, 0x39, 0x09, 0x3a, 0x09, 0x3a, 0x8c, 0x4a, 0xac, 0x4a, 0xed, 0x52, 0x0e, 0x5b, 0x0e, 0x5b, 0x66, 0x29,
        0x00, 0x00, 0x00, 0x00, 0xa3, 0x10, 0x4e, 0x63, 0x6f, 0x6b, 0x4e, 0x63, 0xda, 0xde, 0xbd, 0xff, 0x9c, 0xff, 0x9c, 0xff,
        0x9c, 0xff, 0x9c, 0xff, 0x9c, 0xff, 0x9c, 0xff, 0x9c, 0xff, 0x9c, 0xff, 0x9c, 0xff, 0x9c, 0xff, 0x9c, 0xff, 0x9c, 0xff,
        0x9c, 0xff, 0x9c, 0xff, 0x9c, 0xff, 0xbc, 0xff, 0x9c, 0xff, 0x9c, 0xff, 0xbc, 0xff, 0x9c, 0xff, 0x9c, 0xff, 0x9c, 0xff,
        0xbd, 0xff, 0x4d, 0x63, 0xc8, 0x31, 0x09, 0x3a, 0x09, 0x3a, 0xe9, 0x31, 0xe9, 0x31, 0xc8, 0x31, 0xa3, 0x08, 0x00, 0x00,
        0xb3, 0x94, 0xff, 0xff, 0xff, 0xff, 0x18, 0xc6, 0xc9, 0x29, 0x0a, 0x3a, 0x2b, 0x3a, 0xac, 0x4a, 0x8b, 0x42, 0xc8, 0x31,
        0xe8, 0x39, 0xc8, 0x39, 0xc8, 0x31, 0xa7, 0x31, 0x87, 0x29, 0x2a, 0x42, 0x2e, 0x63, 0x2e, 0x63, 0xcc, 0x52, 0x2a, 0x3a,
        0x0a, 0x3a, 0xd0, 0x73, 0xff, 0xff, 0xff, 0xff, 0xda, 0xde, 0x21, 0x00, 0xc3, 0x10, 0x49, 0x3a, 0x4a, 0x42, 0x4a, 0x42,
        0x4a, 0x42, 0x4a, 0x42, 0x4a, 0x42, 0x4a, 0x42, 0x4a, 0x42, 0x4a, 0x3a, 0x4a, 0x3a, 0x4a, 0x42, 0x4a, 0x42, 0x4a, 0x42,
        0x4a, 0x42, 0x4a, 0x42, 0x49, 0x3a, 0x49, 0x3a, 0x29, 0x3a, 0x29, 0x3a, 0x29, 0x3a, 0x29, 0x3a, 0x29, 0x3a, 0x29, 0x3a,
        0x29, 0x3a, 0x09, 0x3a, 0xc7, 0x31, 0x71, 0x3b, 0xbb, 0x3d, 0x5a, 0x3d, 0x5a, 0x45, 0xde, 0x3d, 0x9d, 0x2d, 0xba, 0x1c,
        0x2a, 0x32, 0xe8, 0x39, 0x08, 0x3a, 0x09, 0x32, 0xa8, 0x29, 0x87, 0x21, 0x87, 0x21, 0x46, 0x21, 0x46, 0x19, 0x46, 0x21,
        0xe5, 0x10, 0xe4, 0x10, 0xc4, 0x10, 0x82, 0x08, 0x24, 0x19, 0x64, 0x21, 0x24, 0x19, 0xac, 0x5b, 0x18, 0xaf, 0xd7, 0xa6,
        0xd7, 0xae, 0xd7, 0xae, 0xd7, 0xae, 0xf7, 0xae, 0xf7, 0xae, 0xf7, 0xae, 0xf7, 0xae, 0xd7, 0xae, 0xd7, 0xae, 0xd7, 0xae,
        0xd7, 0xae, 0xd7, 0xae, 0xd7, 0xae, 0xd7, 0xae, 0xd7, 0xae, 0xd7, 0xae, 0xd7, 0xae, 0xd7, 0xae, 0xd7, 0xae, 0xd7, 0xae,
        0xd7, 0xae, 0xd7, 0xae, 0xd7, 0xae, 0xd7, 0xae, 0xd7, 0xae, 0xd7, 0xae, 0xd7, 0xae, 0xd7, 0xae, 0xd7, 0xae, 0xd7, 0xae,
        0xd7, 0xae, 0xd7, 0xae, 0xd7, 0xae, 0xd7, 0xae, 0xd7, 0xae, 0xd7, 0xae, 0xd7, 0xae, 0xd7, 0xae, 0xd7, 0xae, 0xd7, 0xae,
        0xd7, 0xae, 0xd7, 0xae, 0xd7, 0xae, 0xd7, 0xae, 0xd7, 0xae, 0xd7, 0xae, 0xd7, 0xae, 0xd7, 0xae, 0xd7, 0xae, 0xd7, 0xae,
        0xd7, 0xae, 0xd7, 0xae, 0xd7, 0xae, 0xd7, 0xae, 0xd7, 0xae, 0xd7, 0xae, 0xd7, 0xae, 0xd7, 0xae, 0xd7, 0xae, 0xd7, 0xae,
        0xd7, 0xae, 0xd7, 0xae, 0xd7, 0xae, 0xd7, 0xae, 0xd7, 0xae, 0xd7, 0xae, 0xd7, 0xae, 0xd7, 0xae, 0xd7, 0xae, 0xd7, 0xae,
        0xd7, 0xae, 0xd7, 0xae, 0xd7, 0xae, 0xd7, 0xae, 0xd7, 0xae, 0xd7, 0xae, 0xd7, 0xae, 0xd7, 0xae, 0xd7, 0xae, 0xd7, 0xae,
        0xd7, 0xae, 0xd7, 0xae, 0xd7, 0xae, 0xd7, 0xae, 0xd7, 0xae, 0xd7, 0xae, 0xd7, 0xae, 0xd7, 0xae, 0xd7, 0xae, 0xd7, 0xae,
        0xd7, 0xae, 0xd7, 0xae, 0xd7, 0xae, 0xd7, 0xae, 0xd7, 0xae, 0xd7, 0xae, 0xd7, 0xae, 0xd7, 0xae, 0xd7, 0xae, 0xd7, 0xae,
        0xd7, 0xae, 0xd7, 0xae, 0xd7, 0xae, 0xd7, 0xae, 0xd7, 0xae, 0xd7, 0xae, 0xd7, 0xae, 0xd7, 0xae, 0xd7, 0xae, 0xd7, 0xae,
        0xd7, 0xae, 0xd7, 0xae, 0xd7, 0xae, 0xd7, 0xae, 0xd7, 0xae, 0xd7, 0xae, 0xd7, 0xae, 0xd7, 0xae, 0xd7, 0xae, 0xd7, 0xae,
        0xd7, 0xae, 0xd7, 0xae, 0xd7, 0xae, 0xd7, 0xae, 0xd7, 0xae, 0xd7, 0xae, 0xd7, 0xae, 0xd7, 0xae, 0xd7, 0xae, 0xd7, 0xae,
        0xd7, 0xae, 0xd7, 0xae, 0xd7, 0xae, 0xd7, 0xae, 0xd7, 0xae, 0xd7, 0xae, 0xd7, 0xae, 0xd7, 0xae, 0xd7, 0xae, 0xd7, 0xae,
        0xd7, 0xae, 0xd7, 0xae, 0xd7, 0xae, 0xd7, 0xae, 0xf7, 0xae, 0xd7, 0xae, 0xd7, 0xae, 0xf8, 0xae, 0xf8, 0xb6, 0xa5, 0x29,
        0x00, 0x00, 0x00, 0x00, 0xc4, 0x10, 0x67, 0x21, 0x67, 0x21, 0x67, 0x21, 0x67, 0x21, 0x67, 0x21, 0x29, 0x3a, 0x4a, 0x42,
        0x2a, 0x3a, 0x6a, 0x42, 0x8b, 0x4a, 0x6a, 0x42, 0x6a, 0x42, 0x6a, 0x42, 0x6a, 0x42, 0x6a, 0x42, 0x6a, 0x42, 0x6a, 0x42,
        0x6a, 0x42, 0x6a, 0x42, 0x6a, 0x42, 0x6a, 0x42, 0x6a, 0x42, 0x6a, 0x42, 0x6b, 0x42, 0x4a, 0x42, 0x46, 0x21, 0x49, 0x42,
        0xf7, 0xbd, 0xf7, 0xbd, 0x9a, 0xd6, 0x7d, 0xf7, 0xf4, 0x9c, 0xd3, 0x94, 0x72, 0x8c, 0x8c, 0x4a, 0x2a, 0x3a, 0x6b, 0x42,
        0x6b, 0x4a, 0x8c, 0x4a, 0xac, 0x4a, 0xcc, 0x52, 0xcc, 0x52, 0xcd, 0x52, 0x2a, 0x42, 0x09, 0x3a, 0x09, 0x3a, 0x29, 0x3a,
        0xc8, 0x31, 0xa7, 0x31, 0xab, 0x52, 0xda, 0xde, 0xda, 0xe6, 0xfa, 0xe6, 0x7b, 0xf7, 0x9c, 0xff, 0x9c, 0xff, 0x9c, 0xff,
        0x9c, 0xff, 0x9c, 0xff, 0x9c, 0xff, 0x9c, 0xff, 0x9c, 0xff, 0x9c, 0xff, 0x9c, 0xff, 0x9c, 0xff, 0x9c, 0xff, 0x9c, 0xff,
        0x9c, 0xff, 0x9c, 0xff, 0x9c, 0xff, 0x9c, 0xff, 0x9c, 0xff, 0x9c, 0xff, 0x9c, 0xff, 0x9c, 0xff, 0x9c, 0xff, 0x9b, 0xff,
        0xbc, 0xff, 0x51, 0x84, 0x0d, 0x5b, 0x4e, 0x63, 0xec, 0x5a, 0xe9, 0x39, 0x09, 0x3a, 0xe9, 0x39, 0x25, 0x21, 0xc3, 0x10,
        0x10, 0x7c, 0x39, 0xc6, 0x38, 0xc6, 0x79, 0xce, 0xf4, 0x9c, 0x35, 0xa5, 0x72, 0x8c, 0x2a, 0x3a, 0x2a, 0x3a, 0x6b, 0x42,
        0xcd, 0x52, 0xac, 0x4a, 0x8c, 0x4a, 0x6b, 0x4a, 0x8b, 0x4a, 0x6b, 0x4a, 0x8b, 0x4a, 0x6b, 0x42, 0x52, 0x84, 0x97, 0xad,
        0x76, 0xad, 0xb7, 0xb5, 0xb7, 0xb5, 0xd7, 0xb5, 0x14, 0xa5, 0x05, 0x19, 0x87, 0x29, 0x6a, 0x42, 0x4a, 0x42, 0x4a, 0x42,
        0x4a, 0x42, 0x4a, 0x42, 0x4a, 0x42, 0x4a, 0x42, 0x4a, 0x42, 0x4a, 0x3a, 0x4a, 0x3a, 0x4a, 0x3a, 0x4a, 0x3a, 0x4a, 0x3a,
        0x4a, 0x3a, 0x4a, 0x3a, 0x4a, 0x3a, 0x2a, 0x3a, 0x2a, 0x3a, 0x2a, 0x3a, 0x29, 0x3a, 0x29, 0x3a, 0x29, 0x3a, 0x29, 0x3a,
        0x29, 0x3a, 0x29, 0x3a, 0x29, 0x3a, 0x29, 0x3a, 0x2a, 0x3a, 0x09, 0x3a, 0xee, 0x42, 0x5f, 0x4e, 0x9f, 0x4e, 0x1e, 0x46,
        0xb4, 0x33, 0x31, 0x2b, 0x51, 0x2b, 0x0f, 0x33, 0x4a, 0x3a, 0x29, 0x3a, 0x09, 0x3a, 0x66, 0x21, 0x26, 0x19, 0x46, 0x19,
        0x47, 0x21, 0x46, 0x19, 0x46, 0x19, 0xe4, 0x10, 0x00, 0x00, 0x00, 0x00, 0x00, 0x00, 0xc9, 0x42, 0x38, 0xb7, 0xd7, 0xae,
        0xd7, 0xae, 0xf7, 0xae, 0xf7, 0xae, 0xf7, 0xae, 0xf7, 0xae, 0xf7, 0xae, 0xf7, 0xae, 0xf7, 0xae, 0xd7, 0xae, 0xd7, 0xae,
        0xd7, 0xae, 0xd7, 0xae, 0xd7, 0xae, 0xd7, 0xae, 0xd7, 0xae, 0xd7, 0xae, 0xd7, 0xae, 0xd7, 0xae, 0xd7, 0xae, 0xd7, 0xae,
        0xd7, 0xae, 0xd7, 0xae, 0xd7, 0xae, 0xd7, 0xae, 0xd7, 0xae, 0xd7, 0xae, 0xd7, 0xae, 0xd7, 0xae, 0xd7, 0xae, 0xd7, 0xae,
        0xd7, 0xae, 0xd7, 0xae, 0xd7, 0xae, 0xd7, 0xae, 0xd7, 0xae, 0xd7, 0xae, 0xd7, 0xae, 0xd7, 0xae, 0xd7, 0xae, 0xd7, 0xae,
        0xd7, 0xae, 0xd7, 0xae, 0xd7, 0xae, 0xd7, 0xae, 0xd7, 0xae, 0xd7, 0xae, 0xd7, 0xae, 0xd7, 0xae, 0xd7, 0xae, 0xd7, 0xae,
        0xd7, 0xae, 0xd7, 0xae, 0xd7, 0xae, 0xd7, 0xae, 0xd7, 0xae, 0xd7, 0xae, 0xd7, 0xae, 0xd7, 0xae, 0xd7, 0xae, 0xd7, 0xae,
        0xd7, 0xae, 0xd7, 0xae, 0xd7, 0xae, 0xd7, 0xae, 0xd7, 0xae, 0xd7, 0xae, 0xd7, 0xae, 0xd7, 0xae, 0xd7, 0xae, 0xd7, 0xae,
        0xd7, 0xae, 0xd7, 0xae, 0xd7, 0xae, 0xd7, 0xae, 0xd7, 0xae, 0xd7, 0xae, 0xd7, 0xae, 0xd7, 0xae, 0xd7, 0xae, 0xd7, 0xae,
        0xd7, 0xae, 0xd7, 0xae, 0xd7, 0xae, 0xd7, 0xae, 0xd7, 0xae, 0xd7, 0xae, 0xd7, 0xae, 0xd7, 0xae, 0xd7, 0xae, 0xd7, 0xae,
        0xd7, 0xae, 0xd7, 0xae, 0xd7, 0xae, 0xd7, 0xae, 0xd7, 0xae, 0xd7, 0xae, 0xd7, 0xae, 0xd7, 0xae, 0xd7, 0xae, 0xd7, 0xae,
        0xd7, 0xae, 0xd7, 0xae, 0xd7, 0xae, 0xd7, 0xae, 0xd7, 0xae, 0xd7, 0xae, 0xd7, 0xae, 0xd7, 0xae, 0xd7, 0xae, 0xd7, 0xae,
        0xd7, 0xae, 0xd7, 0xae, 0xd7, 0xae, 0xd7, 0xae, 0xd7, 0xae, 0xd7, 0xae, 0xd7, 0xae, 0xd7, 0xae, 0xd7, 0xae, 0xd7, 0xae,
        0xd7, 0xae, 0xd7, 0xae, 0xd7, 0xae, 0xd7, 0xae, 0xd7, 0xae, 0xd7, 0xae, 0xd7, 0xae, 0xd7, 0xae, 0xd7, 0xae, 0xd7, 0xae,
        0xd7, 0xae, 0xd7, 0xae, 0xd7, 0xae, 0xd7, 0xae, 0xd7, 0xae, 0xf7, 0xae, 0xd7, 0xae, 0xd7, 0xae, 0xd7, 0xae, 0xd7, 0xae,
        0xf7, 0xae, 0xf7, 0xae, 0xd7, 0xae, 0xd7, 0xae, 0xf7, 0xae, 0xf7, 0xae, 0xf8, 0xae, 0x18, 0xaf, 0xf8, 0xb6, 0xa5, 0x29,
        0x00, 0x00, 0x00, 0x00, 0xc4, 0x10, 0x67, 0x21, 0x67, 0x21, 0x67, 0x21, 0x67, 0x21, 0x87, 0x21, 0x8b, 0x4a, 0xab, 0x4a,
        0x8b, 0x4a, 0x8b, 0x4a, 0x6a, 0x42, 0x6a, 0x42, 0x6a, 0x42, 0x6a, 0x42, 0x6a, 0x42, 0x6a, 0x42, 0x6a, 0x42, 0x6a, 0x42,
        0x6a, 0x42, 0x6a, 0x42, 0x6a, 0x42, 0x6a, 0x42, 0x6a, 0x42, 0x6a, 0x42, 0x6a, 0x42, 0x6a, 0x42, 0x6a, 0x42, 0x4a, 0x42,
        0xa8, 0x29, 0x87, 0x29, 0x2d, 0x63, 0xff, 0xff, 0xff, 0xff, 0xff, 0xff, 0x7d, 0xef, 0x8b, 0x4a, 0xe9, 0x39, 0x4a, 0x42,
        0x4b, 0x42, 0x6b, 0x4a, 0x6b, 0x4a, 0x8c, 0x4a, 0xac, 0x4a, 0xcd, 0x52, 0xe4, 0x18, 0x00, 0x00, 0x00, 0x00, 0x2a, 0x42,
        0x0d, 0x5b, 0xac, 0x4a, 0x6e, 0x6b, 0x7c, 0xf7, 0xbc, 0xff, 0xbc, 0xff, 0x9c, 0xff, 0x9c, 0xff, 0x9c, 0xff, 0x9c, 0xff,
        0x9c, 0xff, 0x9c, 0xff, 0x9c, 0xff, 0x9c, 0xff, 0x9c, 0xff, 0x9c, 0xff, 0x9c, 0xff, 0x9c, 0xff, 0x9c, 0xff, 0x9c, 0xff,
        0x9c, 0xff, 0x9c, 0xff, 0x9c, 0xff, 0x9c, 0xff, 0x9c, 0xff, 0x9c, 0xff, 0x9c, 0xff, 0x9c, 0xff, 0x9c, 0xff, 0x9b, 0xff,
        0xbc, 0xff, 0xf4, 0xa4, 0xf1, 0x7b, 0x52, 0x8c, 0xd0, 0x73, 0x29, 0x3a, 0x29, 0x3a, 0x2a, 0x42, 0x4a, 0x42, 0x2a, 0x42,
        0xab, 0x4a, 0xed, 0x52, 0xac, 0x4a, 0x18, 0xbe, 0xff, 0xff, 0xff, 0xff, 0x9a, 0xd6, 0xe9, 0x31, 0x0a, 0x3a, 0x2a, 0x42,
        0x8b, 0x4a, 0x6b, 0x4a, 0x6b, 0x42, 0x6b, 0x42, 0x6b, 0x42, 0x6b, 0x4a, 0x6b, 0x4a, 0x0a, 0x3a, 0xd7, 0xb5, 0xff, 0xff,
        0xff, 0xff, 0xba, 0xd6, 0x67, 0x21, 0x67, 0x21, 0xa8, 0x29, 0x8b, 0x4a, 0x8b, 0x42, 0x6a, 0x42, 0x6a, 0x42, 0x6a, 0x42,
        0x4a, 0x42, 0x4a, 0x42, 0x4a, 0x42, 0x4a, 0x42, 0x4a, 0x42, 0x4a, 0x42, 0x4a, 0x3a, 0x4a, 0x3a, 0x4a, 0x3a, 0x2a, 0x3a,
        0x2a, 0x3a, 0x4a, 0x3a, 0x2a, 0x3a, 0x2a, 0x3a, 0x2a, 0x3a, 0x2a, 0x3a, 0x29, 0x3a, 0x29, 0x3a, 0x29, 0x3a, 0x29, 0x3a,
        0x29, 0x3a, 0x29, 0x3a, 0x29, 0x3a, 0x29, 0x3a, 0x49, 0x42, 0x29, 0x42, 0x2f, 0x43, 0x7f, 0x4e, 0x9f, 0x56, 0x9f, 0x56,
        0x5c, 0x35, 0xbb, 0x14, 0xdb, 0x1c, 0x37, 0x24, 0x2a, 0x3a, 0xe8, 0x39, 0xe8, 0x31, 0x46, 0x19, 0x05, 0x19, 0x26, 0x19,
        0x26, 0x19, 0x26, 0x19, 0x26, 0x19, 0xc4, 0x10, 0x00, 0x00, 0x00, 0x00, 0x00, 0x00, 0x0a, 0x4b, 0x59, 0xbf, 0xf8, 0xb6,
        0x18, 0xb7, 0xf8, 0xb6, 0xf8, 0xb6, 0xf8, 0xae, 0xf8, 0xae, 0xf7, 0xae, 0xd7, 0xae, 0xd7, 0xae, 0xd7, 0xae, 0xf7, 0xae,
        0xd7, 0xae, 0xd7, 0xae, 0xd7, 0xae, 0xd7, 0xae, 0xd7, 0xae, 0xd7, 0xae, 0xd7, 0xae, 0xd7, 0xae, 0xd7, 0xae, 0xd7, 0xae,
        0xd7, 0xae, 0xd7, 0xae, 0xd7, 0xae, 0xd7, 0xae, 0xd7, 0xae, 0xd7, 0xae, 0xd7, 0xae, 0xd7, 0xae, 0xd7, 0xae, 0xd7, 0xae,
        0xd7, 0xae, 0xd7, 0xae, 0xd7, 0xae, 0xd7, 0xae, 0xd7, 0xae, 0xd7, 0xae, 0xd7, 0xae, 0xd7, 0xae, 0xd7, 0xae, 0xd7, 0xae,
        0xd7, 0xae, 0xd7, 0xae, 0xd7, 0xae, 0xd7, 0xae, 0xd7, 0xae, 0xd7, 0xae, 0xd7, 0xae, 0xd7, 0xae, 0xd7, 0xae, 0xd7, 0xae,
        0xd7, 0xae, 0xd7, 0xae, 0xd7, 0xae, 0xd7, 0xae, 0xd7, 0xae, 0xd7, 0xae, 0xd7, 0xae, 0xd7, 0xae, 0xd7, 0xae, 0xd7, 0xae,
        0xd7, 0xae, 0xd7, 0xae, 0xd7, 0xae, 0xd7, 0xae, 0xd7, 0xae, 0xd7, 0xae, 0xd7, 0xae, 0xd7, 0xae, 0xd7, 0xae, 0xd7, 0xae,
        0xd7, 0xae, 0xd7, 0xae, 0xd7, 0xae, 0xd7, 0xae, 0xd7, 0xae, 0xd7, 0xae, 0xd7, 0xae, 0xd7, 0xae, 0xd7, 0xae, 0xd7, 0xae,
        0xd7, 0xae, 0xd7, 0xae, 0xd7, 0xae, 0xd7, 0xae, 0xd7, 0xae, 0xd7, 0xae, 0xd7, 0xae, 0xd7, 0xae, 0xd7, 0xae, 0xd7, 0xae,
        0xd7, 0xae, 0xd7, 0xae, 0xd7, 0xae, 0xd7, 0xae, 0xd7, 0xae, 0xd7, 0xae, 0xd7, 0xae, 0xd7, 0xae, 0xd7, 0xae, 0xd7, 0xae,
        0xd7, 0xae, 0xd7, 0xae, 0xd7, 0xae, 0xd7, 0xae, 0xd7, 0xae, 0xd7, 0xae, 0xd7, 0xae, 0xd7, 0xae, 0xd7, 0xae, 0xd7, 0xae,
        0xd7, 0xae, 0xd7, 0xae, 0xd7, 0xae, 0xd7, 0xae, 0xd7, 0xae, 0xd7, 0xae, 0xd7, 0xae, 0xd7, 0xae, 0xd7, 0xae, 0xd7, 0xae,
        0xd7, 0xae, 0xd7, 0xae, 0xd7, 0xae, 0xd7, 0xae, 0xd7, 0xae, 0xd7, 0xae, 0xd7, 0xae, 0xd7, 0xae, 0xd7, 0xae, 0xd7, 0xae,
        0xd7, 0xae, 0xd7, 0xae, 0xd7, 0xae, 0xd7, 0xae, 0xd7, 0xae, 0xd7, 0xae, 0xd7, 0xae, 0xd7, 0xae, 0xd7, 0xae, 0xf7, 0xae,
        0xf7, 0xae, 0xd7, 0xae, 0xd7, 0xae, 0xf7, 0xae, 0xf8, 0xae, 0xd7, 0xae, 0x97, 0xa6, 0xb7, 0xa6, 0x96, 0xa6, 0x64, 0x21,
        0x00, 0x00, 0x00, 0x00, 0xa3, 0x10, 0x47, 0x21, 0x47, 0x19, 0x46, 0x19, 0x46, 0x19, 0x67, 0x21, 0x6a, 0x42, 0x6a, 0x4a,
        0x6a, 0x42, 0x6a, 0x42, 0x6a, 0x42, 0x6a, 0x42, 0x6a, 0x42, 0x6a, 0x42, 0x6a, 0x42, 0x6a, 0x42, 0x6a, 0x42, 0x6a, 0x42,
        0x6a, 0x42, 0x6a, 0x42, 0x6a, 0x42, 0x6a, 0x42, 0x6a, 0x42, 0x6a, 0x42, 0x6a, 0x42, 0x6a, 0x42, 0x4a, 0x42, 0x4a, 0x42,
        0xe9, 0x31, 0xc8, 0x29, 0xaf, 0x73, 0xff, 0xff, 0xff, 0xff, 0xff, 0xff, 0x3c, 0xe7, 0x4a, 0x42, 0xc9, 0x31, 0x0a, 0x3a,
        0x2a, 0x42, 0x2a, 0x42, 0x4b, 0x42, 0x6b, 0x4a, 0x8c, 0x4a, 0xcc, 0x52, 0xa3, 0x10, 0x00, 0x00, 0x21, 0x00, 0x29, 0x3a,
        0xcc, 0x52, 0x8b, 0x4a, 0x6e, 0x6b, 0x7c, 0xf7, 0x9b, 0xff, 0x9c, 0xff, 0x9c, 0xff, 0x9c, 0xff, 0x9c, 0xff, 0x9c, 0xff,
        0x9c, 0xff, 0x9c, 0xff, 0x9c, 0xff, 0x9c, 0xff, 0x9c, 0xff, 0x9c, 0xff, 0x9c, 0xff, 0x9c, 0xff, 0xbc, 0xff, 0x9c, 0xff,
        0xbc, 0xff, 0x9c, 0xff, 0x9c, 0xff, 0x9c, 0xff, 0x9c, 0xff, 0x9c, 0xff, 0x9c, 0xff, 0x9c, 0xff, 0x9c, 0xff, 0x9c, 0xff,
        0xbc, 0xff, 0xf3, 0x9c, 0xf0, 0x7b, 0x51, 0x84, 0xd0, 0x73, 0x2a, 0x3a, 0x4a, 0x42, 0x4a, 0x42, 0x4a, 0x42, 0x4a, 0x42,
        0xcc, 0x52, 0x4e, 0x63, 0xcc, 0x52, 0xf8, 0xbd, 0xff, 0xff, 0xff, 0xff, 0x9a, 0xce, 0xc8, 0x31, 0xc9, 0x29, 0xe9, 0x31,
        0x4b, 0x42, 0x4a, 0x42, 0x4a, 0x42, 0x4a, 0x42, 0x6b, 0x42, 0x6b, 0x4a, 0x8b, 0x4a, 0x2a, 0x3a, 0xf8, 0xbd, 0xff, 0xff,
        0xff, 0xff, 0xba, 0xd6, 0xa8, 0x29, 0xa8, 0x29, 0xc8, 0x31, 0x6a, 0x42, 0x6a, 0x42, 0x6a, 0x42, 0x4a, 0x42, 0x4a, 0x42,
        0x4a, 0x42, 0x4a, 0x42, 0x4a, 0x42, 0x6a, 0x42, 0x4a, 0x42, 0x4a, 0x42, 0x4a, 0x42, 0x4a, 0x3a, 0x4a, 0x3a, 0x4a, 0x3a,
        0x2a, 0x3a, 0x29, 0x3a, 0x29, 0x3a, 0x4a, 0x3a, 0x4a, 0x3a, 0x4a, 0x42, 0x4a, 0x42, 0x4a, 0x3a, 0x4a, 0x42, 0x4a, 0x3a,
        0x49, 0x3a, 0x49, 0x3a, 0x4a, 0x3a, 0x4a, 0x3a, 0x4a, 0x42, 0x29, 0x42, 0x2f, 0x43, 0x9f, 0x56, 0x9f, 0x56, 0x9f, 0x4e,
        0x1b, 0x2d, 0x59, 0x1c, 0x7a, 0x1c, 0xd6, 0x1b, 0xe8, 0x31, 0xe8, 0x31, 0xc8, 0x31, 0x25, 0x19, 0xe5, 0x10, 0x05, 0x19,
        0x26, 0x19, 0x26, 0x19, 0x26, 0x19, 0xe4, 0x10, 0x00, 0x00, 0x00, 0x00, 0x00, 0x00, 0x0b, 0x4b, 0x3a, 0xbf, 0xd8, 0xb6,
        0xd8, 0xb6, 0xf8, 0xb6, 0xf8, 0xb6, 0xf8, 0xae, 0xf8, 0xae, 0xf7, 0xae, 0xf7, 0xae, 0xd7, 0xae, 0xd7, 0xae, 0xd7, 0xae,
        0xd7, 0xae, 0xd7, 0xae, 0xd7, 0xae, 0xd7, 0xae, 0xd7, 0xae, 0xd7, 0xae, 0xd7, 0xae, 0xd7, 0xae, 0xd7, 0xae, 0xd7, 0xae,
        0xd7, 0xae, 0xd7, 0xae, 0xd7, 0xae, 0xd7, 0xae, 0xd7, 0xae, 0xd7, 0xae, 0xd7, 0xae, 0xd7, 0xae, 0xd7, 0xae, 0xd7, 0xae,
        0xd7, 0xae, 0xd7, 0xae, 0xd7, 0xae, 0xd7, 0xae, 0xd7, 0xae, 0xd7, 0xae, 0xd7, 0xae, 0xd7, 0xae, 0xd7, 0xae, 0xd7, 0xae,
        0xd7, 0xae, 0xd7, 0xae, 0xd7, 0xae, 0xd7, 0xae, 0xd7, 0xae, 0xd7, 0xae, 0xd7, 0xae, 0xd7, 0xae, 0xd7, 0xae, 0xd7, 0xae,
        0xd7, 0xae, 0xd7, 0xae, 0xd7, 0xae, 0xd7, 0xae, 0xd7, 0xae, 0xd7, 0xae, 0xd7, 0xae, 0xd7, 0xae, 0xd7, 0xae, 0xd7, 0xae,
        0xd7, 0xae, 0xd7, 0xae, 0xd7, 0xae, 0xd7, 0xae, 0xd7, 0xae, 0xd7, 0xae, 0xd7, 0xae, 0xd7, 0xae, 0xd7, 0xae, 0xd7, 0xae,
        0xd7, 0xae, 0xd7, 0xae, 0xd7, 0xae, 0xd7, 0xae, 0xd7, 0xae, 0xd7, 0xae, 0xd7, 0xae, 0xd7, 0xae, 0xd7, 0xae, 0xd7, 0xae,
        0xd7, 0xae, 0xd7, 0xae, 0xd7, 0xae, 0xd7, 0xae, 0xd7, 0xae, 0xd7, 0xae, 0xd7, 0xae, 0xd7, 0xae, 0xd7, 0xae, 0xd7, 0xae,
        0xd7, 0xae, 0xd7, 0xae, 0xd7, 0xae, 0xd7, 0xae, 0xd7, 0xae, 0xd7, 0xae, 0xd7, 0xae, 0xd7, 0xae, 0xd7, 0xae, 0xd7, 0xae,
        0xd7, 0xae, 0xd7, 0xae, 0xd7, 0xae, 0xd7, 0xae, 0xd7, 0xae, 0xd7, 0xae, 0xd7, 0xae, 0xd7, 0xae, 0xd7, 0xae, 0xd7, 0xae,
        0xd7, 0xae, 0xd7, 0xae, 0xd7, 0xae, 0xd7, 0xae, 0xd7, 0xae, 0xd7, 0xae, 0xd7, 0xae, 0xd7, 0xae, 0xd7, 0xae, 0xd7, 0xae,
        0xd7, 0xae, 0xd7, 0xae, 0xd7, 0xae, 0xd7, 0xae, 0xd7, 0xae, 0xd7, 0xae, 0xd7, 0xae, 0xd7, 0xae, 0xd7, 0xae, 0xd7, 0xae,
        0xd7, 0xae, 0xd7, 0xae, 0xd7, 0xae, 0xd7, 0xae, 0xd7, 0xae, 0xd7, 0xae, 0xd7, 0xae, 0xd7, 0xae, 0xd7, 0xae, 0xd7, 0xae,
        0xd7, 0xae, 0xd7, 0xae, 0xd7, 0xae, 0xf7, 0xae, 0x39, 0xb7, 0x6b, 0x53, 0x03, 0x19, 0x23, 0x19, 0x03, 0x19, 0x61, 0x08,
        0x41, 0x00, 0x41, 0x00, 0xc4, 0x10, 0x26, 0x19, 0x46, 0x19, 0x67, 0x21, 0x67, 0x21, 0x87, 0x29, 0x6a, 0x42, 0x6a, 0x42,
        0x6a, 0x42, 0x6a, 0x42, 0x6a, 0x42, 0x6a, 0x42, 0x6a, 0x42, 0x4a, 0x42, 0x6a, 0x42, 0x6a, 0x42, 0x6a, 0x42, 0x4a, 0x42,
        0x4a, 0x42, 0x6a, 0x42, 0x6a, 0x42, 0x6a, 0x42, 0x6a, 0x42, 0x6a, 0x42, 0x6a, 0x42, 0x6a, 0x42, 0x6a, 0x42, 0x6a, 0x42,
        0x09, 0x3a, 0xe9, 0x31, 0xaf, 0x73, 0x3c, 0xe7, 0x1b, 0xe7, 0x1b, 0xdf, 0xdb, 0xde, 0xed, 0x5a, 0x8b, 0x4a, 0xcc, 0x52,
        0xec, 0x52, 0xed, 0x5a, 0x0d, 0x5b, 0x0d, 0x5b, 0xac, 0x52, 0x8c, 0x4a, 0x46, 0x21, 0xc4, 0x18, 0x05, 0x21, 0x2d, 0x63,
        0xf0, 0x7b, 0xaf, 0x73, 0x51, 0x8c, 0x9c, 0xf7, 0x9c, 0xff, 0x9c, 0xff, 0x9c, 0xff, 0x9c, 0xff, 0x9c, 0xff, 0x9c, 0xff,
        0x9c, 0xff, 0x9c, 0xff, 0x9c, 0xff, 0x9c, 0xff, 0x9c, 0xff, 0x9c, 0xff, 0x9c, 0xff, 0x9c, 0xff, 0x9c, 0xff, 0x9c, 0xff,
        0x9c, 0xff, 0x9c, 0xff, 0x9c, 0xff, 0x9c, 0xff, 0x9c, 0xff, 0x9c, 0xff, 0x9c, 0xff, 0x9c, 0xff, 0x9c, 0xff, 0x9c, 0xff,
        0xdd, 0xff, 0xb6, 0xb5, 0xf4, 0x9c, 0x35, 0xa5, 0x72, 0x8c, 0x6a, 0x42, 0x8b, 0x4a, 0x8b, 0x4a, 0x4a, 0x42, 0x4a, 0x42,
        0xac, 0x4a, 0x0d, 0x5b, 0x8b, 0x4a, 0x55, 0xa5, 0x3d, 0xe7, 0x5d, 0xe7, 0xf8, 0xbd, 0x4a, 0x42, 0x6b, 0x42, 0x8b, 0x4a,
        0xcc, 0x52, 0xcc, 0x52, 0xcc, 0x52, 0xec, 0x52, 0xed, 0x5a, 0x0d, 0x5b, 0x2e, 0x63, 0xed, 0x5a, 0xd7, 0xb5, 0x5d, 0xef,
        0x7d, 0xef, 0x38, 0xc6, 0xc9, 0x31, 0xc8, 0x31, 0xe9, 0x31, 0x4a, 0x42, 0x4a, 0x42, 0x4a, 0x42, 0x4a, 0x42, 0x4a, 0x42,
        0x6a, 0x42, 0x6a, 0x42, 0x6a, 0x42, 0x4a, 0x42, 0x4a, 0x42, 0x4a, 0x42, 0x4a, 0x42, 0x4a, 0x42, 0x29, 0x3a, 0x29, 0x3a,
        0x09, 0x3a, 0x09, 0x3a, 0x29, 0x3a, 0x29, 0x42, 0x4a, 0x42, 0x4a, 0x42, 0x4a, 0x42, 0x4a, 0x42, 0x4a, 0x42, 0x4a, 0x42,
        0x49, 0x3a, 0x4a, 0x42, 0x4a, 0x3a, 0x4a, 0x42, 0x4a, 0x42, 0x29, 0x42, 0xcd, 0x42, 0xdc, 0x4d, 0xfc, 0x45, 0xdc, 0x45,
        0x1b, 0x2d, 0xfb, 0x24, 0xfb, 0x24, 0x98, 0x24, 0x8c, 0x3a, 0xc8, 0x31, 0xc8, 0x31, 0x66, 0x21, 0x46, 0x21, 0x46, 0x21,
        0x26, 0x19, 0x26, 0x19, 0x46, 0x19, 0xe5, 0x10, 0x21, 0x00, 0x21, 0x00, 0x41, 0x00, 0xc2, 0x10, 0x64, 0x21, 0x44, 0x19,
        0x23, 0x19, 0xb0, 0x7c, 0x59, 0xbf, 0xf8, 0xae, 0xf7, 0xae, 0xf7, 0xae, 0xd7, 0xae, 0xd7, 0xae, 0xd7, 0xae, 0xd7, 0xae,
        0xd7, 0xae, 0xd7, 0xae, 0xd7, 0xae, 0xd7, 0xae, 0xd7, 0xae, 0xd7, 0xae, 0xd7, 0xae, 0xd7, 0xae, 0xd7, 0xae, 0xd7, 0xae,
        0xd7, 0xae, 0xd7, 0xae, 0xd7, 0xae, 0xd7, 0xae, 0xd7, 0xae, 0xd7, 0xae, 0xd7, 0xae, 0xd7, 0xae, 0xd7, 0xae, 0xd7, 0xae,
        0xd7, 0xae, 0xd7, 0xae, 0xd7, 0xae, 0xd7, 0xae, 0xd7, 0xae, 0xd7, 0xae, 0xd7, 0xae, 0xd7, 0xae, 0xd7, 0xae, 0xd7, 0xae,
        0xd7, 0xae, 0xd7, 0xae, 0xd7, 0xae, 0xd7, 0xae, 0xd7, 0xae, 0xd7, 0xae, 0xd7, 0xae, 0xd7, 0xae, 0xd7, 0xae, 0xd7, 0xae,
        0xd7, 0xae, 0xd7, 0xae, 0xd7, 0xae, 0xd7, 0xae, 0xd7, 0xae, 0xd7, 0xae, 0xd7, 0xae, 0xd7, 0xae, 0xd7, 0xae, 0xd7, 0xae,
        0xd7, 0xae, 0xd7, 0xae, 0xd7, 0xae, 0xd7, 0xae, 0xd7, 0xae, 0xd7, 0xae, 0xd7, 0xae, 0xd7, 0xae, 0xd7, 0xae, 0xd7, 0xae,
        0xd7, 0xae, 0xd7, 0xae, 0xd7, 0xae, 0xd7, 0xae, 0xd7, 0xae, 0xd7, 0xae, 0xd7, 0xae, 0xd7, 0xae, 0xd7, 0xae, 0xd7, 0xae,
        0xd7, 0xae, 0xd7, 0xae, 0xd7, 0xae, 0xd7, 0xae, 0xd7, 0xae, 0xd7, 0xae, 0xd7, 0xae, 0xd7, 0xae, 0xd7, 0xae, 0xd7, 0xae,
        0xd7, 0xae, 0xd7, 0xae, 0xd7, 0xae, 0xd7, 0xae, 0xd7, 0xae, 0xd7, 0xae, 0xd7, 0xae, 0xd7, 0xae, 0xd7, 0xae, 0xd7, 0xae,
        0xd7, 0xae, 0xd7, 0xae, 0xd7, 0xae, 0xd7, 0xae, 0xd7, 0xae, 0xd7, 0xae, 0xd7, 0xae, 0xd7, 0xae, 0xd7, 0xae, 0xd7, 0xae,
        0xd7, 0xae, 0xd7, 0xae, 0xd7, 0xae, 0xd7, 0xae, 0xd7, 0xae, 0xd7, 0xae, 0xd7, 0xae, 0xd7, 0xae, 0xd7, 0xae, 0xd7, 0xae,
        0xd7, 0xae, 0xd7, 0xae, 0xd7, 0xae, 0xd7, 0xae, 0xd7, 0xae, 0xd7, 0xae, 0xd7, 0xae, 0xd7, 0xae, 0xd7, 0xae, 0xd7, 0xae,
        0xd7, 0xae, 0xd7, 0xae, 0xd7, 0xae, 0xd7, 0xae, 0xd7, 0xae, 0xd7, 0xae, 0xf7, 0xae, 0xd7, 0xae, 0xd7, 0xae, 0xd7, 0xae,
        0xd7, 0xae, 0xd7, 0xae, 0xd7, 0xae, 0xd7, 0xae, 0x59, 0xb7, 0xa9, 0x42, 0x00, 0x00, 0x00, 0x00, 0x00, 0x00, 0xa4, 0x10,
        0x06, 0x19, 0x06, 0x19, 0x26, 0x19, 0x05, 0x19, 0x66, 0x21, 0x09, 0x3a, 0x09, 0x3a, 0x29, 0x3a, 0x6a, 0x42, 0x6a, 0x42,
        0x6a, 0x42, 0x6a, 0x42, 0x4a, 0x42, 0x49, 0x42, 0x49, 0x42, 0x6b, 0x42, 0x6b, 0x42, 0x6b, 0x42, 0x6b, 0x42, 0x4a, 0x42,
        0x4a, 0x42, 0x6a, 0x42, 0x6a, 0x42, 0x6a, 0x42, 0x6b, 0x42, 0x8a, 0x42, 0x6b, 0x4a, 0x6a, 0x4a, 0x6b, 0x4a, 0x8b, 0x4a,
        0x8b, 0x4a, 0x8b, 0x4a, 0xab, 0x4a, 0xab, 0x4a, 0x8b, 0x4a, 0x2a, 0x3a, 0xd3, 0x9c, 0x7d, 0xf7, 0x3c, 0xe7, 0x5c, 0xef,
        0x5c, 0xef, 0x7d, 0xef, 0x7d, 0xef, 0x7d, 0xef, 0x6e, 0x6b, 0x4b, 0x42, 0xac, 0x52, 0xac, 0x52, 0x6b, 0x42, 0x18, 0xc6,
        0xde, 0xff, 0x9d, 0xf7, 0x9d, 0xf7, 0xbc, 0xff, 0x9c, 0xff, 0x9c, 0xff, 0x9c, 0xff, 0x9c, 0xff, 0x9c, 0xff, 0x9c, 0xff,
        0x9c, 0xff, 0x9c, 0xff, 0x9c, 0xff, 0x9c, 0xff, 0x9c, 0xff, 0x9c, 0xff, 0x9c, 0xff, 0x9c, 0xff, 0x9c, 0xff, 0x9c, 0xff,
        0x9c, 0xff, 0xbc, 0xff, 0x9c, 0xff, 0x9c, 0xff, 0x9c, 0xff, 0x9c, 0xff, 0x9c, 0xff, 0x9c, 0xff, 0x9c, 0xff, 0x9c, 0xff,
        0xbd, 0xff, 0xbd, 0xff, 0xbd, 0xff, 0xde, 0xff, 0x99, 0xd6, 0x6e, 0x6b, 0x8f, 0x73, 0x6e, 0x6b, 0x4a, 0x42, 0x4a, 0x3a,
        0x6a, 0x42, 0x6b, 0x42, 0x6a, 0x42, 0x6b, 0x42, 0x8b, 0x4a, 0x6a, 0x42, 0x4d, 0x63, 0x3c, 0xe7, 0x3c, 0xef, 0x3c, 0xe7,
        0x3b, 0xe7, 0x3b, 0xe7, 0x3b, 0xe7, 0x5c, 0xef, 0x5c, 0xef, 0x7d, 0xef, 0x7d, 0xf7, 0x9e, 0xf7, 0xd3, 0x94, 0xac, 0x4a,
        0xec, 0x52, 0xcc, 0x52, 0x6a, 0x42, 0x6a, 0x42, 0x6a, 0x42, 0x4a, 0x42, 0x4a, 0x42, 0x4a, 0x42, 0x4a, 0x42, 0x4a, 0x42,
        0x4a, 0x42, 0x4a, 0x42, 0x4a, 0x42, 0x4a, 0x42, 0x4a, 0x42, 0x4a, 0x42, 0x4a, 0x42, 0x4a, 0x42, 0x6b, 0x3a, 0x6b, 0x3a,
        0x6b, 0x3a, 0x6b, 0x3a, 0x6b, 0x3a, 0x4a, 0x42, 0x4a, 0x42, 0x4a, 0x42, 0x4a, 0x42, 0x4a, 0x42, 0x49, 0x42, 0x4a, 0x42,
        0x49, 0x3a, 0x4a, 0x42, 0x4a, 0x42, 0x4a, 0x42, 0x49, 0x42, 0x4a, 0x42, 0x4a, 0x3a, 0x4a, 0x32, 0x4a, 0x32, 0x2b, 0x32,
        0x9b, 0x3d, 0x9f, 0x3e, 0x7f, 0x36, 0xbf, 0x3e, 0x13, 0x3c, 0xa8, 0x31, 0xe8, 0x31, 0xe9, 0x31, 0xe9, 0x31, 0xc8, 0x31,
        0x46, 0x21, 0x26, 0x19, 0x46, 0x19, 0x26, 0x19, 0xe5, 0x10, 0xe5, 0x10, 0x05, 0x11, 0x82, 0x08, 0x00, 0x00, 0x00, 0x00,
        0x00, 0x00, 0x2e, 0x6c, 0x59, 0xb7, 0xf7, 0xae, 0xf7, 0xae, 0xf7, 0xae, 0xf7, 0xae, 0xd7, 0xae, 0xd7, 0xae, 0xd7, 0xae,
        0xd7, 0xae, 0xd7, 0xae, 0xd7, 0xae, 0xd7, 0xae, 0xd7, 0xae, 0xd7, 0xae, 0xd7, 0xae, 0xd7, 0xae, 0xd7, 0xae, 0xd7, 0xae,
        0xd7, 0xae, 0xd7, 0xae, 0xd7, 0xae, 0xd7, 0xae, 0xd7, 0xae, 0xd7, 0xae, 0xd7, 0xae, 0xd7, 0xae, 0xd7, 0xae, 0xd7, 0xae,
        0xd7, 0xae, 0xd7, 0xae, 0xd7, 0xae, 0xd7, 0xae, 0xd7, 0xae, 0xd7, 0xae, 0xd7, 0xae, 0xd7, 0xae, 0xd7, 0xae, 0xd7, 0xae,
        0xd7, 0xae, 0xd7, 0xae, 0xd7, 0xae, 0xd7, 0xae, 0xd7, 0xae, 0xd7, 0xae, 0xd7, 0xae, 0xd7, 0xae, 0xd7, 0xae, 0xd7, 0xae,
        0xd7, 0xae, 0xd7, 0xae, 0xd7, 0xae, 0xd7, 0xae, 0xd7, 0xae, 0xd7, 0xae, 0xd7, 0xae, 0xd7, 0xae, 0xd7, 0xae, 0xd7, 0xae,
        0xd7, 0xae, 0xd7, 0xae, 0xd7, 0xae, 0xd7, 0xae, 0xd7, 0xae, 0xd7, 0xae, 0xd7, 0xae, 0xd7, 0xae, 0xd7, 0xae, 0xd7, 0xae,
        0xd7, 0xae, 0xd7, 0xae, 0xd7, 0xae, 0xd7, 0xae, 0xd7, 0xae, 0xd7, 0xae, 0xd7, 0xae, 0xd7, 0xae, 0xd7, 0xae, 0xd7, 0xae,
        0xd7, 0xae, 0xd7, 0xae, 0xd7, 0xae, 0xd7, 0xae, 0xd7, 0xae, 0xd7, 0xae, 0xd7, 0xae, 0xd7, 0xae, 0xd7, 0xae, 0xd7, 0xae,
        0xd7, 0xae, 0xd7, 0xae, 0xd7, 0xae, 0xd7, 0xae, 0xd7, 0xae, 0xd7, 0xae, 0xd7, 0xae, 0xd7, 0xae, 0xd7, 0xae, 0xd7, 0xae,
        0xd7, 0xae, 0xd7, 0xae, 0xd7, 0xae, 0xd7, 0xae, 0xd7, 0xae, 0xd7, 0xae, 0xd7, 0xae, 0xd7, 0xae, 0xd7, 0xae, 0xd7, 0xae,
        0xd7, 0xae, 0xd7, 0xae, 0xd7, 0xae, 0xd7, 0xae, 0xd7, 0xae, 0xd7, 0xae, 0xd7, 0xae, 0xd7, 0xae, 0xd7, 0xae, 0xd7, 0xae,
        0xd7, 0xae, 0xd7, 0xae, 0xd7, 0xae, 0xd7, 0xae, 0xd7, 0xae, 0xd7, 0xae, 0xd7, 0xae, 0xd7, 0xae, 0xd7, 0xae, 0xd7, 0xae,
        0xd7, 0xae, 0xd7, 0xae, 0xd7, 0xae, 0xd7, 0xae, 0xd7, 0xae, 0xd7, 0xae, 0xd7, 0xae, 0xd7, 0xae, 0xf7, 0xae, 0xd7, 0xae,
        0xd7, 0xae, 0xd7, 0xae, 0xd7, 0xae, 0xd7, 0xae, 0x39, 0xb7, 0xc9, 0x42, 0x00, 0x00, 0x20, 0x00, 0x00, 0x00, 0xe4, 0x10,
        0x46, 0x19, 0x26, 0x19, 0x26, 0x19, 0x05, 0x19, 0x46, 0x21, 0x09, 0x3a, 0x09, 0x3a, 0x29, 0x3a, 0x6a, 0x42, 0x6a, 0x42,
        0x6a, 0x42, 0x6a, 0x42, 0x6a, 0x42, 0x29, 0x42, 0x8b, 0x42, 0x5a, 0x3d, 0x9b, 0x3d, 0x9b, 0x3d, 0xbb, 0x3d, 0x95, 0x44,
        0x29, 0x42, 0x6a, 0x42, 0x6a, 0x42, 0x6b, 0x42, 0x8b, 0x42, 0x6b, 0x42, 0x6a, 0x42, 0x8b, 0x4a, 0x8b, 0x4a, 0x8b, 0x4a,
        0x8b, 0x4a, 0x8b, 0x4a, 0x8b, 0x4a, 0x4a, 0x42, 0x4a, 0x42, 0xe9, 0x31, 0xd3, 0x94, 0xff, 0xff, 0xfe, 0xff, 0xff, 0xff,
        0xff, 0xff, 0xff, 0xff, 0xff, 0xff, 0xff, 0xff, 0x6f, 0x6b, 0x4b, 0x42, 0x6b, 0x42, 0x6b, 0x4a, 0x2a, 0x3a, 0x17, 0xc6,
        0xfe, 0xff, 0xbd, 0xff, 0xbd, 0xff, 0x9c, 0xff, 0x9c, 0xff, 0x9c, 0xff, 0x9c, 0xff, 0x9c, 0xff, 0x9c, 0xff, 0x9c, 0xff,
        0x9c, 0xff, 0x9c, 0xff, 0xbc, 0xff, 0x9c, 0xff, 0x9c, 0xff, 0x9c, 0xff, 0x9c, 0xff, 0x9c, 0xff, 0x9c, 0xff, 0x9c, 0xff,
        0x9c, 0xff, 0x9c, 0xff, 0x9c, 0xff, 0x9c, 0xff, 0x9c, 0xff, 0x9c, 0xff, 0x9c, 0xff, 0x9c, 0xff, 0x9c, 0xff, 0xbc, 0xff,
        0xbc, 0xff, 0xbc, 0xff, 0x9c, 0xff, 0xdc, 0xff, 0x78, 0xd6, 0x2e, 0x63, 0x4e, 0x6b, 0x2d, 0x63, 0x09, 0x3a, 0x09, 0x3a,
        0x4a, 0x3a, 0x4a, 0x42, 0x4a, 0x42, 0x4a, 0x42, 0x4a, 0x42, 0x29, 0x3a, 0x2d, 0x5b, 0xff, 0xff, 0xff, 0xff, 0xfe, 0xff,
        0xfe, 0xff, 0xfe, 0xff, 0xfe, 0xff, 0xfe, 0xff, 0xfe, 0xff, 0xff, 0xff, 0xff, 0xff, 0xff, 0xff, 0xb3, 0x94, 0x29, 0x3a,
        0x6a, 0x42, 0x6a, 0x42, 0x6a, 0x42, 0x4a, 0x42, 0x6a, 0x42, 0x6a, 0x42, 0x4a, 0x42, 0x4a, 0x42, 0x4a, 0x42, 0x4a, 0x42,
        0x4a, 0x42, 0x4a, 0x42, 0x4a, 0x42, 0x4a, 0x42, 0x4a, 0x3a, 0x4a, 0x3a, 0x49, 0x3a, 0x29, 0x3a, 0xf8, 0x3c, 0xdc, 0x35,
        0xbc, 0x3d, 0xdc, 0x3d, 0xfc, 0x45, 0x91, 0x43, 0x09, 0x42, 0x4a, 0x42, 0x4a, 0x42, 0x4a, 0x3a, 0x49, 0x3a, 0x2a, 0x42,
        0x29, 0x3a, 0x4a, 0x3a, 0x4a, 0x3a, 0x49, 0x42, 0x29, 0x3a, 0x29, 0x3a, 0x29, 0x3a, 0x09, 0x3a, 0x08, 0x3a, 0xe9, 0x31,
        0xbb, 0x45, 0xbf, 0x46, 0x9f, 0x3e, 0xdf, 0x46, 0x14, 0x3c, 0x87, 0x31, 0xc8, 0x31, 0xc8, 0x31, 0xe9, 0x31, 0xe8, 0x31,
        0x66, 0x21, 0x26, 0x19, 0x46, 0x19, 0x26, 0x19, 0x26, 0x19, 0x06, 0x19, 0x06, 0x19, 0x83, 0x10, 0x20, 0x00, 0x20, 0x00,
        0x00, 0x00, 0x4e, 0x6c, 0x59, 0xb7, 0xd7, 0xae, 0xf7, 0xae, 0xf7, 0xae, 0xd7, 0xae, 0xd7, 0xae, 0xd7, 0xae, 0xd7, 0xae,
        0xd7, 0xae, 0xd7, 0xae, 0xd7, 0xae, 0xd7, 0xae, 0xd7, 0xae, 0xd7, 0xae, 0xd7, 0xae, 0xd7, 0xae, 0xd7, 0xae, 0xd7, 0xae,
        0xd7, 0xae, 0xd7, 0xae, 0xd7, 0xae, 0xd7, 0xae, 0xd7, 0xae, 0xd7, 0xae, 0xd7, 0xae, 0xd7, 0xae, 0xd7, 0xae, 0xd7, 0xae,
        0xd7, 0xae, 0xd7, 0xae, 0xd7, 0xae, 0xd7, 0xae, 0xd7, 0xae, 0xd7, 0xae, 0xd7, 0xae, 0xd7, 0xae, 0xd7, 0xae, 0xd7, 0xae,
        0xd7, 0xae, 0xd7, 0xae, 0xd7, 0xae, 0xd7, 0xae, 0xd7, 0xae, 0xd7, 0xae, 0xd7, 0xae, 0xd7, 0xae, 0xd7, 0xae, 0xd7, 0xae,
        0xd7, 0xae, 0xd7, 0xae, 0xd7, 0xae, 0xd7, 0xae, 0xd7, 0xae, 0xd7, 0xae, 0xd7, 0xae, 0xd7, 0xae, 0xd7, 0xae, 0xd7, 0xae,
        0xd7, 0xae, 0xd7, 0xae, 0xd7, 0xae, 0xd7, 0xae, 0xd7, 0xae, 0xd7, 0xae, 0xd7, 0xae, 0xd7, 0xae, 0xd7, 0xae, 0xd7, 0xae,
        0xd7, 0xae, 0xd7, 0xae, 0xd7, 0xae, 0xd7, 0xae, 0xd7, 0xae, 0xd7, 0xae, 0xd7, 0xae, 0xd7, 0xae, 0xd7, 0xae, 0xd7, 0xae,
        0xd7, 0xae, 0xd7, 0xae, 0xd7, 0xae, 0xd7, 0xae, 0xd7, 0xae, 0xd7, 0xae, 0xd7, 0xae, 0xd7, 0xae, 0xd7, 0xae, 0xd7, 0xae,
        0xd7, 0xae, 0xd7, 0xae, 0xd7, 0xae, 0xd7, 0xae, 0xd7, 0xae, 0xd7, 0xae, 0xd7, 0xae, 0xd7, 0xae, 0xd7, 0xae, 0xd7, 0xae,
        0xd7, 0xae, 0xd7, 0xae, 0xd7, 0xae, 0xd7, 0xae, 0xd7, 0xae, 0xd7, 0xae, 0xd7, 0xae, 0xd7, 0xae, 0xd7, 0xae, 0xd7, 0xae,
        0xd7, 0xae, 0xd7, 0xae, 0xd7, 0xae, 0xd7, 0xae, 0xd7, 0xae, 0xd7, 0xae, 0xd7, 0xae, 0xd7, 0xae, 0xd7, 0xae, 0xd7, 0xae,
        0xd7, 0xae, 0xd7, 0xae, 0xd7, 0xae, 0xd7, 0xae, 0xd7, 0xae, 0xd7, 0xae, 0xd7, 0xae, 0xd7, 0xae, 0xd7, 0xae, 0xd7, 0xae,
        0xd7, 0xae, 0xd7, 0xae, 0xd7, 0xae, 0xd7, 0xae, 0xd7, 0xae, 0xd7, 0xae, 0xd7, 0xae, 0xd7, 0xae, 0xd7, 0xae, 0xd7, 0xae,
        0xd7, 0xae, 0xd7, 0xae, 0xd7, 0xae, 0xd7, 0xae, 0x59, 0xbf, 0xe9, 0x42, 0x00, 0x00, 0x20, 0x00, 0x00, 0x00, 0x05, 0x19,
        0x67, 0x21, 0x46, 0x21, 0x26, 0x19, 0x06, 0x19, 0x67, 0x21, 0x09, 0x3a, 0x09, 0x3a, 0x2a, 0x3a, 0x6a, 0x42, 0x6a, 0x42,
        0x6a, 0x42, 0x8b, 0x42, 0x6a, 0x42, 0x08, 0x42, 0x8c, 0x42, 0x1e, 0x36, 0x5f, 0x36, 0x5f, 0x36, 0x9f, 0x3e, 0x38, 0x3d,
        0x29, 0x42, 0x4a, 0x42, 0x6b, 0x42, 0x8b, 0x4a, 0x8b, 0x4a, 0x8b, 0x4a, 0x8b, 0x42, 0x8b, 0x4a, 0x8b, 0x4a, 0x8b, 0x42,
        0x8b, 0x4a, 0x8b, 0x4a, 0x8b, 0x4a, 0x6a, 0x42, 0x4a, 0x42, 0x09, 0x3a, 0x11, 0x7c, 0x38, 0xc6, 0xf7, 0xbd, 0x38, 0xc6,
        0x58, 0xc6, 0x38, 0xce, 0x59, 0xce, 0x38, 0xc6, 0xed, 0x5a, 0x8b, 0x4a, 0x6e, 0x6b, 0x6e, 0x6b, 0x4e, 0x63, 0x59, 0xce,
        0xfe, 0xff, 0xbd, 0xff, 0x9c, 0xff, 0x9c, 0xff, 0x9c, 0xff, 0x9c, 0xff, 0x9c, 0xff, 0x9c, 0xff, 0x9c, 0xff, 0x9c, 0xff,
        0x9c, 0xff, 0x9c, 0xff, 0x9c, 0xff, 0xbc, 0xff, 0x9c, 0xff, 0x9c, 0xff, 0x9c, 0xff, 0x9c, 0xff, 0x9c, 0xff, 0x9c, 0xff,
        0x9c, 0xff, 0x9c, 0xff, 0x9c, 0xff, 0x9c, 0xff, 0x9c, 0xff, 0x9c, 0xff, 0x9c, 0xff, 0x9c, 0xff, 0x9c, 0xff, 0x9c, 0xff,
        0x9c, 0xff, 0x9c, 0xff, 0x9c, 0xff, 0xbc, 0xff, 0x98, 0xd6, 0xf0, 0x7b, 0x10, 0x84, 0xd0, 0x7b, 0x4a, 0x42, 0x4a, 0x42,
        0x4a, 0x42, 0x4a, 0x42, 0x6a, 0x42, 0x6a, 0x42, 0x6a, 0x42, 0x4a, 0x42, 0x0d, 0x5b, 0x9a, 0xd6, 0x9a, 0xd6, 0x79, 0xce,
        0x79, 0xce, 0x58, 0xce, 0x58, 0xce, 0x58, 0xce, 0x58, 0xce, 0x99, 0xce, 0x9a, 0xd6, 0xdb, 0xde, 0x31, 0x84, 0x4a, 0x3a,
        0x6a, 0x42, 0x6a, 0x42, 0x4a, 0x42, 0x4a, 0x42, 0x4a, 0x42, 0x4a, 0x42, 0x4a, 0x42, 0x4a, 0x42, 0x4a, 0x42, 0x4a, 0x42,
        0x4a, 0x42, 0x4a, 0x42, 0x4a, 0x42, 0x4a, 0x3a, 0x29, 0x3a, 0x29, 0x3a, 0x4a, 0x3a, 0x2a, 0x3a, 0x5a, 0x3d, 0x7f, 0x36,
        0x5f, 0x3e, 0x7f, 0x46, 0x9f, 0x4e, 0x34, 0x44, 0xac, 0x42, 0x8b, 0x42, 0x4a, 0x42, 0x4a, 0x3a, 0x29, 0x3a, 0x2a, 0x3a,
        0x29, 0x3a, 0x29, 0x3a, 0x4a, 0x3a, 0x29, 0x3a, 0x29, 0x3a, 0x29, 0x3a, 0x29, 0x3a, 0x29, 0x3a, 0x09, 0x3a, 0xe9, 0x31,
        0xf7, 0x44, 0x1c, 0x46, 0xdc, 0x45, 0xfc, 0x4d, 0xd8, 0x3c, 0x51, 0x3b, 0x71, 0x3b, 0x91, 0x3b, 0x2a, 0x32, 0xe8, 0x31,
        0x87, 0x21, 0x67, 0x21, 0x67, 0x21, 0x46, 0x21, 0x26, 0x19, 0x26, 0x19, 0x46, 0x19, 0xa3, 0x10, 0x20, 0x08, 0x00, 0x00,
        0x00, 0x00, 0x4f, 0x6c, 0x59, 0xb7, 0xf7, 0xae, 0xd7, 0xae, 0xd7, 0xae, 0xd7, 0xae, 0xd7, 0xae, 0xd7, 0xae, 0xd7, 0xae,
        0xd7, 0xae, 0xd7, 0xae, 0xd7, 0xae, 0xd7, 0xae, 0xd7, 0xae, 0xd7, 0xae, 0xd7, 0xae, 0xd7, 0xae, 0xd7, 0xae, 0xd7, 0xae,
        0xd7, 0xae, 0xd7, 0xae, 0xd7, 0xae, 0xd7, 0xae, 0xd7, 0xae, 0xd7, 0xae, 0xd7, 0xae, 0xd7, 0xae, 0xd7, 0xae, 0xd7, 0xae,
        0xd7, 0xae, 0xd7, 0xae, 0xd7, 0xae, 0xd7, 0xae, 0xd7, 0xae, 0xd7, 0xae, 0xd7, 0xae, 0xd7, 0xae, 0xd7, 0xae, 0xd7, 0xae,
        0xd7, 0xae, 0xd7, 0xae, 0xd7, 0xae, 0xd7, 0xae, 0xd7, 0xae, 0xd7, 0xae, 0xd7, 0xae, 0xd7, 0xae, 0xd7, 0xae, 0xd7, 0xae,
        0xd7, 0xae, 0xd7, 0xae, 0xd7, 0xae, 0xd7, 0xae, 0xd7, 0xae, 0xd7, 0xae, 0xd7, 0xae, 0xd7, 0xae, 0xd7, 0xae, 0xd7, 0xae,
        0xd7, 0xae, 0xd7, 0xae, 0xd7, 0xae, 0xd7, 0xae, 0xd7, 0xae, 0xd7, 0xae, 0xd7, 0xae, 0xd7, 0xae, 0xd7, 0xae, 0xd7, 0xae,
        0xd7, 0xae, 0xd7, 0xae, 0xd7, 0xae, 0xd7, 0xae, 0xd7, 0xae, 0xd7, 0xae, 0xd7, 0xae, 0xd7, 0xae, 0xd7, 0xae, 0xd7, 0xae,
        0xd7, 0xae, 0xd7, 0xae, 0xd7, 0xae, 0xd7, 0xae, 0xd7, 0xae, 0xd7, 0xae, 0xd7, 0xae, 0xd7, 0xae, 0xd7, 0xae, 0xd7, 0xae,
        0xd7, 0xae, 0xd7, 0xae, 0xd7, 0xae, 0xd7, 0xae, 0xd7, 0xae, 0xd7, 0xae, 0xd7, 0xae, 0xd7, 0xae, 0xd7, 0xae, 0xd7, 0xae,
        0xd7, 0xae, 0xd7, 0xae, 0xd7, 0xae, 0xd7, 0xae, 0xd7, 0xae, 0xd7, 0xae, 0xd7, 0xae, 0xd7, 0xae, 0xd7, 0xae, 0xd7, 0xae,
        0xd7, 0xae, 0xd7, 0xae, 0xd7, 0xae, 0xd7, 0xae, 0xd7, 0xae, 0xd7, 0xae, 0xd7, 0xae, 0xd7, 0xae, 0xd7, 0xae, 0xd7, 0xae,
        0xd7, 0xae, 0xd7, 0xae, 0xd7, 0xae, 0xd7, 0xae, 0xd7, 0xae, 0xd7, 0xae, 0xd7, 0xae, 0xd7, 0xae, 0xd7, 0xae, 0xd7, 0xae,
        0xd7, 0xae, 0xd7, 0xae, 0xd7, 0xae, 0xd7, 0xae, 0xd7, 0xae, 0xd7, 0xae, 0xd7, 0xae, 0xd7, 0xae, 0xd7, 0xae, 0xd7, 0xae,
        0xd7, 0xae, 0xd7, 0xae, 0xf7, 0xae, 0xd7, 0xae, 0x59, 0xbf, 0xea, 0x42, 0x00, 0x00, 0x20, 0x00, 0x20, 0x00, 0x05, 0x19,
        0x68, 0x21, 0x67, 0x21, 0x47, 0x21, 0x26, 0x19, 0xc8, 0x29, 0x8b, 0x4a, 0x6a, 0x42, 0x6a, 0x42, 0x6a, 0x42, 0x6a, 0x42,
        0x6a, 0x42, 0x6a, 0x4a, 0x2e, 0x43, 0x50, 0x43, 0x92, 0x43, 0x5f, 0x36, 0x9f, 0x36, 0x7f, 0x36, 0x9f, 0x3e, 0xfd, 0x3d,
        0xd7, 0x44, 0xf8, 0x44, 0x2f, 0x43, 0x6a, 0x4a, 0x8b, 0x4a, 0x8b, 0x42, 0x8b, 0x42, 0x8b, 0x4a, 0x8b, 0x42, 0x6b, 0x42,
        0x8b, 0x4a, 0x6b, 0x4a, 0x6b, 0x42, 0x6a, 0x42, 0x6a, 0x42, 0x4a, 0x42, 0x2a, 0x3a, 0x2a, 0x3a, 0x4a, 0x42, 0x4a, 0x42,
        0x6b, 0x42, 0x6b, 0x4a, 0x8b, 0x4a, 0x8b, 0x4a, 0x8b, 0x4a, 0x10, 0x7c, 0xbd, 0xff, 0x9c, 0xf7, 0xbd, 0xff, 0xbd, 0xff,
        0xbd, 0xff, 0xbc, 0xff, 0xbc, 0xff, 0x9c, 0xff, 0x9c, 0xff, 0x9c, 0xff, 0x9c, 0xff, 0x9c, 0xff, 0x9c, 0xff, 0x9c, 0xff,
        0xbc, 0xff, 0x9c, 0xff, 0x9c, 0xff, 0x9c, 0xff, 0x9c, 0xff, 0x9c, 0xff, 0x9c, 0xff, 0x9c, 0xff, 0x9c, 0xff, 0x9c, 0xff,
        0x9c, 0xff, 0x9c, 0xff, 0x9c, 0xff, 0x9c, 0xff, 0x9c, 0xff, 0x9c, 0xff, 0x9c, 0xff, 0x9c, 0xff, 0x9c, 0xff, 0x9c, 0xff,
        0x9c, 0xff, 0x9c, 0xff, 0x9c, 0xf7, 0x7b, 0xff, 0x7b, 0xf7, 0x7b, 0xf7, 0x9c, 0xf7, 0x1b, 0xe7, 0x8e, 0x6b, 0x4e, 0x63,
        0xec, 0x5a, 0x4a, 0x42, 0x6a, 0x42, 0x6a, 0x42, 0x6a, 0x42, 0x6a, 0x42, 0x6a, 0x42, 0x4a, 0x42, 0x29, 0x3a, 0x09, 0x3a,
        0x09, 0x3a, 0x09, 0x32, 0xe9, 0x31, 0xe9, 0x31, 0x09, 0x3a, 0x29, 0x3a, 0x4a, 0x42, 0x6a, 0x42, 0x6b, 0x42, 0x8b, 0x42,
        0x6a, 0x42, 0x6a, 0x42, 0x4a, 0x42, 0x4a, 0x42, 0x4a, 0x42, 0x4a, 0x42, 0x4a, 0x42, 0x4a, 0x42, 0x6a, 0x42, 0x4a, 0x42,
        0x4a, 0x42, 0x4a, 0x42, 0x4a, 0x42, 0x4a, 0x3a, 0x09, 0x3a, 0x4f, 0x3b, 0x9b, 0x35, 0x7b, 0x2d, 0x3f, 0x36, 0x9f, 0x3e,
        0x9f, 0x46, 0xbf, 0x4e, 0x9f, 0x4e, 0x3e, 0x46, 0x1e, 0x46, 0x96, 0x3c, 0xe9, 0x39, 0x29, 0x3a, 0x29, 0x3a, 0x2a, 0x3a,
        0x29, 0x3a, 0x29, 0x3a, 0x2a, 0x3a, 0x29, 0x3a, 0x29, 0x3a, 0x29, 0x3a, 0x29, 0x3a, 0x29, 0x3a, 0x29, 0x3a, 0x29, 0x3a,
        0x4a, 0x3a, 0x6b, 0x3a, 0x4b, 0x3a, 0xad, 0x3a, 0xfe, 0x3d, 0x3f, 0x3e, 0x3f, 0x3e, 0xfe, 0x3d, 0x4b, 0x2a, 0xc8, 0x31,
        0xc8, 0x29, 0xc8, 0x29, 0xc8, 0x29, 0x87, 0x29, 0x87, 0x21, 0x87, 0x21, 0x88, 0x21, 0xa3, 0x10, 0x00, 0x00, 0x00, 0x00,
        0x00, 0x00, 0x4f, 0x6c, 0x59, 0xbf, 0xf8, 0xae, 0xd7, 0xae, 0xd7, 0xae, 0xd7, 0xae, 0xd7, 0xae, 0xd7, 0xae, 0xd7, 0xae,
        0xd7, 0xae, 0xd7, 0xae, 0xd7, 0xae, 0xd7, 0xae, 0xd7, 0xae, 0xd7, 0xae, 0xd7, 0xae, 0xd7, 0xae, 0xd7, 0xae, 0xd7, 0xae,
        0xd7, 0xae, 0xd7, 0xae, 0xd7, 0xae, 0xd7, 0xae, 0xd7, 0xae, 0xd7, 0xae, 0xd7, 0xae, 0xd7, 0xae, 0xd7, 0xae, 0xd7, 0xae,
        0xd7, 0xae, 0xd7, 0xae, 0xd7, 0xae, 0xd7, 0xae, 0xd7, 0xae, 0xd7, 0xae, 0xd7, 0xae, 0xd7, 0xae, 0xd7, 0xae, 0xd7, 0xae,
        0xd7, 0xae, 0xd7, 0xae, 0xd7, 0xae, 0xd7, 0xae, 0xd7, 0xae, 0xd7, 0xae, 0xd7, 0xae, 0xd7, 0xae, 0xd7, 0xae, 0xd7, 0xae,
        0xd7, 0xae, 0xd7, 0xae, 0xd7, 0xae, 0xd7, 0xae, 0xd7, 0xae, 0xd7, 0xae, 0xd7, 0xae, 0xd7, 0xae, 0xd7, 0xae, 0xd7, 0xae,
        0xd7, 0xae, 0xd7, 0xae, 0xd7, 0xae, 0xd7, 0xae, 0xd7, 0xae, 0xd7, 0xae, 0xd7, 0xae, 0xd7, 0xae, 0xd7, 0xae, 0xd7, 0xae,
        0xd7, 0xae, 0xd7, 0xae, 0xd7, 0xae, 0xd7, 0xae, 0xd7, 0xae, 0xd7, 0xae, 0xd7, 0xae, 0xd7, 0xae, 0xd7, 0xae, 0xd7, 0xae,
        0xd7, 0xae, 0xd7, 0xae, 0xd7, 0xae, 0xd7, 0xae, 0xd7, 0xae, 0xd7, 0xae, 0xd7, 0xae, 0xd7, 0xae, 0xd7, 0xae, 0xd7, 0xae,
        0xd7, 0xae, 0xd7, 0xae, 0xd7, 0xae, 0xd7, 0xae, 0xd7, 0xae, 0xd7, 0xae, 0xd7, 0xae, 0xd7, 0xae, 0xd7, 0xae, 0xd7, 0xae,
        0xd7, 0xae, 0xd7, 0xae, 0xd7, 0xae, 0xd7, 0xae, 0xd7, 0xae, 0xd7, 0xae, 0xd7, 0xae, 0xd7, 0xae, 0xd7, 0xae, 0xd7, 0xae,
        0xd7, 0xae, 0xd7, 0xae, 0xd7, 0xae, 0xd7, 0xae, 0xd7, 0xae, 0xd7, 0xae, 0xd7, 0xae, 0xd7, 0xae, 0xd7, 0xae, 0xd7, 0xae,
        0xd7, 0xae, 0xd7, 0xae, 0xd7, 0xae, 0xd7, 0xae, 0xd7, 0xae, 0xd7, 0xae, 0xd7, 0xae, 0xd7, 0xae, 0xd7, 0xae, 0xd7, 0xae,
        0xd7, 0xae, 0xd7, 0xae, 0xd7, 0xae, 0xd7, 0xae, 0xd7, 0xae, 0xd7, 0xae, 0xd7, 0xae, 0xd7, 0xae, 0xf7, 0xae, 0xd7, 0xae,
        0xd7, 0xae, 0xf7, 0xae, 0xd7, 0xae, 0xd7, 0xae, 0x59, 0xbf, 0xea, 0x42, 0x00, 0x00, 0x20, 0x00, 0x00, 0x00, 0x05, 0x19,
        0x88, 0x21, 0x67, 0x21, 0x67, 0x21, 0x46, 0x19, 0xc8, 0x31, 0x8b, 0x4a, 0x6b, 0x4a, 0x6a, 0x42, 0x6a, 0x42, 0x6a, 0x42,
        0x6a, 0x4a, 0x49, 0x4a, 0xb7, 0x44, 0x9f, 0x3e, 0x7f, 0x36, 0x59, 0x35, 0x34, 0x3c, 0x75, 0x44, 0x75, 0x44, 0xfd, 0x3d,
        0x9f, 0x3e, 0x9f, 0x3e, 0x91, 0x43, 0x4a, 0x42, 0x6b, 0x42, 0x6b, 0x42, 0x6b, 0x42, 0x6b, 0x42, 0x6b, 0x4a, 0x8b, 0x4a,
        0x6b, 0x42, 0x6b, 0x42, 0x6b, 0x42, 0x6a, 0x42, 0x6a, 0x42, 0x6a, 0x42, 0x6a, 0x42, 0x6b, 0x42, 0x8b, 0x4a, 0x8b, 0x4a,
        0x8b, 0x4a, 0x8b, 0x4a, 0xac, 0x52, 0xac, 0x4a, 0x8b, 0x4a, 0x10, 0x7c, 0xbc, 0xff, 0x9c, 0xff, 0x9c, 0xff, 0x9c, 0xff,
        0x9c, 0xff, 0x9c, 0xff, 0x9c, 0xff, 0x9c, 0xff, 0x9c, 0xff, 0x9c, 0xff, 0x9c, 0xff, 0x9c, 0xff, 0x9c, 0xff, 0x9c, 0xff,
        0x9c, 0xff, 0x9c, 0xff, 0x9c, 0xff, 0x9c, 0xff, 0x9c, 0xff, 0x9c, 0xff, 0x9c, 0xff, 0x9c, 0xff, 0x9c, 0xff, 0x9c, 0xff,
        0x9c, 0xff, 0x9c, 0xff, 0x9c, 0xff, 0x9c, 0xff, 0x9c, 0xff, 0x9c, 0xff, 0x9c, 0xff, 0x9c, 0xff, 0x9c, 0xff, 0x9c, 0xff,
        0x9c, 0xff, 0x9c, 0xff, 0x9c, 0xf7, 0x9c, 0xff, 0x9c, 0xff, 0x9c, 0xff, 0xbc, 0xff, 0x5b, 0xef, 0xaf, 0x6b, 0x4e, 0x63,
        0xec, 0x5a, 0x6b, 0x42, 0x6b, 0x42, 0x6a, 0x42, 0x6a, 0x42, 0x4a, 0x42, 0x4a, 0x42, 0x4a, 0x42, 0x29, 0x3a, 0x29, 0x3a,
        0x09, 0x3a, 0x09, 0x3a, 0x09, 0x3a, 0x09, 0x3a, 0x29, 0x3a, 0x2a, 0x3a, 0x4a, 0x42, 0x6a, 0x42, 0x6a, 0x42, 0x6a, 0x42,
        0x6a, 0x42, 0x6a, 0x42, 0x4a, 0x42, 0x4a, 0x42, 0x4a, 0x42, 0x4a, 0x42, 0x4a, 0x42, 0x6a, 0x42, 0x4a, 0x42, 0x29, 0x42,
        0x29, 0x42, 0x29, 0x3a, 0x29, 0x3a, 0x29, 0x3a, 0xc8, 0x39, 0x91, 0x3b, 0x7f, 0x36, 0x7f, 0x36, 0x7b, 0x3d, 0x75, 0x44,
        0xb6, 0x44, 0x95, 0x4c, 0x7a, 0x45, 0x5f, 0x3e, 0x7f, 0x3e, 0xb7, 0x3c, 0xe8, 0x39, 0x29, 0x3a, 0x29, 0x3a, 0x4a, 0x3a,
        0x29, 0x3a, 0x4a, 0x3a, 0x4a, 0x3a, 0x4a, 0x3a, 0x4a, 0x3a, 0x4a, 0x3a, 0x29, 0x3a, 0x29, 0x3a, 0x29, 0x3a, 0x2a, 0x3a,
        0x4a, 0x3a, 0x49, 0x42, 0x29, 0x42, 0xac, 0x42, 0xdd, 0x35, 0xff, 0x2d, 0xff, 0x2d, 0xbd, 0x2d, 0x2b, 0x2a, 0xa7, 0x31,
        0xc8, 0x31, 0xc8, 0x29, 0xc8, 0x31, 0x87, 0x29, 0x87, 0x29, 0x87, 0x21, 0x87, 0x21, 0xa3, 0x10, 0x00, 0x00, 0x00, 0x00,
        0x00, 0x00, 0x4e, 0x6c, 0x39, 0xb7, 0xd7, 0xae, 0xd7, 0xae, 0xd7, 0xae, 0xd7, 0xae, 0xd7, 0xae, 0xd7, 0xae, 0xd7, 0xae,
        0xd7, 0xae, 0xd7, 0xae, 0xd7, 0xae, 0xd7, 0xae, 0xd7, 0xae, 0xd7, 0xae, 0xd7, 0xae, 0xd7, 0xae, 0xd7, 0xae, 0xd7, 0xae,
        0xd7, 0xae, 0xd7, 0xae, 0xd7, 0xae, 0xd7, 0xae, 0xd7, 0xae, 0xd7, 0xae, 0xd7, 0xae, 0xd7, 0xae, 0xd7, 0xae, 0xd7, 0xae,
        0xd7, 0xae, 0xd7, 0xae, 0xd7, 0xae, 0xd7, 0xae, 0xd7, 0xae, 0xd7, 0xae, 0xd7, 0xae, 0xd7, 0xae, 0xd7, 0xae, 0xd7, 0xae,
        0xd7, 0xae, 0xd7, 0xae, 0xd7, 0xae, 0xd7, 0xae, 0xd7, 0xae, 0xd7, 0xae, 0xd7, 0xae, 0xd7, 0xae, 0xd7, 0xae, 0xd7, 0xae,
        0xd7, 0xae, 0xd7, 0xae, 0xd7, 0xae, 0xd7, 0xae, 0xd7, 0xae, 0xd7, 0xae, 0xd7, 0xae, 0xd7, 0xae, 0xd7, 0xae, 0xd7, 0xae,
        0xd7, 0xae, 0xd7, 0xae, 0xd7, 0xae, 0xd7, 0xae, 0xd7, 0xae, 0xd7, 0xae, 0xd7, 0xae, 0xd7, 0xae, 0xd7, 0xae, 0xf7, 0xae,
        0xd7, 0xae, 0xd7, 0xae, 0xd7, 0xae, 0xd7, 0xae, 0xd7, 0xae, 0xd7, 0xae, 0xd7, 0xae, 0xd7, 0xae, 0xd7, 0xae, 0xd7, 0xae,
        0xd7, 0xae, 0xd7, 0xae, 0xd7, 0xae, 0xd7, 0xae, 0xd7, 0xae, 0xd7, 0xae, 0xd7, 0xae, 0xd7, 0xae, 0xd7, 0xae, 0xd7, 0xae,
        0xd7, 0xae, 0xd7, 0xae, 0xd7, 0xae, 0xd7, 0xae, 0xd7, 0xae, 0xd7, 0xae, 0xd7, 0xae, 0xd7, 0xae, 0xd7, 0xae, 0xd7, 0xae,
        0xd7, 0xae, 0xd7, 0xae, 0xd7, 0xae, 0xd7, 0xae, 0xd7, 0xae, 0xd7, 0xae, 0xd7, 0xae, 0xd7, 0xae, 0xd7, 0xae, 0xd7, 0xae,
        0xd7, 0xae, 0xd7, 0xae, 0xd7, 0xae, 0xd7, 0xae, 0xd7, 0xae, 0xd7, 0xae, 0xd7, 0xae, 0xd7, 0xae, 0xd7, 0xae, 0xd7, 0xae,
        0xd7, 0xae, 0xd7, 0xae, 0xd7, 0xae, 0xd7, 0xae, 0xd7, 0xae, 0xd7, 0xae, 0xd7, 0xae, 0xd7, 0xae, 0xd7, 0xae, 0xd7, 0xae,
        0xd7, 0xae, 0xd7, 0xae, 0xd7, 0xae, 0xd7, 0xae, 0xd7, 0xae, 0xd7, 0xae, 0xd7, 0xae, 0xd7, 0xae, 0xd7, 0xae, 0xd7, 0xae,
        0xd7, 0xae, 0xd7, 0xae, 0xd7, 0xae, 0xd7, 0xae, 0x38, 0xb7, 0xc9, 0x42, 0x00, 0x00, 0x20, 0x00, 0x00, 0x00, 0xe5, 0x18,
        0x67, 0x21, 0x67, 0x21, 0x67, 0x21, 0x47, 0x21, 0xc8, 0x31, 0x8b, 0x4a, 0x6a, 0x42, 0x6a, 0x42, 0x6a, 0x42, 0x4a, 0x42,
        0x6a, 0x42, 0x29, 0x42, 0xb7, 0x3c, 0x7f, 0x3e, 0x7f, 0x36, 0x55, 0x3c, 0x29, 0x4a, 0x4a, 0x4a, 0x6a, 0x4a, 0x7a, 0x3d,
        0x5f, 0x3e, 0x5f, 0x36, 0x91, 0x43, 0x4a, 0x42, 0x6a, 0x42, 0x6b, 0x42, 0x6b, 0x42, 0x6b, 0x42, 0x6b, 0x42, 0x6b, 0x4a,
        0x8b, 0x42, 0x6b, 0x42, 0x6b, 0x42, 0x6b, 0x42, 0x6a, 0x42, 0x6a, 0x42, 0x8b, 0x42, 0x8b, 0x4a, 0x6b, 0x4a, 0x6b, 0x42,
        0x6a, 0x42, 0x8b, 0x4a, 0xcc, 0x52, 0xcc, 0x52, 0x8b, 0x4a, 0x10, 0x84, 0xbc, 0xff, 0x7b, 0xff, 0x9b, 0xff, 0x9c, 0xff,
        0x9c, 0xff, 0x9c, 0xff, 0x9c, 0xff, 0x9c, 0xff, 0x9c, 0xff, 0x9c, 0xff, 0x9c, 0xff, 0x9c, 0xff, 0x9c, 0xff, 0x9c, 0xff,
        0xbc, 0xff, 0xbc, 0xff, 0x9c, 0xff, 0x9c, 0xff, 0x9c, 0xff, 0x9c, 0xff, 0x9c, 0xff, 0x9c, 0xff, 0x9c, 0xff, 0x9c, 0xff,
        0x9c, 0xff, 0x9c, 0xff, 0x9c, 0xff, 0x9c, 0xff, 0x9c, 0xff, 0x9c, 0xff, 0x9c, 0xff, 0x9c, 0xff, 0x9c, 0xff, 0x9c, 0xff,
        0x9c, 0xff, 0x9c, 0xff, 0x9c, 0xff, 0x9c, 0xff, 0x9c, 0xff, 0x9c, 0xff, 0xbd, 0xff, 0x5b, 0xef, 0x8e, 0x6b, 0x6e, 0x63,
        0xec, 0x5a, 0x6a, 0x42, 0x6a, 0x42, 0x6a, 0x42, 0x4a, 0x42, 0x4a, 0x42, 0x4a, 0x42, 0x2a, 0x3a, 0x29, 0x3a, 0x29, 0x3a,
        0x29, 0x3a, 0x29, 0x3a, 0x29, 0x3a, 0x29, 0x3a, 0x2a, 0x3a, 0x4a, 0x42, 0x4a, 0x42, 0x4a, 0x42, 0x6a, 0x42, 0x6a, 0x42,
        0x4a, 0x42, 0x4a, 0x42, 0x4a, 0x42, 0x4a, 0x42, 0x4a, 0x42, 0x6a, 0x42, 0x6a, 0x42, 0x4a, 0x42, 0xcd, 0x42, 0x50, 0x43,
        0x2f, 0x43, 0x2f, 0x3b, 0x2f, 0x43, 0x2f, 0x43, 0x0f, 0x43, 0x55, 0x44, 0x7f, 0x3e, 0x9f, 0x3e, 0xb7, 0x44, 0x09, 0x4a,
        0x6a, 0x42, 0x09, 0x42, 0x13, 0x3c, 0x7f, 0x36, 0x5f, 0x36, 0x96, 0x34, 0xc8, 0x39, 0x29, 0x3a, 0x29, 0x3a, 0x4a, 0x3a,
        0x4a, 0x3a, 0x4a, 0x3a, 0x4a, 0x42, 0x4a, 0x42, 0x4a, 0x42, 0x29, 0x3a, 0x29, 0x3a, 0x29, 0x3a, 0x29, 0x3a, 0x4a, 0x3a,
        0x4a, 0x3a, 0x4a, 0x42, 0x29, 0x3a, 0xac, 0x3a, 0xdd, 0x35, 0xff, 0x2d, 0xff, 0x2d, 0xde, 0x2d, 0x4b, 0x2a, 0xc8, 0x31,
        0xe9, 0x29, 0x0a, 0x32, 0x2a, 0x2a, 0xc9, 0x29, 0x87, 0x21, 0x87, 0x21, 0x87, 0x21, 0xa3, 0x10, 0x00, 0x00, 0x00, 0x00,
        0x00, 0x00, 0x2e, 0x64, 0x38, 0xaf, 0xd7, 0xa6, 0xd7, 0xa6, 0xd7, 0xae, 0xd7, 0xae, 0xd7, 0xae, 0xd7, 0xae, 0xd7, 0xae,
        0xd7, 0xae, 0xd7, 0xae, 0xd7, 0xae, 0xd7, 0xae, 0xd7, 0xae, 0xd7, 0xae, 0xd7, 0xae, 0xd7, 0xae, 0xd7, 0xae, 0xd7, 0xae,
        0xd7, 0xae, 0xd7, 0xae, 0xd7, 0xae, 0xd7, 0xae, 0xd7, 0xae, 0xd7, 0xae, 0xd7, 0xae, 0xd7, 0xae, 0xd7, 0xae, 0xd7, 0xae,
        0xd7, 0xae, 0xd7, 0xae, 0xd7, 0xae, 0xd7, 0xae, 0xd7, 0xae, 0xd7, 0xae, 0xd7, 0xae, 0xd7, 0xae, 0xd7, 0xae, 0xd7, 0xae,
        0xd7, 0xae, 0xd7, 0xae, 0xd7, 0xae, 0xd7, 0xae, 0xd7, 0xae, 0xd7, 0xae, 0xd7, 0xae, 0xd7, 0xae, 0xd7, 0xae, 0xd7, 0xae,
        0xd7, 0xae, 0xd7, 0xae, 0xd7, 0xae, 0xd7, 0xae, 0xd7, 0xae, 0xd7, 0xae, 0xd7, 0xae, 0xd7, 0xae, 0xd7, 0xae, 0xd7, 0xae,
        0xd7, 0xae, 0xd7, 0xae, 0xd7, 0xae, 0xd7, 0xae, 0xd7, 0xae, 0xd7, 0xae, 0xd7, 0xae, 0xd7, 0xae, 0xd7, 0xae, 0xd7, 0xae,
        0xd7, 0xae, 0xd7, 0xae, 0xd7, 0xae, 0xd7, 0xae, 0xd7, 0xae, 0xd7, 0xae, 0xd7, 0xae, 0xd7, 0xae, 0xd7, 0xae, 0xd7, 0xae,
        0xd7, 0xae, 0xd7, 0xae, 0xd7, 0xae, 0xd7, 0xae, 0xd7, 0xae, 0xd7, 0xae, 0xd7, 0xae, 0xd7, 0xae, 0xd7, 0xae, 0xd7, 0xae,
        0xd7, 0xae, 0xd7, 0xae, 0xd7, 0xae, 0xd7, 0xae, 0xd7, 0xae, 0xd7, 0xae, 0xd7, 0xae, 0xd7, 0xae, 0xd7, 0xae, 0xd7, 0xae,
        0xd7, 0xae, 0xd7, 0xae, 0xd7, 0xae, 0xd7, 0xae, 0xd7, 0xae, 0xd7, 0xae, 0xd7, 0xae, 0xd7, 0xae, 0xd7, 0xae, 0xd7, 0xae,
        0xd7, 0xae, 0xd7, 0xae, 0xd7, 0xae, 0xd7, 0xae, 0xd7, 0xae, 0xd7, 0xae, 0xd7, 0xae, 0xd7, 0xae, 0xd7, 0xae, 0xd7, 0xae,
        0xd7, 0xae, 0xd7, 0xae, 0xd7, 0xae, 0xd7, 0xae, 0xd7, 0xae, 0xd7, 0xae, 0xd7, 0xae, 0xd7, 0xae, 0xd7, 0xae, 0xd7, 0xae,
        0xd7, 0xae, 0xd7, 0xae, 0xd7, 0xae, 0xd7, 0xae, 0xd7, 0xae, 0xd7, 0xae, 0xd7, 0xae, 0xd7, 0xae, 0xd7, 0xae, 0xd7, 0xae,
        0xd7, 0xae, 0xd7, 0xae, 0xd7, 0xa6, 0xb7, 0xa6, 0x18, 0xaf, 0xc9, 0x42, 0x00, 0x00, 0x20, 0x00, 0x00, 0x00, 0xe5, 0x10,
        0x47, 0x21, 0x47, 0x21, 0x09, 0x3a, 0x4a, 0x42, 0x4a, 0x42, 0x6a, 0x42, 0x6a, 0x42, 0x4a, 0x42, 0x4a, 0x42, 0x4a, 0x42,
        0x4a, 0x42, 0x29, 0x42, 0xd7, 0x44, 0x7f, 0x3e, 0x7f, 0x3e, 0x96, 0x3c, 0x6b, 0x42, 0x8b, 0x4a, 0x8b, 0x42, 0x7a, 0x3d,
        0x5f, 0x3e, 0x5f, 0x36, 0xb1, 0x43, 0x4a, 0x42, 0x6b, 0x42, 0x6b, 0x42, 0x6b, 0x42, 0x6b, 0x42, 0x6a, 0x42, 0x6b, 0x42,
        0x6b, 0x4a, 0x6b, 0x42, 0x6b, 0x42, 0x6b, 0x42, 0x6b, 0x42, 0x8b, 0x4a, 0x8b, 0x4a, 0xab, 0x4a, 0xf0, 0x7b, 0x11, 0x7c,
        0xcf, 0x73, 0x14, 0xa5, 0xd9, 0xde, 0x98, 0xde, 0x98, 0xde, 0xd9, 0xe6, 0x9c, 0xff, 0x9c, 0xff, 0x9c, 0xff, 0x9c, 0xff,
        0x9c, 0xff, 0x9c, 0xff, 0x9c, 0xff, 0x9c, 0xff, 0x9c, 0xff, 0x9c, 0xff, 0xbc, 0xff, 0xbc, 0xff, 0xbc, 0xff, 0xbc, 0xff,
        0x9c, 0xff, 0x9c, 0xff, 0x9c, 0xff, 0x9c, 0xff, 0x9c, 0xff, 0x9c, 0xff, 0x9c, 0xff, 0x9c, 0xff, 0x9c, 0xff, 0x9c, 0xff,
        0x9c, 0xff, 0x9c, 0xff, 0x9c, 0xff, 0x9c, 0xff, 0x9c, 0xff, 0x9c, 0xff, 0xbc, 0xff, 0xbc, 0xff, 0x9c, 0xff, 0x9c, 0xff,
        0x9c, 0xff, 0x9c, 0xff, 0x9c, 0xff, 0x9c, 0xff, 0x9c, 0xff, 0x9c, 0xff, 0xbc, 0xff, 0x9c, 0xf7, 0xda, 0xde, 0xda, 0xde,
        0xb6, 0xbd, 0xaf, 0x73, 0x8e, 0x6b, 0xac, 0x52, 0x29, 0x3a, 0x2a, 0x42, 0x2a, 0x3a, 0x29, 0x3a, 0x29, 0x3a, 0x29, 0x3a,
        0x29, 0x3a, 0x29, 0x3a, 0x2a, 0x3a, 0x2a, 0x3a, 0x4a, 0x3a, 0x4a, 0x42, 0x4a, 0x42, 0x4a, 0x42, 0x4a, 0x42, 0x4a, 0x42,
        0x4a, 0x42, 0x4a, 0x3a, 0x4a, 0x42, 0x4a, 0x42, 0x6a, 0x42, 0xab, 0x4a, 0xac, 0x4a, 0x6b, 0x4a, 0x55, 0x44, 0x1f, 0x36,
        0xfe, 0x35, 0x1e, 0x36, 0xfe, 0x3d, 0x1e, 0x3e, 0x3e, 0x46, 0x3e, 0x46, 0x5e, 0x3e, 0x9f, 0x3e, 0xf7, 0x44, 0x6a, 0x42,
        0x8b, 0x42, 0x4a, 0x3a, 0x13, 0x3c, 0x5f, 0x2e, 0x3f, 0x2e, 0x76, 0x34, 0xc7, 0x39, 0x29, 0x3a, 0x29, 0x3a, 0x4a, 0x3a,
        0x4a, 0x42, 0x4a, 0x42, 0x49, 0x42, 0x2a, 0x42, 0x29, 0x42, 0x29, 0x42, 0x29, 0x42, 0x49, 0x42, 0x4a, 0x3a, 0x4a, 0x3a,
        0x29, 0x3a, 0x29, 0x3a, 0x29, 0x3a, 0x29, 0x3a, 0xce, 0x32, 0xef, 0x32, 0xce, 0x32, 0xf9, 0x2c, 0x5b, 0x2d, 0x1a, 0x35,
        0x3a, 0x35, 0x5b, 0x35, 0x9c, 0x35, 0xd3, 0x2b, 0x67, 0x21, 0x87, 0x29, 0xa8, 0x29, 0xa3, 0x10, 0x00, 0x00, 0x00, 0x00,
        0x00, 0x00, 0x2e, 0x64, 0x18, 0xaf, 0xd7, 0xa6, 0xd7, 0xa6, 0xd7, 0xae, 0xd7, 0xae, 0xd7, 0xae, 0xd7, 0xae, 0xd7, 0xae,
        0xd7, 0xae, 0xd7, 0xae, 0xd7, 0xae, 0xd7, 0xae, 0xd7, 0xae, 0xd7, 0xae, 0xd7, 0xae, 0xd7, 0xae, 0xd7, 0xae, 0xd7, 0xae,
        0xd7, 0xae, 0xd7, 0xae, 0xd7, 0xae, 0xd7, 0xae, 0xd7, 0xae, 0xd7, 0xae, 0xd7, 0xae, 0xd7, 0xae, 0xd7, 0xae, 0xd7, 0xae,
        0xd7, 0xae, 0xd7, 0xae, 0xd7, 0xae, 0xd7, 0xae, 0xd7, 0xae, 0xd7, 0xae, 0xd7, 0xae, 0xd7, 0xae, 0xd7, 0xae, 0xd7, 0xae,
        0xd7, 0xae, 0xd7, 0xae, 0xd7, 0xae, 0xd7, 0xae, 0xd7, 0xae, 0xd7, 0xae, 0xd7, 0xae, 0xd7, 0xae, 0xd7, 0xae, 0xd7, 0xae,
        0xd7, 0xae, 0xd7, 0xae, 0xd7, 0xae, 0xd7, 0xae, 0xd7, 0xae, 0xd7, 0xae, 0xd7, 0xae, 0xd7, 0xae, 0xd7, 0xae, 0xd7, 0xae,
        0xd7, 0xae, 0xd7, 0xae, 0xd7, 0xae, 0xd7, 0xae, 0xd7, 0xae, 0xd7, 0xae, 0xd7, 0xae, 0xd7, 0xae, 0xd7, 0xae, 0xd7, 0xae,
        0xd7, 0xae, 0xd7, 0xae, 0xd7, 0xae, 0xd7, 0xae, 0xd7, 0xae, 0xd7, 0xae, 0xd7, 0xae, 0xd7, 0xae, 0xd7, 0xae, 0xd7, 0xae,
        0xd7, 0xae, 0xd7, 0xae, 0xd7, 0xae, 0xd7, 0xae, 0xd7, 0xae, 0xd7, 0xae, 0xd7, 0xae, 0xd7, 0xae, 0xd7, 0xae, 0xd7, 0xae,
        0xd7, 0xae, 0xd7, 0xae, 0xd7, 0xae, 0xd7, 0xae, 0xd7, 0xae, 0xd7, 0xae, 0xd7, 0xae, 0xd7, 0xae, 0xd7, 0xae, 0xd7, 0xae,
        0xd7, 0xae, 0xd7, 0xae, 0xd7, 0xae, 0xd7, 0xae, 0xd7, 0xae, 0xd7, 0xae, 0xd7, 0xae, 0xd7, 0xae, 0xd7, 0xae, 0xd7, 0xae,
        0xd7, 0xae, 0xd7, 0xae, 0xd7, 0xae, 0xd7, 0xae, 0xd7, 0xae, 0xd7, 0xae, 0xd7, 0xae, 0xd7, 0xae, 0xd7, 0xae, 0xd7, 0xae,
        0xd7, 0xae, 0xd7, 0xae, 0xd7, 0xae, 0xd7, 0xae, 0xd7, 0xae, 0xd7, 0xae, 0xd7, 0xae, 0xd7, 0xae, 0xd7, 0xae, 0xd7, 0xae,
        0xd7, 0xae, 0xd7, 0xae, 0xd7, 0xae, 0xd7, 0xae, 0xd7, 0xae, 0xd7, 0xae, 0xd7, 0xae, 0xd7, 0xae, 0xd7, 0xae, 0xd7, 0xae,
        0xd7, 0xae, 0xd7, 0xae, 0xb7, 0xa6, 0xb6, 0xa6, 0x17, 0xaf, 0xc9, 0x42, 0x00, 0x00, 0x20, 0x00, 0x00, 0x00, 0xe5, 0x10,
        0x47, 0x19, 0x46, 0x19, 0x2a, 0x3a, 0x6a, 0x42, 0x6a, 0x42, 0x4a, 0x42, 0x4a, 0x42, 0x4a, 0x42, 0x4a, 0x42, 0x4a, 0x42,
        0x6a, 0x42, 0x29, 0x42, 0x18, 0x45, 0xdf, 0x46, 0xbf, 0x46, 0x96, 0x44, 0x4b, 0x42, 0x8b, 0x42, 0x6a, 0x42, 0x7a, 0x45,
        0xbf, 0x3e, 0x9f, 0x46, 0xd2, 0x4b, 0x6a, 0x4a, 0x8b, 0x4a, 0x6b, 0x4a, 0x6b, 0x42, 0x6b, 0x42, 0x6b, 0x42, 0x6a, 0x42,
        0x6a, 0x42, 0x6b, 0x42, 0x6b, 0x42, 0x6b, 0x42, 0x8b, 0x4a, 0x8b, 0x4a, 0x8b, 0x4a, 0xcc, 0x52, 0xb3, 0x94, 0xd3, 0x9c,
        0x92, 0x8c, 0xd6, 0xbd, 0xdd, 0xff, 0x9c, 0xff, 0xbc, 0xff, 0xbc, 0xff, 0x9c, 0xff, 0x9c, 0xff, 0x9c, 0xff, 0x9c, 0xf7,
        0x9b, 0xff, 0x9b, 0xff, 0x9c, 0xff, 0x9c, 0xff, 0xbc, 0xff, 0xbd, 0xff, 0xbd, 0xff, 0xbd, 0xff, 0xbd, 0xff, 0xbc, 0xff,
        0x9c, 0xff, 0x9c, 0xff, 0x9c, 0xff, 0x9c, 0xff, 0x9b, 0xff, 0x9b, 0xff, 0x9c, 0xff, 0x9c, 0xff, 0x9c, 0xff, 0x9c, 0xff,
        0xbc, 0xff, 0xbc, 0xff, 0x9c, 0xff, 0x9c, 0xff, 0x9c, 0xff, 0x9c, 0xff, 0x9c, 0xff, 0x9c, 0xff, 0x9c, 0xff, 0x9c, 0xff,
        0x9c, 0xff, 0x9c, 0xff, 0x9c, 0xff, 0x9c, 0xff, 0x9c, 0xff, 0x9c, 0xff, 0x9c, 0xff, 0xbc, 0xff, 0xdd, 0xff, 0xfe, 0xff,
        0xda, 0xde, 0x31, 0x84, 0xf0, 0x7b, 0xcc, 0x52, 0x09, 0x3a, 0x29, 0x3a, 0x29, 0x3a, 0x29, 0x3a, 0x2a, 0x3a, 0x2a, 0x3a,
        0x29, 0x3a, 0x2a, 0x3a, 0x4a, 0x3a, 0x4a, 0x42, 0x4a, 0x42, 0x4a, 0x3a, 0x4a, 0x42, 0x4a, 0x42, 0x4a, 0x42, 0x4a, 0x42,
        0x4a, 0x42, 0x4a, 0x42, 0x4a, 0x42, 0x4a, 0x42, 0x6a, 0x42, 0xab, 0x52, 0xcc, 0x52, 0x6a, 0x52, 0x55, 0x4c, 0x1e, 0x2e,
        0xdd, 0x2d, 0xfe, 0x2d, 0x3e, 0x36, 0x3f, 0x36, 0x5f, 0x3e, 0x7f, 0x3e, 0x9f, 0x3e, 0xdf, 0x46, 0xd7, 0x44, 0x2a, 0x3a,
        0x4a, 0x3a, 0xe8, 0x39, 0xf3, 0x3b, 0x7f, 0x2e, 0x5f, 0x36, 0x96, 0x34, 0xe7, 0x39, 0x29, 0x3a, 0x49, 0x3a, 0x4a, 0x42,
        0x6a, 0x42, 0x4a, 0x42, 0x95, 0x44, 0x7a, 0x45, 0x59, 0x3d, 0x59, 0x45, 0xf8, 0x44, 0x8b, 0x42, 0x4a, 0x42, 0x4a, 0x42,
        0x49, 0x3a, 0x29, 0x3a, 0x29, 0x3a, 0x09, 0x32, 0xc7, 0x31, 0xc7, 0x31, 0xa7, 0x31, 0x77, 0x34, 0x3f, 0x36, 0xfe, 0x35,
        0xfe, 0x35, 0xfe, 0x35, 0x1f, 0x36, 0x15, 0x2c, 0x67, 0x29, 0xa8, 0x29, 0xa8, 0x29, 0xc3, 0x10, 0x00, 0x00, 0x00, 0x00,
        0x00, 0x00, 0x2e, 0x64, 0x18, 0xaf, 0xb7, 0xa6, 0xd7, 0xa6, 0xd7, 0xae, 0xd7, 0xae, 0xd7, 0xae, 0xd7, 0xae, 0xd7, 0xae,
        0xd7, 0xae, 0xd7, 0xae, 0xd7, 0xae, 0xd7, 0xae, 0xd7, 0xae, 0xd7, 0xae, 0xd7, 0xae, 0xd7, 0xae, 0xd7, 0xae, 0xd7, 0xae,
        0xd7, 0xae, 0xd7, 0xae, 0xd7, 0xae, 0xd7, 0xae, 0xd7, 0xae, 0xd7, 0xae, 0xd7, 0xae, 0xd7, 0xae, 0xd7, 0xae, 0xd7, 0xae,
        0xd7, 0xae, 0xd7, 0xae, 0xd7, 0xae, 0xd7, 0xae, 0xd7, 0xae, 0xd7, 0xae, 0xd7, 0xae, 0xd7, 0xae, 0xd7, 0xae, 0xd7, 0xae,
        0xd7, 0xae, 0xd7, 0xae, 0xd7, 0xae, 0xd7, 0xae, 0xd7, 0xae, 0xd7, 0xae, 0xd7, 0xae, 0xd7, 0xae, 0xd7, 0xae, 0xd7, 0xae,
        0xd7, 0xae, 0xd7, 0xae, 0xd7, 0xae, 0xd7, 0xae, 0xd7, 0xae, 0xd7, 0xae, 0xd7, 0xae, 0xd7, 0xae, 0xd7, 0xae, 0xd7, 0xae,
        0xd7, 0xae, 0xd7, 0xae, 0xd7, 0xae, 0xd7, 0xae, 0xd7, 0xae, 0xd7, 0xae, 0xd7, 0xae, 0xd7, 0xae, 0xd7, 0xae, 0xd7, 0xae,
        0xd7, 0xae, 0xd7, 0xae, 0xd7, 0xae, 0xd7, 0xae, 0xd7, 0xae, 0xd7, 0xae, 0xd7, 0xae, 0xd7, 0xae, 0xd7, 0xae, 0xd7, 0xae,
        0xd7, 0xae, 0xd7, 0xae, 0xd7, 0xae, 0xd7, 0xae, 0xd7, 0xae, 0xd7, 0xae, 0xd7, 0xae, 0xd7, 0xae, 0xd7, 0xae, 0xd7, 0xae,
        0xd7, 0xae, 0xd7, 0xae, 0xd7, 0xae, 0xd7, 0xae, 0xd7, 0xae, 0xd7, 0xae, 0xd7, 0xae, 0xd7, 0xae, 0xd7, 0xae, 0xd7, 0xae,
        0xd7, 0xae, 0xd7, 0xae, 0xd7, 0xae, 0xd7, 0xae, 0xd7, 0xae, 0xd7, 0xae, 0xd7, 0xae, 0xd7, 0xae, 0xd7, 0xae, 0xd7, 0xae,
        0xd7, 0xae, 0xd7, 0xae, 0xd7, 0xae, 0xd7, 0xae, 0xd7, 0xae, 0xd7, 0xae, 0xd7, 0xae, 0xd7, 0xae, 0xd7, 0xae, 0xd7, 0xae,
        0xd7, 0xae, 0xd7, 0xae, 0xd7, 0xae, 0xd7, 0xae, 0xd7, 0xae, 0xd7, 0xae, 0xd7, 0xae, 0xd7, 0xae, 0xd7, 0xae, 0xd7, 0xae,
        0xd7, 0xae, 0xd7, 0xae, 0xd7, 0xae, 0xd7, 0xae, 0xd7, 0xae, 0xd7, 0xae, 0xd7, 0xae, 0xd7, 0xae, 0xd7, 0xae, 0xd7, 0xae,
        0xd7, 0xae, 0xd7, 0xae, 0xf8, 0xae, 0x18, 0xaf, 0x79, 0xbf, 0xe9, 0x42, 0x00, 0x00, 0x00, 0x00, 0x00, 0x00, 0xc4, 0x10,
        0x26, 0x19, 0x26, 0x19, 0x2a, 0x3a, 0x6a, 0x42, 0x6a, 0x42, 0x6a, 0x42, 0x6a, 0x42, 0x6a, 0x42, 0x4a, 0x42, 0x4a, 0x42,
        0x4a, 0x42, 0x49, 0x42, 0xb0, 0x43, 0x74, 0x44, 0x38, 0x45, 0xdc, 0x45, 0x19, 0x45, 0x39, 0x45, 0x5a, 0x45, 0x75, 0x44,
        0x13, 0x44, 0x54, 0x44, 0x0e, 0x4b, 0x8b, 0x4a, 0x8b, 0x4a, 0x8b, 0x4a, 0x8b, 0x4a, 0x8b, 0x4a, 0x6a, 0x42, 0x6a, 0x42,
        0x6a, 0x42, 0x6a, 0x42, 0x6a, 0x42, 0x6a, 0x42, 0x4a, 0x42, 0x6a, 0x42, 0x6b, 0x42, 0xab, 0x4a, 0x72, 0x8c, 0x92, 0x94,
        0x31, 0x84, 0x95, 0xb5, 0xbc, 0xff, 0x7b, 0xf7, 0x9c, 0xf7, 0x9c, 0xff, 0x9c, 0xff, 0x9c, 0xff, 0x9c, 0xff, 0x9b, 0xff,
        0x9b, 0xff, 0xbc, 0xff, 0xdd, 0xff, 0xdd, 0xff, 0xfe, 0xff, 0xfe, 0xff, 0xfe, 0xff, 0xfe, 0xff, 0xfe, 0xff, 0xdd, 0xff,
        0xdd, 0xff, 0xdd, 0xff, 0xdd, 0xff, 0xbc, 0xff, 0xbc, 0xff, 0xdd, 0xff, 0xdd, 0xff, 0xbd, 0xff, 0xbd, 0xff, 0xbd, 0xff,
        0xbd, 0xff, 0xbc, 0xff, 0x9c, 0xff, 0x9c, 0xff, 0x9c, 0xff, 0x9c, 0xff, 0x9c, 0xff, 0x9c, 0xff, 0x9c, 0xff, 0x9c, 0xff,
        0x9c, 0xff, 0x9c, 0xff, 0x9c, 0xff, 0x9c, 0xff, 0x9c, 0xff, 0x9c, 0xff, 0x9c, 0xff, 0x9c, 0xff, 0x9c, 0xff, 0xdd, 0xff,
        0x99, 0xd6, 0xf0, 0x7b, 0xd0, 0x7b, 0x8b, 0x4a, 0xc8, 0x31, 0xe9, 0x31, 0x09, 0x3a, 0x29, 0x3a, 0x29, 0x3a, 0x4a, 0x3a,
        0x4a, 0x3a, 0x4a, 0x42, 0x4a, 0x42, 0x4a, 0x42, 0x4a, 0x42, 0x4a, 0x42, 0x4a, 0x42, 0x4a, 0x42, 0x4a, 0x42, 0x4a, 0x42,
        0x4a, 0x42, 0x4a, 0x42, 0x29, 0x42, 0x4a, 0x42, 0x4a, 0x42, 0x2f, 0x4b, 0x91, 0x4b, 0x4f, 0x53, 0xd7, 0x44, 0x3e, 0x2e,
        0xfe, 0x2d, 0x3a, 0x35, 0x14, 0x3c, 0x34, 0x3c, 0x54, 0x3c, 0x75, 0x3c, 0x75, 0x3c, 0xb6, 0x3c, 0x7b, 0x3d, 0x97, 0x3c,
        0x96, 0x3c, 0x96, 0x3c, 0x75, 0x34, 0x75, 0x3c, 0x96, 0x3c, 0xb2, 0x3b, 0x08, 0x3a, 0x49, 0x3a, 0x4a, 0x42, 0x4a, 0x42,
        0x4a, 0x42, 0x29, 0x42, 0x59, 0x45, 0xbf, 0x46, 0x7f, 0x3e, 0x7f, 0x3e, 0x1e, 0x46, 0xac, 0x42, 0x4a, 0x42, 0x4a, 0x3a,
        0x29, 0x3a, 0x29, 0x3a, 0x29, 0x3a, 0x09, 0x3a, 0xe8, 0x31, 0xe8, 0x31, 0xc8, 0x31, 0xd8, 0x34, 0x5f, 0x36, 0x1e, 0x36,
        0x1e, 0x36, 0xfe, 0x35, 0x3f, 0x36, 0xd4, 0x2b, 0x25, 0x29, 0x66, 0x29, 0x66, 0x29, 0x82, 0x10, 0x00, 0x00, 0x00, 0x00,
        0x00, 0x00, 0x6f, 0x6c, 0x9a, 0xbf, 0x38, 0xb7, 0x38, 0xb7, 0xf8, 0xae, 0xd7, 0xae, 0xf7, 0xae, 0xd7, 0xae, 0xd7, 0xae,
        0xd7, 0xae, 0xd7, 0xae, 0xd7, 0xae, 0xd7, 0xae, 0xd7, 0xae, 0xd7, 0xae, 0xd7, 0xae, 0xd7, 0xae, 0xd7, 0xae, 0xd7, 0xae,
        0xd7, 0xae, 0xd7, 0xae, 0xd7, 0xae, 0xd7, 0xae, 0xd7, 0xae, 0xd7, 0xae, 0xd7, 0xae, 0xd7, 0xae, 0xd7, 0xae, 0xd7, 0xae,
        0xd7, 0xae, 0xd7, 0xae, 0xd7, 0xae, 0xd7, 0xae, 0xd7, 0xae, 0xd7, 0xae, 0xd7, 0xae, 0xd7, 0xae, 0xd7, 0xae, 0xd7, 0xae,
        0xd7, 0xae, 0xd7, 0xae, 0xd7, 0xae, 0xd7, 0xae, 0xd7, 0xae, 0xd7, 0xae, 0xd7, 0xae, 0xd7, 0xae, 0xd7, 0xae, 0xd7, 0xae,
        0xd7, 0xae, 0xd7, 0xae, 0xd7, 0xae, 0xd7, 0xae, 0xd7, 0xae, 0xd7, 0xae, 0xd7, 0xae, 0xd7, 0xae, 0xd7, 0xae, 0xd7, 0xae,
        0xd7, 0xae, 0xd7, 0xae, 0xd7, 0xae, 0xd7, 0xae, 0xd7, 0xae, 0xd7, 0xae, 0xd7, 0xae, 0xd7, 0xae, 0xd7, 0xae, 0xd7, 0xae,
        0xd7, 0xae, 0xd7, 0xae, 0xd7, 0xae, 0xd7, 0xae, 0xd7, 0xae, 0xd7, 0xae, 0xd7, 0xae, 0xd7, 0xae, 0xd7, 0xae, 0xd7, 0xae,
        0xd7, 0xae, 0xd7, 0xae, 0xd7, 0xae, 0xd7, 0xae, 0xd7, 0xae, 0xd7, 0xae, 0xd7, 0xae, 0xd7, 0xae, 0xd7, 0xae, 0xd7, 0xae,
        0xd7, 0xae, 0xd7, 0xae, 0xd7, 0xae, 0xd7, 0xae, 0xd7, 0xae, 0xd7, 0xae, 0xd7, 0xae, 0xd7, 0xae, 0xd7, 0xae, 0xd7, 0xae,
        0xd7, 0xae, 0xd7, 0xae, 0xd7, 0xae, 0xd7, 0xae, 0xd7, 0xae, 0xd7, 0xae, 0xd7, 0xae, 0xd7, 0xae, 0xd7, 0xae, 0xd7, 0xae,
        0xd7, 0xae, 0xd7, 0xae, 0xd7, 0xae, 0xd7, 0xae, 0xd7, 0xae, 0xd7, 0xae, 0xd7, 0xae, 0xd7, 0xae, 0xd7, 0xae, 0xd7, 0xae,
        0xd7, 0xae, 0xd7, 0xae, 0xd7, 0xae, 0xd7, 0xae, 0xd7, 0xae, 0xd7, 0xae, 0xd7, 0xae, 0xd7, 0xae, 0xd7, 0xae, 0xd7, 0xae,
        0xd7, 0xae, 0xd7, 0xae, 0xd7, 0xae, 0xd7, 0xae, 0xd7, 0xae, 0xd7, 0xae, 0xd7, 0xae, 0xd7, 0xae, 0xd7, 0xae, 0xd7, 0xae,
        0xd7, 0xa6, 0xd7, 0xae, 0x0d, 0x64, 0xe9, 0x4a, 0x2a, 0x4b, 0x65, 0x21, 0x82, 0x08, 0xa3, 0x10, 0x83, 0x10, 0x46, 0x21,
        0xa8, 0x29, 0xa8, 0x29, 0x4a, 0x42, 0x6a, 0x4a, 0x6a, 0x42, 0x29, 0x3a, 0x09, 0x3a, 0x09, 0x32, 0x4a, 0x42, 0x4a, 0x42,
        0x49, 0x42, 0x49, 0x42, 0x29, 0x4a, 0xe7, 0x49, 0x91, 0x4b, 0x9f, 0x46, 0x9f, 0x46, 0x7f, 0x46, 0x9f, 0x3e, 0xb1, 0x43,
        0x08, 0x42, 0x49, 0x42, 0x6a, 0x42, 0x6b, 0x42, 0x6a, 0x42, 0x6a, 0x42, 0x6a, 0x42, 0x6a, 0x42, 0x6a, 0x42, 0x6a, 0x42,
        0x6a, 0x42, 0x6a, 0x42, 0x6a, 0x42, 0xcc, 0x52, 0xaf, 0x73, 0xcf, 0x73, 0xcf, 0x73, 0x10, 0x7c, 0x18, 0xc6, 0x58, 0xce,
        0xf7, 0xc5, 0x78, 0xd6, 0x9c, 0xff, 0x9c, 0xf7, 0x9c, 0xf7, 0xbd, 0xff, 0xbd, 0xff, 0xbd, 0xff, 0xfd, 0xff, 0xdc, 0xff,
        0xbc, 0xff, 0x37, 0xce, 0x8e, 0x6b, 0x8f, 0x6b, 0xaf, 0x73, 0xcf, 0x73, 0xd0, 0x73, 0xd0, 0x73, 0xcf, 0x73, 0xaf, 0x73,
        0xaf, 0x6b, 0x8f, 0x6b, 0x8f, 0x6b, 0xaf, 0x6b, 0xaf, 0x6b, 0xaf, 0x6b, 0xcf, 0x73, 0xfa, 0xde, 0xbd, 0xff, 0xbd, 0xff,
        0xbd, 0xff, 0xbd, 0xff, 0x9c, 0xff, 0x9c, 0xff, 0x9c, 0xff, 0x9c, 0xff, 0x9c, 0xff, 0x9c, 0xff, 0x9c, 0xff, 0x9c, 0xff,
        0x9c, 0xff, 0x9c, 0xff, 0x9c, 0xff, 0x9c, 0xff, 0x9c, 0xff, 0x9c, 0xff, 0x9c, 0xff, 0x9c, 0xff, 0x9c, 0xff, 0xdd, 0xff,
        0xfa, 0xe6, 0x14, 0xa5, 0xb3, 0x9c, 0x30, 0x84, 0x4e, 0x63, 0xed, 0x5a, 0xac, 0x52, 0x2a, 0x3a, 0x4a, 0x3a, 0x4a, 0x42,
        0x4a, 0x42, 0x4a, 0x42, 0x4a, 0x42, 0x4a, 0x42, 0x4a, 0x42, 0x4a, 0x42, 0x4a, 0x42, 0x6a, 0x42, 0x6a, 0x42, 0x6a, 0x42,
        0x4a, 0x42, 0x4a, 0x42, 0x2a, 0x42, 0x2a, 0x42, 0x2a, 0x42, 0x3a, 0x45, 0x3f, 0x36, 0x1e, 0x36, 0x59, 0x45, 0x3a, 0x3d,
        0xbc, 0x35, 0x56, 0x3c, 0xe8, 0x41, 0x08, 0x42, 0x08, 0x42, 0x09, 0x42, 0x09, 0x42, 0x29, 0x3a, 0x7b, 0x35, 0x5f, 0x36,
        0x3f, 0x36, 0x7f, 0x36, 0x75, 0x34, 0xc7, 0x41, 0x08, 0x42, 0x29, 0x3a, 0x6a, 0x42, 0x4a, 0x42, 0x4a, 0x42, 0xcc, 0x42,
        0x0e, 0x43, 0xed, 0x42, 0x7a, 0x4d, 0x7f, 0x46, 0x3f, 0x3e, 0x5f, 0x3e, 0xfd, 0x45, 0xac, 0x42, 0x4a, 0x42, 0x4a, 0x3a,
        0x29, 0x3a, 0x29, 0x3a, 0x09, 0x3a, 0x09, 0x3a, 0xc8, 0x31, 0xa8, 0x31, 0xa7, 0x31, 0x14, 0x34, 0x3a, 0x35, 0xf9, 0x34,
        0x1a, 0x35, 0x19, 0x35, 0x1a, 0x35, 0x57, 0x24, 0x31, 0x23, 0x31, 0x23, 0x52, 0x2b, 0xea, 0x19, 0x82, 0x08, 0xa3, 0x10,
        0x83, 0x10, 0xe6, 0x29, 0x0a, 0x4b, 0x0a, 0x4b, 0x6c, 0x5b, 0x96, 0xa6, 0x18, 0xaf, 0xf7, 0xae, 0xd7, 0xae, 0xd7, 0xae,
        0xd7, 0xae, 0xd7, 0xae, 0xd7, 0xae, 0xd7, 0xae, 0xd7, 0xae, 0xd7, 0xae, 0xd7, 0xae, 0xd7, 0xae, 0xd7, 0xae, 0xd7, 0xae,
        0xd7, 0xae, 0xd7, 0xae, 0xd7, 0xae, 0xd7, 0xae, 0xd7, 0xae, 0xd7, 0xae, 0xd7, 0xae, 0xd7, 0xae, 0xd7, 0xae, 0xd7, 0xae,
        0xd7, 0xae, 0xd7, 0xae, 0xd7, 0xae, 0xd7, 0xae, 0xd7, 0xae, 0xd7, 0xae, 0xd7, 0xae, 0xd7, 0xae, 0xd7, 0xae, 0xd7, 0xae,
        0xd7, 0xae, 0xd7, 0xae, 0xd7, 0xae, 0xd7, 0xae, 0xd7, 0xae, 0xd7, 0xae, 0xd7, 0xae, 0xd7, 0xae, 0xd7, 0xae, 0xd7, 0xae,
        0xd7, 0xae, 0xd7, 0xae, 0xd7, 0xae, 0xd7, 0xae, 0xd7, 0xae, 0xd7, 0xae, 0xd7, 0xae, 0xd7, 0xae, 0xd7, 0xae, 0xd7, 0xae,
        0xd7, 0xae, 0xd7, 0xae, 0xd7, 0xae, 0xd7, 0xae, 0xd7, 0xae, 0xd7, 0xae, 0xd7, 0xae, 0xd7, 0xae, 0xd7, 0xae, 0xd7, 0xae,
        0xd7, 0xae, 0xd7, 0xae, 0xd7, 0xae, 0xd7, 0xae, 0xd7, 0xae, 0xd7, 0xae, 0xd7, 0xae, 0xd7, 0xae, 0xd7, 0xae, 0xd7, 0xae,
        0xd7, 0xae, 0xd7, 0xae, 0xd7, 0xae, 0xd7, 0xae, 0xd7, 0xae, 0xd7, 0xae, 0xd7, 0xae, 0xd7, 0xae, 0xd7, 0xae, 0xd7, 0xae,
        0xd7, 0xae, 0xd7, 0xae, 0xd7, 0xae, 0xd7, 0xae, 0xd7, 0xae, 0xd7, 0xae, 0xd7, 0xae, 0xd7, 0xae, 0xd7, 0xae, 0xd7, 0xae,
        0xd7, 0xae, 0xd7, 0xae, 0xd7, 0xae, 0xd7, 0xae, 0xd7, 0xae, 0xd7, 0xae, 0xd7, 0xae, 0xd7, 0xae, 0xd7, 0xae, 0xd7, 0xae,
        0xd7, 0xae, 0xd7, 0xae, 0xd7, 0xae, 0xd7, 0xae, 0xd7, 0xae, 0xd7, 0xae, 0xd7, 0xae, 0xd7, 0xae, 0xd7, 0xae, 0xd7, 0xae,
        0xd7, 0xae, 0xd7, 0xae, 0xd7, 0xae, 0xd7, 0xae, 0xd7, 0xae, 0xd7, 0xae, 0xd7, 0xae, 0xd7, 0xae, 0xd7, 0xae, 0xd7, 0xae,
        0xd7, 0xae, 0xd7, 0xae, 0xd7, 0xae, 0xd7, 0xae, 0xd7, 0xae, 0xd7, 0xae, 0xd7, 0xae, 0xd7, 0xae, 0xd7, 0xae, 0xd7, 0xae,
        0xd7, 0xa6, 0xd7, 0xae, 0x85, 0x21, 0x00, 0x00, 0x00, 0x00, 0x21, 0x00, 0x87, 0x21, 0x67, 0x21, 0x47, 0x21, 0x09, 0x3a,
        0x6a, 0x42, 0x6a, 0x4a, 0x6a, 0x42, 0x6a, 0x4a, 0x4a, 0x42, 0xa8, 0x29, 0x88, 0x29, 0xa8, 0x29, 0x4a, 0x42, 0x4a, 0x42,
        0x6b, 0x42, 0xd7, 0x3c, 0x18, 0x3d, 0xb7, 0x3c, 0xf8, 0x44, 0xfd, 0x45, 0x5e, 0x3e, 0x3e, 0x3e, 0x5e, 0x3e, 0xb1, 0x3b,
        0x29, 0x42, 0x6a, 0x42, 0x6a, 0x42, 0x6a, 0x42, 0x6a, 0x42, 0x4a, 0x42, 0x4a, 0x42, 0x4a, 0x42, 0x4a, 0x42, 0x4a, 0x42,
        0x8b, 0x4a, 0xcc, 0x52, 0x8b, 0x4a, 0xf0, 0x7b, 0xdd, 0xff, 0xbd, 0xff, 0xdd, 0xff, 0xdd, 0xff, 0xdd, 0xff, 0xdd, 0xff,
        0xbc, 0xff, 0xbc, 0xff, 0x9c, 0xff, 0x9c, 0xff, 0x9c, 0xff, 0xbd, 0xff, 0xdd, 0xff, 0xb9, 0xde, 0xeb, 0x62, 0xcb, 0x5a,
        0x8a, 0x52, 0xc8, 0x31, 0x26, 0x19, 0x27, 0x19, 0x47, 0x19, 0x47, 0x21, 0x47, 0x21, 0x47, 0x19, 0x26, 0x19, 0x26, 0x19,
        0x06, 0x19, 0x06, 0x19, 0x06, 0x19, 0x06, 0x19, 0x06, 0x19, 0x06, 0x19, 0x06, 0x19, 0x2a, 0x3a, 0x8b, 0x4a, 0x8b, 0x4a,
        0xfb, 0xe6, 0xdd, 0xff, 0x9c, 0xff, 0x9c, 0xff, 0xbc, 0xff, 0x9c, 0xff, 0x9c, 0xff, 0x9c, 0xff, 0x9c, 0xff, 0x9c, 0xff,
        0x9c, 0xff, 0x9c, 0xff, 0xbc, 0xff, 0x9c, 0xff, 0x9c, 0xff, 0x9c, 0xff, 0xbc, 0xff, 0x9c, 0xff, 0x9c, 0xff, 0x9c, 0xff,
        0xbc, 0xff, 0xbc, 0xff, 0x9c, 0xff, 0xbc, 0xff, 0x1b, 0xe7, 0xd4, 0x9c, 0xf1, 0x83, 0x8b, 0x4a, 0xab, 0x4a, 0x8b, 0x4a,
        0x6a, 0x42, 0x6a, 0x42, 0x6b, 0x42, 0x6b, 0x42, 0x6b, 0x42, 0x6b, 0x42, 0x6a, 0x42, 0x6b, 0x42, 0x6a, 0x42, 0x6a, 0x42,
        0x29, 0x42, 0x0e, 0x43, 0x7a, 0x3d, 0x5a, 0x35, 0x3a, 0x35, 0xdd, 0x35, 0xfe, 0x35, 0x3f, 0x36, 0xb7, 0x44, 0x56, 0x44,
        0xf9, 0x3c, 0x56, 0x3c, 0x6a, 0x42, 0x4a, 0x42, 0x4a, 0x3a, 0x4a, 0x3a, 0x4a, 0x3a, 0x6a, 0x3a, 0x9b, 0x35, 0x5f, 0x2e,
        0x3f, 0x2e, 0x7f, 0x36, 0x96, 0x34, 0x08, 0x3a, 0x4a, 0x3a, 0x4a, 0x3a, 0x6a, 0x42, 0x6a, 0x42, 0x29, 0x42, 0xd7, 0x3c,
        0x9f, 0x46, 0x5e, 0x46, 0x7f, 0x46, 0x7f, 0x46, 0x7e, 0x3e, 0x5e, 0x3e, 0x3e, 0x3e, 0x9c, 0x3d, 0x7b, 0x3d, 0x39, 0x3d,
        0x2a, 0x3a, 0xe8, 0x39, 0x09, 0x3a, 0x08, 0x3a, 0x87, 0x29, 0x67, 0x21, 0x87, 0x29, 0xc8, 0x29, 0xc9, 0x31, 0xc9, 0x31,
        0xe9, 0x31, 0xe9, 0x39, 0xc8, 0x31, 0x99, 0x24, 0x9e, 0x1d, 0x5d, 0x1d, 0x7e, 0x1d, 0x52, 0x23, 0x25, 0x21, 0x66, 0x21,
        0x67, 0x29, 0x41, 0x00, 0x00, 0x00, 0x00, 0x00, 0x41, 0x00, 0x35, 0x9e, 0x18, 0xaf, 0xd7, 0xae, 0xd7, 0xae, 0xd7, 0xae,
        0xd7, 0xae, 0xd7, 0xae, 0xd7, 0xae, 0xd7, 0xae, 0xd7, 0xae, 0xd7, 0xae, 0xd7, 0xae, 0xd7, 0xae, 0xd7, 0xae, 0xd7, 0xae,
        0xd7, 0xae, 0xd7, 0xae, 0xd7, 0xae, 0xd7, 0xae, 0xd7, 0xae, 0xd7, 0xae, 0xd7, 0xae, 0xd7, 0xae, 0xd7, 0xae, 0xd7, 0xae,
        0xd7, 0xae, 0xd7, 0xae, 0xd7, 0xae, 0xd7, 0xae, 0xd7, 0xae, 0xd7, 0xae, 0xd7, 0xae, 0xd7, 0xae, 0xd7, 0xae, 0xd7, 0xae,
        0xd7, 0xae, 0xd7, 0xae, 0xd7, 0xae, 0xd7, 0xae, 0xd7, 0xae, 0xd7, 0xae, 0xd7, 0xae, 0xd7, 0xae, 0xd7, 0xae, 0xd7, 0xae,
        0xd7, 0xae, 0xd7, 0xae, 0xd7, 0xae, 0xd7, 0xae, 0xd7, 0xae, 0xd7, 0xae, 0xd7, 0xae, 0xd7, 0xae, 0xd7, 0xae, 0xd7, 0xae,
        0xd7, 0xae, 0xd7, 0xae, 0xd7, 0xae, 0xd7, 0xae, 0xd7, 0xae, 0xd7, 0xae, 0xd7, 0xae, 0xd7, 0xae, 0xd7, 0xae, 0xd7, 0xae,
        0xd7, 0xae, 0xd7, 0xae, 0xd7, 0xae, 0xd7, 0xae, 0xd7, 0xae, 0xd7, 0xae, 0xd7, 0xae, 0xd7, 0xae, 0xd7, 0xae, 0xd7, 0xae,
        0xd7, 0xae, 0xd7, 0xae, 0xd7, 0xae, 0xd7, 0xae, 0xd7, 0xae, 0xd7, 0xae, 0xd7, 0xae, 0xd7, 0xae, 0xd7, 0xae, 0xd7, 0xae,
        0xd7, 0xae, 0xd7, 0xae, 0xd7, 0xae, 0xd7, 0xae, 0xd7, 0xae, 0xd7, 0xae, 0xd7, 0xae, 0xd7, 0xae, 0xd7, 0xae, 0xd7, 0xae,
        0xd7, 0xae, 0xd7, 0xae, 0xd7, 0xae, 0xd7, 0xae, 0xd7, 0xae, 0xd7, 0xae, 0xd7, 0xae, 0xd7, 0xae, 0xd7, 0xae, 0xd7, 0xae,
        0xd7, 0xae, 0xd7, 0xae, 0xd7, 0xae, 0xd7, 0xae, 0xd7, 0xae, 0xd7, 0xae, 0xd7, 0xae, 0xd7, 0xae, 0xd7, 0xae, 0xd7, 0xae,
        0xd7, 0xae, 0xd7, 0xae, 0xd7, 0xae, 0xd7, 0xae, 0xd7, 0xae, 0xd7, 0xae, 0xd7, 0xae, 0xd7, 0xae, 0xd7, 0xae, 0xd7, 0xae,
        0xd7, 0xae, 0xd7, 0xae, 0xd7, 0xae, 0xd7, 0xae, 0xd7, 0xae, 0xd7, 0xae, 0xd7, 0xae, 0xd7, 0xae, 0xd7, 0xae, 0xd7, 0xae,
        0xd7, 0xa6, 0xd7, 0xae, 0xc6, 0x29, 0x00, 0x00, 0x00, 0x00, 0x41, 0x00, 0x46, 0x21, 0x46, 0x21, 0x46, 0x19, 0xe9, 0x39,
        0x4a, 0x42, 0x6a, 0x42, 0x6a, 0x42, 0x6a, 0x4a, 0x4a, 0x42, 0xa8, 0x29, 0xa8, 0x29, 0xa8, 0x29, 0x6b, 0x42, 0x6a, 0x42,
        0xac, 0x42, 0x1d, 0x3e, 0x7f, 0x36, 0x9f, 0x2e, 0xb7, 0x3c, 0x8c, 0x4a, 0x0e, 0x43, 0x0e, 0x43, 0x0e, 0x43, 0xac, 0x42,
        0x6a, 0x42, 0x6a, 0x42, 0x6a, 0x42, 0x6a, 0x42, 0x4a, 0x42, 0x4a, 0x42, 0x4a, 0x42, 0x4a, 0x42, 0x4a, 0x42, 0x4a, 0x42,
        0xab, 0x52, 0xcc, 0x52, 0x8b, 0x4a, 0x10, 0x7c, 0xdc, 0xff, 0xbc, 0xff, 0xbd, 0xff, 0xbd, 0xff, 0x9c, 0xff, 0x9c, 0xff,
        0x9c, 0xff, 0x9c, 0xff, 0x9c, 0xff, 0x9c, 0xff, 0x9c, 0xff, 0x9c, 0xff, 0xdc, 0xff, 0x17, 0xc6, 0x00, 0x00, 0x00, 0x00,
        0x21, 0x00, 0x67, 0x21, 0x88, 0x29, 0x88, 0x29, 0x88, 0x29, 0x88, 0x29, 0x88, 0x29, 0x88, 0x29, 0x87, 0x29, 0x67, 0x21,
        0x67, 0x21, 0x67, 0x21, 0x67, 0x21, 0x87, 0x21, 0x88, 0x29, 0x88, 0x29, 0x88, 0x29, 0x47, 0x19, 0x05, 0x11, 0xe4, 0x10,
        0x79, 0xce, 0xfe, 0xff, 0xbd, 0xff, 0xbd, 0xff, 0xbc, 0xff, 0x9c, 0xff, 0x9c, 0xff, 0x9c, 0xff, 0x9c, 0xff, 0x9c, 0xff,
        0x9c, 0xff, 0xbc, 0xff, 0xbc, 0xff, 0x9c, 0xff, 0xbc, 0xff, 0x9c, 0xff, 0x9c, 0xff, 0x9c, 0xff, 0x9c, 0xff, 0x9c, 0xff,
        0x9c, 0xff, 0x9c, 0xff, 0x9c, 0xff, 0xbc, 0xff, 0x3b, 0xef, 0xd4, 0x9c, 0xf1, 0x83, 0xcc, 0x52, 0xec, 0x52, 0xac, 0x52,
        0x8b, 0x4a, 0x8b, 0x4a, 0x6b, 0x4a, 0x6b, 0x42, 0x6b, 0x42, 0x6b, 0x42, 0x6a, 0x42, 0x6b, 0x42, 0x6a, 0x42, 0x6a, 0x42,
        0x29, 0x42, 0x4f, 0x43, 0x7f, 0x3e, 0x7f, 0x3e, 0x7f, 0x3e, 0xdd, 0x3d, 0xbc, 0x3d, 0xdd, 0x3d, 0x55, 0x44, 0x2f, 0x43,
        0x91, 0x43, 0x2f, 0x43, 0x6a, 0x42, 0x4a, 0x42, 0x4a, 0x42, 0x4a, 0x3a, 0x4a, 0x3a, 0x2a, 0x3a, 0x50, 0x33, 0x91, 0x33,
        0x91, 0x3b, 0xb1, 0x3b, 0x0e, 0x3b, 0x29, 0x3a, 0x4a, 0x42, 0x4a, 0x3a, 0x4a, 0x3a, 0x6a, 0x42, 0x29, 0x42, 0x18, 0x45,
        0xbf, 0x46, 0xbf, 0x46, 0x38, 0x45, 0x2e, 0x43, 0x2f, 0x43, 0xed, 0x3a, 0x71, 0x3b, 0x3f, 0x36, 0x5f, 0x2e, 0xdd, 0x35,
        0x2a, 0x32, 0xe8, 0x39, 0x09, 0x3a, 0x09, 0x3a, 0xa7, 0x29, 0x87, 0x29, 0xa7, 0x29, 0xa8, 0x31, 0xc8, 0x31, 0xc8, 0x31,
        0xe9, 0x31, 0xe9, 0x39, 0xc8, 0x31, 0x58, 0x24, 0x5d, 0x15, 0x1d, 0x15, 0x3d, 0x1d, 0x52, 0x1b, 0x46, 0x21, 0x67, 0x29,
        0x87, 0x29, 0x82, 0x08, 0x00, 0x00, 0x00, 0x00, 0x81, 0x08, 0x35, 0x9e, 0xf8, 0xae, 0xd7, 0xae, 0xd7, 0xae, 0xd7, 0xae,
        0xd7, 0xae, 0xd7, 0xae, 0xd7, 0xae, 0xd7, 0xae, 0xd7, 0xae, 0xd7, 0xae, 0xd7, 0xae, 0xd7, 0xae, 0xd7, 0xae, 0xd7, 0xae,
        0xd7, 0xae, 0xd7, 0xae, 0xd7, 0xae, 0xd7, 0xae, 0xd7, 0xae, 0xd7, 0xae, 0xd7, 0xae, 0xd7, 0xae, 0xd7, 0xae, 0xd7, 0xae,
        0xd7, 0xae, 0xd7, 0xae, 0xd7, 0xae, 0xd7, 0xae, 0xd7, 0xae, 0xd7, 0xae, 0xd7, 0xae, 0xd7, 0xae, 0xd7, 0xae, 0xd7, 0xae,
        0xd7, 0xae, 0xd7, 0xae, 0xd7, 0xae, 0xd7, 0xae, 0xd7, 0xae, 0xd7, 0xae, 0xd7, 0xae, 0xd7, 0xae, 0xd7, 0xae, 0xd7, 0xae,
        0xd7, 0xae, 0xd7, 0xae, 0xd7, 0xae, 0xd7, 0xae, 0xd7, 0xae, 0xd7, 0xae, 0xd7, 0xae, 0xd7, 0xae, 0xd7, 0xae, 0xd7, 0xae,
        0xd7, 0xae, 0xd7, 0xae, 0xd7, 0xae, 0xd7, 0xae, 0xd7, 0xae, 0xd7, 0xae, 0xd7, 0xae, 0xd7, 0xae, 0xd7, 0xae, 0xd7, 0xae,
        0xd7, 0xae, 0xd7, 0xae, 0xd7, 0xae, 0xd7, 0xae, 0xd7, 0xae, 0xd7, 0xae, 0xd7, 0xae, 0xd7, 0xae, 0xd7, 0xae, 0xd7, 0xae,
        0xd7, 0xae, 0xd7, 0xae, 0xd7, 0xae, 0xd7, 0xae, 0xd7, 0xae, 0xd7, 0xae, 0xd7, 0xae, 0xd7, 0xae, 0xd7, 0xae, 0xd7, 0xae,
        0xd7, 0xae, 0xd7, 0xae, 0xd7, 0xae, 0xd7, 0xae, 0xd7, 0xae, 0xd7, 0xae, 0xd7, 0xae, 0xd7, 0xae, 0xd7, 0xae, 0xd7, 0xae,
        0xd7, 0xae, 0xd7, 0xae, 0xd7, 0xae, 0xd7, 0xae, 0xd7, 0xae, 0xd7, 0xae, 0xd7, 0xae, 0xd7, 0xae, 0xd7, 0xae, 0xd7, 0xae,
        0xd7, 0xae, 0xd7, 0xae, 0xd7, 0xae, 0xd7, 0xae, 0xd7, 0xae, 0xd7, 0xae, 0xd7, 0xae, 0xd7, 0xae, 0xd7, 0xae, 0xd7, 0xae,
        0xd7, 0xae, 0xd7, 0xae, 0xd7, 0xae, 0xd7, 0xae, 0xd7, 0xae, 0xd7, 0xae, 0xd7, 0xae, 0xd7, 0xae, 0xd7, 0xae, 0xd7, 0xae,
        0xd7, 0xae, 0xd7, 0xae, 0xd7, 0xae, 0xd7, 0xae, 0xd7, 0xae, 0xd7, 0xae, 0xd7, 0xae, 0xd7, 0xae, 0xd7, 0xae, 0xd7, 0xae,
        0xd7, 0xae, 0xd7, 0xae, 0xc6, 0x29, 0x00, 0x00, 0x00, 0x00, 0x41, 0x00, 0x26, 0x19, 0x26, 0x19, 0x26, 0x19, 0x09, 0x3a,
        0x4a, 0x42, 0x4a, 0x42, 0x4a, 0x42, 0x6a, 0x4a, 0x4a, 0x42, 0xa8, 0x29, 0xa8, 0x29, 0x87, 0x29, 0x29, 0x42, 0x2a, 0x4a,
        0x8c, 0x42, 0x1d, 0x3e, 0x5f, 0x36, 0x7f, 0x36, 0x96, 0x3c, 0x08, 0x42, 0x4a, 0x42, 0x6a, 0x42, 0x6a, 0x4a, 0x6a, 0x42,
        0x6a, 0x42, 0x6a, 0x42, 0x6a, 0x42, 0x4a, 0x42, 0x4a, 0x42, 0x4a, 0x42, 0x4a, 0x42, 0x6a, 0x42, 0x6a, 0x42, 0x4a, 0x42,
        0x8b, 0x4a, 0x8b, 0x4a, 0x4a, 0x42, 0xcf, 0x73, 0xdc, 0xff, 0x9c, 0xff, 0x9c, 0xff, 0x9c, 0xff, 0x9c, 0xff, 0x9c, 0xff,
        0x9c, 0xff, 0x9c, 0xff, 0xbc, 0xff, 0xbc, 0xff, 0xdd, 0xff, 0xdd, 0xff, 0xfd, 0xff, 0x78, 0xce, 0x20, 0x00, 0x00, 0x00,
        0x62, 0x08, 0x26, 0x19, 0x46, 0x19, 0x47, 0x21, 0x67, 0x21, 0x67, 0x21, 0x67, 0x21, 0x67, 0x21, 0x67, 0x21, 0x47, 0x21,
        0x46, 0x21, 0x46, 0x21, 0x47, 0x21, 0x67, 0x21, 0x67, 0x21, 0x67, 0x21, 0x67, 0x21, 0x46, 0x21, 0x26, 0x19, 0x05, 0x19,
        0x9a, 0xd6, 0xff, 0xff, 0xfe, 0xff, 0xde, 0xff, 0xbc, 0xff, 0x9c, 0xff, 0x9c, 0xff, 0x9c, 0xff, 0x9c, 0xff, 0x9c, 0xff,
        0x9c, 0xff, 0x9c, 0xff, 0x9c, 0xff, 0x9c, 0xff, 0xbc, 0xff, 0x9c, 0xff, 0x9c, 0xff, 0x9c, 0xff, 0x9c, 0xff, 0x9c, 0xff,
        0x9c, 0xff, 0x9c, 0xff, 0x9c, 0xff, 0xbd, 0xff, 0x3b, 0xef, 0xd4, 0x9c, 0xd0, 0x7b, 0x6b, 0x4a, 0xab, 0x4a, 0x8b, 0x4a,
        0x6b, 0x42, 0x6b, 0x42, 0x6a, 0x42, 0x4a, 0x42, 0x6a, 0x42, 0x6a, 0x42, 0x6a, 0x42, 0x6b, 0x42, 0x6b, 0x42, 0x6a, 0x42,
        0x4a, 0x42, 0x70, 0x43, 0x7f, 0x46, 0x7f, 0x46, 0x5e, 0x46, 0x0e, 0x3b, 0x6b, 0x3a, 0x8b, 0x3a, 0x6b, 0x42, 0x6a, 0x4a,
        0x4a, 0x42, 0x4a, 0x42, 0x4a, 0x42, 0x4a, 0x42, 0x4a, 0x42, 0x4a, 0x42, 0x4a, 0x3a, 0x29, 0x3a, 0xe8, 0x39, 0xe8, 0x39,
        0xe8, 0x39, 0xe8, 0x39, 0x29, 0x3a, 0x4a, 0x42, 0x4a, 0x42, 0x4a, 0x42, 0x4a, 0x3a, 0x4a, 0x3a, 0x29, 0x42, 0xf8, 0x3c,
        0x9f, 0x3e, 0x9f, 0x3e, 0x95, 0x3c, 0x08, 0x42, 0x29, 0x3a, 0xe7, 0x39, 0x8c, 0x3a, 0xfe, 0x35, 0x3f, 0x2e, 0xbc, 0x35,
        0x2a, 0x32, 0xe8, 0x39, 0x09, 0x3a, 0x29, 0x3a, 0xa8, 0x29, 0x87, 0x29, 0xa7, 0x29, 0xc8, 0x31, 0xc8, 0x31, 0xc8, 0x31,
        0xe9, 0x31, 0xe8, 0x31, 0xc8, 0x31, 0x78, 0x24, 0x7e, 0x1d, 0x5e, 0x15, 0x9f, 0x1d, 0x94, 0x23, 0x25, 0x29, 0x67, 0x29,
        0x67, 0x29, 0x82, 0x08, 0x00, 0x00, 0x00, 0x00, 0x82, 0x08, 0x35, 0x9e, 0x18, 0xaf, 0xf7, 0xae, 0xd7, 0xae, 0xd7, 0xae,
        0xd7, 0xae, 0xd7, 0xae, 0xd7, 0xae, 0xd7, 0xae, 0xd7, 0xae, 0xd7, 0xae, 0xd7, 0xae, 0xd7, 0xae, 0xd7, 0xae, 0xd7, 0xae,
        0xd7, 0xae, 0xd7, 0xae, 0xd7, 0xae, 0xd7, 0xae, 0xd7, 0xae, 0xd7, 0xae, 0xd7, 0xae, 0xd7, 0xae, 0xd7, 0xae, 0xd7, 0xae,
        0xd7, 0xae, 0xd7, 0xae, 0xd7, 0xae, 0xd7, 0xae, 0xd7, 0xae, 0xd7, 0xae, 0xd7, 0xae, 0xd7, 0xae, 0xd7, 0xae, 0xd7, 0xae,
        0xd7, 0xae, 0xd7, 0xae, 0xd7, 0xae, 0xd7, 0xae, 0xd7, 0xae, 0xd7, 0xae, 0xd7, 0xae, 0xd7, 0xae, 0xd7, 0xae, 0xd7, 0xae,
        0xd7, 0xae, 0xd7, 0xae, 0xd7, 0xae, 0xd7, 0xae, 0xd7, 0xae, 0xd7, 0xae, 0xd7, 0xae, 0xd7, 0xae, 0xd7, 0xae, 0xd7, 0xae,
        0xd7, 0xae, 0xd7, 0xae, 0xd7, 0xae, 0xd7, 0xae, 0xd7, 0xae, 0xd7, 0xae, 0xd7, 0xae, 0xd7, 0xae, 0xd7, 0xae, 0xd7, 0xae,
        0xd7, 0xae, 0xd7, 0xae, 0xd7, 0xae, 0xd7, 0xae, 0xd7, 0xae, 0xd7, 0xae, 0xd7, 0xae, 0xd7, 0xae, 0xd7, 0xae, 0xd7, 0xae,
        0xd7, 0xae, 0xd7, 0xae, 0xd7, 0xae, 0xd7, 0xae, 0xd7, 0xae, 0xd7, 0xae, 0xd7, 0xae, 0xd7, 0xae, 0xd7, 0xae, 0xd7, 0xae,
        0xd7, 0xae, 0xd7, 0xae, 0xd7, 0xae, 0xd7, 0xae, 0xd7, 0xae, 0xd7, 0xae, 0xd7, 0xae, 0xd7, 0xae, 0xd7, 0xae, 0xd7, 0xae,
        0xd7, 0xae, 0xd7, 0xae, 0xd7, 0xae, 0xd7, 0xae, 0xd7, 0xae, 0xd7, 0xae, 0xd7, 0xae, 0xd7, 0xae, 0xd7, 0xae, 0xd7, 0xae,
        0xd7, 0xae, 0xd7, 0xae, 0xd7, 0xae, 0xd7, 0xae, 0xd7, 0xae, 0xd7, 0xae, 0xd7, 0xae, 0xd7, 0xae, 0xd7, 0xae, 0xd7, 0xae,
        0xd7, 0xae, 0xd7, 0xae, 0xd7, 0xae, 0xd7, 0xae, 0xd7, 0xae, 0xd7, 0xae, 0xd7, 0xae, 0xd7, 0xae, 0xd7, 0xae, 0xd7, 0xae,
        0xd7, 0xae, 0xd7, 0xae, 0xd7, 0xae, 0xd7, 0xae, 0xd7, 0xae, 0xd7, 0xae, 0xd7, 0xae, 0xd7, 0xae, 0xd7, 0xae, 0xd7, 0xae,
        0xd7, 0xae, 0xd7, 0xae, 0xc6, 0x29, 0x00, 0x00, 0x00, 0x00, 0x61, 0x08, 0xc8, 0x29, 0xa8, 0x29, 0xc8, 0x31, 0x29, 0x3a,
        0x4a, 0x42, 0x4a, 0x42, 0x09, 0x3a, 0xe8, 0x31, 0xe9, 0x31, 0x87, 0x21, 0x67, 0x29, 0x2f, 0x33, 0x54, 0x3c, 0xf3, 0x43,
        0x14, 0x44, 0x9b, 0x3d, 0x7a, 0x3d, 0x9b, 0x3d, 0x13, 0x3c, 0x29, 0x42, 0x6a, 0x42, 0x6a, 0x42, 0x6a, 0x42, 0x6a, 0x42,
        0x6a, 0x42, 0x6a, 0x42, 0x4a, 0x42, 0x4a, 0x42, 0x4a, 0x42, 0x4a, 0x42, 0x4a, 0x42, 0x4a, 0x42, 0x6a, 0x42, 0x29, 0x3a,
        0x30, 0x84, 0x33, 0xa5, 0xd2, 0x9c, 0xb5, 0xbd, 0xbc, 0xff, 0x9c, 0xff, 0x9c, 0xff, 0x9c, 0xff, 0x9c, 0xf7, 0x9c, 0xf7,
        0x9c, 0xff, 0x9c, 0xff, 0xbc, 0xff, 0xdd, 0xff, 0xf2, 0xa4, 0x0b, 0x63, 0x2b, 0x63, 0x0b, 0x63, 0x8e, 0x73, 0xef, 0x7b,
        0x30, 0x84, 0x91, 0x8c, 0xb2, 0x94, 0x51, 0x84, 0xcc, 0x52, 0xcc, 0x52, 0xcc, 0x52, 0xac, 0x4a, 0x6b, 0x4a, 0x6b, 0x42,
        0x6a, 0x42, 0x4a, 0x42, 0x6a, 0x42, 0x6b, 0x42, 0x6b, 0x4a, 0x6b, 0x4a, 0x4a, 0x42, 0x87, 0x29, 0x46, 0x21, 0x46, 0x21,
        0x6a, 0x4a, 0xcb, 0x5a, 0xaa, 0x52, 0x54, 0xad, 0xfe, 0xff, 0x9c, 0xff, 0x9c, 0xff, 0x9c, 0xff, 0x9c, 0xff, 0x9c, 0xff,
        0x9c, 0xff, 0x9c, 0xff, 0x9c, 0xff, 0x9c, 0xff, 0x9c, 0xff, 0x9c, 0xff, 0x9c, 0xff, 0x9c, 0xff, 0x9c, 0xff, 0x9c, 0xff,
        0x9c, 0xff, 0x9c, 0xff, 0x9c, 0xff, 0xbc, 0xff, 0x7c, 0xf7, 0x78, 0xce, 0xd6, 0xbd, 0x34, 0xa5, 0x54, 0xad, 0x34, 0xa5,
        0x6e, 0x6b, 0x4e, 0x63, 0x2e, 0x63, 0xec, 0x5a, 0x6a, 0x42, 0x6a, 0x42, 0x6a, 0x42, 0x6b, 0x42, 0x6b, 0x42, 0x6b, 0x4a,
        0x6a, 0x4a, 0x6f, 0x4b, 0x1c, 0x46, 0xfd, 0x45, 0xdc, 0x45, 0xee, 0x3a, 0x8c, 0x3a, 0xac, 0x3a, 0x8c, 0x42, 0x4a, 0x42,
        0x4a, 0x42, 0x4a, 0x42, 0x4a, 0x42, 0x4a, 0x42, 0x4a, 0x42, 0x4a, 0x42, 0x4a, 0x42, 0x49, 0x3a, 0x29, 0x3a, 0x29, 0x3a,
        0x29, 0x3a, 0x29, 0x3a, 0x4a, 0x3a, 0x4a, 0x42, 0x4a, 0x42, 0x4a, 0x42, 0x4a, 0x3a, 0x49, 0x3a, 0x08, 0x3a, 0xd7, 0x3c,
        0x7f, 0x2e, 0x7f, 0x2e, 0x75, 0x34, 0xe8, 0x39, 0x29, 0x3a, 0x08, 0x3a, 0xac, 0x32, 0xfe, 0x2d, 0x3f, 0x2e, 0xdc, 0x35,
        0x4a, 0x32, 0xe8, 0x39, 0x29, 0x3a, 0x29, 0x3a, 0xe8, 0x31, 0xc8, 0x31, 0xc8, 0x31, 0x87, 0x29, 0x67, 0x21, 0x67, 0x21,
        0xa8, 0x29, 0xa7, 0x29, 0x87, 0x29, 0x31, 0x2b, 0xb4, 0x23, 0xb4, 0x23, 0xd4, 0x23, 0xb5, 0x1b, 0x31, 0x1b, 0x52, 0x23,
        0x73, 0x23, 0x05, 0x09, 0x00, 0x00, 0x00, 0x00, 0xa2, 0x10, 0x56, 0xa6, 0x18, 0xb7, 0xf8, 0xae, 0xd7, 0xae, 0xd7, 0xae,
        0xd7, 0xae, 0xd7, 0xae, 0xd7, 0xae, 0xd7, 0xae, 0xd7, 0xae, 0xd7, 0xae, 0xd7, 0xae, 0xd7, 0xae, 0xd7, 0xae, 0xd7, 0xae,
        0xd7, 0xae, 0xd7, 0xae, 0xd7, 0xae, 0xd7, 0xae, 0xd7, 0xae, 0xd7, 0xae, 0xd7, 0xae, 0xd7, 0xae, 0xd7, 0xae, 0xd7, 0xae,
        0xd7, 0xae, 0xd7, 0xae, 0xd7, 0xae, 0xd7, 0xae, 0xd7, 0xae, 0xd7, 0xae, 0xd7, 0xae, 0xd7, 0xae, 0xd7, 0xae, 0xd7, 0xae,
        0xd7, 0xae, 0xd7, 0xae, 0xd7, 0xae, 0xd7, 0xae, 0xd7, 0xae, 0xd7, 0xae, 0xd7, 0xae, 0xd7, 0xae, 0xd7, 0xae, 0xd7, 0xae,
        0xd7, 0xae, 0xd7, 0xae, 0xd7, 0xae, 0xd7, 0xae, 0xd7, 0xae, 0xd7, 0xae, 0xd7, 0xae, 0xd7, 0xae, 0xd7, 0xae, 0xd7, 0xae,
        0xd7, 0xae, 0xd7, 0xae, 0xd7, 0xae, 0xd7, 0xae, 0xd7, 0xae, 0xd7, 0xae, 0xd7, 0xae, 0xd7, 0xae, 0xd7, 0xae, 0xd7, 0xae,
        0xd7, 0xae, 0xd7, 0xae, 0xd7, 0xae, 0xd7, 0xae, 0xd7, 0xae, 0xd7, 0xae, 0xd7, 0xae, 0xd7, 0xae, 0xd7, 0xae, 0xd7, 0xae,
        0xd7, 0xae, 0xd7, 0xae, 0xd7, 0xae, 0xd7, 0xae, 0xd7, 0xae, 0xd7, 0xae, 0xd7, 0xae, 0xd7, 0xae, 0xd7, 0xae, 0xd7, 0xae,
        0xd7, 0xae, 0xd7, 0xae, 0xd7, 0xae, 0xd7, 0xae, 0xd7, 0xae, 0xd7, 0xae, 0xd7, 0xae, 0xd7, 0xae, 0xd7, 0xae, 0xd7, 0xae,
        0xd7, 0xae, 0xd7, 0xae, 0xd7, 0xae, 0xd7, 0xae, 0xd7, 0xae, 0xd7, 0xae, 0xd7, 0xae, 0xd7, 0xae, 0xd7, 0xae, 0xd7, 0xae,
        0xd7, 0xae, 0xd7, 0xae, 0xd7, 0xae, 0xd7, 0xae, 0xd7, 0xae, 0xd7, 0xae, 0xd7, 0xae, 0xd7, 0xae, 0xd7, 0xae, 0xd7, 0xae,
        0xd7, 0xae, 0xd7, 0xae, 0xd7, 0xae, 0xd7, 0xae, 0xd7, 0xae, 0xd7, 0xae, 0xd7, 0xae, 0xd7, 0xae, 0xd7, 0xae, 0xd7, 0xae,
        0xd7, 0xae, 0xd7, 0xae, 0xd7, 0xae, 0xd7, 0xae, 0xd7, 0xae, 0xd7, 0xae, 0xd7, 0xae, 0xd7, 0xae, 0xd7, 0xa6, 0xd7, 0xa6,
        0xd7, 0xa6, 0xd6, 0xae, 0xc6, 0x29, 0x00, 0x00, 0x00, 0x00, 0x82, 0x08, 0x4a, 0x42, 0x4a, 0x42, 0x4a, 0x42, 0x4a, 0x42,
        0x4a, 0x42, 0x4a, 0x42, 0xc8, 0x29, 0x46, 0x19, 0x66, 0x21, 0x67, 0x21, 0x47, 0x21, 0xd7, 0x34, 0xdf, 0x3e, 0x9f, 0x3e,
        0xdf, 0x3e, 0xb1, 0x3b, 0x2a, 0x42, 0x4a, 0x3a, 0x4a, 0x3a, 0x4a, 0x42, 0x4a, 0x42, 0x4a, 0x42, 0x4a, 0x42, 0x4a, 0x42,
        0x4a, 0x42, 0x4a, 0x42, 0x4a, 0x42, 0x4a, 0x42, 0x4a, 0x42, 0x4a, 0x42, 0x4a, 0x42, 0x4a, 0x42, 0x4a, 0x42, 0x09, 0x3a,
        0x17, 0xc6, 0xfe, 0xff, 0xdc, 0xff, 0xdc, 0xff, 0x9c, 0xf7, 0x9c, 0xff, 0x9c, 0xff, 0x9c, 0xff, 0x9c, 0xff, 0x9c, 0xf7,
        0x9c, 0xff, 0x9c, 0xff, 0x9c, 0xf7, 0xfe, 0xff, 0xca, 0x5a, 0x00, 0x00, 0x00, 0x00, 0xc3, 0x10, 0x5c, 0xef, 0xfe, 0xff,
        0xde, 0xff, 0xde, 0xff, 0xfe, 0xff, 0x3b, 0xe7, 0xf0, 0x7b, 0xf0, 0x7b, 0xf0, 0x7b, 0xaf, 0x73, 0x4e, 0x63, 0x6e, 0x6b,
        0x4e, 0x63, 0x4e, 0x63, 0x4e, 0x63, 0x4e, 0x63, 0x4e, 0x63, 0x4e, 0x63, 0x4e, 0x63, 0xe9, 0x31, 0x67, 0x29, 0x88, 0x29,
        0x21, 0x00, 0x00, 0x00, 0x00, 0x00, 0xce, 0x7b, 0xff, 0xff, 0x9c, 0xf7, 0x9c, 0xff, 0x9c, 0xff, 0x9c, 0xff, 0x9c, 0xff,
        0x9c, 0xff, 0x9c, 0xff, 0x9c, 0xff, 0x9c, 0xff, 0x9c, 0xff, 0x9c, 0xff, 0x9c, 0xff, 0x9c, 0xff, 0x9c, 0xff, 0x9c, 0xff,
        0x9c, 0xff, 0x9c, 0xff, 0x9c, 0xff, 0x9c, 0xff, 0xbc, 0xff, 0xdc, 0xff, 0xdc, 0xff, 0xdd, 0xff, 0xfd, 0xff, 0xbd, 0xff,
        0xb3, 0x9c, 0x72, 0x8c, 0x72, 0x8c, 0xd0, 0x7b, 0x6a, 0x42, 0x4a, 0x42, 0x6a, 0x42, 0x6b, 0x42, 0x8b, 0x4a, 0x8b, 0x4a,
        0x8b, 0x4a, 0xab, 0x4a, 0x0e, 0x43, 0x0d, 0x43, 0x0e, 0x43, 0x5b, 0x35, 0xfe, 0x35, 0x1e, 0x36, 0x35, 0x3c, 0x08, 0x3a,
        0x29, 0x42, 0x49, 0x42, 0x4a, 0x42, 0x4a, 0x42, 0x4a, 0x42, 0x4a, 0x42, 0x4a, 0x42, 0x49, 0x42, 0x49, 0x3a, 0x49, 0x3a,
        0x49, 0x3a, 0x49, 0x3a, 0x4a, 0x3a, 0x4a, 0x42, 0x4a, 0x3a, 0x4a, 0x3a, 0x29, 0x3a, 0x29, 0x3a, 0xe8, 0x39, 0xb7, 0x34,
        0x5f, 0x2e, 0x5f, 0x2e, 0x14, 0x34, 0xc7, 0x31, 0x08, 0x32, 0xc7, 0x31, 0x8c, 0x32, 0xfe, 0x35, 0x3f, 0x2e, 0xdd, 0x35,
        0x6a, 0x3a, 0x08, 0x3a, 0x29, 0x3a, 0x29, 0x3a, 0x09, 0x3a, 0x09, 0x3a, 0x29, 0x3a, 0x26, 0x19, 0xc4, 0x10, 0xe4, 0x10,
        0x46, 0x21, 0x46, 0x21, 0x46, 0x21, 0x46, 0x21, 0x67, 0x29, 0x87, 0x29, 0x66, 0x31, 0xd5, 0x23, 0x7e, 0x1d, 0x5d, 0x1d,
        0x9f, 0x1d, 0xa9, 0x09, 0x00, 0x00, 0x00, 0x00, 0xa2, 0x10, 0x56, 0x9e, 0x18, 0xb7, 0xf8, 0xae, 0xd7, 0xae, 0xd7, 0xae,
        0xd7, 0xae, 0xd7, 0xae, 0xd7, 0xae, 0xd7, 0xae, 0xd7, 0xae, 0xd7, 0xae, 0xd7, 0xae, 0xd7, 0xae, 0xd7, 0xae, 0xd7, 0xae,
        0xd7, 0xae, 0xd7, 0xae, 0xd7, 0xae, 0xd7, 0xae, 0xd7, 0xae, 0xd7, 0xae, 0xd7, 0xae, 0xd7, 0xae, 0xd7, 0xae, 0xd7, 0xae,
        0xd7, 0xae, 0xd7, 0xae, 0xd7, 0xae, 0xd7, 0xae, 0xd7, 0xae, 0xd7, 0xae, 0xd7, 0xae, 0xd7, 0xae, 0xd7, 0xae, 0xd7, 0xae,
        0xd7, 0xae, 0xd7, 0xae, 0xd7, 0xae, 0xd7, 0xae, 0xd7, 0xae, 0xd7, 0xae, 0xd7, 0xae, 0xd7, 0xae, 0xd7, 0xae, 0xd7, 0xae,
        0xd7, 0xae, 0xd7, 0xae, 0xd7, 0xae, 0xd7, 0xae, 0xd7, 0xae, 0xd7, 0xae, 0xd7, 0xae, 0xd7, 0xae, 0xd7, 0xae, 0xd7, 0xae,
        0xd7, 0xae, 0xd7, 0xae, 0xd7, 0xae, 0xd7, 0xae, 0xd7, 0xae, 0xd7, 0xae, 0xd7, 0xae, 0xd7, 0xae, 0xd7, 0xae, 0xd7, 0xae,
        0xd7, 0xae, 0xd7, 0xae, 0xd7, 0xae, 0xd7, 0xae, 0xd7, 0xae, 0xd7, 0xae, 0xd7, 0xae, 0xd7, 0xae, 0xd7, 0xae, 0xd7, 0xae,
        0xd7, 0xae, 0xd7, 0xae, 0xd7, 0xae, 0xd7, 0xae, 0xd7, 0xae, 0xd7, 0xae, 0xd7, 0xae, 0xd7, 0xae, 0xd7, 0xae, 0xd7, 0xae,
        0xd7, 0xae, 0xd7, 0xae, 0xd7, 0xae, 0xd7, 0xae, 0xd7, 0xae, 0xd7, 0xae, 0xd7, 0xae, 0xd7, 0xae, 0xd7, 0xae, 0xd7, 0xae,
        0xd7, 0xae, 0xd7, 0xae, 0xd7, 0xae, 0xd7, 0xae, 0xd7, 0xae, 0xd7, 0xae, 0xd7, 0xae, 0xd7, 0xae, 0xd7, 0xae, 0xd7, 0xae,
        0xd7, 0xae, 0xd7, 0xae, 0xd7, 0xae, 0xd7, 0xae, 0xd7, 0xae, 0xd7, 0xae, 0xd7, 0xae, 0xd7, 0xae, 0xd7, 0xae, 0xd7, 0xae,
        0xd7, 0xae, 0xd7, 0xae, 0xd7, 0xae, 0xd7, 0xae, 0xd7, 0xae, 0xd7, 0xae, 0xd7, 0xae, 0xd7, 0xae, 0xd7, 0xae, 0xd7, 0xae,
        0xd7, 0xae, 0xd7, 0xae, 0xd7, 0xae, 0xd7, 0xae, 0xd7, 0xae, 0xd7, 0xae, 0xd7, 0xa6, 0xd7, 0xa6, 0xd7, 0xa6, 0xf7, 0xae,
        0xf7, 0xae, 0xf7, 0xae, 0xe6, 0x29, 0x00, 0x00, 0x00, 0x00, 0xa2, 0x10, 0x6b, 0x42, 0x4a, 0x42, 0x4a, 0x42, 0x6a, 0x42,
        0x4a, 0x42, 0x4a, 0x42, 0xa8, 0x29, 0x46, 0x19, 0x67, 0x21, 0x67, 0x21, 0x46, 0x21, 0x96, 0x34, 0x7f, 0x3e, 0x3e, 0x3e,
        0x7f, 0x46, 0xf2, 0x43, 0x49, 0x42, 0x6a, 0x42, 0x4a, 0x42, 0x4a, 0x42, 0x4a, 0x42, 0x4a, 0x42, 0x4a, 0x42, 0x4a, 0x42,
        0x4a, 0x42, 0x4a, 0x42, 0x4a, 0x42, 0x4a, 0x42, 0x4a, 0x42, 0x29, 0x3a, 0x29, 0x3a, 0x2a, 0x3a, 0x4a, 0x42, 0x29, 0x3a,
        0xf7, 0xc5, 0xfd, 0xff, 0x9c, 0xff, 0x9c, 0xff, 0x9c, 0xff, 0x9c, 0xff, 0x9c, 0xff, 0x9c, 0xff, 0x9c, 0xff, 0x9c, 0xff,
        0x9b, 0xff, 0x9c, 0xff, 0x9c, 0xf7, 0xfe, 0xff, 0x2b, 0x63, 0x00, 0x00, 0x00, 0x00, 0x04, 0x21, 0x1b, 0xe7, 0x9d, 0xf7,
        0x7d, 0xf7, 0x7d, 0xf7, 0x9d, 0xf7, 0xba, 0xde, 0xaf, 0x73, 0xaf, 0x73, 0xaf, 0x73, 0x6e, 0x6b, 0x2d, 0x5b, 0x4e, 0x63,
        0x4e, 0x63, 0x4e, 0x63, 0x2e, 0x63, 0x2e, 0x63, 0x2e, 0x63, 0x2e, 0x63, 0x2e, 0x63, 0xe9, 0x31, 0x88, 0x29, 0x88, 0x29,
        0x82, 0x08, 0x40, 0x08, 0x00, 0x00, 0x0f, 0x84, 0xff, 0xff, 0x9c, 0xf7, 0x9c, 0xff, 0x9c, 0xff, 0x9c, 0xff, 0x9c, 0xff,
        0x9c, 0xff, 0x9c, 0xff, 0x9c, 0xff, 0x9c, 0xff, 0xbc, 0xff, 0xbc, 0xff, 0x9c, 0xff, 0x9c, 0xff, 0x9c, 0xff, 0x9c, 0xff,
        0x9c, 0xff, 0x9c, 0xff, 0x9c, 0xff, 0x9c, 0xff, 0x9c, 0xff, 0x9c, 0xf7, 0x9c, 0xf7, 0x9c, 0xf7, 0xbc, 0xff, 0x7c, 0xf7,
        0x93, 0x94, 0x31, 0x8c, 0x32, 0x8c, 0xb0, 0x73, 0x4a, 0x42, 0x4a, 0x42, 0x6a, 0x42, 0x8b, 0x4a, 0x8b, 0x4a, 0x8b, 0x4a,
        0x8b, 0x4a, 0x8b, 0x4a, 0x8b, 0x42, 0x6a, 0x42, 0xac, 0x42, 0xbc, 0x35, 0x3f, 0x2e, 0x3f, 0x2e, 0x55, 0x34, 0xe8, 0x39,
        0x09, 0x3a, 0x29, 0x3a, 0x29, 0x3a, 0x49, 0x42, 0x4a, 0x42, 0x4a, 0x42, 0x49, 0x42, 0x29, 0x42, 0x29, 0x42, 0x29, 0x42,
        0x29, 0x42, 0x29, 0x42, 0x49, 0x42, 0x4a, 0x3a, 0x4a, 0x3a, 0x4a, 0x3a, 0x29, 0x3a, 0x29, 0x3a, 0xe8, 0x39, 0xd7, 0x3c,
        0x5f, 0x2e, 0x5f, 0x2e, 0x76, 0x2c, 0x8b, 0x32, 0xac, 0x32, 0x8b, 0x32, 0x2f, 0x3b, 0xfe, 0x35, 0x3f, 0x36, 0xdd, 0x3d,
        0x8b, 0x3a, 0x29, 0x3a, 0x49, 0x3a, 0x29, 0x3a, 0x09, 0x3a, 0x09, 0x3a, 0x09, 0x3a, 0x05, 0x19, 0xc4, 0x10, 0xc4, 0x10,
        0x26, 0x21, 0x46, 0x21, 0x66, 0x21, 0x87, 0x29, 0xa8, 0x29, 0xc8, 0x31, 0xa8, 0x31, 0xd5, 0x2b, 0x3d, 0x1d, 0x1c, 0x1d,
        0x3d, 0x1d, 0x68, 0x09, 0x00, 0x00, 0x00, 0x00, 0xa2, 0x08, 0x35, 0x9e, 0xf8, 0xae, 0xd7, 0xae, 0xd7, 0xae, 0xd7, 0xae,
        0xd7, 0xae, 0xd7, 0xae, 0xd7, 0xae, 0xd7, 0xae, 0xd7, 0xae, 0xd7, 0xae, 0xd7, 0xae, 0xd7, 0xae, 0xd7, 0xae, 0xd7, 0xae,
        0xd7, 0xae, 0xd7, 0xae, 0xd7, 0xae, 0xd7, 0xae, 0xd7, 0xae, 0xd7, 0xae, 0xd7, 0xae, 0xd7, 0xae, 0xd7, 0xae, 0xd7, 0xae,
        0xd7, 0xae, 0xd7, 0xae, 0xd7, 0xae, 0xd7, 0xae, 0xd7, 0xae, 0xd7, 0xae, 0xd7, 0xae, 0xd7, 0xae, 0xd7, 0xae, 0xd7, 0xae,
        0xd7, 0xae, 0xd7, 0xae, 0xd7, 0xae, 0xd7, 0xae, 0xd7, 0xae, 0xd7, 0xae, 0xd7, 0xae, 0xd7, 0xae, 0xd7, 0xae, 0xd7, 0xae,
        0xd7, 0xae, 0xd7, 0xae, 0xd7, 0xae, 0xd7, 0xae, 0xd7, 0xae, 0xd7, 0xae, 0xd7, 0xae, 0xd7, 0xae, 0xd7, 0xae, 0xd7, 0xae,
        0xd7, 0xae, 0xd7, 0xae, 0xd7, 0xae, 0xd7, 0xae, 0xd7, 0xae, 0xd7, 0xae, 0xd7, 0xae, 0xd7, 0xae, 0xd7, 0xae, 0xd7, 0xae,
        0xd7, 0xae, 0xd7, 0xae, 0xd7, 0xae, 0xd7, 0xae, 0xd7, 0xae, 0xd7, 0xae, 0xd7, 0xae, 0xd7, 0xae, 0xd7, 0xae, 0xd7, 0xae,
        0xd7, 0xae, 0xd7, 0xae, 0xd7, 0xae, 0xd7, 0xae, 0xd7, 0xae, 0xd7, 0xae, 0xd7, 0xae, 0xd7, 0xae, 0xd7, 0xae, 0xd7, 0xae,
        0xd7, 0xae, 0xd7, 0xae, 0xd7, 0xae, 0xd7, 0xae, 0xd7, 0xae, 0xd7, 0xae, 0xd7, 0xa6, 0xd7, 0xae, 0xd7, 0xae, 0xd7, 0xae,
        0xd7, 0xae, 0xd7, 0xae, 0xd7, 0xae, 0xd7, 0xae, 0xd7, 0xae, 0xd7, 0xae, 0xd7, 0xae, 0xd7, 0xae, 0xd7, 0xae, 0xd7, 0xae,
        0xd7, 0xae, 0xd7, 0xae, 0xd7, 0xae, 0xd7, 0xae, 0xd7, 0xae, 0xd7, 0xae, 0xd7, 0xae, 0xd7, 0xae, 0xd7, 0xae, 0xd7, 0xae,
        0xd7, 0xae, 0xd7, 0xae, 0xd7, 0xae, 0xd7, 0xae, 0xd7, 0xae, 0xd7, 0xae, 0xd7, 0xae, 0xd7, 0xae, 0xd7, 0xae, 0xd7, 0xae,
        0xd7, 0xae, 0xd7, 0xae, 0xd7, 0xae, 0xd7, 0xae, 0xd7, 0xae, 0xd7, 0xae, 0xd7, 0xa6, 0xd7, 0xa6, 0x55, 0x9e, 0xd3, 0x8d,
        0xf4, 0x95, 0xf4, 0x95, 0xa5, 0x29, 0x00, 0x00, 0x20, 0x00, 0xc3, 0x10, 0xab, 0x4a, 0x8b, 0x4a, 0x6b, 0x42, 0x6b, 0x42,
        0x6a, 0x42, 0x4a, 0x42, 0xc8, 0x29, 0x26, 0x19, 0x26, 0x21, 0x26, 0x21, 0xe4, 0x20, 0x34, 0x34, 0xbf, 0x36, 0x5f, 0x3e,
        0x9f, 0x46, 0x13, 0x44, 0x49, 0x42, 0x6a, 0x42, 0x6a, 0x42, 0x4a, 0x42, 0x4a, 0x42, 0x4a, 0x42, 0x4a, 0x42, 0x4a, 0x42,
        0x4a, 0x42, 0x4a, 0x42, 0x4a, 0x42, 0x4a, 0x42, 0x4a, 0x42, 0x29, 0x3a, 0x29, 0x3a, 0xe8, 0x31, 0x09, 0x3a, 0xe8, 0x31,
        0xf7, 0xc5, 0xfe, 0xff, 0xbd, 0xff, 0x9c, 0xff, 0x9c, 0xff, 0x9c, 0xff, 0x9c, 0xff, 0x9c, 0xf7, 0x9c, 0xff, 0x9c, 0xff,
        0x9c, 0xff, 0x9c, 0xff, 0x9c, 0xf7, 0xfe, 0xff, 0x0b, 0x63, 0x00, 0x00, 0x00, 0x00, 0x04, 0x21, 0x7d, 0xef, 0xff, 0xff,
        0xff, 0xff, 0xff, 0xff, 0xfe, 0xff, 0x3b, 0xe7, 0xf0, 0x7b, 0xd0, 0x7b, 0xf0, 0x7b, 0x8f, 0x6b, 0x4e, 0x63, 0x4e, 0x63,
        0x6e, 0x6b, 0x6e, 0x6b, 0x6e, 0x6b, 0x6e, 0x6b, 0x6e, 0x6b, 0x6e, 0x6b, 0x6e, 0x6b, 0x0a, 0x3a, 0xa8, 0x29, 0xa8, 0x29,
        0x81, 0x10, 0x40, 0x08, 0x00, 0x00, 0xef, 0x83, 0xfe, 0xff, 0x9c, 0xf7, 0x9b, 0xff, 0x9c, 0xff, 0x9c, 0xff, 0x9c, 0xff,
        0x9c, 0xff, 0x9c, 0xff, 0x9c, 0xff, 0x9c, 0xff, 0x9c, 0xff, 0x9c, 0xff, 0x9c, 0xff, 0x9c, 0xff, 0x9c, 0xff, 0x9c, 0xff,
        0x9c, 0xff, 0x9c, 0xff, 0x9c, 0xff, 0x9c, 0xff, 0x9c, 0xff, 0x9c, 0xff, 0x9c, 0xff, 0x9c, 0xff, 0xbc, 0xff, 0x7c, 0xf7,
        0x93, 0x94, 0x31, 0x8c, 0x52, 0x8c, 0xd0, 0x7b, 0x6b, 0x4a, 0x4a, 0x42, 0x6b, 0x42, 0x8b, 0x4a, 0x8b, 0x4a, 0x8b, 0x4a,
        0x8b, 0x4a, 0x8b, 0x4a, 0x8b, 0x42, 0x6a, 0x42, 0x8b, 0x42, 0x9b, 0x35, 0x5f, 0x2e, 0x5f, 0x2e, 0x76, 0x34, 0x6b, 0x3a,
        0xac, 0x3a, 0xcd, 0x42, 0xed, 0x42, 0x0e, 0x43, 0x0e, 0x43, 0x0e, 0x43, 0x0e, 0x43, 0x0e, 0x43, 0x0e, 0x43, 0x0e, 0x43,
        0x0e, 0x43, 0x0e, 0x43, 0xac, 0x3a, 0x4a, 0x3a, 0x29, 0x3a, 0x29, 0x3a, 0x29, 0x3a, 0x29, 0x3a, 0xe8, 0x39, 0x54, 0x3c,
        0x9b, 0x35, 0x5a, 0x35, 0xdd, 0x2d, 0xfd, 0x2d, 0xdd, 0x35, 0xfd, 0x35, 0xfe, 0x35, 0x3f, 0x36, 0x5f, 0x3e, 0xfd, 0x45,
        0x6b, 0x3a, 0xe8, 0x39, 0x09, 0x42, 0x09, 0x3a, 0x09, 0x3a, 0xe8, 0x39, 0xe8, 0x39, 0xe4, 0x10, 0xa3, 0x08, 0xa4, 0x10,
        0x46, 0x21, 0x67, 0x21, 0x87, 0x29, 0xa8, 0x29, 0xc9, 0x29, 0xc9, 0x31, 0xa8, 0x31, 0xd5, 0x2b, 0x5e, 0x1d, 0x3d, 0x1d,
        0x1d, 0x25, 0x26, 0x09, 0x00, 0x00, 0x00, 0x00, 0x60, 0x08, 0x56, 0x9e, 0x39, 0xb7, 0x18, 0xaf, 0x18, 0xaf, 0xd7, 0xae,
        0xd7, 0xae, 0xd7, 0xae, 0xd7, 0xae, 0xd7, 0xae, 0xd7, 0xae, 0xd7, 0xae, 0xd7, 0xae, 0xd7, 0xae, 0xd7, 0xae, 0xd7, 0xae,
        0xd7, 0xae, 0xd7, 0xae, 0xd7, 0xae, 0xd7, 0xae, 0xd7, 0xae, 0xd7, 0xae, 0xd7, 0xae, 0xd7, 0xae, 0xd7, 0xae, 0xd7, 0xae,
        0xd7, 0xae, 0xd7, 0xae, 0xd7, 0xae, 0xd7, 0xae, 0xd7, 0xae, 0xd7, 0xae, 0xd7, 0xae, 0xd7, 0xae, 0xd7, 0xae, 0xd7, 0xae,
        0xd7, 0xae, 0xd7, 0xae, 0xd7, 0xae, 0xd7, 0xae, 0xd7, 0xae, 0xd7, 0xae, 0xd7, 0xae, 0xd7, 0xae, 0xd7, 0xae, 0xd7, 0xae,
        0xd7, 0xae, 0xd7, 0xae, 0xd7, 0xae, 0xd7, 0xae, 0xd7, 0xae, 0xd7, 0xae, 0xd7, 0xae, 0xd7, 0xae, 0xd7, 0xae, 0xd7, 0xae,
        0xd7, 0xae, 0xd7, 0xae, 0xd7, 0xae, 0xd7, 0xae, 0xd7, 0xae, 0xd7, 0xae, 0xd7, 0xae, 0xd7, 0xae, 0xd7, 0xae, 0xd7, 0xae,
        0xd7, 0xae, 0xd7, 0xae, 0xd7, 0xae, 0xd7, 0xae, 0xd7, 0xae, 0xd7, 0xae, 0xd7, 0xae, 0xd7, 0xae, 0xd7, 0xae, 0xd7, 0xae,
        0xd7, 0xae, 0xd7, 0xae, 0xd7, 0xae, 0xd7, 0xae, 0xd7, 0xae, 0xd7, 0xae, 0xd7, 0xae, 0xd7, 0xae, 0xd7, 0xa6, 0xd7, 0xae,
        0xd7, 0xae, 0xd7, 0xae, 0xd7, 0xae, 0xd7, 0xae, 0xd7, 0xae, 0xd7, 0xae, 0xd7, 0xae, 0xd7, 0xae, 0xd7, 0xae, 0xd7, 0xae,
        0xd7, 0xae, 0xd7, 0xae, 0xd7, 0xae, 0xd7, 0xae, 0xd7, 0xae, 0xd7, 0xae, 0xd7, 0xae, 0xd7, 0xae, 0xd7, 0xae, 0xd7, 0xae,
        0xd7, 0xae, 0xd7, 0xae, 0xd7, 0xae, 0xd7, 0xae, 0xd7, 0xae, 0xd7, 0xae, 0xd7, 0xae, 0xd7, 0xae, 0xd7, 0xae, 0xd7, 0xae,
        0xd7, 0xae, 0xd7, 0xae, 0xd7, 0xae, 0xd7, 0xae, 0xd7, 0xae, 0xd7, 0xae, 0xd7, 0xae, 0xd7, 0xae, 0xd7, 0xae, 0xd7, 0xae,
        0xd7, 0xae, 0xd7, 0xae, 0xd7, 0xae, 0xd7, 0xae, 0xd7, 0xae, 0xd7, 0xae, 0xd7, 0xae, 0x38, 0xb7, 0x6b, 0x53, 0x61, 0x08,
        0xc2, 0x10, 0xa2, 0x08, 0x66, 0x29, 0xe8, 0x39, 0xe8, 0x39, 0xe8, 0x39, 0x09, 0x3a, 0x09, 0x32, 0x09, 0x3a, 0xa7, 0x29,
        0xe4, 0x18, 0xe4, 0x10, 0xa3, 0x10, 0xc4, 0x08, 0xd4, 0x23, 0x15, 0x24, 0x14, 0x2c, 0xb7, 0x2c, 0x96, 0x34, 0x34, 0x34,
        0x34, 0x3c, 0x2e, 0x43, 0x4a, 0x42, 0x6a, 0x42, 0x4a, 0x42, 0x4a, 0x42, 0x4a, 0x42, 0x4a, 0x42, 0x4a, 0x42, 0x4a, 0x3a,
        0x4a, 0x3a, 0x4a, 0x3a, 0x4a, 0x42, 0x4a, 0x42, 0x4a, 0x42, 0x09, 0x3a, 0xcc, 0x52, 0x95, 0xb5, 0xb5, 0xbd, 0xd6, 0xbd,
        0x1b, 0xef, 0xdd, 0xff, 0xbc, 0xff, 0x9c, 0xff, 0x9c, 0xff, 0x9c, 0xff, 0x9c, 0xff, 0x9c, 0xff, 0x9c, 0xff, 0x9c, 0xff,
        0x9c, 0xff, 0x9c, 0xff, 0x9c, 0xf7, 0xdd, 0xff, 0x0b, 0x63, 0x00, 0x00, 0x00, 0x00, 0x82, 0x10, 0x6d, 0x6b, 0xae, 0x73,
        0xce, 0x7b, 0xce, 0x7b, 0xcf, 0x7b, 0x8d, 0x73, 0xe8, 0x39, 0xc7, 0x39, 0xc7, 0x39, 0xa7, 0x31, 0x87, 0x31, 0xa7, 0x31,
        0xc7, 0x31, 0xc8, 0x39, 0xe8, 0x39, 0xe8, 0x39, 0xe8, 0x39, 0xe8, 0x39, 0xe8, 0x39, 0x05, 0x19, 0xe4, 0x10, 0xe4, 0x18,
        0x41, 0x08, 0x20, 0x00, 0x00, 0x00, 0xee, 0x83, 0xfd, 0xff, 0x7b, 0xf7, 0x9b, 0xff, 0x9c, 0xff, 0x9c, 0xff, 0x9c, 0xff,
        0xbc, 0xff, 0xbc, 0xff, 0x9c, 0xff, 0x9c, 0xff, 0x9c, 0xff, 0x9c, 0xff, 0x9c, 0xff, 0x9c, 0xff, 0x9c, 0xff, 0x9c, 0xff,
        0x9c, 0xff, 0x9c, 0xff, 0x9c, 0xff, 0x9c, 0xff, 0x9c, 0xff, 0x9c, 0xff, 0xbc, 0xff, 0x9c, 0xff, 0x9c, 0xff, 0x9c, 0xf7,
        0x1a, 0xe7, 0xfa, 0xe6, 0xfa, 0xe6, 0xd9, 0xe6, 0xb9, 0xde, 0xd3, 0x9c, 0xf1, 0x7b, 0x31, 0x84, 0x4e, 0x63, 0x8b, 0x42,
        0x8b, 0x4a, 0x8b, 0x4a, 0x6b, 0x42, 0x6a, 0x42, 0x4a, 0x42, 0x0f, 0x3b, 0x70, 0x3b, 0x4f, 0x3b, 0xb6, 0x3c, 0x1d, 0x3e,
        0x1d, 0x3e, 0x3e, 0x46, 0x5e, 0x46, 0x5e, 0x3e, 0x5e, 0x3e, 0x5e, 0x46, 0x5e, 0x46, 0x5e, 0x4e, 0x5e, 0x4e, 0x5e, 0x4e,
        0x5e, 0x46, 0x7f, 0x46, 0x76, 0x3c, 0x08, 0x3a, 0x29, 0x3a, 0x29, 0x3a, 0x29, 0x3a, 0x29, 0x3a, 0x29, 0x3a, 0x29, 0x3a,
        0x4a, 0x3a, 0x29, 0x3a, 0x3a, 0x35, 0x5f, 0x2e, 0x3f, 0x2e, 0x3f, 0x2e, 0x1e, 0x36, 0x19, 0x3d, 0x19, 0x45, 0xb8, 0x44,
        0x15, 0x3c, 0x14, 0x3c, 0x15, 0x3c, 0x71, 0x3b, 0xc8, 0x31, 0xe8, 0x31, 0xc8, 0x31, 0x46, 0x21, 0x25, 0x19, 0x05, 0x19,
        0x83, 0x10, 0xa3, 0x10, 0xa3, 0x10, 0x05, 0x19, 0x88, 0x21, 0x87, 0x21, 0x46, 0x21, 0x4d, 0x22, 0x31, 0x1b, 0x11, 0x1b,
        0x10, 0x1b, 0x2d, 0x0a, 0xeb, 0x09, 0xeb, 0x09, 0xa9, 0x11, 0x88, 0x3a, 0xc9, 0x42, 0xe9, 0x42, 0xe9, 0x42, 0xd4, 0x95,
        0xf8, 0xae, 0xd7, 0xae, 0xd7, 0xae, 0xd7, 0xae, 0xd7, 0xae, 0xd7, 0xae, 0xd7, 0xae, 0xd7, 0xae, 0xd7, 0xae, 0xd7, 0xae,
        0xd7, 0xae, 0xd7, 0xae, 0xd7, 0xae, 0xd7, 0xae, 0xd7, 0xae, 0xd7, 0xae, 0xd7, 0xae, 0xd7, 0xae, 0xd7, 0xae, 0xd7, 0xae,
        0xd7, 0xae, 0xd7, 0xae, 0xd7, 0xae, 0xd7, 0xae, 0xd7, 0xae, 0xd7, 0xae, 0xd7, 0xae, 0xd7, 0xae, 0xd7, 0xae, 0xd7, 0xae,
        0xd7, 0xae, 0xd7, 0xae, 0xd7, 0xae, 0xd7, 0xae, 0xd7, 0xae, 0xd7, 0xae, 0xd7, 0xae, 0xd7, 0xae, 0xd7, 0xae, 0xd7, 0xae,
        0xd7, 0xae, 0xd7, 0xae, 0xd7, 0xae, 0xd7, 0xae, 0xd7, 0xae, 0xd7, 0xae, 0xd7, 0xae, 0xd7, 0xae, 0xd7, 0xae, 0xd7, 0xae,
        0xd7, 0xae, 0xd7, 0xae, 0xd7, 0xae, 0xd7, 0xae, 0xd7, 0xae, 0xd7, 0xae, 0xd7, 0xae, 0xd7, 0xae, 0xd7, 0xae, 0xd7, 0xae,
        0xd7, 0xae, 0xd7, 0xae, 0xd7, 0xae, 0xd7, 0xae, 0xd7, 0xae, 0xd7, 0xae, 0xd7, 0xae, 0xd7, 0xae, 0xd7, 0xae, 0xd7, 0xae,
        0xd7, 0xae, 0xd7, 0xae, 0xd7, 0xae, 0xd7, 0xae, 0xd7, 0xae, 0xd7, 0xae, 0xd7, 0xae, 0xd7, 0xae, 0xd7, 0xae, 0xd7, 0xae,
        0xd7, 0xae, 0xd7, 0xae, 0xd7, 0xae, 0xd7, 0xae, 0xd7, 0xae, 0xd7, 0xae, 0xd7, 0xae, 0xd7, 0xae, 0xd7, 0xae, 0xd7, 0xae,
        0xd7, 0xae, 0xd7, 0xae, 0xd7, 0xae, 0xd7, 0xae, 0xd7, 0xae, 0xd7, 0xae, 0xd7, 0xae, 0xd7, 0xae, 0xd7, 0xae, 0xd7, 0xae,
        0xd7, 0xae, 0xd7, 0xae, 0xd7, 0xae, 0xd7, 0xae, 0xd7, 0xae, 0xd7, 0xae, 0xd7, 0xae, 0xd7, 0xae, 0xd7, 0xae, 0xd7, 0xae,
        0xd7, 0xae, 0xd7, 0xae, 0xd7, 0xae, 0xd7, 0xae, 0xd7, 0xae, 0xd7, 0xae, 0xd7, 0xae, 0xd7, 0xae, 0xd7, 0xae, 0xd7, 0xae,
        0xd7, 0xae, 0xf7, 0xae, 0xd7, 0xae, 0xd7, 0xae, 0xd7, 0xae, 0xf7, 0xae, 0xd7, 0xae, 0x59, 0xb7, 0x2b, 0x53, 0x00, 0x00,
        0x00, 0x00, 0x00, 0x00, 0xa7, 0x31, 0xac, 0x4a, 0x8b, 0x4a, 0x6b, 0x42, 0x88, 0x29, 0x88, 0x29, 0xa8, 0x31, 0x05, 0x19,
        0x00, 0x00, 0x00, 0x00, 0x00, 0x00, 0xa3, 0x00, 0x7c, 0x25, 0xff, 0x2d, 0x3f, 0x2e, 0x3a, 0x35, 0x8c, 0x32, 0x2a, 0x3a,
        0xe8, 0x39, 0x29, 0x3a, 0x4a, 0x42, 0x4a, 0x42, 0x4a, 0x42, 0x4a, 0x42, 0x4a, 0x42, 0x4a, 0x42, 0x4a, 0x42, 0x4a, 0x42,
        0x4a, 0x42, 0x4a, 0x42, 0x4a, 0x42, 0x4a, 0x42, 0x4a, 0x42, 0x09, 0x3a, 0x6d, 0x6b, 0xfd, 0xff, 0xdc, 0xff, 0xdd, 0xff,
        0xbc, 0xff, 0x9c, 0xff, 0x9c, 0xff, 0x9c, 0xff, 0x9c, 0xff, 0x9c, 0xff, 0x9c, 0xff, 0x9c, 0xff, 0x9c, 0xff, 0x9c, 0xff,
        0x9c, 0xff, 0x9c, 0xff, 0x9c, 0xff, 0xdd, 0xff, 0xeb, 0x5a, 0x00, 0x00, 0x00, 0x00, 0x00, 0x00, 0x00, 0x00, 0x00, 0x00,
        0x00, 0x00, 0x00, 0x00, 0x00, 0x00, 0x00, 0x00, 0x00, 0x00, 0x00, 0x00, 0x00, 0x00, 0x00, 0x00, 0x00, 0x00, 0x00, 0x00,
        0x00, 0x00, 0x00, 0x00, 0x00, 0x00, 0x00, 0x00, 0x00, 0x00, 0x00, 0x00, 0x00, 0x00, 0x00, 0x00, 0x00, 0x00, 0x00, 0x00,
        0x00, 0x00, 0x00, 0x00, 0x00, 0x00, 0xee, 0x83, 0xfd, 0xff, 0x7b, 0xf7, 0x9c, 0xff, 0x9c, 0xff, 0x9c, 0xff, 0x9c, 0xff,
        0xbc, 0xff, 0x9c, 0xff, 0x9c, 0xff, 0xbc, 0xff, 0x9c, 0xff, 0x9c, 0xff, 0x9c, 0xff, 0x9c, 0xff, 0x9c, 0xff, 0x9c, 0xff,
        0x9c, 0xff, 0x9c, 0xff, 0x9c, 0xff, 0x9c, 0xff, 0xbc, 0xff, 0x9c, 0xff, 0x9c, 0xff, 0x9c, 0xff, 0x9c, 0xff, 0x9c, 0xff,
        0xbc, 0xff, 0xbc, 0xff, 0xbc, 0xff, 0xbc, 0xff, 0xfd, 0xff, 0xb6, 0xbd, 0xb3, 0x9c, 0xf4, 0xa4, 0x8f, 0x6b, 0x6b, 0x42,
        0x8b, 0x4a, 0x8b, 0x4a, 0x6b, 0x42, 0x6b, 0x42, 0x6a, 0x42, 0x29, 0x42, 0x29, 0x42, 0xe7, 0x41, 0x13, 0x44, 0x7f, 0x36,
        0x5f, 0x3e, 0x5f, 0x46, 0x5f, 0x46, 0x7f, 0x46, 0x5f, 0x3e, 0x5f, 0x3e, 0x5f, 0x46, 0x7f, 0x4e, 0x7f, 0x4e, 0x7f, 0x4e,
        0x7f, 0x46, 0x9f, 0x46, 0x76, 0x3c, 0xe8, 0x39, 0x29, 0x3a, 0x29, 0x3a, 0x29, 0x3a, 0x29, 0x3a, 0x29, 0x3a, 0x29, 0x3a,
        0x29, 0x3a, 0x09, 0x3a, 0xf8, 0x34, 0xfd, 0x35, 0xfd, 0x35, 0x1d, 0x3e, 0xbc, 0x3d, 0x93, 0x43, 0x71, 0x43, 0x71, 0x43,
        0xdd, 0x35, 0x5f, 0x36, 0x7f, 0x36, 0x97, 0x34, 0xa7, 0x31, 0xc8, 0x31, 0xc8, 0x31, 0x87, 0x29, 0x87, 0x29, 0x66, 0x21,
        0x20, 0x00, 0x00, 0x00, 0x00, 0x00, 0x62, 0x08, 0x46, 0x19, 0x26, 0x19, 0x05, 0x19, 0xe4, 0x18, 0xe4, 0x18, 0xc4, 0x18,
        0xc4, 0x18, 0x95, 0x13, 0x39, 0x14, 0x39, 0x14, 0x75, 0x13, 0x00, 0x00, 0x00, 0x00, 0x00, 0x00, 0x00, 0x00, 0xf1, 0x7c,
        0x18, 0xb7, 0xd7, 0xae, 0xd7, 0xae, 0xd7, 0xae, 0xd7, 0xae, 0xd7, 0xae, 0xd7, 0xae, 0xd7, 0xae, 0xd7, 0xae, 0xd7, 0xae,
        0xd7, 0xae, 0xd7, 0xae, 0xd7, 0xae, 0xd7, 0xae, 0xd7, 0xae, 0xd7, 0xae, 0xd7, 0xae, 0xd7, 0xae, 0xd7, 0xae, 0xd7, 0xae,
        0xd7, 0xae, 0xd7, 0xae, 0xd7, 0xae, 0xd7, 0xae, 0xd7, 0xae, 0xd7, 0xae, 0xd7, 0xae, 0xd7, 0xae, 0xd7, 0xae, 0xd7, 0xae,
        0xd7, 0xae, 0xd7, 0xae, 0xd7, 0xae, 0xd7, 0xae, 0xd7, 0xae, 0xd7, 0xae, 0xd7, 0xae, 0xd7, 0xae, 0xd7, 0xae, 0xd7, 0xae,
        0xd7, 0xae, 0xd7, 0xae, 0xd7, 0xae, 0xd7, 0xae, 0xd7, 0xae, 0xd7, 0xae, 0xd7, 0xae, 0xd7, 0xae, 0xd7, 0xae, 0xd7, 0xae,
        0xd7, 0xae, 0xd7, 0xae, 0xd7, 0xae, 0xd7, 0xae, 0xd7, 0xae, 0xd7, 0xae, 0xd7, 0xae, 0xd7, 0xae, 0xd7, 0xae, 0xd7, 0xae,
        0xd7, 0xae, 0xd7, 0xae, 0xd7, 0xae, 0xd7, 0xae, 0xd7, 0xae, 0xd7, 0xae, 0xd7, 0xae, 0xd7, 0xae, 0xd7, 0xae, 0xd7, 0xae,
        0xd7, 0xae, 0xd7, 0xae, 0xd7, 0xae, 0xd7, 0xae, 0xd7, 0xae, 0xd7, 0xae, 0xd7, 0xae, 0xd7, 0xae, 0xd7, 0xae, 0xd7, 0xa6,
        0xd7, 0xae, 0xd7, 0xae, 0xd7, 0xae, 0xd7, 0xa6, 0xd7, 0xae, 0xd7, 0xae, 0xd7, 0xae, 0xb7, 0xae, 0xd7, 0xa6, 0xd7, 0xae,
        0xd7, 0xae, 0xd7, 0xae, 0xd7, 0xae, 0xd7, 0xae, 0xd7, 0xae, 0xd7, 0xae, 0xd7, 0xae, 0xd7, 0xae, 0xd7, 0xae, 0xd7, 0xae,
        0xd7, 0xae, 0xd7, 0xae, 0xd7, 0xae, 0xd7, 0xae, 0xd7, 0xae, 0xd7, 0xae, 0xd7, 0xae, 0xd7, 0xae, 0xd7, 0xae, 0xd7, 0xae,
        0xd7, 0xae, 0xd7, 0xae, 0xd7, 0xae, 0xd7, 0xae, 0xd7, 0xae, 0xd7, 0xae, 0xd7, 0xae, 0xd7, 0xae, 0xd7, 0xae, 0xd7, 0xae,
        0xd7, 0xae, 0xd7, 0xae, 0xd7, 0xae, 0xd7, 0xae, 0xd7, 0xae, 0xd7, 0xae, 0xd8, 0xae, 0x59, 0xbf, 0x6b, 0x53, 0x00, 0x00,
        0x20, 0x00, 0x00, 0x00, 0x86, 0x29, 0x4a, 0x42, 0x4a, 0x42, 0x4a, 0x3a, 0x88, 0x29, 0xa8, 0x29, 0xa8, 0x31, 0x05, 0x21,
        0x00, 0x00, 0x00, 0x00, 0x00, 0x00, 0xa4, 0x08, 0x5c, 0x25, 0xbd, 0x2d, 0xfe, 0x35, 0x3b, 0x35, 0x0f, 0x33, 0x6b, 0x3a,
        0x29, 0x3a, 0x29, 0x3a, 0x4a, 0x3a, 0x4a, 0x42, 0x4a, 0x42, 0x4a, 0x42, 0x4a, 0x42, 0x4a, 0x42, 0x4a, 0x42, 0x4a, 0x42,
        0x4a, 0x42, 0x4a, 0x42, 0x4a, 0x42, 0x4a, 0x42, 0x4a, 0x42, 0x09, 0x3a, 0x6e, 0x6b, 0xbc, 0xff, 0x9b, 0xff, 0x9c, 0xff,
        0x9c, 0xff, 0x9c, 0xff, 0x9c, 0xff, 0x9c, 0xff, 0x9c, 0xff, 0x9c, 0xff, 0x9c, 0xff, 0x9c, 0xff, 0x9c, 0xff, 0x9c, 0xff,
        0xbc, 0xff, 0xbc, 0xff, 0x9c, 0xff, 0xdd, 0xff, 0xeb, 0x5a, 0x00, 0x00, 0x00, 0x00, 0x00, 0x00, 0x00, 0x00, 0x00, 0x00,
        0x00, 0x00, 0x00, 0x00, 0x00, 0x00, 0x00, 0x00, 0x00, 0x00, 0x00, 0x00, 0x00, 0x00, 0x00, 0x00, 0x00, 0x00, 0x00, 0x00,
        0x00, 0x00, 0x00, 0x00, 0x00, 0x00, 0x00, 0x00, 0x00, 0x00, 0x00, 0x00, 0x00, 0x00, 0x00, 0x00, 0x00, 0x00, 0x00, 0x00,
        0x00, 0x00, 0x20, 0x00, 0x00, 0x00, 0x0f, 0x84, 0xfe, 0xff, 0x9c, 0xf7, 0x9c, 0xff, 0xbc, 0xff, 0x9c, 0xff, 0x9c, 0xff,
        0xbc, 0xff, 0x9c, 0xff, 0x9c, 0xff, 0x9c, 0xff, 0x9c, 0xff, 0x9c, 0xff, 0x9c, 0xff, 0x9c, 0xff, 0x9c, 0xff, 0x9c, 0xff,
        0x9c, 0xff, 0x9c, 0xff, 0x9c, 0xff, 0x9c, 0xff, 0x9c, 0xff, 0x9c, 0xff, 0x9c, 0xff, 0x9c, 0xff, 0x9c, 0xff, 0x9c, 0xff,
        0x9c, 0xf7, 0x9c, 0xf7, 0x9c, 0xff, 0xbc, 0xff, 0xdd, 0xff, 0x96, 0xb5, 0x93, 0x94, 0xd3, 0x9c, 0x8f, 0x6b, 0x6a, 0x42,
        0x6b, 0x42, 0x6a, 0x42, 0x6b, 0x42, 0x6a, 0x42, 0x6a, 0x42, 0x6a, 0x42, 0x6a, 0x42, 0x29, 0x42, 0x34, 0x44, 0x9f, 0x46,
        0x7f, 0x46, 0x7f, 0x4e, 0x9f, 0x4e, 0x9f, 0x4e, 0x9f, 0x46, 0x9f, 0x46, 0x9f, 0x46, 0xbf, 0x4e, 0x9f, 0x4e, 0x7f, 0x46,
        0x5f, 0x3e, 0x7f, 0x3e, 0x76, 0x34, 0xc7, 0x39, 0x09, 0x3a, 0x29, 0x3a, 0x29, 0x3a, 0x29, 0x3a, 0x29, 0x3a, 0x29, 0x3a,
        0x29, 0x3a, 0x29, 0x3a, 0x4b, 0x3a, 0x6b, 0x3a, 0x8c, 0x3a, 0xac, 0x42, 0xcd, 0x42, 0x72, 0x3b, 0x92, 0x43, 0x72, 0x43,
        0x7c, 0x35, 0xff, 0x2d, 0x1f, 0x26, 0x56, 0x2c, 0xa7, 0x31, 0xc8, 0x31, 0xc8, 0x31, 0x87, 0x29, 0x87, 0x29, 0x66, 0x29,
        0x21, 0x00, 0x00, 0x00, 0x20, 0x00, 0x82, 0x08, 0x26, 0x19, 0x05, 0x19, 0xe5, 0x18, 0x05, 0x19, 0x05, 0x19, 0x05, 0x19,
        0x05, 0x19, 0x74, 0x13, 0x18, 0x14, 0xf8, 0x13, 0x75, 0x1b, 0x42, 0x00, 0x00, 0x00, 0x20, 0x00, 0x00, 0x00, 0x31, 0x85,
        0x18, 0xaf, 0xd7, 0xae, 0xd7, 0xae, 0xd7, 0xae, 0xd7, 0xae, 0xd7, 0xae, 0xd7, 0xae, 0xd7, 0xae, 0xd7, 0xae, 0xd7, 0xae,
        0xd7, 0xae, 0xd7, 0xae, 0xd7, 0xae, 0xd7, 0xae, 0xd7, 0xae, 0xd7, 0xae, 0xd7, 0xae, 0xd7, 0xae, 0xd7, 0xae, 0xd7, 0xae,
        0xd7, 0xae, 0xd7, 0xae, 0xd7, 0xae, 0xd7, 0xae, 0xd7, 0xae, 0xd7, 0xae, 0xd7, 0xae, 0xd7, 0xae, 0xd7, 0xae, 0xd7, 0xae,
        0xd7, 0xae, 0xd7, 0xae, 0xd7, 0xae, 0xd7, 0xae, 0xd7, 0xae, 0xd7, 0xae, 0xd7, 0xae, 0xd7, 0xae, 0xd7, 0xae, 0xd7, 0xae,
        0xd7, 0xae, 0xd7, 0xae, 0xd7, 0xae, 0xd7, 0xae, 0xd7, 0xae, 0xd7, 0xae, 0xd7, 0xae, 0xd7, 0xae, 0xd7, 0xae, 0xd7, 0xae,
        0xd7, 0xae, 0xd7, 0xae, 0xd7, 0xae, 0xd7, 0xae, 0xd7, 0xae, 0xd7, 0xae, 0xd7, 0xae, 0xd7, 0xae, 0xd7, 0xae, 0xd7, 0xae,
        0xd7, 0xae, 0xd7, 0xae, 0xd7, 0xae, 0xd7, 0xae, 0xd7, 0xae, 0xd7, 0xae, 0xd7, 0xae, 0xd7, 0xae, 0xd7, 0xae, 0xd7, 0xae,
        0xd7, 0xae, 0xd7, 0xae, 0xd7, 0xae, 0xd7, 0xae, 0xd7, 0xae, 0xd7, 0xae, 0xd7, 0xae, 0xd7, 0xae, 0xd7, 0xae, 0xd7, 0xae,
        0xd7, 0xae, 0xd7, 0xae, 0xd7, 0xae, 0xd7, 0xae, 0xd7, 0xae, 0xd7, 0xae, 0xd7, 0xae, 0xd7, 0xae, 0xd7, 0xa6, 0xd7, 0xae,
        0xd7, 0xae, 0xd7, 0xae, 0xd7, 0xae, 0xd7, 0xae, 0xd7, 0xae, 0xd7, 0xae, 0xd7, 0xae, 0xd7, 0xae, 0xd7, 0xae, 0xd7, 0xae,
        0xd7, 0xae, 0xd7, 0xae, 0xd7, 0xae, 0xd7, 0xae, 0xd7, 0xae, 0xd7, 0xae, 0xd7, 0xae, 0xd7, 0xae, 0xd7, 0xae, 0xd7, 0xae,
        0xd7, 0xae, 0xd7, 0xae, 0xd7, 0xae, 0xd7, 0xae, 0xd7, 0xae, 0xd7, 0xae, 0xd7, 0xae, 0xd7, 0xae, 0xd7, 0xae, 0xd7, 0xae,
        0xd7, 0xae, 0xd7, 0xae, 0xd7, 0xae, 0xd7, 0xae, 0xd7, 0xae, 0xd7, 0xae, 0xd7, 0xae, 0x59, 0xbf, 0x6b, 0x53, 0x00, 0x00,
        0x20, 0x00, 0x00, 0x00, 0x66, 0x29, 0x2a, 0x3a, 0x09, 0x3a, 0x09, 0x3a, 0x67, 0x29, 0x67, 0x29, 0x87, 0x29, 0x04, 0x19,
        0x00, 0x00, 0x00, 0x00, 0x00, 0x08, 0xa4, 0x08, 0x7c, 0x25, 0xdd, 0x35, 0xfe, 0x35, 0x5b, 0x35, 0x0f, 0x3b, 0x8b, 0x42,
        0x29, 0x3a, 0x29, 0x3a, 0x29, 0x3a, 0x29, 0x3a, 0x29, 0x3a, 0x29, 0x3a, 0x4a, 0x42, 0x4a, 0x42, 0x4a, 0x42, 0x4a, 0x42,
        0x4a, 0x42, 0x4a, 0x42, 0x4a, 0x42, 0x4a, 0x42, 0x4a, 0x42, 0x09, 0x3a, 0x8e, 0x6b, 0xbc, 0xff, 0x9c, 0xff, 0x9c, 0xff,
        0x9c, 0xf7, 0x9c, 0xff, 0x9c, 0xff, 0x9c, 0xff, 0x9c, 0xff, 0x9c, 0xff, 0x9c, 0xff, 0x9c, 0xff, 0x9c, 0xff, 0x9c, 0xff,
        0x9c, 0xff, 0xbc, 0xff, 0xbd, 0xff, 0xde, 0xff, 0x0b, 0x63, 0x00, 0x00, 0x00, 0x00, 0x00, 0x00, 0x00, 0x00, 0x00, 0x00,
        0x00, 0x00, 0x00, 0x00, 0x00, 0x00, 0x00, 0x00, 0x00, 0x00, 0x00, 0x00, 0x00, 0x00, 0x00, 0x00, 0x00, 0x00, 0x00, 0x00,
        0x00, 0x00, 0x00, 0x00, 0x00, 0x00, 0x00, 0x00, 0x00, 0x00, 0x00, 0x00, 0x00, 0x00, 0x00, 0x00, 0x00, 0x00, 0x00, 0x00,
        0x00, 0x00, 0x00, 0x00, 0x00, 0x00, 0x0f, 0x84, 0xff, 0xff, 0xbd, 0xff, 0xbc, 0xff, 0x9c, 0xff, 0x9c, 0xff, 0x9c, 0xff,
        0x9c, 0xff, 0x9c, 0xff, 0xbc, 0xff, 0x9c, 0xff, 0x9c, 0xff, 0x9c, 0xff, 0x9c, 0xff, 0x9c, 0xff, 0x9c, 0xff, 0x9c, 0xff,
        0x9c, 0xff, 0x9c, 0xff, 0x9c, 0xff, 0x9c, 0xff, 0x9c, 0xff, 0x9c, 0xff, 0x9c, 0xff, 0x9c, 0xff, 0x9c, 0xf7, 0x9c, 0xff,
        0x9c, 0xff, 0x9c, 0xff, 0x9c, 0xff, 0xbd, 0xff, 0xdd, 0xff, 0x38, 0xce, 0x55, 0xad, 0x96, 0xb5, 0x10, 0x84, 0x8b, 0x4a,
        0xab, 0x4a, 0x8b, 0x4a, 0x6a, 0x42, 0x6a, 0x42, 0x6a, 0x42, 0x6a, 0x42, 0x6a, 0x42, 0x4a, 0x42, 0xcd, 0x42, 0x91, 0x43,
        0xb1, 0x43, 0xb1, 0x4b, 0xb1, 0x4b, 0xb1, 0x4b, 0xb1, 0x4b, 0xb1, 0x4b, 0xd1, 0x4b, 0xb1, 0x4b, 0xf2, 0x53, 0x3d, 0x46,
        0x5f, 0x3e, 0x7f, 0x36, 0x76, 0x34, 0xc7, 0x39, 0x09, 0x3a, 0x29, 0x3a, 0x29, 0x3a, 0x29, 0x3a, 0x29, 0x3a, 0x29, 0x3a,
        0x29, 0x3a, 0x2a, 0x3a, 0x09, 0x3a, 0x09, 0x3a, 0x29, 0x42, 0x29, 0x42, 0x4a, 0x42, 0x72, 0x3b, 0x72, 0x3b, 0x51, 0x43,
        0x5c, 0x2d, 0xff, 0x25, 0x1f, 0x26, 0x76, 0x2c, 0xa7, 0x39, 0xc8, 0x31, 0xc8, 0x31, 0x87, 0x29, 0x87, 0x29, 0x87, 0x29,
        0x41, 0x08, 0x21, 0x00, 0x20, 0x00, 0x82, 0x08, 0x26, 0x19, 0xe5, 0x18, 0xe4, 0x10, 0xe4, 0x10, 0xe4, 0x18, 0x04, 0x19,
        0x05, 0x19, 0x12, 0x1b, 0xb6, 0x1b, 0xb6, 0x1b, 0x53, 0x23, 0x62, 0x00, 0x00, 0x00, 0x20, 0x00, 0x00, 0x00, 0x52, 0x85,
        0x18, 0xb7, 0xd7, 0xae, 0xd7, 0xae, 0xd7, 0xae, 0xd7, 0xae, 0xd7, 0xae, 0xd7, 0xae, 0xd7, 0xae, 0xd7, 0xae, 0xd7, 0xae,
        0xd7, 0xae, 0xd7, 0xae, 0xd7, 0xae, 0xd7, 0xae, 0xd7, 0xae, 0xd7, 0xae, 0xd7, 0xae, 0xd7, 0xae, 0xd7, 0xae, 0xd7, 0xae,
        0xd7, 0xae, 0xd7, 0xae, 0xd7, 0xae, 0xd7, 0xae, 0xd7, 0xae, 0xd7, 0xae, 0xd7, 0xae, 0xd7, 0xae, 0xd7, 0xae, 0xd7, 0xae,
        0xd7, 0xae, 0xd7, 0xae, 0xd7, 0xae, 0xd7, 0xae, 0xd7, 0xae, 0xd7, 0xae, 0xd7, 0xae, 0xd7, 0xae, 0xd7, 0xae, 0xd7, 0xae,
        0xd7, 0xae, 0xd7, 0xae, 0xd7, 0xae, 0xd7, 0xae, 0xd7, 0xae, 0xd7, 0xae, 0xd7, 0xae, 0xd7, 0xae, 0xd7, 0xae, 0xd7, 0xae,
        0xd7, 0xae, 0xd7, 0xae, 0xd7, 0xae, 0xd7, 0xae, 0xd7, 0xae, 0xd7, 0xae, 0xd7, 0xae, 0xd7, 0xae, 0xd7, 0xae, 0xd7, 0xae,
        0xd7, 0xae, 0xd7, 0xae, 0xd7, 0xae, 0xd7, 0xae, 0xd7, 0xae, 0xd7, 0xae, 0xd7, 0xae, 0xd7, 0xae, 0xd7, 0xae, 0xd7, 0xae,
        0xd7, 0xae, 0xd7, 0xae, 0xd7, 0xae, 0xd7, 0xae, 0xd7, 0xae, 0xd7, 0xae, 0xd7, 0xae, 0xd7, 0xae, 0xd7, 0xae, 0xd7, 0xa6,
        0xd7, 0xae, 0xd7, 0xae, 0xd7, 0xae, 0xd7, 0xae, 0xd7, 0xae, 0xd7, 0xae, 0xd7, 0xae, 0xd7, 0xae, 0xd7, 0xae, 0xd7, 0xae,
        0xd7, 0xae, 0xd7, 0xae, 0xd7, 0xae, 0xd7, 0xae, 0xd7, 0xae, 0xd7, 0xae, 0xd7, 0xae, 0xd7, 0xae, 0xd7, 0xae, 0xd7, 0xae,
        0xd7, 0xae, 0xd7, 0xae, 0xd7, 0xae, 0xd7, 0xae, 0xd7, 0xae, 0xd7, 0xae, 0xd7, 0xae, 0xd7, 0xae, 0xd7, 0xae, 0xd7, 0xae,
        0xd7, 0xae, 0xd7, 0xae, 0xd7, 0xae, 0xd7, 0xae, 0xd7, 0xae, 0xd7, 0xae, 0xd7, 0xae, 0xd7, 0xae, 0xd7, 0xae, 0xd7, 0xae,
        0xd7, 0xae, 0xd7, 0xae, 0xd7, 0xae, 0xd7, 0xae, 0xd7, 0xae, 0xf7, 0xae, 0xd7, 0xae, 0x59, 0xbf, 0x6b, 0x53, 0x00, 0x00,
        0x20, 0x00, 0x00, 0x00, 0xe4, 0x18, 0x67, 0x21, 0x67, 0x21, 0x67, 0x21, 0x41, 0x08, 0x21, 0x00, 0x41, 0x08, 0x41, 0x08,
        0x20, 0x00, 0x00, 0x00, 0x61, 0x08, 0x2b, 0x1a, 0x9e, 0x25, 0x9d, 0x2d, 0xbe, 0x2d, 0xd3, 0x33, 0x4a, 0x42, 0x4a, 0x42,
        0x4a, 0x42, 0xc8, 0x31, 0x87, 0x21, 0x87, 0x21, 0xa7, 0x29, 0x29, 0x3a, 0x2a, 0x3a, 0x4a, 0x42, 0x4a, 0x42, 0x4a, 0x42,
        0x4a, 0x42, 0x4a, 0x42, 0x4a, 0x42, 0x4a, 0x42, 0x4a, 0x42, 0x09, 0x3a, 0x8e, 0x73, 0xdc, 0xff, 0x9c, 0xff, 0x9c, 0xff,
        0x9c, 0xff, 0x9c, 0xff, 0x9c, 0xff, 0x9c, 0xff, 0x9c, 0xff, 0x9c, 0xff, 0x9c, 0xff, 0x9c, 0xff, 0x9c, 0xff, 0x9c, 0xff,
        0x9c, 0xff, 0xbc, 0xff, 0xbd, 0xff, 0xfe, 0xff, 0x2c, 0x63, 0x00, 0x00, 0x00, 0x00, 0x00, 0x00, 0x00, 0x00, 0x00, 0x00,
        0x00, 0x00, 0x00, 0x00, 0x00, 0x00, 0x41, 0x00, 0xc4, 0x10, 0xc4, 0x10, 0x62, 0x08, 0x00, 0x00, 0x00, 0x00, 0x00, 0x00,
        0x00, 0x00, 0x00, 0x00, 0x00, 0x00, 0x00, 0x00, 0x00, 0x00, 0x00, 0x00, 0x00, 0x00, 0x00, 0x00, 0x00, 0x00, 0x00, 0x00,
        0x00, 0x00, 0x00, 0x00, 0x00, 0x00, 0x30, 0x84, 0xff, 0xff, 0xbd, 0xff, 0xbd, 0xff, 0x9c, 0xff, 0x9c, 0xff, 0x9c, 0xff,
        0x9c, 0xff, 0x9c, 0xff, 0x9c, 0xff, 0x9c, 0xff, 0x9c, 0xff, 0x9c, 0xff, 0x9c, 0xff, 0x9c, 0xff, 0x9c, 0xff, 0x9c, 0xff,
        0x9c, 0xff, 0x9c, 0xff, 0x9c, 0xff, 0x9c, 0xff, 0x9c, 0xff, 0x9c, 0xff, 0x9c, 0xff, 0x9c, 0xff, 0x9c, 0xff, 0x9c, 0xff,
        0x9c, 0xff, 0x9c, 0xff, 0x9c, 0xff, 0xbc, 0xff, 0xbd, 0xff, 0xbd, 0xff, 0xbd, 0xff, 0xdd, 0xff, 0xd7, 0xc5, 0xd0, 0x7b,
        0xf1, 0x83, 0x8f, 0x73, 0x4a, 0x42, 0x4a, 0x42, 0x6a, 0x42, 0x6a, 0x42, 0x6a, 0x42, 0x6a, 0x42, 0x4a, 0x42, 0x29, 0x42,
        0x49, 0x42, 0x49, 0x42, 0x49, 0x42, 0x4a, 0x42, 0x4a, 0x42, 0x4a, 0x42, 0x4a, 0x42, 0x29, 0x42, 0x6b, 0x42, 0xfc, 0x3d,
        0x5f, 0x36, 0x7f, 0x36, 0x76, 0x34, 0xc7, 0x39, 0x09, 0x3a, 0x29, 0x3a, 0x29, 0x3a, 0x29, 0x3a, 0x29, 0x3a, 0x29, 0x3a,
        0x29, 0x3a, 0x29, 0x3a, 0x29, 0x3a, 0x2a, 0x3a, 0x4a, 0x3a, 0x4a, 0x3a, 0x4a, 0x3a, 0x6c, 0x3a, 0x6c, 0x3a, 0x2a, 0x3a,
        0x77, 0x34, 0xde, 0x25, 0xbe, 0x1d, 0x3b, 0x25, 0x99, 0x24, 0xb9, 0x24, 0xda, 0x2c, 0x0a, 0x2a, 0x87, 0x29, 0xa7, 0x29,
        0x26, 0x19, 0x26, 0x19, 0x26, 0x19, 0x62, 0x08, 0x20, 0x00, 0x20, 0x00, 0x20, 0x00, 0x20, 0x00, 0x20, 0x00, 0x20, 0x00,
        0x20, 0x00, 0x41, 0x00, 0x62, 0x00, 0x82, 0x00, 0x62, 0x00, 0x21, 0x00, 0x20, 0x00, 0x20, 0x00, 0x00, 0x00, 0x52, 0x85,
        0x18, 0xb7, 0xd7, 0xae, 0xd7, 0xae, 0xd7, 0xae, 0xd7, 0xae, 0xd7, 0xae, 0xd7, 0xae, 0xd7, 0xae, 0xd7, 0xae, 0xd7, 0xae,
        0xd7, 0xae, 0xd7, 0xae, 0xd7, 0xae, 0xd7, 0xae, 0xd7, 0xae, 0xd7, 0xae, 0xd7, 0xae, 0xd7, 0xae, 0xd7, 0xae, 0xd7, 0xae,
        0xd7, 0xae, 0xd7, 0xae, 0xd7, 0xae, 0xd7, 0xae, 0xd7, 0xae, 0xd7, 0xae, 0xd7, 0xae, 0xd7, 0xae, 0xd7, 0xae, 0xd7, 0xae,
        0xd7, 0xae, 0xd7, 0xae, 0xd7, 0xae, 0xd7, 0xae, 0xd7, 0xae, 0xd7, 0xae, 0xd7, 0xae, 0xd7, 0xae, 0xd7, 0xae, 0xd7, 0xae,
        0xd7, 0xae, 0xd7, 0xae, 0xd7, 0xae, 0xd7, 0xae, 0xd7, 0xae, 0xd7, 0xae, 0xd7, 0xae, 0xd7, 0xae, 0xd7, 0xae, 0xd7, 0xae,
        0xd7, 0xae, 0xd7, 0xae, 0xd7, 0xae, 0xd7, 0xae, 0xd7, 0xae, 0xd7, 0xae, 0xd7, 0xae, 0xd7, 0xae, 0xd7, 0xae, 0xd7, 0xae,
        0xd7, 0xae, 0xd7, 0xae, 0xd7, 0xae, 0xd7, 0xae, 0xd7, 0xae, 0xd7, 0xae, 0xd7, 0xae, 0xd7, 0xae, 0xd7, 0xae, 0xd7, 0xae,
        0xd7, 0xae, 0xd7, 0xae, 0xd7, 0xa6, 0xd7, 0xae, 0xd7, 0xae, 0xd7, 0xae, 0xd7, 0xae, 0xd7, 0xae, 0xd7, 0xae, 0xd7, 0xae,
        0xd7, 0xae, 0xd7, 0xae, 0xd7, 0xae, 0xd7, 0xae, 0xd7, 0xa6, 0xd7, 0xae, 0xb7, 0xa6, 0xd7, 0xa6, 0xd7, 0xae, 0xd7, 0xae,
        0xd7, 0xae, 0xd7, 0xae, 0xb7, 0xae, 0xd7, 0xae, 0xd7, 0xa6, 0xd7, 0xae, 0xd7, 0xae, 0xd7, 0xae, 0xd7, 0xae, 0xd7, 0xae,
        0xd7, 0xae, 0xd7, 0xa6, 0xd7, 0xa6, 0xd7, 0xae, 0xd7, 0xae, 0xd7, 0xae, 0xd7, 0xae, 0xd7, 0xae, 0xd7, 0xae, 0xd7, 0xae,
        0xd7, 0xae, 0xd7, 0xae, 0xd7, 0xae, 0xd7, 0xae, 0xd7, 0xae, 0xd7, 0xae, 0xd7, 0xae, 0xd7, 0xae, 0xd7, 0xae, 0xd7, 0xae,
        0xf7, 0xae, 0xd7, 0xae, 0xf7, 0xae, 0xf7, 0xae, 0xd7, 0xae, 0xd7, 0xae, 0xd7, 0xae, 0x59, 0xbf, 0x4b, 0x53, 0x00, 0x00,
        0x20, 0x00, 0x00, 0x00, 0x04, 0x19, 0x67, 0x21, 0x46, 0x21, 0x46, 0x21, 0x20, 0x00, 0x00, 0x00, 0x00, 0x00, 0x00, 0x00,
        0x00, 0x00, 0x00, 0x00, 0x82, 0x08, 0xcf, 0x12, 0x9e, 0x1d, 0x7d, 0x2d, 0x9e, 0x2d, 0x92, 0x33, 0x29, 0x42, 0x6a, 0x42,
        0x4a, 0x42, 0xc8, 0x29, 0x67, 0x21, 0x47, 0x21, 0x87, 0x29, 0x29, 0x3a, 0x2a, 0x3a, 0x4a, 0x3a, 0x4a, 0x42, 0x4a, 0x42,
        0x4a, 0x3a, 0x4a, 0x42, 0x4a, 0x42, 0x4a, 0x42, 0x4a, 0x42, 0x29, 0x3a, 0xaf, 0x73, 0xdd, 0xff, 0xbd, 0xff, 0xbc, 0xff,
        0x9c, 0xff, 0x9c, 0xff, 0x9c, 0xff, 0x9c, 0xff, 0x9c, 0xff, 0x9c, 0xff, 0x9c, 0xff, 0x9c, 0xff, 0x9c, 0xff, 0x9c, 0xff,
        0x9c, 0xff, 0x9c, 0xff, 0xbd, 0xff, 0xfe, 0xff, 0x4c, 0x6b, 0x00, 0x00, 0x20, 0x00, 0x00, 0x00, 0x00, 0x00, 0x00, 0x00,
        0x00, 0x00, 0x00, 0x00, 0x00, 0x00, 0x41, 0x00, 0x26, 0x19, 0x26, 0x11, 0x83, 0x08, 0x00, 0x00, 0x00, 0x00, 0x00, 0x00,
        0x00, 0x00, 0x00, 0x00, 0x00, 0x00, 0x00, 0x00, 0x00, 0x00, 0x00, 0x00, 0x00, 0x00, 0x00, 0x00, 0x00, 0x00, 0x00, 0x00,
        0x00, 0x00, 0x20, 0x00, 0x00, 0x00, 0x30, 0x84, 0xff, 0xff, 0xbd, 0xf7, 0xbc, 0xff, 0xbc, 0xff, 0x9c, 0xff, 0x9c, 0xff,
        0x9c, 0xff, 0x9c, 0xff, 0x9c, 0xff, 0x9c, 0xff, 0x9c, 0xff, 0x9c, 0xff, 0x9c, 0xff, 0x9c, 0xff, 0x9c, 0xff, 0x9c, 0xff,
        0x9c, 0xff, 0x9c, 0xff, 0x9c, 0xff, 0x9c, 0xff, 0x9c, 0xff, 0x9c, 0xff, 0x9c, 0xff, 0x9c, 0xff, 0x9c, 0xff, 0x9c, 0xff,
        0x9c, 0xff, 0x9c, 0xff, 0x9c, 0xff, 0x9c, 0xff, 0x9c, 0xff, 0x9c, 0xff, 0x9c, 0xf7, 0xbc, 0xff, 0xb6, 0xbd, 0xd0, 0x7b,
        0x11, 0x84, 0xb0, 0x7b, 0x4a, 0x42, 0x4a, 0x42, 0x6a, 0x42, 0x6a, 0x42, 0x6a, 0x42, 0x6a, 0x42, 0x6a, 0x42, 0x6a, 0x42,
        0x6a, 0x42, 0x4a, 0x42, 0x6a, 0x42, 0x6a, 0x42, 0x6a, 0x42, 0x6a, 0x42, 0x4a, 0x42, 0x29, 0x42, 0x8b, 0x3a, 0xfd, 0x3d,
        0x5f, 0x36, 0x7f, 0x36, 0x76, 0x34, 0xc7, 0x39, 0x29, 0x3a, 0x29, 0x3a, 0x29, 0x3a, 0x2a, 0x3a, 0x2a, 0x3a, 0x29, 0x3a,
        0x29, 0x3a, 0x29, 0x3a, 0x29, 0x3a, 0x29, 0x3a, 0x29, 0x3a, 0x29, 0x3a, 0x29, 0x3a, 0xe9, 0x39, 0xe9, 0x31, 0xc8, 0x31,
        0xef, 0x32, 0xf4, 0x33, 0xb3, 0x2b, 0x15, 0x2c, 0x9e, 0x15, 0xbf, 0x15, 0x9f, 0x25, 0x4c, 0x2a, 0x87, 0x31, 0xa8, 0x29,
        0x67, 0x21, 0x47, 0x21, 0x67, 0x21, 0x62, 0x08, 0x00, 0x00, 0x00, 0x00, 0x00, 0x00, 0x00, 0x00, 0x00, 0x00, 0x00, 0x00,
        0x00, 0x00, 0x00, 0x00, 0x00, 0x00, 0x00, 0x00, 0x00, 0x00, 0x20, 0x00, 0x20, 0x00, 0x20, 0x00, 0x00, 0x00, 0x52, 0x85,
        0x38, 0xb7, 0xd7, 0xae, 0xd7, 0xae, 0xd7, 0xae, 0xd7, 0xae, 0xd7, 0xae, 0xd7, 0xae, 0xd7, 0xae, 0xd7, 0xae, 0xd7, 0xae,
        0xd7, 0xae, 0xd7, 0xae, 0xd7, 0xae, 0xd7, 0xae, 0xd7, 0xae, 0xd7, 0xae, 0xd7, 0xae, 0xd7, 0xae, 0xd7, 0xae, 0xd7, 0xae,
        0xd7, 0xae, 0xd7, 0xae, 0xd7, 0xae, 0xd7, 0xae, 0xd7, 0xae, 0xd7, 0xae, 0xd7, 0xae, 0xd7, 0xae, 0xd7, 0xae, 0xd7, 0xae,
        0xd7, 0xae, 0xd7, 0xae, 0xd7, 0xae, 0xd7, 0xae, 0xd7, 0xae, 0xd7, 0xae, 0xd7, 0xae, 0xd7, 0xae, 0xd7, 0xae, 0xd7, 0xae,
        0xd7, 0xae, 0xd7, 0xae, 0xd7, 0xae, 0xd7, 0xae, 0xd7, 0xae, 0xd7, 0xae, 0xd7, 0xae, 0xd7, 0xae, 0xd7, 0xae, 0xd7, 0xae,
        0xd7, 0xae, 0xd7, 0xae, 0xd7, 0xae, 0xd7, 0xae, 0xd7, 0xae, 0xd7, 0xae, 0xd7, 0xae, 0xd7, 0xae, 0xd7, 0xae, 0xd7, 0xae,
        0xd7, 0xae, 0xd7, 0xae, 0xd7, 0xae, 0xd7, 0xae, 0xd7, 0xae, 0xd7, 0xae, 0xd7, 0xae, 0xd7, 0xae, 0xd7, 0xae, 0xd7, 0xae,
        0xd7, 0xae, 0xd7, 0xae, 0xd7, 0xae, 0xd7, 0xae, 0xd7, 0xae, 0xd7, 0xae, 0xd7, 0xae, 0xd7, 0xae, 0xd7, 0xae, 0xd7, 0xae,
        0xd7, 0xae, 0xd7, 0xae, 0xd7, 0xae, 0xd7, 0xae, 0xd7, 0xae, 0xd7, 0xae, 0xd7, 0xae, 0xd7, 0xae, 0xd7, 0xae, 0xd7, 0xae,
        0xd7, 0xae, 0xd7, 0xae, 0xd7, 0xae, 0xd7, 0xa6, 0xd7, 0xae, 0xd7, 0xae, 0xd7, 0xae, 0xd7, 0xae, 0xd7, 0xae, 0xd7, 0xae,
        0xd7, 0xae, 0xd7, 0xae, 0xd7, 0xae, 0xd7, 0xa6, 0xd7, 0xa6, 0xd7, 0xae, 0xd7, 0xae, 0xd7, 0xae, 0xd7, 0xae, 0xd7, 0xae,
        0xd7, 0xae, 0xd7, 0xae, 0xd7, 0xae, 0xd7, 0xae, 0xd7, 0xae, 0xd7, 0xae, 0xd7, 0xae, 0xd7, 0xae, 0xd7, 0xae, 0xd7, 0xae,
        0xd7, 0xae, 0xd7, 0xae, 0xd7, 0xae, 0xd7, 0xae, 0xd7, 0xae, 0xd7, 0xae, 0xd7, 0xae, 0x38, 0xb7, 0x2b, 0x53, 0x00, 0x00,
        0x20, 0x00, 0x00, 0x00, 0x25, 0x21, 0xa8, 0x29, 0x87, 0x29, 0x67, 0x29, 0x20, 0x00, 0x00, 0x00, 0x00, 0x00, 0x00, 0x00,
        0x00, 0x00, 0x00, 0x00, 0x20, 0x08, 0x4c, 0x12, 0x7d, 0x1d, 0x5d, 0x25, 0x7e, 0x2d, 0x92, 0x3b, 0x29, 0x42, 0x4a, 0x42,
        0x4a, 0x42, 0xc8, 0x31, 0x87, 0x21, 0x67, 0x21, 0x87, 0x29, 0x29, 0x3a, 0x29, 0x3a, 0x4a, 0x3a, 0x4a, 0x3a, 0x4a, 0x3a,
        0x4a, 0x3a, 0x4a, 0x3a, 0x4a, 0x3a, 0x4a, 0x42, 0x6a, 0x42, 0x2a, 0x3a, 0xaf, 0x73, 0xdd, 0xff, 0xbd, 0xff, 0xbc, 0xff,
        0xbc, 0xff, 0x9c, 0xff, 0x9c, 0xff, 0x9c, 0xff, 0x9c, 0xff, 0x9c, 0xff, 0x9c, 0xff, 0x9c, 0xff, 0x9c, 0xff, 0x9c, 0xff,
        0x9c, 0xff, 0x9c, 0xff, 0x9c, 0xf7, 0xfe, 0xff, 0x0b, 0x63, 0x00, 0x00, 0x00, 0x00, 0x00, 0x00, 0x00, 0x00, 0x00, 0x00,
        0x00, 0x00, 0x00, 0x00, 0x00, 0x00, 0x41, 0x00, 0x47, 0x19, 0x47, 0x19, 0x83, 0x08, 0x00, 0x00, 0x00, 0x00, 0x00, 0x00,
        0x00, 0x00, 0x00, 0x00, 0x00, 0x00, 0x00, 0x00, 0x00, 0x00, 0x00, 0x00, 0x00, 0x00, 0x00, 0x00, 0x00, 0x00, 0x00, 0x00,
        0x00, 0x00, 0x00, 0x00, 0x00, 0x00, 0x0f, 0x84, 0xff, 0xff, 0x9d, 0xf7, 0xbc, 0xff, 0x9c, 0xff, 0x9c, 0xff, 0x9c, 0xff,
        0x9c, 0xff, 0x9c, 0xff, 0x9c, 0xff, 0x9c, 0xff, 0x9c, 0xff, 0x9c, 0xff, 0x9c, 0xff, 0x9c, 0xff, 0x9c, 0xff, 0x9c, 0xff,
        0x9c, 0xff, 0x9c, 0xff, 0x9c, 0xff, 0x9c, 0xff, 0x9b, 0xff, 0x9b, 0xff, 0x9c, 0xff, 0x9c, 0xff, 0x9c, 0xff, 0x9c, 0xff,
        0x9c, 0xff, 0x9c, 0xff, 0x9c, 0xff, 0x9c, 0xff, 0x9c, 0xff, 0x9c, 0xf7, 0x9c, 0xf7, 0xbc, 0xff, 0x95, 0xbd, 0xb0, 0x7b,
        0xf1, 0x83, 0xb0, 0x7b, 0x6a, 0x42, 0x6a, 0x42, 0x6a, 0x42, 0x6a, 0x42, 0x6a, 0x42, 0x6a, 0x42, 0x6a, 0x42, 0x6a, 0x42,
        0x4a, 0x42, 0x4a, 0x42, 0x4a, 0x42, 0x4a, 0x42, 0x4a, 0x42, 0x4a, 0x42, 0x4a, 0x3a, 0x29, 0x3a, 0x6b, 0x3a, 0xbc, 0x35,
        0x3f, 0x36, 0x5f, 0x36, 0x75, 0x34, 0xe8, 0x39, 0x49, 0x3a, 0x4a, 0x3a, 0x4a, 0x3a, 0x4a, 0x42, 0x4a, 0x42, 0x4a, 0x42,
        0x09, 0x32, 0xc8, 0x31, 0xc8, 0x31, 0x87, 0x29, 0x87, 0x29, 0xa8, 0x29, 0xc8, 0x31, 0xe9, 0x31, 0xe9, 0x31, 0xe9, 0x31,
        0xc8, 0x31, 0xa8, 0x31, 0x66, 0x31, 0x6c, 0x2a, 0x9e, 0x1d, 0x9e, 0x1d, 0x9e, 0x25, 0x6c, 0x2a, 0xa7, 0x31, 0xa8, 0x29,
        0x47, 0x21, 0x46, 0x21, 0x46, 0x21, 0x41, 0x08, 0x00, 0x00, 0x00, 0x00, 0x00, 0x00, 0x00, 0x00, 0x00, 0x00, 0x00, 0x00,
        0x00, 0x00, 0x00, 0x00, 0x00, 0x00, 0x00, 0x00, 0x00, 0x00, 0x00, 0x00, 0x00, 0x00, 0x00, 0x00, 0x00, 0x00, 0x32, 0x85,
        0x18, 0xb7, 0xd7, 0xae, 0xf7, 0xae, 0xd7, 0xae, 0xd7, 0xae, 0xd7, 0xae, 0xd7, 0xae, 0xd7, 0xae, 0xd7, 0xae, 0xd7, 0xae,
        0xd7, 0xae, 0xd7, 0xae, 0xd7, 0xae, 0xd7, 0xae, 0xd7, 0xae, 0xd7, 0xae, 0xd7, 0xae, 0xd7, 0xae, 0xd7, 0xae, 0xd7, 0xae,
        0xd7, 0xae, 0xd7, 0xae, 0xd7, 0xae, 0xd7, 0xae, 0xd7, 0xae, 0xd7, 0xae, 0xd7, 0xae, 0xd7, 0xae, 0xd7, 0xae, 0xd7, 0xae,
        0xd7, 0xae, 0xd7, 0xae, 0xd7, 0xae, 0xd7, 0xae, 0xd7, 0xae, 0xd7, 0xae, 0xd7, 0xae, 0xd7, 0xae, 0xd7, 0xae, 0xd7, 0xae,
        0xd7, 0xae, 0xd7, 0xae, 0xd7, 0xae, 0xd7, 0xae, 0xd7, 0xae, 0xd7, 0xae, 0xd7, 0xae, 0xd7, 0xae, 0xd7, 0xae, 0xd7, 0xae,
        0xd7, 0xae, 0xd7, 0xae, 0xd7, 0xae, 0xd7, 0xae, 0xd7, 0xae, 0xd7, 0xae, 0xd7, 0xae, 0xd7, 0xae, 0xd7, 0xae, 0xd7, 0xae,
        0xd7, 0xae, 0xd7, 0xae, 0xd7, 0xae, 0xd7, 0xae, 0xd7, 0xae, 0xd7, 0xae, 0xd7, 0xae, 0xd7, 0xae, 0xd7, 0xae, 0xd7, 0xae,
        0xd7, 0xae, 0xd7, 0xae, 0xd7, 0xae, 0xd7, 0xae, 0xd7, 0xae, 0xd7, 0xae, 0xd7, 0xae, 0xd7, 0xae, 0xd7, 0xae, 0xd7, 0xae,
        0xd7, 0xae, 0xd7, 0xae, 0xd7, 0xae, 0xd7, 0xae, 0xd7, 0xae, 0xd7, 0xa6, 0xd7, 0xae, 0xd7, 0xae, 0xd7, 0xae, 0xd7, 0xae,
        0xd7, 0xae, 0xd7, 0xae, 0xd7, 0xae, 0xd7, 0xae, 0xb7, 0xa6, 0xd7, 0xae, 0xd7, 0xae, 0xd7, 0xae, 0xd7, 0xae, 0xd7, 0xae,
        0xd7, 0xae, 0xd7, 0xae, 0xd7, 0xae, 0xd7, 0xae, 0xd7, 0xae, 0xd7, 0xae, 0xd7, 0xae, 0xd7, 0xae, 0xd7, 0xae, 0xd7, 0xae,
        0xd7, 0xae, 0xd7, 0xae, 0xd7, 0xae, 0xd7, 0xae, 0xd7, 0xae, 0xd7, 0xae, 0xd7, 0xae, 0xd7, 0xae, 0xd7, 0xae, 0xd7, 0xae,
        0xd7, 0xae, 0xd7, 0xae, 0xd7, 0xae, 0xd7, 0xae, 0xd7, 0xae, 0xd7, 0xae, 0xd7, 0xae, 0x38, 0xb7, 0x2b, 0x53, 0x00, 0x00,
        0x20, 0x00, 0x00, 0x00, 0xa3, 0x10, 0xe4, 0x18, 0xe4, 0x18, 0xc4, 0x18, 0xe3, 0x18, 0x23, 0x19, 0x03, 0x19, 0xa2, 0x10,
        0x00, 0x00, 0x00, 0x00, 0x00, 0x00, 0xca, 0x11, 0x5d, 0x25, 0x5d, 0x25, 0x9e, 0x2d, 0x71, 0x3b, 0x29, 0x42, 0x4a, 0x3a,
        0x4a, 0x3a, 0xc8, 0x31, 0xa8, 0x29, 0x87, 0x21, 0xa8, 0x29, 0x29, 0x3a, 0x4a, 0x3a, 0x4a, 0x3a, 0x4a, 0x42, 0x4a, 0x42,
        0x4a, 0x3a, 0x4a, 0x42, 0x4a, 0x42, 0x4a, 0x42, 0x6a, 0x42, 0x2a, 0x3a, 0xae, 0x73, 0xdd, 0xff, 0xbd, 0xff, 0x9c, 0xff,
        0x9c, 0xff, 0x9c, 0xff, 0x9c, 0xff, 0x9c, 0xff, 0x9c, 0xff, 0x9c, 0xff, 0x9c, 0xff, 0x9c, 0xff, 0x9c, 0xff, 0x9c, 0xff,
        0x9c, 0xff, 0x9b, 0xf7, 0x9b, 0xf7, 0xdd, 0xff, 0x8d, 0x73, 0xa2, 0x10, 0xe3, 0x18, 0x61, 0x08, 0x00, 0x00, 0x00, 0x00,
        0x20, 0x00, 0x00, 0x00, 0x00, 0x00, 0x62, 0x08, 0x46, 0x19, 0x46, 0x19, 0x62, 0x08, 0x00, 0x00, 0x20, 0x00, 0x00, 0x00,
        0x00, 0x00, 0x00, 0x00, 0x00, 0x00, 0x00, 0x00, 0x00, 0x00, 0x00, 0x00, 0x00, 0x00, 0x20, 0x00, 0x20, 0x00, 0x20, 0x00,
        0xe3, 0x20, 0x24, 0x21, 0xc3, 0x18, 0x50, 0x8c, 0xfe, 0xff, 0x9c, 0xf7, 0x9c, 0xff, 0x9c, 0xff, 0x9c, 0xff, 0x9c, 0xff,
        0x9c, 0xff, 0x9c, 0xff, 0x9c, 0xff, 0x9c, 0xff, 0x9c, 0xff, 0x9c, 0xff, 0x9c, 0xff, 0x9c, 0xff, 0x9c, 0xff, 0x9c, 0xff,
        0x9c, 0xff, 0x9c, 0xff, 0x9c, 0xff, 0x9b, 0xf7, 0xbc, 0xff, 0xdc, 0xff, 0xdc, 0xff, 0xdd, 0xff, 0xdd, 0xff, 0xdd, 0xff,
        0x9c, 0xff, 0x9c, 0xff, 0x9c, 0xff, 0x9c, 0xff, 0x9c, 0xff, 0x9c, 0xff, 0x9b, 0xf7, 0xbc, 0xff, 0xd6, 0xbd, 0x31, 0x84,
        0x72, 0x94, 0x11, 0x84, 0x6b, 0x42, 0x6a, 0x42, 0x6a, 0x42, 0x6a, 0x42, 0x6a, 0x42, 0x4a, 0x42, 0x4a, 0x42, 0x4a, 0x42,
        0x4a, 0x42, 0x4a, 0x42, 0x4a, 0x42, 0x4a, 0x42, 0x4a, 0x3a, 0x4a, 0x3a, 0x29, 0x3a, 0x09, 0x3a, 0x4a, 0x3a, 0xbc, 0x35,
        0x1f, 0x36, 0x5f, 0x36, 0x55, 0x3c, 0xc7, 0x41, 0x29, 0x42, 0x29, 0x42, 0x4a, 0x42, 0x4a, 0x42, 0x4a, 0x42, 0x49, 0x42,
        0xe8, 0x31, 0xa7, 0x29, 0xa7, 0x29, 0x66, 0x21, 0x67, 0x21, 0x87, 0x29, 0xa7, 0x29, 0xe8, 0x31, 0xe9, 0x31, 0xe9, 0x31,
        0xe9, 0x31, 0xc8, 0x31, 0x87, 0x31, 0x6c, 0x2a, 0x9e, 0x1d, 0xbe, 0x25, 0xbf, 0x25, 0x8d, 0x2a, 0x87, 0x29, 0xa7, 0x29,
        0x67, 0x21, 0x46, 0x21, 0x26, 0x21, 0x41, 0x08, 0x00, 0x00, 0x00, 0x00, 0x00, 0x00, 0xc2, 0x10, 0x03, 0x19, 0xe3, 0x18,
        0xe3, 0x10, 0xe2, 0x10, 0xe3, 0x10, 0xe3, 0x10, 0xe3, 0x10, 0xe3, 0x10, 0xc2, 0x10, 0xe2, 0x10, 0xc2, 0x10, 0x72, 0x85,
        0x18, 0xaf, 0xd7, 0xae, 0xd7, 0xae, 0xf7, 0xae, 0xd7, 0xae, 0xd7, 0xae, 0xd7, 0xae, 0xd7, 0xae, 0xd7, 0xae, 0xd7, 0xae,
        0xd7, 0xae, 0xd7, 0xae, 0xd7, 0xae, 0xd7, 0xae, 0xd7, 0xae, 0xd7, 0xae, 0xd7, 0xae, 0xd7, 0xae, 0xd7, 0xae, 0xd7, 0xae,
        0xd7, 0xae, 0xd7, 0xae, 0xd7, 0xae, 0xd7, 0xae, 0xd7, 0xae, 0xd7, 0xae, 0xd7, 0xae, 0xd7, 0xae, 0xd7, 0xae, 0xd7, 0xae,
        0xd7, 0xae, 0xd7, 0xae, 0xd7, 0xae, 0xd7, 0xae, 0xd7, 0xae, 0xd7, 0xae, 0xd7, 0xae, 0xd7, 0xae, 0xd7, 0xae, 0xd7, 0xae,
        0xd7, 0xae, 0xd7, 0xae, 0xd7, 0xae, 0xd7, 0xae, 0xd7, 0xae, 0xd7, 0xae, 0xd7, 0xae, 0xd7, 0xae, 0xd7, 0xae, 0xd7, 0xae,
        0xd7, 0xae, 0xd7, 0xae, 0xd7, 0xae, 0xd7, 0xae, 0xd7, 0xae, 0xd7, 0xae, 0xd7, 0xae, 0xd7, 0xae, 0xd7, 0xae, 0xd7, 0xae,
        0xd7, 0xae, 0xd7, 0xae, 0xd7, 0xae, 0xd7, 0xae, 0xd7, 0xae, 0xd7, 0xae, 0xd7, 0xae, 0xd7, 0xae, 0xd7, 0xae, 0xd7, 0xae,
        0xd7, 0xae, 0xd7, 0xae, 0xd7, 0xae, 0xd7, 0xae, 0xd7, 0xae, 0xd7, 0xae, 0xd7, 0xae, 0xd7, 0xae, 0xd7, 0xae, 0xd7, 0xae,
        0xd7, 0xae, 0xd7, 0xae, 0xd7, 0xae, 0xd7, 0xae, 0xd7, 0xae, 0xd7, 0xae, 0xd7, 0xae, 0xd7, 0xa6, 0xd7, 0xae, 0xd7, 0xae,
        0xd7, 0xae, 0xd7, 0xae, 0xd7, 0xa6, 0xd7, 0xa6, 0xd7, 0xa6, 0xd7, 0xae, 0xd7, 0xae, 0xd7, 0xae, 0xd7, 0xae, 0xd7, 0xae,
        0xd7, 0xae, 0xd7, 0xae, 0xd7, 0xae, 0xd7, 0xae, 0xd7, 0xae, 0xd7, 0xae, 0xd7, 0xae, 0xd7, 0xae, 0xd7, 0xae, 0xd7, 0xae,
        0xd7, 0xae, 0xd7, 0xae, 0xd7, 0xae, 0xd7, 0xae, 0xd7, 0xae, 0xd7, 0xae, 0xd7, 0xae, 0xd7, 0xae, 0xd7, 0xae, 0xd7, 0xae,
        0xd7, 0xae, 0xd7, 0xae, 0xf7, 0xae, 0xd7, 0xae, 0xd7, 0xae, 0xd7, 0xae, 0xd7, 0xae, 0x38, 0xb7, 0x2b, 0x53, 0x00, 0x00,
        0x00, 0x00, 0x00, 0x00, 0x00, 0x00, 0x00, 0x00, 0x00, 0x00, 0x00, 0x00, 0xf1, 0x7c, 0xd8, 0xae, 0xb7, 0xa6, 0x2e, 0x6c,
        0x00, 0x00, 0x00, 0x00, 0x00, 0x00, 0x05, 0x09, 0x74, 0x1b, 0xb5, 0x1b, 0x18, 0x1c, 0x8d, 0x2a, 0x87, 0x29, 0xa8, 0x29,
        0x87, 0x29, 0x47, 0x21, 0x46, 0x19, 0x26, 0x19, 0x67, 0x21, 0x4a, 0x42, 0x4a, 0x42, 0x4a, 0x3a, 0x4a, 0x42, 0x4a, 0x3a,
        0x4a, 0x3a, 0x4a, 0x42, 0x4a, 0x42, 0x4a, 0x42, 0x6a, 0x42, 0x29, 0x3a, 0x8e, 0x73, 0xdd, 0xff, 0x9c, 0xff, 0x9c, 0xff,
        0x9c, 0xff, 0x9c, 0xff, 0x9c, 0xff, 0x9c, 0xff, 0x9c, 0xff, 0x9c, 0xff, 0x9c, 0xff, 0x9c, 0xff, 0x9c, 0xff, 0x9c, 0xff,
        0x9c, 0xff, 0x9c, 0xf7, 0x9b, 0xff, 0x9b, 0xff, 0x3a, 0xef, 0xd9, 0xde, 0x1b, 0xe7, 0xef, 0x7b, 0x05, 0x19, 0x67, 0x29,
        0x67, 0x29, 0x67, 0x29, 0x67, 0x29, 0x67, 0x21, 0x41, 0x08, 0x20, 0x00, 0x20, 0x00, 0x00, 0x00, 0x00, 0x00, 0x00, 0x00,
        0x00, 0x00, 0x20, 0x00, 0x05, 0x19, 0x05, 0x19, 0x26, 0x19, 0x26, 0x21, 0x46, 0x21, 0x47, 0x21, 0x47, 0x21, 0x26, 0x19,
        0xf7, 0xbd, 0x5c, 0xef, 0xfa, 0xe6, 0x3a, 0xef, 0x9b, 0xff, 0x9b, 0xff, 0x9c, 0xf7, 0x9c, 0xff, 0x9c, 0xff, 0x9c, 0xff,
        0x9c, 0xff, 0x9c, 0xff, 0x9c, 0xff, 0x9c, 0xff, 0x9c, 0xff, 0x9c, 0xff, 0x9c, 0xff, 0x9c, 0xff, 0x9c, 0xff, 0xbc, 0xff,
        0xbc, 0xff, 0x9c, 0xff, 0x9c, 0xff, 0xdd, 0xff, 0x53, 0xad, 0xea, 0x5a, 0x0b, 0x63, 0x0b, 0x63, 0xea, 0x5a, 0xee, 0x7b,
        0x9c, 0xf7, 0xbc, 0xff, 0x9c, 0xff, 0x9c, 0xff, 0x9c, 0xff, 0x9c, 0xff, 0x9b, 0xf7, 0x7b, 0xff, 0x5b, 0xf7, 0x5a, 0xef,
        0x7b, 0xf7, 0x99, 0xd6, 0x8b, 0x4a, 0x6a, 0x42, 0x6a, 0x42, 0x4a, 0x42, 0x4a, 0x42, 0x4a, 0x42, 0x4a, 0x42, 0x4a, 0x42,
        0x4a, 0x42, 0x4a, 0x42, 0x4a, 0x3a, 0x4a, 0x42, 0x4a, 0x3a, 0x29, 0x3a, 0xe9, 0x31, 0xc8, 0x31, 0xe9, 0x31, 0x7b, 0x35,
        0xfe, 0x35, 0xfe, 0x2d, 0x1a, 0x35, 0x14, 0x3c, 0x55, 0x44, 0x76, 0x44, 0x76, 0x44, 0x76, 0x44, 0x96, 0x44, 0x55, 0x44,
        0x8c, 0x3a, 0x09, 0x3a, 0x09, 0x3a, 0x87, 0x21, 0x05, 0x19, 0x05, 0x19, 0x26, 0x19, 0xc8, 0x31, 0xc8, 0x31, 0xc8, 0x31,
        0xc8, 0x31, 0xc8, 0x31, 0xa7, 0x31, 0x8c, 0x32, 0x5d, 0x25, 0x7d, 0x25, 0x9e, 0x2d, 0xcf, 0x2a, 0x09, 0x3a, 0x2a, 0x3a,
        0x67, 0x21, 0x46, 0x21, 0x26, 0x21, 0x41, 0x08, 0x00, 0x00, 0x20, 0x00, 0x00, 0x00, 0x32, 0x85, 0xd7, 0xa6, 0x76, 0x9e,
        0x55, 0x9e, 0x55, 0x9e, 0x56, 0x9e, 0x76, 0x9e, 0x76, 0xa6, 0x56, 0x9e, 0x55, 0x9e, 0x55, 0x9e, 0x55, 0x9e, 0xb6, 0xa6,
        0xd7, 0xae, 0xd7, 0xae, 0xd7, 0xae, 0xd7, 0xae, 0xd7, 0xae, 0xd7, 0xae, 0xd7, 0xae, 0xd7, 0xae, 0xd7, 0xae, 0xd7, 0xae,
        0xd7, 0xae, 0xd7, 0xae, 0xd7, 0xae, 0xd7, 0xae, 0xd7, 0xae, 0xd7, 0xae, 0xd7, 0xae, 0xd7, 0xae, 0xd7, 0xae, 0xd7, 0xae,
        0xd7, 0xae, 0xd7, 0xae, 0xd7, 0xae, 0xd7, 0xae, 0xd7, 0xae, 0xd7, 0xae, 0xd7, 0xae, 0xd7, 0xae, 0xd7, 0xae, 0xd7, 0xae,
        0xd7, 0xae, 0xd7, 0xae, 0xd7, 0xae, 0xd7, 0xae, 0xd7, 0xae, 0xd7, 0xae, 0xd7, 0xae, 0xd7, 0xae, 0xd7, 0xae, 0xd7, 0xae,
        0xd7, 0xae, 0xd7, 0xae, 0xd7, 0xae, 0xd7, 0xae, 0xd7, 0xae, 0xd7, 0xae, 0xd7, 0xae, 0xd7, 0xae, 0xd7, 0xae, 0xd7, 0xae,
        0xd7, 0xae, 0xd7, 0xae, 0xd7, 0xae, 0xd7, 0xae, 0xd7, 0xae, 0xd7, 0xae, 0xd7, 0xae, 0xd7, 0xae, 0xd7, 0xae, 0xd7, 0xae,
        0xd7, 0xae, 0xd7, 0xae, 0xd7, 0xae, 0xd7, 0xae, 0xd7, 0xae, 0xd7, 0xae, 0xd7, 0xae, 0xd7, 0xae, 0xd7, 0xae, 0xd7, 0xae,
        0xd7, 0xae, 0xd7, 0xae, 0xd7, 0xae, 0xd7, 0xae, 0xd7, 0xae, 0xd7, 0xae, 0xd7, 0xae, 0xd7, 0xae, 0xd7, 0xae, 0xd7, 0xae,
        0xd7, 0xae, 0xd7, 0xae, 0xd7, 0xae, 0xd7, 0xae, 0xd7, 0xae, 0xd7, 0xae, 0xd7, 0xae, 0xd7, 0xae, 0xd7, 0xae, 0xd7, 0xae,
        0xd7, 0xae, 0xd7, 0xae, 0xd7, 0xae, 0xd7, 0xae, 0xd7, 0xae, 0xd7, 0xae, 0xd7, 0xae, 0xd7, 0xae, 0xd7, 0xae, 0xd7, 0xae,
        0xd7, 0xae, 0xd7, 0xae, 0xd7, 0xae, 0xd7, 0xae, 0xd7, 0xae, 0xd7, 0xae, 0xd7, 0xae, 0xd7, 0xae, 0xd7, 0xae, 0xd7, 0xae,
        0xd7, 0xae, 0xd7, 0xae, 0xd7, 0xae, 0xd7, 0xae, 0xd7, 0xae, 0xd7, 0xae, 0xd7, 0xae, 0xd7, 0xae, 0xd7, 0xae, 0xd7, 0xae,
        0xd7, 0xae, 0xd7, 0xae, 0xd7, 0xae, 0xd7, 0xae, 0xd7, 0xae, 0xd7, 0xae, 0xd7, 0xae, 0x59, 0xbf, 0x4b, 0x53, 0x00, 0x00,
        0x20, 0x00, 0x00, 0x00, 0x00, 0x00, 0x00, 0x00, 0x20, 0x00, 0x00, 0x00, 0x32, 0x85, 0x38, 0xaf, 0x38, 0xaf, 0x70, 0x74,
        0x00, 0x00, 0x00, 0x00, 0x00, 0x00, 0xa4, 0x08, 0xd1, 0x12, 0xf2, 0x12, 0x54, 0x13, 0x0b, 0x1a, 0x25, 0x19, 0x26, 0x19,
        0x05, 0x19, 0x06, 0x19, 0x06, 0x19, 0x05, 0x19, 0x67, 0x21, 0x6a, 0x42, 0x4a, 0x42, 0x4a, 0x42, 0x4a, 0x42, 0x4a, 0x42,
        0x4a, 0x3a, 0x4a, 0x3a, 0x4a, 0x42, 0x4a, 0x42, 0x4a, 0x42, 0x29, 0x3a, 0x8e, 0x6b, 0xbc, 0xff, 0x9b, 0xff, 0x9c, 0xf7,
        0x9c, 0xff, 0x9c, 0xff, 0x9c, 0xff, 0x9c, 0xff, 0x9c, 0xff, 0x9c, 0xff, 0x9c, 0xff, 0x9c, 0xff, 0x9c, 0xff, 0x9c, 0xff,
        0x9c, 0xff, 0x9c, 0xff, 0x9c, 0xf7, 0x9b, 0xf7, 0x9c, 0xff, 0xbd, 0xff, 0xfe, 0xff, 0x92, 0x94, 0x47, 0x21, 0xc9, 0x31,
        0xc9, 0x31, 0xc9, 0x31, 0xc9, 0x31, 0x88, 0x29, 0x20, 0x00, 0x00, 0x00, 0x00, 0x00, 0x00, 0x00, 0x00, 0x00, 0x00, 0x00,
        0x00, 0x00, 0x21, 0x00, 0x67, 0x21, 0x87, 0x21, 0x88, 0x29, 0xa8, 0x29, 0xa8, 0x29, 0xa8, 0x29, 0x88, 0x29, 0x87, 0x29,
        0x99, 0xd6, 0xfe, 0xff, 0xbc, 0xff, 0x9c, 0xff, 0x7b, 0xf7, 0x9b, 0xf7, 0x9c, 0xff, 0x9c, 0xff, 0x9c, 0xff, 0x9c, 0xff,
        0x9c, 0xff, 0x9c, 0xff, 0x9c, 0xff, 0x9c, 0xff, 0x9c, 0xff, 0x9c, 0xff, 0x9c, 0xff, 0x9c, 0xff, 0x9c, 0xff, 0xbc, 0xff,
        0xbc, 0xff, 0xbc, 0xff, 0x9d, 0xf7, 0xff, 0xff, 0xae, 0x7b, 0x00, 0x00, 0x00, 0x00, 0x00, 0x00, 0x00, 0x00, 0x04, 0x21,
        0x9c, 0xf7, 0xbd, 0xff, 0xbc, 0xff, 0x9c, 0xff, 0x9c, 0xff, 0x9c, 0xff, 0x9b, 0xff, 0x9b, 0xff, 0x9b, 0xff, 0x9b, 0xff,
        0xdc, 0xff, 0xd9, 0xde, 0x8b, 0x4a, 0x6a, 0x42, 0x6a, 0x42, 0x4a, 0x42, 0x4a, 0x42, 0x4a, 0x42, 0x4a, 0x42, 0x4a, 0x42,
        0x4a, 0x42, 0x4a, 0x42, 0x4a, 0x42, 0x4a, 0x42, 0x4a, 0x42, 0x29, 0x3a, 0x87, 0x21, 0x46, 0x21, 0x87, 0x21, 0x1a, 0x2d,
        0xbe, 0x2d, 0xbd, 0x2d, 0xde, 0x2d, 0x1f, 0x36, 0x1f, 0x3e, 0x3f, 0x3e, 0x3f, 0x3e, 0x3f, 0x3e, 0x3f, 0x3e, 0x1f, 0x3e,
        0x30, 0x3b, 0x6b, 0x42, 0x8b, 0x42, 0x87, 0x21, 0xa3, 0x08, 0xa3, 0x10, 0xc4, 0x10, 0x26, 0x19, 0x26, 0x21, 0x46, 0x21,
        0xa8, 0x29, 0xe9, 0x31, 0xc8, 0x31, 0xae, 0x32, 0x5d, 0x25, 0x7d, 0x25, 0x9e, 0x2d, 0x10, 0x33, 0x4b, 0x3a, 0x4b, 0x3a,
        0x67, 0x21, 0x26, 0x21, 0x05, 0x19, 0x41, 0x00, 0x00, 0x00, 0x20, 0x00, 0x20, 0x00, 0x93, 0x8d, 0x38, 0xb7, 0xf7, 0xae,
        0xf7, 0xae, 0xf7, 0xae, 0xf8, 0xae, 0xf8, 0xae, 0xf8, 0xae, 0xf8, 0xae, 0xf7, 0xae, 0xf7, 0xae, 0xf7, 0xae, 0xd7, 0xae,
        0xd7, 0xae, 0xd7, 0xae, 0xd7, 0xae, 0xd7, 0xae, 0xd7, 0xae, 0xd7, 0xae, 0xd7, 0xae, 0xd7, 0xae, 0xd7, 0xae, 0xd7, 0xae,
        0xd7, 0xae, 0xd7, 0xae, 0xd7, 0xae, 0xd7, 0xae, 0xd7, 0xae, 0xd7, 0xae, 0xd7, 0xae, 0xd7, 0xae, 0xd7, 0xae, 0xd7, 0xae,
        0xd7, 0xae, 0xd7, 0xae, 0xd7, 0xae, 0xd7, 0xae, 0xd7, 0xae, 0xd7, 0xae, 0xd7, 0xae, 0xd7, 0xae, 0xd7, 0xae, 0xd7, 0xae,
        0xd7, 0xae, 0xd7, 0xae, 0xd7, 0xae, 0xd7, 0xae, 0xd7, 0xae, 0xd7, 0xae, 0xd7, 0xae, 0xd7, 0xae, 0xd7, 0xae, 0xd7, 0xae,
        0xd7, 0xae, 0xd7, 0xae, 0xd7, 0xae, 0xd7, 0xae, 0xd7, 0xae, 0xd7, 0xae, 0xd7, 0xae, 0xd7, 0xae, 0xd7, 0xae, 0xd7, 0xae,
        0xd7, 0xae, 0xd7, 0xae, 0xd7, 0xae, 0xd7, 0xae, 0xd7, 0xae, 0xd7, 0xae, 0xd7, 0xae, 0xd7, 0xae, 0xd7, 0xae, 0xd7, 0xae,
        0xd7, 0xae, 0xd7, 0xae, 0xd7, 0xae, 0xd7, 0xae, 0xd7, 0xae, 0xd7, 0xae, 0xd7, 0xae, 0xd7, 0xae, 0xd7, 0xae, 0xd7, 0xae,
        0xd7, 0xae, 0xd7, 0xae, 0xd7, 0xae, 0xf7, 0xae, 0xd7, 0xae, 0xd7, 0xae, 0xd7, 0xae, 0xd7, 0xae, 0xd7, 0xae, 0xd7, 0xae,
        0xd7, 0xae, 0xd7, 0xae, 0xd7, 0xae, 0xd7, 0xae, 0xd7, 0xae, 0xd7, 0xae, 0xd7, 0xae, 0xd7, 0xae, 0xd7, 0xae, 0xd7, 0xae,
        0xd7, 0xae, 0xd7, 0xa6, 0xd7, 0xae, 0xd7, 0xae, 0xd7, 0xae, 0xd7, 0xae, 0xd7, 0xae, 0xd7, 0xae, 0xd7, 0xae, 0xd7, 0xae,
        0xd7, 0xae, 0xd7, 0xae, 0xd7, 0xae, 0xd7, 0xae, 0xd7, 0xae, 0xd7, 0xae, 0xd7, 0xae, 0xd7, 0xae, 0xd7, 0xae, 0xd7, 0xae,
        0xd7, 0xae, 0xd7, 0xae, 0xd7, 0xae, 0xd7, 0xae, 0xd7, 0xae, 0xd7, 0xae, 0xd7, 0xae, 0xd7, 0xae, 0xd7, 0xae, 0xd7, 0xae,
        0xd7, 0xae, 0xd7, 0xae, 0xd7, 0xae, 0xd7, 0xae, 0xd7, 0xae, 0xf7, 0xae, 0xf8, 0xae, 0x59, 0xbf, 0x4b, 0x53, 0x00, 0x00,
        0x00, 0x00, 0x00, 0x00, 0x00, 0x00, 0x00, 0x00, 0x00, 0x00, 0x00, 0x00, 0x11, 0x85, 0x18, 0xaf, 0x18, 0xaf, 0x8f, 0x74,
        0x00, 0x00, 0x00, 0x00, 0x00, 0x00, 0xc4, 0x08, 0x33, 0x1b, 0x33, 0x1b, 0x75, 0x1b, 0x0b, 0x22, 0xe4, 0x18, 0x05, 0x19,
        0x05, 0x19, 0x05, 0x19, 0x26, 0x19, 0x06, 0x19, 0x67, 0x21, 0x6a, 0x42, 0x6a, 0x42, 0x4a, 0x42, 0x4a, 0x42, 0x4a, 0x42,
        0x4a, 0x42, 0x4a, 0x42, 0x4a, 0x42, 0x4a, 0x42, 0x4a, 0x42, 0x09, 0x32, 0x6d, 0x6b, 0xbc, 0xff, 0xbc, 0xff, 0x9c, 0xff,
        0x9b, 0xff, 0x9b, 0xff, 0x9c, 0xff, 0x9c, 0xff, 0x9c, 0xff, 0x9c, 0xff, 0xbc, 0xff, 0xbc, 0xff, 0x9c, 0xff, 0x9c, 0xff,
        0x9c, 0xff, 0x9c, 0xff, 0x9c, 0xff, 0x9c, 0xff, 0x9c, 0xff, 0xbd, 0xff, 0xfe, 0xff, 0x71, 0x8c, 0xe5, 0x10, 0x67, 0x21,
        0x67, 0x21, 0x87, 0x29, 0xc9, 0x31, 0x67, 0x29, 0x20, 0x00, 0x00, 0x00, 0x00, 0x00, 0x00, 0x00, 0x00, 0x00, 0x00, 0x00,
        0x00, 0x00, 0x41, 0x00, 0x87, 0x21, 0xa8, 0x29, 0xa8, 0x29, 0x87, 0x29, 0x67, 0x21, 0x26, 0x21, 0x26, 0x19, 0x05, 0x19,
        0x79, 0xce, 0xdd, 0xff, 0x9c, 0xff, 0x9c, 0xf7, 0x9c, 0xf7, 0x9c, 0xff, 0x9c, 0xff, 0x9c, 0xff, 0x9c, 0xff, 0x9c, 0xff,
        0x9c, 0xff, 0x9c, 0xff, 0x9c, 0xff, 0x9c, 0xff, 0x9c, 0xff, 0x9c, 0xff, 0x9c, 0xff, 0x9c, 0xff, 0x9c, 0xff, 0x9c, 0xff,
        0x9c, 0xff, 0xdd, 0xff, 0xfe, 0xff, 0xff, 0xff, 0x0f, 0x84, 0x00, 0x00, 0x00, 0x00, 0x00, 0x00, 0x00, 0x00, 0x65, 0x29,
        0x9c, 0xf7, 0xbc, 0xff, 0x9c, 0xff, 0x9c, 0xff, 0x9c, 0xff, 0x9c, 0xff, 0x9c, 0xff, 0x9b, 0xf7, 0x9b, 0xf7, 0x9b, 0xf7,
        0xbc, 0xff, 0xd9, 0xde, 0x8b, 0x42, 0x4a, 0x42, 0x4a, 0x42, 0x4a, 0x42, 0x4a, 0x42, 0x4a, 0x42, 0x4a, 0x42, 0x4a, 0x42,
        0x4a, 0x42, 0x4a, 0x42, 0x4a, 0x42, 0x4a, 0x42, 0x4a, 0x42, 0x09, 0x3a, 0x67, 0x21, 0x46, 0x21, 0xa8, 0x21, 0x3b, 0x2d,
        0xbe, 0x2d, 0xbe, 0x2d, 0xde, 0x35, 0xde, 0x3d, 0xde, 0x3d, 0xfe, 0x3d, 0xfe, 0x3d, 0xfe, 0x3d, 0x1e, 0x46, 0xde, 0x3d,
        0x0f, 0x33, 0x2a, 0x42, 0x4a, 0x42, 0x66, 0x21, 0x83, 0x08, 0xa3, 0x10, 0xa3, 0x10, 0x05, 0x19, 0x25, 0x19, 0x26, 0x19,
        0xc8, 0x31, 0x09, 0x3a, 0xe8, 0x39, 0xcf, 0x32, 0xbf, 0x2d, 0xbe, 0x2d, 0xbf, 0x2d, 0xef, 0x2a, 0xea, 0x31, 0xe9, 0x31,
        0x46, 0x19, 0x05, 0x19, 0x05, 0x19, 0x41, 0x00, 0x00, 0x00, 0x20, 0x00, 0x20, 0x00, 0x72, 0x8d, 0x18, 0xaf, 0xd7, 0xae,
        0xd7, 0xae, 0xd7, 0xae, 0xd7, 0xae, 0xd7, 0xae, 0xd7, 0xae, 0xd7, 0xae, 0xd7, 0xae, 0xd7, 0xae, 0xd7, 0xae, 0xd7, 0xae,
        0xd7, 0xae, 0xd7, 0xae, 0xd7, 0xae, 0xd7, 0xae, 0xf7, 0xae, 0xd7, 0xae, 0xd7, 0xae, 0xd7, 0xae, 0xd7, 0xae, 0xd7, 0xae,
        0xd7, 0xae, 0xd7, 0xae, 0xd7, 0xae, 0xd7, 0xae, 0xd7, 0xae, 0xd7, 0xae, 0xd7, 0xae, 0xd7, 0xae, 0xd7, 0xae, 0xd7, 0xae,
        0xd7, 0xae, 0xd7, 0xae, 0xd7, 0xae, 0xd7, 0xae, 0xd7, 0xae, 0xd7, 0xae, 0xd7, 0xae, 0xd7, 0xae, 0xd7, 0xae, 0xd7, 0xae,
        0xd7, 0xae, 0xd7, 0xae, 0xd7, 0xae, 0xd7, 0xae, 0xd7, 0xae, 0xd7, 0xae, 0xd7, 0xae, 0xd7, 0xae, 0xd7, 0xae, 0xd7, 0xae,
        0xd7, 0xae, 0xd7, 0xae, 0xd7, 0xae, 0xd7, 0xae, 0xd7, 0xae, 0xd7, 0xae, 0xd7, 0xae, 0xd7, 0xae, 0xd7, 0xae, 0xd7, 0xae,
        0xd7, 0xae, 0xd7, 0xae, 0xd7, 0xae, 0xd7, 0xae, 0xd7, 0xae, 0xd7, 0xae, 0xd7, 0xae, 0xd7, 0xae, 0xd7, 0xae, 0xd7, 0xae,
        0xd7, 0xae, 0xd7, 0xae, 0xd7, 0xae, 0xd7, 0xae, 0xd7, 0xae, 0xd7, 0xae, 0xd7, 0xae, 0xd7, 0xae, 0xd7, 0xae, 0xd7, 0xae,
        0xd7, 0xae, 0xd7, 0xae, 0xd7, 0xae, 0xd7, 0xae, 0xd7, 0xae, 0xd7, 0xae, 0xd7, 0xae, 0xd7, 0xae, 0xd7, 0xae, 0xd7, 0xae,
        0xd7, 0xae, 0xd7, 0xae, 0xd7, 0xae, 0xd7, 0xae, 0xd7, 0xae, 0xd7, 0xae, 0xd7, 0xae, 0xd7, 0xae, 0xd7, 0xae, 0xd7, 0xae,
        0xd7, 0xae, 0xd7, 0xae, 0xd7, 0xae, 0xd7, 0xae, 0xd7, 0xae, 0xd7, 0xae, 0xd7, 0xae, 0xd7, 0xae, 0xd7, 0xae, 0xd7, 0xae,
        0xd7, 0xae, 0xd7, 0xae, 0xd7, 0xae, 0xd7, 0xae, 0xd7, 0xae, 0xd7, 0xae, 0xd7, 0xae, 0xd7, 0xae, 0xd7, 0xae, 0xd7, 0xae,
        0xd7, 0xae, 0xd7, 0xae, 0xd7, 0xae, 0xd7, 0xae, 0xd7, 0xae, 0xd7, 0xae, 0xd7, 0xae, 0xd7, 0xae, 0xd7, 0xae, 0xd7, 0xae,
        0xd7, 0xae, 0xd7, 0xae, 0xd7, 0xae, 0xd7, 0xae, 0xd7, 0xae, 0xf7, 0xae, 0xd7, 0xae, 0x18, 0xb7, 0xb3, 0x95, 0x6f, 0x74,
        0x8f, 0x6c, 0x8f, 0x6c, 0x8f, 0x6c, 0x8f, 0x74, 0x8f, 0x74, 0x8f, 0x74, 0x55, 0x9e, 0xd7, 0xae, 0x38, 0xb7, 0xb0, 0x74,
        0x00, 0x00, 0x00, 0x00, 0x00, 0x00, 0xa4, 0x08, 0xb0, 0x22, 0xd0, 0x1a, 0xf1, 0x22, 0xaa, 0x19, 0xc4, 0x18, 0xe4, 0x18,
        0x62, 0x08, 0xa3, 0x10, 0x05, 0x19, 0x06, 0x19, 0x67, 0x21, 0x6a, 0x42, 0x6a, 0x42, 0x4a, 0x42, 0x4a, 0x42, 0x4a, 0x42,
        0x4a, 0x42, 0x4a, 0x42, 0x4a, 0x3a, 0x29, 0x3a, 0x29, 0x3a, 0xc8, 0x31, 0x0c, 0x5b, 0x1a, 0xef, 0x1a, 0xef, 0x1a, 0xef,
        0x7b, 0xf7, 0x9b, 0xff, 0x9c, 0xff, 0x9c, 0xff, 0x9c, 0xff, 0x9c, 0xff, 0x9c, 0xff, 0xbc, 0xff, 0xbc, 0xff, 0x9c, 0xff,
        0x9c, 0xff, 0x9c, 0xff, 0x9c, 0xff, 0x9c, 0xff, 0xbc, 0xff, 0xbd, 0xff, 0xdd, 0xff, 0x58, 0xce, 0x92, 0x8c, 0x71, 0x8c,
        0x10, 0x84, 0x2d, 0x63, 0xa3, 0x10, 0x82, 0x08, 0x00, 0x00, 0x00, 0x00, 0x00, 0x00, 0x00, 0x00, 0x00, 0x00, 0x00, 0x00,
        0x00, 0x00, 0x20, 0x00, 0x83, 0x10, 0x83, 0x10, 0xe4, 0x18, 0x8b, 0x4a, 0xac, 0x52, 0x72, 0x8c, 0xd3, 0x9c, 0xb3, 0x94,
        0x1b, 0xe7, 0xbd, 0xff, 0x9c, 0xff, 0x9c, 0xff, 0x9c, 0xff, 0x9c, 0xff, 0x9c, 0xff, 0x9c, 0xff, 0x9c, 0xff, 0x9c, 0xff,
        0x9c, 0xff, 0x9c, 0xff, 0x9c, 0xff, 0x9c, 0xff, 0x9c, 0xff, 0x9c, 0xff, 0x9c, 0xff, 0x9c, 0xff, 0x9c, 0xff, 0x9c, 0xff,
        0xdd, 0xff, 0xb9, 0xde, 0x91, 0x94, 0xd2, 0x9c, 0x49, 0x4a, 0x00, 0x00, 0x00, 0x00, 0x00, 0x00, 0x00, 0x00, 0x04, 0x21,
        0x7c, 0xf7, 0x9c, 0xff, 0x9c, 0xff, 0x9c, 0xff, 0x9c, 0xff, 0x9c, 0xff, 0x9c, 0xff, 0x9c, 0xf7, 0x9c, 0xf7, 0x9c, 0xf7,
        0xbc, 0xff, 0xb9, 0xde, 0x6a, 0x42, 0x2a, 0x3a, 0x4a, 0x3a, 0x4a, 0x42, 0x4a, 0x42, 0x29, 0x3a, 0x29, 0x3a, 0x4a, 0x42,
        0x4a, 0x42, 0x4a, 0x42, 0x4a, 0x42, 0x4a, 0x42, 0x49, 0x42, 0x09, 0x3a, 0x67, 0x21, 0x46, 0x21, 0xa8, 0x21, 0x7c, 0x2d,
        0xff, 0x35, 0xfe, 0x35, 0xfe, 0x35, 0xfe, 0x35, 0xfe, 0x35, 0xfe, 0x35, 0xfe, 0x35, 0xfe, 0x35, 0xfe, 0x35, 0x9d, 0x2d,
        0x31, 0x2b, 0xac, 0x3a, 0xce, 0x3a, 0x87, 0x21, 0xa3, 0x10, 0xc3, 0x10, 0xc3, 0x10, 0xc3, 0x10, 0xa3, 0x10, 0xc4, 0x10,
        0xa7, 0x29, 0xe9, 0x31, 0xe8, 0x31, 0x4c, 0x32, 0x37, 0x24, 0x36, 0x2c, 0x36, 0x2c, 0x94, 0x1b, 0x53, 0x1b, 0x32, 0x23,
        0x47, 0x19, 0x05, 0x19, 0x05, 0x19, 0x41, 0x00, 0x00, 0x00, 0x20, 0x00, 0x20, 0x00, 0x93, 0x8d, 0x18, 0xaf, 0xd7, 0xae,
        0xd7, 0xae, 0xd7, 0xae, 0xd7, 0xae, 0xd7, 0xae, 0xd7, 0xae, 0xd7, 0xae, 0xd7, 0xae, 0xd7, 0xae, 0xd7, 0xae, 0xd7, 0xae,
        0xd7, 0xae, 0xd7, 0xae, 0xd7, 0xae, 0xd7, 0xae, 0xd7, 0xae, 0xd7, 0xae, 0xd7, 0xae, 0xd7, 0xae, 0xd7, 0xae, 0xd7, 0xae,
        0xd7, 0xae, 0xd7, 0xae, 0xd7, 0xae, 0xd7, 0xae, 0xd7, 0xae, 0xd7, 0xae, 0xd7, 0xae, 0xd7, 0xae, 0xd7, 0xae, 0xd7, 0xae,
        0xd7, 0xae, 0xd7, 0xae, 0xd7, 0xae, 0xd7, 0xae, 0xd7, 0xae, 0xd7, 0xae, 0xd7, 0xae, 0xd7, 0xae, 0xd7, 0xae, 0xd7, 0xae,
        0xd7, 0xae, 0xd7, 0xae, 0xd7, 0xae, 0xd7, 0xae, 0xd7, 0xae, 0xd7, 0xae, 0xd7, 0xae, 0xd7, 0xae, 0xd7, 0xae, 0xd7, 0xae,
        0xd7, 0xae, 0xd7, 0xae, 0xd7, 0xae, 0xd7, 0xae, 0xd7, 0xae, 0xd7, 0xae, 0xd7, 0xae, 0xd7, 0xae, 0xd7, 0xae, 0xd7, 0xae,
        0xd7, 0xae, 0xd7, 0xae, 0xd7, 0xae, 0xd7, 0xae, 0xd7, 0xae, 0xd7, 0xae, 0xd7, 0xae, 0xd7, 0xae, 0xd7, 0xae, 0xd7, 0xae,
        0xd7, 0xae, 0xd7, 0xae, 0xd7, 0xae, 0xd7, 0xae, 0xd7, 0xae, 0xd7, 0xae, 0xd7, 0xae, 0xd7, 0xae, 0xd7, 0xae, 0xd7, 0xae,
        0xd7, 0xae, 0xd7, 0xae, 0xd7, 0xae, 0xd7, 0xae, 0xd7, 0xae, 0xd7, 0xae, 0xd7, 0xae, 0xd7, 0xae, 0xd7, 0xae, 0xd7, 0xae,
        0xd7, 0xae, 0xd7, 0xae, 0xd7, 0xae, 0xd7, 0xae, 0xd7, 0xae, 0xd7, 0xae, 0xd7, 0xae, 0xd7, 0xae, 0xd7, 0xae, 0xd7, 0xae,
        0xd7, 0xae, 0xd7, 0xae, 0xd7, 0xae, 0xd7, 0xae, 0xd7, 0xae, 0xd7, 0xae, 0xd7, 0xae, 0xd7, 0xae, 0xd7, 0xae, 0xd7, 0xae,
        0xd7, 0xae, 0xd7, 0xae, 0xd7, 0xae, 0xd7, 0xae, 0xd7, 0xae, 0xd7, 0xae, 0xd7, 0xae, 0xd7, 0xae, 0xd7, 0xae, 0xd7, 0xae,
        0xd7, 0xae, 0xd7, 0xae, 0xd7, 0xae, 0xd7, 0xae, 0xd7, 0xae, 0xd7, 0xae, 0xd7, 0xae, 0xd7, 0xae, 0xd7, 0xae, 0xd7, 0xae,
        0xd7, 0xae, 0xd7, 0xae, 0xd7, 0xae, 0xd7, 0xae, 0xd7, 0xae, 0xd7, 0xae, 0xd7, 0xae, 0xd7, 0xae, 0x18, 0xaf, 0x39, 0xb7,
        0x38, 0xb7, 0x38, 0xb7, 0x39, 0xb7, 0x39, 0xb7, 0x39, 0xb7, 0x38, 0xb7, 0xd7, 0xae, 0xb7, 0xa6, 0x39, 0xb7, 0xd0, 0x7c,
        0x00, 0x00, 0x20, 0x00, 0x20, 0x00, 0x82, 0x08, 0x88, 0x21, 0x67, 0x21, 0x47, 0x19, 0x83, 0x08, 0x62, 0x08, 0xa3, 0x10,
        0x62, 0x08, 0x83, 0x08, 0x26, 0x19, 0x46, 0x19, 0xa8, 0x29, 0x6a, 0x42, 0x6a, 0x42, 0x4a, 0x42, 0x4a, 0x42, 0x4a, 0x42,
        0x4a, 0x42, 0x4a, 0x42, 0x2a, 0x3a, 0x29, 0x3a, 0x09, 0x3a, 0xc8, 0x31, 0xcb, 0x52, 0xf7, 0xc5, 0xf7, 0xc5, 0xf7, 0xc5,
        0x3b, 0xef, 0x9b, 0xff, 0x9b, 0xf7, 0x9c, 0xff, 0x9c, 0xff, 0x9c, 0xff, 0xbc, 0xff, 0xbc, 0xff, 0xbc, 0xff, 0xbc, 0xff,
        0x9c, 0xff, 0x9c, 0xff, 0x9c, 0xff, 0x9c, 0xff, 0x9c, 0xff, 0xbc, 0xff, 0xbd, 0xff, 0xdd, 0xff, 0xfe, 0xff, 0xbd, 0xff,
        0xda, 0xde, 0x14, 0xa5, 0x00, 0x00, 0x00, 0x00, 0x00, 0x00, 0x00, 0x00, 0x00, 0x00, 0x00, 0x00, 0x00, 0x00, 0x00, 0x00,
        0x00, 0x00, 0x00, 0x00, 0x00, 0x00, 0x00, 0x00, 0x82, 0x08, 0xb3, 0x94, 0x35, 0xa5, 0x9d, 0xf7, 0xfe, 0xff, 0xfe, 0xff,
        0xbc, 0xff, 0x9c, 0xff, 0x9c, 0xff, 0x9c, 0xff, 0x9c, 0xff, 0x9c, 0xff, 0x9c, 0xff, 0x9c, 0xff, 0x9c, 0xff, 0x9c, 0xff,
        0x9c, 0xff, 0x9c, 0xff, 0x9c, 0xff, 0x9c, 0xff, 0x9c, 0xff, 0x9c, 0xff, 0x9c, 0xff, 0x9c, 0xff, 0x9c, 0xff, 0x9c, 0xff,
        0xff, 0xff, 0x34, 0xad, 0x00, 0x00, 0x00, 0x00, 0x00, 0x00, 0x00, 0x00, 0x86, 0x31, 0x2c, 0x6b, 0x2c, 0x6b, 0x4f, 0x8c,
        0x7b, 0xf7, 0x9b, 0xff, 0x9c, 0xff, 0x9c, 0xff, 0x9c, 0xff, 0x9c, 0xff, 0x9c, 0xff, 0x9c, 0xff, 0x9c, 0xff, 0x9c, 0xf7,
        0xbc, 0xff, 0x99, 0xd6, 0x4a, 0x42, 0x29, 0x3a, 0x29, 0x3a, 0x2a, 0x3a, 0x4a, 0x42, 0x4a, 0x42, 0x4a, 0x42, 0x4a, 0x42,
        0x4a, 0x42, 0x4a, 0x42, 0x4a, 0x42, 0x4a, 0x42, 0x29, 0x3a, 0xe8, 0x31, 0x87, 0x21, 0x46, 0x21, 0x67, 0x21, 0x92, 0x2b,
        0xd3, 0x33, 0xb3, 0x33, 0xb3, 0x33, 0x92, 0x33, 0x72, 0x2b, 0x71, 0x33, 0x51, 0x33, 0x31, 0x2b, 0x30, 0x2b, 0xef, 0x2a,
        0x78, 0x24, 0x1c, 0x25, 0x3d, 0x25, 0x10, 0x23, 0x45, 0x29, 0x87, 0x29, 0x66, 0x21, 0x00, 0x00, 0x00, 0x00, 0x00, 0x00,
        0x25, 0x21, 0xa8, 0x29, 0xa8, 0x29, 0xa8, 0x29, 0xa8, 0x29, 0x87, 0x29, 0xa7, 0x29, 0xdb, 0x14, 0x5e, 0x15, 0xbb, 0x1c,
        0xa9, 0x21, 0x66, 0x21, 0x66, 0x29, 0x61, 0x08, 0x00, 0x00, 0x20, 0x00, 0x20, 0x00, 0x93, 0x8d, 0x18, 0xb7, 0xd7, 0xae,
        0xd7, 0xae, 0xd7, 0xae, 0xd7, 0xae, 0xd7, 0xae, 0xd7, 0xae, 0xd7, 0xae, 0xd7, 0xae, 0xd7, 0xae, 0xd7, 0xae, 0xd7, 0xae,
        0xd7, 0xae, 0xd7, 0xae, 0xd7, 0xae, 0xd7, 0xae, 0xd7, 0xae, 0xd7, 0xae, 0xd7, 0xae, 0xd7, 0xae, 0xd7, 0xae, 0xd7, 0xae,
        0xd7, 0xae, 0xd7, 0xae, 0xd7, 0xae, 0xd7, 0xae, 0xd7, 0xae, 0xd7, 0xae, 0xd7, 0xae, 0xd7, 0xae, 0xd7, 0xae, 0xd7, 0xae,
        0xd7, 0xae, 0xd7, 0xae, 0xd7, 0xae, 0xd7, 0xae, 0xd7, 0xae, 0xd7, 0xae, 0xd7, 0xae, 0xd7, 0xae, 0xd7, 0xae, 0xd7, 0xae,
        0xd7, 0xae, 0xd7, 0xae, 0xd7, 0xae, 0xd7, 0xae, 0xd7, 0xae, 0xd7, 0xae, 0xd7, 0xae, 0xd7, 0xae, 0xd7, 0xae, 0xd7, 0xae,
        0xd7, 0xae, 0xd7, 0xae, 0xd7, 0xae, 0xd7, 0xae, 0xd7, 0xae, 0xd7, 0xae, 0xd7, 0xae, 0xd7, 0xae, 0xd7, 0xae, 0xd7, 0xae,
        0xd7, 0xae, 0xd7, 0xae, 0xd7, 0xae, 0xd7, 0xae, 0xd7, 0xae, 0xd7, 0xae, 0xd7, 0xae, 0xd7, 0xae, 0xd7, 0xae, 0xd7, 0xae,
        0xd7, 0xae, 0xd7, 0xae, 0xd7, 0xae, 0xd7, 0xae, 0xd7, 0xae, 0xd7, 0xae, 0xd7, 0xae, 0xd7, 0xae, 0xd7, 0xae, 0xd7, 0xae,
        0xd7, 0xae, 0xd7, 0xae, 0xd7, 0xae, 0xd7, 0xae, 0xd7, 0xae, 0xd7, 0xae, 0xd7, 0xae, 0xd7, 0xae, 0xd7, 0xae, 0xd7, 0xae,
        0xd7, 0xae, 0xd7, 0xae, 0xd7, 0xae, 0xd7, 0xae, 0xd7, 0xae, 0xd7, 0xae, 0xd7, 0xae, 0xd7, 0xae, 0xd7, 0xae, 0xd7, 0xae,
        0xd7, 0xae, 0xd7, 0xae, 0xd7, 0xae, 0xd7, 0xae, 0xd7, 0xae, 0xd7, 0xae, 0xd7, 0xae, 0xd7, 0xae, 0xd7, 0xae, 0xd7, 0xae,
        0xd7, 0xae, 0xd7, 0xae, 0xd7, 0xae, 0xd7, 0xae, 0xd7, 0xae, 0xd7, 0xae, 0xd7, 0xae, 0xd7, 0xae, 0xd7, 0xae, 0xd7, 0xae,
        0xd7, 0xae, 0xd7, 0xae, 0xd7, 0xae, 0xd7, 0xae, 0xd7, 0xae, 0xd7, 0xae, 0xd7, 0xae, 0xd7, 0xae, 0xd7, 0xae, 0xd7, 0xae,
        0xd7, 0xae, 0xd7, 0xae, 0xd7, 0xae, 0xf7, 0xae, 0xd7, 0xae, 0xd7, 0xae, 0xd7, 0xae, 0xd7, 0xae, 0xd7, 0xae, 0xd7, 0xae,
        0xd7, 0xae, 0xd7, 0xae, 0xd7, 0xae, 0xd7, 0xae, 0xd7, 0xae, 0xd7, 0xae, 0xd7, 0xae, 0xd7, 0xae, 0x39, 0xbf, 0xd1, 0x7c,
        0x00, 0x00, 0x21, 0x00, 0x21, 0x00, 0x83, 0x10, 0xa8, 0x29, 0x67, 0x21, 0x67, 0x21, 0x82, 0x08, 0x20, 0x00, 0x41, 0x00,
        0x62, 0x08, 0xc4, 0x10, 0x26, 0x19, 0x47, 0x19, 0xa8, 0x29, 0x6a, 0x42, 0x4a, 0x42, 0x4a, 0x42, 0x4a, 0x42, 0x6a, 0x42,
        0x4a, 0x42, 0x4a, 0x42, 0x2a, 0x3a, 0x29, 0x3a, 0x09, 0x3a, 0xe8, 0x31, 0x6a, 0x4a, 0x10, 0x84, 0x10, 0x7c, 0xcf, 0x73,
        0x98, 0xd6, 0xbc, 0xff, 0x9c, 0xf7, 0x9c, 0xff, 0x9c, 0xff, 0xbc, 0xff, 0xbd, 0xff, 0xbd, 0xff, 0xdd, 0xff, 0xbc, 0xff,
        0xdd, 0xff, 0xbc, 0xff, 0x9c, 0xff, 0x9c, 0xff, 0x9c, 0xff, 0x9c, 0xff, 0x9c, 0xff, 0x9c, 0xff, 0xbc, 0xff, 0x3a, 0xef,
        0x38, 0xce, 0x72, 0x94, 0x00, 0x00, 0x00, 0x00, 0x00, 0x00, 0x00, 0x00, 0x00, 0x00, 0x00, 0x00, 0x00, 0x00, 0x00, 0x00,
        0x00, 0x00, 0x00, 0x00, 0x00, 0x00, 0x00, 0x00, 0x61, 0x08, 0x52, 0x84, 0xf4, 0x9c, 0x3b, 0xef, 0xbc, 0xff, 0x9c, 0xff,
        0x9c, 0xff, 0x9c, 0xff, 0x9c, 0xff, 0x9c, 0xff, 0x9c, 0xff, 0x9c, 0xff, 0x9c, 0xff, 0x9c, 0xff, 0x9c, 0xff, 0x9c, 0xff,
        0x9c, 0xff, 0x9c, 0xff, 0x9c, 0xff, 0x9c, 0xff, 0x9c, 0xff, 0x9c, 0xff, 0x9c, 0xff, 0x9b, 0xff, 0xbc, 0xff, 0xdc, 0xff,
        0xff, 0xff, 0xd6, 0xbd, 0x20, 0x00, 0x40, 0x08, 0x20, 0x00, 0x00, 0x00, 0x50, 0x8c, 0xfe, 0xff, 0xbc, 0xff, 0xbc, 0xff,
        0x7b, 0xf7, 0x9b, 0xf7, 0x9b, 0xff, 0x9c, 0xff, 0x9c, 0xff, 0x9c, 0xff, 0x9c, 0xff, 0x9c, 0xff, 0xbc, 0xff, 0xbc, 0xff,
        0xbc, 0xff, 0x99, 0xd6, 0x4a, 0x42, 0x09, 0x3a, 0x29, 0x3a, 0x2a, 0x3a, 0x4a, 0x42, 0x4a, 0x42, 0x4a, 0x42, 0x4a, 0x42,
        0x4a, 0x42, 0x4a, 0x42, 0x4a, 0x42, 0x49, 0x42, 0x29, 0x3a, 0x29, 0x3a, 0x09, 0x3a, 0xa7, 0x29, 0x87, 0x29, 0xa8, 0x31,
        0xc8, 0x31, 0xc8, 0x31, 0xa8, 0x31, 0xc8, 0x31, 0xa8, 0x31, 0xc8, 0x31, 0xc8, 0x31, 0xa7, 0x31, 0xa7, 0x31, 0x87, 0x31,
        0x98, 0x2c, 0x7d, 0x1d, 0x7e, 0x25, 0x11, 0x23, 0x66, 0x29, 0xa7, 0x29, 0x87, 0x29, 0x20, 0x00, 0x00, 0x00, 0x00, 0x00,
        0x46, 0x21, 0xc9, 0x31, 0xa8, 0x29, 0xa8, 0x29, 0xa8, 0x29, 0x87, 0x29, 0x88, 0x21, 0xba, 0x1c, 0x3d, 0x1d, 0x9b, 0x24,
        0xc9, 0x21, 0x66, 0x21, 0x87, 0x29, 0x62, 0x08, 0x00, 0x00, 0x20, 0x00, 0x20, 0x00, 0x93, 0x8d, 0x18, 0xb7, 0xd7, 0xae,
        0xd7, 0xae, 0xd7, 0xae, 0xd7, 0xae, 0xf7, 0xae, 0xd7, 0xae, 0xd7, 0xae, 0xd7, 0xae, 0xd7, 0xae, 0xd7, 0xae, 0xd7, 0xae,
        0xd7, 0xae, 0xd7, 0xae, 0xd7, 0xae, 0xd7, 0xae, 0xd7, 0xae, 0xd7, 0xae, 0xd7, 0xae, 0xd7, 0xae, 0xd7, 0xae, 0xd7, 0xae,
        0xd7, 0xae, 0xd7, 0xae, 0xd7, 0xae, 0xd7, 0xae, 0xd7, 0xae, 0xd7, 0xae, 0xd7, 0xae, 0xd7, 0xae, 0xd7, 0xae, 0xd7, 0xae,
        0xd7, 0xae, 0xd7, 0xae, 0xd7, 0xae, 0xd7, 0xae, 0xd7, 0xae, 0xd7, 0xae, 0xd7, 0xae, 0xd7, 0xae, 0xd7, 0xae, 0xd7, 0xae,
        0xd7, 0xae, 0xd7, 0xae, 0xd7, 0xae, 0xd7, 0xae, 0xd7, 0xae, 0xd7, 0xae, 0xd7, 0xae, 0xd7, 0xae, 0xd7, 0xae, 0xd7, 0xae,
        0xd7, 0xae, 0xd7, 0xae, 0xd7, 0xae, 0xd7, 0xae, 0xd7, 0xae, 0xd7, 0xae, 0xd7, 0xae, 0xd7, 0xae, 0xd7, 0xae, 0xd7, 0xae,
        0xd7, 0xae, 0xd7, 0xae, 0xd7, 0xae, 0xd7, 0xae, 0xd7, 0xae, 0xd7, 0xae, 0xd7, 0xae, 0xd7, 0xae, 0xd7, 0xae, 0xd7, 0xae,
        0xd7, 0xae, 0xd7, 0xae, 0xd7, 0xae, 0xd7, 0xae, 0xd7, 0xae, 0xd7, 0xae, 0xd7, 0xae, 0xd7, 0xae, 0xd7, 0xae, 0xd7, 0xae,
        0xd7, 0xae, 0xd7, 0xae, 0xd7, 0xae, 0xd7, 0xae, 0xd7, 0xae, 0xd7, 0xae, 0xd7, 0xae, 0xd7, 0xae, 0xd7, 0xae, 0xd7, 0xae,
        0xd7, 0xae, 0xd7, 0xae, 0xd7, 0xae, 0xd7, 0xae, 0xd7, 0xae, 0xd7, 0xae, 0xd7, 0xae, 0xd7, 0xae, 0xd7, 0xae, 0xd7, 0xae,
        0xd7, 0xae, 0xd7, 0xae, 0xd7, 0xae, 0xd7, 0xae, 0xd7, 0xae, 0xd7, 0xae, 0xd7, 0xae, 0xd7, 0xae, 0xd7, 0xae, 0xd7, 0xae,
        0xd7, 0xae, 0xd7, 0xae, 0xd7, 0xae, 0xd7, 0xae, 0xd7, 0xae, 0xd7, 0xae, 0xd7, 0xae, 0xd7, 0xae, 0xd7, 0xae, 0xd7, 0xae,
        0xd7, 0xae, 0xd7, 0xae, 0xd7, 0xae, 0xd7, 0xae, 0xd7, 0xae, 0xd7, 0xae, 0xd7, 0xae, 0xd7, 0xae, 0xd7, 0xae, 0xd7, 0xae,
        0xd7, 0xae, 0xd7, 0xae, 0xd7, 0xae, 0xd7, 0xae, 0xd7, 0xae, 0xd7, 0xae, 0xd7, 0xae, 0xd7, 0xae, 0xd7, 0xae, 0xd7, 0xae,
        0xd7, 0xae, 0xd7, 0xae, 0xd7, 0xae, 0xd7, 0xae, 0xd7, 0xae, 0xd7, 0xae, 0xd7, 0xae, 0xd7, 0xae, 0x59, 0xbf, 0xd0, 0x7c,
        0x00, 0x00, 0x20, 0x00, 0x21, 0x00, 0xa3, 0x10, 0xa8, 0x29, 0x88, 0x29, 0x26, 0x21, 0x41, 0x00, 0x00, 0x00, 0x00, 0x00,
        0x20, 0x00, 0xe5, 0x18, 0xa7, 0x29, 0xe8, 0x31, 0x09, 0x3a, 0x4a, 0x42, 0x4a, 0x42, 0x4a, 0x42, 0x2a, 0x3a, 0x09, 0x3a,
        0x09, 0x3a, 0x09, 0x3a, 0x2a, 0x3a, 0x29, 0x3a, 0x29, 0x3a, 0x09, 0x3a, 0x87, 0x29, 0x46, 0x21, 0x67, 0x21, 0x26, 0x19,
        0xf6, 0xc5, 0xdd, 0xff, 0x9c, 0xff, 0x9c, 0xff, 0x9c, 0xff, 0xbd, 0xff, 0xfe, 0xff, 0x37, 0xc6, 0x48, 0x4a, 0x49, 0x4a,
        0x89, 0x52, 0xd9, 0xde, 0xbc, 0xff, 0x9c, 0xff, 0x9c, 0xff, 0x9c, 0xff, 0x9c, 0xff, 0x9c, 0xff, 0x9c, 0xff, 0x3a, 0xef,
        0x99, 0xd6, 0x13, 0xa5, 0x65, 0x29, 0x85, 0x31, 0x85, 0x31, 0x24, 0x21, 0xc3, 0x18, 0x62, 0x08, 0x61, 0x08, 0x62, 0x08,
        0xc3, 0x10, 0xc3, 0x18, 0xe3, 0x18, 0xe3, 0x18, 0x45, 0x29, 0x93, 0x94, 0x35, 0xa5, 0x3b, 0xef, 0xbc, 0xff, 0x9c, 0xff,
        0x9c, 0xff, 0x9c, 0xff, 0x9c, 0xff, 0x9c, 0xff, 0x9c, 0xff, 0x9c, 0xff, 0x9c, 0xff, 0x9c, 0xff, 0x9c, 0xff, 0x9c, 0xff,
        0x9c, 0xff, 0x9c, 0xff, 0x9c, 0xff, 0xbc, 0xff, 0x9c, 0xff, 0x7c, 0xf7, 0x7c, 0xf7, 0x7c, 0xf7, 0x57, 0xce, 0x54, 0xb5,
        0x95, 0xbd, 0x30, 0x8c, 0x20, 0x00, 0x20, 0x00, 0x20, 0x00, 0x00, 0x00, 0x50, 0x8c, 0xfe, 0xff, 0x7c, 0xf7, 0x9b, 0xf7,
        0x9b, 0xf7, 0x9b, 0xf7, 0x9c, 0xff, 0x9c, 0xff, 0x9c, 0xff, 0x9c, 0xff, 0x9c, 0xff, 0xbc, 0xff, 0x3b, 0xef, 0x99, 0xd6,
        0xda, 0xe6, 0x17, 0xc6, 0x4a, 0x42, 0x29, 0x3a, 0x29, 0x3a, 0x4a, 0x42, 0x4a, 0x42, 0x4a, 0x42, 0x4a, 0x42, 0x4a, 0x42,
        0x4a, 0x42, 0x4a, 0x42, 0x2a, 0x3a, 0x29, 0x3a, 0x29, 0x3a, 0x6a, 0x42, 0xab, 0x4a, 0x8b, 0x4a, 0x6b, 0x42, 0xc8, 0x29,
        0xc8, 0x29, 0xc8, 0x29, 0xc8, 0x29, 0xc8, 0x29, 0xc8, 0x29, 0xc8, 0x29, 0xc8, 0x29, 0xc8, 0x29, 0xa7, 0x29, 0xa7, 0x29,
        0x56, 0x24, 0x1a, 0x25, 0x1b, 0x2d, 0xef, 0x2a, 0x66, 0x29, 0xc8, 0x31, 0xa7, 0x29, 0x62, 0x08, 0x41, 0x08, 0x41, 0x08,
        0x04, 0x19, 0x26, 0x21, 0x25, 0x19, 0x46, 0x21, 0x67, 0x21, 0x46, 0x21, 0x67, 0x21, 0xd6, 0x13, 0x38, 0x1c, 0xd6, 0x1b,
        0xa9, 0x21, 0x87, 0x29, 0xa8, 0x29, 0x82, 0x08, 0x00, 0x00, 0x20, 0x00, 0x20, 0x00, 0x93, 0x8d, 0x18, 0xb7, 0xd7, 0xae,
        0xd7, 0xae, 0xd7, 0xae, 0xd7, 0xae, 0xd7, 0xae, 0xd7, 0xae, 0xd7, 0xae, 0xd7, 0xae, 0xd7, 0xae, 0xd7, 0xae, 0xd7, 0xae,
        0xd7, 0xae, 0xd7, 0xae, 0xd7, 0xae, 0xd7, 0xae, 0xd7, 0xae, 0xd7, 0xae, 0xd7, 0xae, 0xd7, 0xae, 0xd7, 0xae, 0xd7, 0xae,
        0xd7, 0xae, 0xd7, 0xae, 0xd7, 0xae, 0xd7, 0xae, 0xd7, 0xae, 0xd7, 0xae, 0xd7, 0xae, 0xd7, 0xae, 0xd7, 0xae, 0xd7, 0xae,
        0xd7, 0xae, 0xd7, 0xae, 0xd7, 0xae, 0xd7, 0xae, 0xd7, 0xae, 0xd7, 0xae, 0xd7, 0xae, 0xd7, 0xae, 0xd7, 0xae, 0xd7, 0xae,
        0xd7, 0xae, 0xd7, 0xae, 0xd7, 0xae, 0xd7, 0xae, 0xd7, 0xae, 0xd7, 0xae, 0xd7, 0xae, 0xd7, 0xae, 0xd7, 0xae, 0xd7, 0xae,
        0xd7, 0xae, 0xd7, 0xae, 0xd7, 0xae, 0xd7, 0xae, 0xd7, 0xae, 0xd7, 0xae, 0xd7, 0xae, 0xd7, 0xae, 0xd7, 0xae, 0xd7, 0xae,
        0xd7, 0xae, 0xd7, 0xae, 0xd7, 0xae, 0xf7, 0xae, 0xd7, 0xae, 0xd7, 0xae, 0xd7, 0xae, 0xd7, 0xae, 0xd7, 0xae, 0xd7, 0xae,
        0xd7, 0xae, 0xd7, 0xae, 0xd7, 0xae, 0xd7, 0xae, 0xd7, 0xae, 0xd7, 0xae, 0xd7, 0xae, 0xd7, 0xae, 0xd7, 0xae, 0xd7, 0xae,
        0xd7, 0xae, 0xd7, 0xae, 0xd7, 0xae, 0xd7, 0xae, 0xd7, 0xae, 0xd7, 0xae, 0xd7, 0xae, 0xd7, 0xae, 0xd7, 0xae, 0xd7, 0xae,
        0xd7, 0xae, 0xd7, 0xae, 0xd7, 0xae, 0xd7, 0xae, 0xd7, 0xae, 0xd7, 0xae, 0xd7, 0xae, 0xd7, 0xae, 0xd7, 0xae, 0xd7, 0xae,
        0xd7, 0xae, 0xd7, 0xae, 0xd7, 0xae, 0xd7, 0xae, 0xd7, 0xae, 0xd7, 0xae, 0xd7, 0xae, 0xd7, 0xae, 0xd7, 0xae, 0xd7, 0xae,
        0xd7, 0xae, 0xd7, 0xae, 0xd7, 0xae, 0xd7, 0xae, 0xd7, 0xae, 0xd7, 0xae, 0xd7, 0xae, 0xd7, 0xae, 0xd7, 0xae, 0xd7, 0xae,
        0xd7, 0xae, 0xd7, 0xae, 0xd7, 0xae, 0xd7, 0xae, 0xd7, 0xae, 0xd7, 0xae, 0xd7, 0xae, 0xd7, 0xae, 0xd7, 0xae, 0xd7, 0xae,
        0xd7, 0xae, 0xd7, 0xae, 0xd7, 0xae, 0xd7, 0xae, 0xd7, 0xae, 0xd7, 0xae, 0xd7, 0xae, 0xd7, 0xae, 0xd7, 0xae, 0xd7, 0xae,
        0xd7, 0xae, 0xd7, 0xae, 0xd7, 0xae, 0xd7, 0xae, 0xd7, 0xae, 0xd7, 0xae, 0xd7, 0xae, 0xd7, 0xae, 0x39, 0xbf, 0xb0, 0x7c,
        0x00, 0x00, 0x20, 0x00, 0x20, 0x00, 0xa3, 0x10, 0xa9, 0x29, 0xa9, 0x29, 0xe4, 0x10, 0x00, 0x00, 0x00, 0x00, 0x00, 0x00,
        0x20, 0x00, 0x05, 0x19, 0xc8, 0x31, 0x09, 0x3a, 0x29, 0x3a, 0x2a, 0x3a, 0x2a, 0x3a, 0x4a, 0x42, 0xc9, 0x31, 0x87, 0x21,
        0x87, 0x21, 0x67, 0x21, 0x09, 0x3a, 0x2a, 0x3a, 0x29, 0x3a, 0x09, 0x3a, 0xa7, 0x29, 0x87, 0x21, 0x87, 0x29, 0x67, 0x21,
        0x17, 0xc6, 0xfd, 0xff, 0xbc, 0xff, 0xbc, 0xff, 0x9c, 0xff, 0xbd, 0xff, 0xfe, 0xff, 0x54, 0xad, 0x00, 0x00, 0x00, 0x00,
        0x00, 0x00, 0x77, 0xd6, 0xdc, 0xff, 0x9c, 0xf7, 0x9c, 0xf7, 0x9c, 0xf7, 0x9c, 0xff, 0x9c, 0xff, 0x9c, 0xff, 0x9b, 0xf7,
        0x7b, 0xf7, 0x7b, 0xf7, 0x5b, 0xf7, 0x7b, 0xf7, 0x9c, 0xf7, 0xf7, 0xc5, 0xd4, 0x9c, 0xb1, 0x73, 0x70, 0x6b, 0xd2, 0x73,
        0xb7, 0xb5, 0xd7, 0xbd, 0xd7, 0xbd, 0xd7, 0xbd, 0xb7, 0xbd, 0xf8, 0xc5, 0x59, 0xce, 0x7b, 0xf7, 0x9b, 0xff, 0x9c, 0xff,
        0x9c, 0xff, 0x9c, 0xff, 0x9c, 0xff, 0x9c, 0xff, 0x9c, 0xff, 0x9c, 0xff, 0x9c, 0xff, 0x9c, 0xff, 0x9c, 0xff, 0x9c, 0xff,
        0x9c, 0xff, 0x9c, 0xff, 0x9c, 0xff, 0xbc, 0xff, 0x7c, 0xf7, 0x38, 0xce, 0xf8, 0xc5, 0x59, 0xce, 0x0c, 0x63, 0x00, 0x00,
        0x00, 0x00, 0x00, 0x00, 0x00, 0x00, 0x20, 0x00, 0x20, 0x00, 0x00, 0x00, 0x71, 0x94, 0xfe, 0xff, 0x9c, 0xf7, 0x9c, 0xff,
        0x9c, 0xff, 0x9c, 0xff, 0x9c, 0xff, 0x9c, 0xff, 0x9c, 0xff, 0x9c, 0xff, 0x9c, 0xf7, 0x9c, 0xff, 0xb9, 0xde, 0x76, 0xb5,
        0xd7, 0xc5, 0x55, 0xad, 0x4a, 0x42, 0x29, 0x3a, 0x4a, 0x42, 0x4a, 0x42, 0x4a, 0x42, 0x4a, 0x42, 0x4a, 0x42, 0x4a, 0x42,
        0x4a, 0x42, 0x4a, 0x3a, 0x2a, 0x3a, 0x29, 0x3a, 0x29, 0x3a, 0x6a, 0x42, 0xec, 0x52, 0x0c, 0x5b, 0xcc, 0x52, 0xc8, 0x29,
        0xc8, 0x29, 0xc8, 0x29, 0xc8, 0x29, 0xc8, 0x29, 0xa8, 0x29, 0xa8, 0x29, 0xa7, 0x29, 0xa7, 0x29, 0xa7, 0x29, 0xa7, 0x29,
        0xc8, 0x29, 0xc9, 0x29, 0xe9, 0x29, 0xe9, 0x29, 0xc8, 0x31, 0x09, 0x32, 0x09, 0x32, 0x67, 0x21, 0x67, 0x21, 0x67, 0x21,
        0x62, 0x08, 0x20, 0x00, 0x00, 0x00, 0x62, 0x08, 0x46, 0x21, 0x25, 0x21, 0x26, 0x21, 0x90, 0x0a, 0xf3, 0x0a, 0xb1, 0x12,
        0xa8, 0x29, 0xa7, 0x29, 0xc8, 0x31, 0x82, 0x10, 0x00, 0x00, 0x20, 0x00, 0x20, 0x00, 0x93, 0x8d, 0x18, 0xb7, 0xd7, 0xae,
        0xd7, 0xae, 0xd7, 0xae, 0xd7, 0xae, 0xd7, 0xae, 0xd7, 0xae, 0xd7, 0xae, 0xd7, 0xae, 0xd7, 0xae, 0xd7, 0xae, 0xd7, 0xae,
        0xd7, 0xae, 0xd7, 0xae, 0xd7, 0xae, 0xd7, 0xae, 0xd7, 0xae, 0xd7, 0xae, 0xd7, 0xae, 0xd7, 0xae, 0xd7, 0xae, 0xd7, 0xae,
        0xd7, 0xae, 0xd7, 0xae, 0xd7, 0xae, 0xd7, 0xae, 0xd7, 0xae, 0xd7, 0xae, 0xd7, 0xae, 0xd7, 0xae, 0xd7, 0xae, 0xd7, 0xae,
        0xd7, 0xae, 0xd7, 0xae, 0xd7, 0xae, 0xd7, 0xae, 0xd7, 0xae, 0xd7, 0xae, 0xd7, 0xae, 0xd7, 0xae, 0xd7, 0xae, 0xd7, 0xae,
        0xd7, 0xae, 0xd7, 0xae, 0xd7, 0xae, 0xd7, 0xae, 0xd7, 0xae, 0xd7, 0xae, 0xd7, 0xae, 0xd7, 0xae, 0xd7, 0xae, 0xd7, 0xae,
        0xd7, 0xae, 0xd7, 0xae, 0xd7, 0xae, 0xd7, 0xae, 0xd7, 0xae, 0xd7, 0xae, 0xd7, 0xae, 0xd7, 0xae, 0xd7, 0xae, 0xd7, 0xae,
        0xd7, 0xae, 0xd7, 0xae, 0xd7, 0xae, 0xd7, 0xae, 0xd7, 0xae, 0xd7, 0xae, 0xd7, 0xae, 0xd7, 0xae, 0xd7, 0xae, 0xd7, 0xae,
        0xd7, 0xae, 0xd7, 0xae, 0xd7, 0xae, 0xd7, 0xae, 0xd7, 0xae, 0xd7, 0xae, 0xd7, 0xae, 0xd7, 0xae, 0xd7, 0xae, 0xd7, 0xae,
        0xd7, 0xae, 0xd7, 0xae, 0xd7, 0xae, 0xd7, 0xae, 0xd7, 0xae, 0xd7, 0xae, 0xd7, 0xae, 0xd7, 0xae, 0xd7, 0xae, 0xd7, 0xae,
        0xd7, 0xae, 0xd7, 0xae, 0xd7, 0xae, 0xd7, 0xae, 0xd7, 0xae, 0xd7, 0xae, 0xd7, 0xae, 0xd7, 0xae, 0xd7, 0xae, 0xd7, 0xae,
        0xd7, 0xae, 0xd7, 0xae, 0xd7, 0xae, 0xd7, 0xae, 0xd7, 0xae, 0xd7, 0xae, 0xd7, 0xae, 0xd7, 0xae, 0xd7, 0xae, 0xd7, 0xae,
        0xd7, 0xae, 0xd7, 0xae, 0xd7, 0xae, 0xd7, 0xae, 0xd7, 0xae, 0xd7, 0xae, 0xd7, 0xae, 0xd7, 0xae, 0xd7, 0xae, 0xd7, 0xae,
        0xd7, 0xae, 0xd7, 0xae, 0xd7, 0xae, 0xd7, 0xae, 0xd7, 0xae, 0xd7, 0xae, 0xd7, 0xae, 0xd7, 0xae, 0xd7, 0xae, 0xd7, 0xae,
        0xd7, 0xae, 0xd7, 0xae, 0xd7, 0xae, 0xd7, 0xae, 0xd7, 0xae, 0xd7, 0xae, 0xd7, 0xae, 0xd7, 0xae, 0xd7, 0xae, 0xd7, 0xae,
        0xd7, 0xae, 0xd7, 0xae, 0xd7, 0xae, 0xd7, 0xae, 0xd7, 0xae, 0xd7, 0xae, 0xd7, 0xae, 0xd7, 0xae, 0x38, 0xb7, 0x90, 0x74,
        0x00, 0x00, 0x00, 0x00, 0x00, 0x00, 0xa3, 0x10, 0xc9, 0x31, 0xca, 0x29, 0xe5, 0x18, 0x00, 0x00, 0x00, 0x00, 0x00, 0x00,
        0x00, 0x00, 0xe4, 0x10, 0xa8, 0x29, 0xe9, 0x31, 0x09, 0x3a, 0x29, 0x3a, 0x29, 0x3a, 0x4a, 0x42, 0xc9, 0x31, 0x87, 0x21,
        0x67, 0x21, 0x67, 0x21, 0xe9, 0x31, 0x29, 0x3a, 0x29, 0x3a, 0x09, 0x3a, 0xa8, 0x29, 0xa8, 0x29, 0xa8, 0x29, 0x87, 0x29,
        0x58, 0xce, 0xfe, 0xff, 0xbd, 0xff, 0xbc, 0xff, 0xbc, 0xff, 0xbd, 0xff, 0xfe, 0xff, 0x75, 0xb5, 0x00, 0x00, 0x00, 0x00,
        0x41, 0x08, 0xfa, 0xde, 0xfe, 0xff, 0xfe, 0xff, 0xdd, 0xff, 0x9c, 0xff, 0x9c, 0xff, 0x9c, 0xff, 0x9c, 0xff, 0x9b, 0xff,
        0x7b, 0xff, 0x7b, 0xff, 0x9b, 0xff, 0xbc, 0xff, 0xbd, 0xff, 0x59, 0xce, 0x76, 0xad, 0x13, 0x7c, 0xf2, 0x73, 0x33, 0x84,
        0xf8, 0xc5, 0x19, 0xc6, 0x19, 0xc6, 0x18, 0xc6, 0xf8, 0xc5, 0xd8, 0xbd, 0x18, 0xc6, 0x9c, 0xff, 0xbc, 0xff, 0xbc, 0xff,
        0x9c, 0xff, 0x9c, 0xff, 0x9c, 0xff, 0x9c, 0xff, 0x9c, 0xff, 0x9c, 0xff, 0x9c, 0xff, 0x9c, 0xff, 0x9c, 0xff, 0x9c, 0xff,
        0x9c, 0xff, 0x9c, 0xff, 0xbc, 0xff, 0xbc, 0xff, 0x7c, 0xf7, 0x38, 0xce, 0xf8, 0xc5, 0x59, 0xce, 0x2d, 0x6b, 0x00, 0x00,
        0x00, 0x00, 0x00, 0x00, 0x00, 0x00, 0x20, 0x00, 0x20, 0x00, 0x00, 0x00, 0x50, 0x8c, 0xfe, 0xff, 0x9d, 0xf7, 0xbc, 0xff,
        0x9c, 0xff, 0x9c, 0xff, 0x9c, 0xff, 0x9c, 0xff, 0x9c, 0xff, 0x9c, 0xff, 0x9b, 0xf7, 0x9b, 0xff, 0xb9, 0xde, 0x96, 0xbd,
        0xd7, 0xc5, 0x55, 0xad, 0x6a, 0x42, 0x4a, 0x42, 0x4a, 0x42, 0x4a, 0x42, 0x4a, 0x42, 0x4a, 0x42, 0x4a, 0x42, 0x4a, 0x42,
        0x4a, 0x42, 0x4a, 0x42, 0x4a, 0x42, 0x2a, 0x42, 0x29, 0x3a, 0x8b, 0x4a, 0x0d, 0x5b, 0x0d, 0x5b, 0xcb, 0x52, 0x87, 0x31,
        0x87, 0x29, 0x87, 0x29, 0x87, 0x29, 0x66, 0x29, 0x66, 0x29, 0x66, 0x29, 0x87, 0x29, 0xa7, 0x29, 0xa7, 0x29, 0xa7, 0x29,
        0xa8, 0x29, 0xa8, 0x29, 0xc8, 0x31, 0xe8, 0x31, 0xe9, 0x31, 0x09, 0x3a, 0xe9, 0x31, 0x67, 0x21, 0x67, 0x21, 0x67, 0x21,
        0x41, 0x08, 0x00, 0x00, 0x00, 0x00, 0x61, 0x08, 0x26, 0x21, 0x25, 0x19, 0x25, 0x21, 0xd2, 0x0a, 0x55, 0x0b, 0x13, 0x13,
        0xc9, 0x29, 0xa8, 0x29, 0xc8, 0x31, 0x82, 0x08, 0x00, 0x00, 0x20, 0x00, 0x20, 0x00, 0x93, 0x8d, 0x18, 0xb7, 0xd7, 0xae,
        0xd7, 0xae, 0xd7, 0xae, 0xd7, 0xae, 0xd7, 0xae, 0xd7, 0xae, 0xd7, 0xae, 0xd7, 0xae, 0xd7, 0xae, 0xd7, 0xae, 0xd7, 0xae,
        0xd7, 0xae, 0xd7, 0xae, 0xd7, 0xae, 0xd7, 0xae, 0xd7, 0xae, 0xd7, 0xae, 0xd7, 0xae, 0xd7, 0xae, 0xd7, 0xae, 0xd7, 0xae,
        0xd7, 0xae, 0xd7, 0xae, 0xd7, 0xae, 0xd7, 0xae, 0xd7, 0xae, 0xd7, 0xae, 0xd7, 0xae, 0xd7, 0xae, 0xd7, 0xae, 0xd7, 0xae,
        0xd7, 0xae, 0xd7, 0xae, 0xd7, 0xae, 0xd7, 0xae, 0xd7, 0xae, 0xd7, 0xae, 0xd7, 0xae, 0xd7, 0xae, 0xd7, 0xae, 0xd7, 0xae,
        0xd7, 0xae, 0xd7, 0xae, 0xd7, 0xae, 0xd7, 0xae, 0xd7, 0xae, 0xd7, 0xae, 0xd7, 0xae, 0xd7, 0xae, 0xd7, 0xae, 0xd7, 0xae,
        0xd7, 0xae, 0xd7, 0xae, 0xd7, 0xae, 0xd7, 0xae, 0xd7, 0xae, 0xd7, 0xae, 0xd7, 0xae, 0xd7, 0xae, 0xd7, 0xae, 0xd7, 0xae,
        0xd7, 0xae, 0xd7, 0xae, 0xd7, 0xae, 0xd7, 0xae, 0xd7, 0xae, 0xd7, 0xae, 0xd7, 0xae, 0xd7, 0xae, 0xd7, 0xae, 0xd7, 0xae,
        0xd7, 0xae, 0xd7, 0xae, 0xd7, 0xae, 0xd7, 0xae, 0xd7, 0xae, 0xd7, 0xae, 0xd7, 0xae, 0xd7, 0xae, 0xd7, 0xae, 0xd7, 0xae,
        0xd7, 0xae, 0xd7, 0xae, 0xd7, 0xae, 0xd7, 0xae, 0xd7, 0xae, 0xd7, 0xae, 0xd7, 0xae, 0xd7, 0xae, 0xd7, 0xae, 0xd7, 0xae,
        0xd7, 0xae, 0xd7, 0xae, 0xd7, 0xae, 0xd7, 0xae, 0xd7, 0xae, 0xd7, 0xae, 0xd7, 0xae, 0xd7, 0xae, 0xd7, 0xae, 0xd7, 0xae,
        0xd7, 0xae, 0xd7, 0xae, 0xd7, 0xae, 0xd7, 0xae, 0xd7, 0xae, 0xd7, 0xae, 0xd7, 0xae, 0xd7, 0xae, 0xd7, 0xae, 0xd7, 0xae,
        0xd7, 0xae, 0xd7, 0xae, 0xd7, 0xae, 0xd7, 0xae, 0xd7, 0xae, 0xd7, 0xae, 0xd7, 0xae, 0xd7, 0xae, 0xd7, 0xae, 0xd7, 0xae,
        0xd7, 0xae, 0xd7, 0xae, 0xd7, 0xae, 0xd7, 0xae, 0xd7, 0xae, 0xd7, 0xae, 0xd7, 0xae, 0xd7, 0xae, 0xd7, 0xae, 0xd7, 0xae,
        0xd7, 0xae, 0xd7, 0xae, 0xd7, 0xae, 0xd7, 0xae, 0xd7, 0xae, 0xd7, 0xae, 0xd7, 0xae, 0xd7, 0xae, 0xd7, 0xae, 0xd7, 0xae,
        0xd7, 0xae, 0xd7, 0xae, 0xd7, 0xae, 0xd7, 0xae, 0xd7, 0xae, 0xd7, 0xae, 0xd7, 0xae, 0xd7, 0xa6, 0x18, 0xb7, 0x90, 0x74,
        0x00, 0x00, 0x00, 0x00, 0x20, 0x00, 0x62, 0x08, 0x05, 0x19, 0x05, 0x19, 0x24, 0x19, 0x4b, 0x5b, 0x4b, 0x53, 0x61, 0x08,
        0x20, 0x00, 0x66, 0x21, 0xc8, 0x31, 0xe9, 0x31, 0xe8, 0x31, 0xc8, 0x31, 0xe8, 0x31, 0xe9, 0x31, 0xa8, 0x29, 0x67, 0x21,
        0x67, 0x21, 0x67, 0x21, 0xe8, 0x31, 0x09, 0x3a, 0x09, 0x3a, 0x09, 0x3a, 0xc8, 0x31, 0xc8, 0x29, 0xc8, 0x31, 0xa8, 0x29,
        0xd7, 0xbd, 0x9d, 0xf7, 0x3b, 0xef, 0x7c, 0xf7, 0xbd, 0xff, 0xbd, 0xff, 0xfe, 0xff, 0xb5, 0xb5, 0xa2, 0x10, 0xc2, 0x18,
        0x03, 0x21, 0xb5, 0xbd, 0x78, 0xce, 0x37, 0xce, 0xb9, 0xde, 0xdd, 0xff, 0xbd, 0xff, 0x9c, 0xff, 0x9c, 0xff, 0x9b, 0xff,
        0x7b, 0xff, 0x5b, 0xf7, 0x3a, 0xef, 0x5b, 0xef, 0x5c, 0xf7, 0x39, 0xce, 0x76, 0xad, 0x53, 0x84, 0x13, 0x7c, 0x53, 0x84,
        0x39, 0xce, 0x39, 0xce, 0x18, 0xc6, 0x18, 0xc6, 0x18, 0xc6, 0xf8, 0xc5, 0x18, 0xc6, 0x3b, 0xef, 0x7c, 0xf7, 0x7c, 0xf7,
        0x9c, 0xff, 0xbc, 0xff, 0x9c, 0xff, 0x9c, 0xff, 0x9c, 0xff, 0x9c, 0xff, 0x9c, 0xff, 0x9c, 0xff, 0x9c, 0xff, 0x9c, 0xff,
        0xbc, 0xff, 0x7b, 0xf7, 0x5b, 0xf7, 0x5b, 0xf7, 0xda, 0xe6, 0x34, 0xad, 0x34, 0xad, 0x96, 0xb5, 0xcb, 0x5a, 0x00, 0x00,
        0x00, 0x00, 0x00, 0x00, 0x00, 0x00, 0x00, 0x00, 0x61, 0x08, 0x65, 0x29, 0x12, 0xa5, 0xfe, 0xff, 0x9d, 0xff, 0x9c, 0xff,
        0x9c, 0xff, 0x9c, 0xff, 0x9c, 0xff, 0x9c, 0xff, 0x9c, 0xff, 0x9c, 0xff, 0x9b, 0xf7, 0x9b, 0xff, 0x58, 0xd6, 0x35, 0xad,
        0x97, 0xbd, 0x14, 0xa5, 0x4a, 0x42, 0x4a, 0x42, 0x4a, 0x42, 0x4a, 0x42, 0x4a, 0x42, 0x4a, 0x42, 0x4a, 0x42, 0x4a, 0x42,
        0x4a, 0x42, 0x4a, 0x42, 0x4a, 0x42, 0x4a, 0x42, 0x4a, 0x42, 0x6a, 0x42, 0x8b, 0x4a, 0x6a, 0x4a, 0xcd, 0x42, 0xf5, 0x23,
        0xd4, 0x23, 0xb4, 0x23, 0xb4, 0x23, 0x93, 0x1b, 0x93, 0x1b, 0x73, 0x23, 0xc9, 0x29, 0x86, 0x29, 0xa7, 0x29, 0xa7, 0x29,
        0xa8, 0x29, 0xa8, 0x29, 0xc8, 0x29, 0xe8, 0x31, 0x09, 0x32, 0x09, 0x32, 0xe8, 0x31, 0x46, 0x19, 0x46, 0x21, 0x26, 0x19,
        0x21, 0x00, 0x00, 0x00, 0x00, 0x00, 0x41, 0x00, 0xe4, 0x18, 0xe4, 0x18, 0x04, 0x19, 0xd1, 0x12, 0x55, 0x13, 0x13, 0x1b,
        0xa8, 0x29, 0xa8, 0x29, 0xa8, 0x29, 0x62, 0x08, 0x00, 0x00, 0x20, 0x00, 0x20, 0x00, 0x73, 0x8d, 0x18, 0xb7, 0xd7, 0xae,
        0xd7, 0xae, 0xd7, 0xae, 0xd7, 0xae, 0xd7, 0xae, 0xd7, 0xae, 0xd7, 0xae, 0xd7, 0xae, 0xd7, 0xae, 0xd7, 0xae, 0xd7, 0xae,
        0xd7, 0xae, 0xd7, 0xae, 0xd7, 0xae, 0xd7, 0xae, 0xd7, 0xae, 0xd7, 0xae, 0xd7, 0xae, 0xd7, 0xae, 0xd7, 0xae, 0xd7, 0xae,
        0xd7, 0xae, 0xd7, 0xae, 0xd7, 0xae, 0xd7, 0xae, 0xd7, 0xae, 0xd7, 0xae, 0xd7, 0xae, 0xd7, 0xae, 0xd7, 0xae, 0xd7, 0xae,
        0xd7, 0xae, 0xd7, 0xae, 0xd7, 0xae, 0xd7, 0xae, 0xd7, 0xae, 0xd7, 0xae, 0xd7, 0xae, 0xd7, 0xae, 0xd7, 0xae, 0xd7, 0xae,
        0xd7, 0xae, 0xd7, 0xae, 0xd7, 0xae, 0xd7, 0xae, 0xd7, 0xae, 0xd7, 0xae, 0xd7, 0xae, 0xd7, 0xae, 0xd7, 0xae, 0xd7, 0xae,
        0xd7, 0xae, 0xd7, 0xae, 0xd7, 0xae, 0xd7, 0xae, 0xd7, 0xae, 0xd7, 0xae, 0xd7, 0xae, 0xd7, 0xae, 0xd7, 0xae, 0xd7, 0xae,
        0xd7, 0xae, 0xd7, 0xae, 0xd7, 0xae, 0xd7, 0xae, 0xd7, 0xae, 0xd7, 0xae, 0xd7, 0xae, 0xd7, 0xae, 0xd7, 0xae, 0xd7, 0xae,
        0xd7, 0xae, 0xd7, 0xae, 0xd7, 0xae, 0xd7, 0xae, 0xd7, 0xae, 0xd7, 0xae, 0xd7, 0xae, 0xd7, 0xae, 0xd7, 0xae, 0xd7, 0xae,
        0xd7, 0xae, 0xd7, 0xae, 0xd7, 0xae, 0xd7, 0xae, 0xd7, 0xae, 0xd7, 0xae, 0xd7, 0xae, 0xd7, 0xae, 0xd7, 0xae, 0xd7, 0xae,
        0xd7, 0xae, 0xd7, 0xae, 0xd7, 0xae, 0xd7, 0xae, 0xd7, 0xae, 0xd7, 0xae, 0xd7, 0xae, 0xd7, 0xae, 0xd7, 0xae, 0xd7, 0xae,
        0xd7, 0xae, 0xd7, 0xae, 0xd7, 0xae, 0xd7, 0xae, 0xd7, 0xae, 0xd7, 0xae, 0xd7, 0xae, 0xd7, 0xae, 0xd7, 0xae, 0xd7, 0xae,
        0xd7, 0xae, 0xd7, 0xae, 0xd7, 0xae, 0xd7, 0xae, 0xd7, 0xae, 0xd7, 0xae, 0xd7, 0xae, 0xd7, 0xae, 0xd7, 0xae, 0xd7, 0xae,
        0xd7, 0xae, 0xd7, 0xae, 0xd7, 0xae, 0xd7, 0xae, 0xd7, 0xae, 0xd7, 0xae, 0xf7, 0xae, 0xd7, 0xae, 0xd7, 0xae, 0xd7, 0xae,
        0xd7, 0xae, 0xd7, 0xae, 0xd7, 0xae, 0xd7, 0xae, 0xd7, 0xae, 0xd7, 0xae, 0xd7, 0xae, 0xd7, 0xae, 0xd7, 0xae, 0xd7, 0xae,
        0xd7, 0xae, 0xd7, 0xae, 0xd7, 0xae, 0xd7, 0xae, 0xd7, 0xae, 0xd7, 0xae, 0xd7, 0xae, 0xd7, 0xa6, 0x18, 0xaf, 0xb0, 0x74,
        0x00, 0x00, 0x00, 0x00, 0x20, 0x00, 0x20, 0x00, 0x20, 0x00, 0x00, 0x00, 0x64, 0x19, 0x5a, 0xc7, 0xb7, 0xb6, 0xe2, 0x10,
        0x21, 0x00, 0xc8, 0x31, 0xe9, 0x31, 0xe9, 0x31, 0xc8, 0x31, 0x67, 0x21, 0x67, 0x21, 0x67, 0x21, 0x67, 0x21, 0x67, 0x21,
        0x67, 0x21, 0x47, 0x21, 0xa8, 0x29, 0xc8, 0x31, 0xc8, 0x31, 0xc8, 0x31, 0xe8, 0x31, 0xe9, 0x31, 0xe9, 0x31, 0xc8, 0x29,
        0xd3, 0x94, 0x39, 0xce, 0xd7, 0xbd, 0xda, 0xde, 0xdd, 0xff, 0xbd, 0xff, 0xbd, 0xff, 0x7c, 0xf7, 0xda, 0xde, 0x1b, 0xe7,
        0x78, 0xd6, 0xe3, 0x20, 0x40, 0x08, 0x00, 0x00, 0x8a, 0x52, 0x7c, 0xf7, 0xbd, 0xff, 0xbc, 0xff, 0x9c, 0xff, 0x9b, 0xff,
        0x9b, 0xff, 0xfa, 0xe6, 0x76, 0xb5, 0xb7, 0xb5, 0xb8, 0xbd, 0xd8, 0xbd, 0x4e, 0x6b, 0xa7, 0x31, 0x87, 0x29, 0x87, 0x31,
        0xe8, 0x39, 0x4e, 0x6b, 0x56, 0xad, 0x15, 0xa5, 0x15, 0xa5, 0xf8, 0xbd, 0xf8, 0xc5, 0xf8, 0xbd, 0xf8, 0xc5, 0xf8, 0xc5,
        0x3b, 0xef, 0xbd, 0xff, 0xbc, 0xff, 0x9c, 0xff, 0x9c, 0xff, 0x9c, 0xff, 0x9c, 0xff, 0x9c, 0xff, 0xbc, 0xff, 0xbd, 0xff,
        0xdd, 0xff, 0x38, 0xce, 0x76, 0xb5, 0xb7, 0xbd, 0xf0, 0x83, 0x20, 0x00, 0x61, 0x08, 0x61, 0x08, 0x21, 0x00, 0x00, 0x00,
        0x00, 0x00, 0x00, 0x00, 0x00, 0x00, 0x00, 0x00, 0x65, 0x29, 0x5c, 0xef, 0xbd, 0xff, 0xbd, 0xff, 0x9c, 0xff, 0x9c, 0xff,
        0x9c, 0xff, 0x9c, 0xff, 0x9c, 0xff, 0x9c, 0xff, 0x9c, 0xff, 0x9c, 0xff, 0x9b, 0xf7, 0xbc, 0xff, 0x55, 0xad, 0x2e, 0x5b,
        0x8f, 0x6b, 0x4e, 0x63, 0x4a, 0x42, 0x4a, 0x42, 0x4a, 0x3a, 0x4a, 0x3a, 0x2a, 0x3a, 0x29, 0x3a, 0x2a, 0x3a, 0x4a, 0x42,
        0x4a, 0x42, 0x4a, 0x42, 0x4a, 0x42, 0x4a, 0x42, 0x6a, 0x42, 0x2a, 0x3a, 0x09, 0x32, 0xe8, 0x39, 0xae, 0x32, 0x9f, 0x15,
        0x7e, 0x1d, 0x5d, 0x15, 0x5d, 0x15, 0x3c, 0x15, 0x3c, 0x15, 0x1b, 0x1d, 0x0a, 0x22, 0x66, 0x21, 0x87, 0x29, 0x87, 0x21,
        0x67, 0x21, 0x87, 0x21, 0x67, 0x21, 0xc8, 0x31, 0x09, 0x3a, 0xe9, 0x31, 0xc8, 0x31, 0x26, 0x19, 0x25, 0x19, 0x05, 0x19,
        0x20, 0x00, 0x00, 0x00, 0x00, 0x00, 0x00, 0x00, 0x00, 0x00, 0x00, 0x00, 0x00, 0x00, 0x83, 0x00, 0xa3, 0x00, 0xc4, 0x08,
        0x87, 0x21, 0x87, 0x29, 0x87, 0x29, 0x62, 0x08, 0x00, 0x00, 0x20, 0x00, 0x20, 0x00, 0x73, 0x8d, 0x18, 0xaf, 0xd7, 0xae,
        0xd7, 0xae, 0xd7, 0xae, 0xf7, 0xae, 0xd7, 0xae, 0xd7, 0xae, 0xd7, 0xae, 0xd7, 0xae, 0xd7, 0xae, 0xd7, 0xae, 0xd7, 0xae,
        0xd7, 0xae, 0xd7, 0xae, 0xd7, 0xae, 0xd7, 0xae, 0xd7, 0xae, 0xd7, 0xae, 0xd7, 0xae, 0xd7, 0xae, 0xd7, 0xae, 0xd7, 0xae,
        0xd7, 0xae, 0xd7, 0xae, 0xd7, 0xae, 0xd7, 0xae, 0xd7, 0xae, 0xd7, 0xae, 0xd7, 0xae, 0xd7, 0xae, 0xd7, 0xae, 0xd7, 0xae,
        0xd7, 0xae, 0xd7, 0xae, 0xd7, 0xae, 0xd7, 0xae, 0xd7, 0xae, 0xd7, 0xae, 0xd7, 0xae, 0xd7, 0xae, 0xd7, 0xae, 0xd7, 0xae,
        0xd7, 0xae, 0xd7, 0xae, 0xd7, 0xae, 0xd7, 0xae, 0xd7, 0xae, 0xd7, 0xae, 0xd7, 0xae, 0xd7, 0xae, 0xd7, 0xae, 0xd7, 0xae,
        0xd7, 0xae, 0xd7, 0xae, 0xd7, 0xae, 0xd7, 0xae, 0xd7, 0xae, 0xd7, 0xae, 0xd7, 0xae, 0xd7, 0xae, 0xd7, 0xae, 0xd7, 0xae,
        0xd7, 0xae, 0xd7, 0xae, 0xd7, 0xae, 0xd7, 0xae, 0xd7, 0xae, 0xd7, 0xae, 0xd7, 0xae, 0xd7, 0xae, 0xd7, 0xae, 0xd7, 0xae,
        0xd7, 0xae, 0xd7, 0xae, 0xd7, 0xae, 0xd7, 0xae, 0xd7, 0xae, 0xd7, 0xae, 0xd7, 0xae, 0xd7, 0xae, 0xd7, 0xae, 0xd7, 0xae,
        0xd7, 0xae, 0xd7, 0xae, 0xd7, 0xae, 0xd7, 0xae, 0xd7, 0xae, 0xd7, 0xae, 0xd7, 0xae, 0xd7, 0xae, 0xd7, 0xae, 0xd7, 0xae,
        0xd7, 0xae, 0xd7, 0xae, 0xd7, 0xae, 0xd7, 0xae, 0xd7, 0xae, 0xd7, 0xae, 0xd7, 0xae, 0xd7, 0xae, 0xd7, 0xae, 0xd7, 0xae,
        0xd7, 0xae, 0xd7, 0xae, 0xd7, 0xae, 0xd7, 0xae, 0xd7, 0xae, 0xd7, 0xae, 0xd7, 0xae, 0xd7, 0xae, 0xd7, 0xae, 0xd7, 0xae,
        0xd7, 0xae, 0xd7, 0xae, 0xd7, 0xae, 0xd7, 0xae, 0xd7, 0xae, 0xd7, 0xae, 0xd7, 0xae, 0xd7, 0xae, 0xd7, 0xae, 0xd7, 0xae,
        0xd7, 0xae, 0xd7, 0xae, 0xd7, 0xae, 0xd7, 0xae, 0xd7, 0xae, 0xd7, 0xae, 0xd7, 0xae, 0xd7, 0xae, 0xd7, 0xae, 0xd7, 0xae,
        0xd7, 0xae, 0xd7, 0xae, 0xd7, 0xae, 0xd7, 0xae, 0xd7, 0xae, 0xd7, 0xae, 0xd7, 0xae, 0xd7, 0xae, 0xd7, 0xae, 0xd7, 0xae,
        0xd7, 0xae, 0xd7, 0xae, 0xd7, 0xae, 0xd7, 0xae, 0xd7, 0xae, 0xd7, 0xae, 0xd7, 0xae, 0xd7, 0xa6, 0x18, 0xaf, 0xb0, 0x74,
        0x00, 0x00, 0x00, 0x00, 0x00, 0x00, 0x00, 0x00, 0x00, 0x00, 0x00, 0x00, 0x24, 0x19, 0xd8, 0xb6, 0x56, 0xa6, 0xe3, 0x10,
        0x41, 0x08, 0xe9, 0x31, 0xe9, 0x31, 0xe9, 0x31, 0xc8, 0x31, 0x67, 0x21, 0x67, 0x21, 0x67, 0x21, 0x67, 0x21, 0x47, 0x21,
        0x47, 0x21, 0x46, 0x21, 0xc8, 0x29, 0xe8, 0x31, 0xe8, 0x31, 0xe8, 0x31, 0xe8, 0x31, 0xe9, 0x31, 0xe9, 0x31, 0xc8, 0x31,
        0xd3, 0x9c, 0x59, 0xce, 0xf7, 0xbd, 0xfa, 0xe6, 0xbd, 0xff, 0xbc, 0xff, 0xbd, 0xff, 0xbd, 0xff, 0xde, 0xff, 0xdf, 0xff,
        0x3b, 0xef, 0xc3, 0x18, 0x20, 0x00, 0x00, 0x00, 0xaa, 0x52, 0x1b, 0xe7, 0x7c, 0xf7, 0x7b, 0xf7, 0x7b, 0xf7, 0x7b, 0xf7,
        0x7b, 0xf7, 0xda, 0xe6, 0x97, 0xb5, 0xb7, 0xb5, 0xb7, 0xb5, 0xd8, 0xbd, 0x86, 0x31, 0x00, 0x00, 0x00, 0x00, 0x00, 0x00,
        0x00, 0x00, 0x09, 0x42, 0x15, 0xa5, 0xd4, 0x9c, 0xd4, 0x9c, 0xd8, 0xbd, 0xf8, 0xc5, 0xd8, 0xbd, 0xd8, 0xbd, 0xd8, 0xbd,
        0x1b, 0xef, 0x9c, 0xff, 0x9c, 0xff, 0x9c, 0xff, 0x9c, 0xff, 0x9c, 0xff, 0x9c, 0xff, 0xbc, 0xff, 0xbd, 0xff, 0xbd, 0xff,
        0xdd, 0xff, 0x39, 0xce, 0x76, 0xb5, 0xb7, 0xbd, 0xf0, 0x83, 0x00, 0x00, 0x00, 0x00, 0x00, 0x00, 0x00, 0x00, 0x00, 0x00,
        0x00, 0x00, 0x00, 0x00, 0x00, 0x00, 0x00, 0x00, 0x24, 0x21, 0x7c, 0xef, 0xbd, 0xff, 0x9c, 0xf7, 0xbc, 0xff, 0x9c, 0xff,
        0x9c, 0xff, 0x9c, 0xff, 0x9c, 0xff, 0x9c, 0xf7, 0x9c, 0xff, 0x9c, 0xff, 0x9c, 0xff, 0xdd, 0xff, 0x14, 0xa5, 0x6b, 0x42,
        0xab, 0x4a, 0x8b, 0x4a, 0x4a, 0x42, 0x4a, 0x42, 0x4a, 0x42, 0x4a, 0x3a, 0x29, 0x3a, 0x29, 0x3a, 0x2a, 0x3a, 0x2a, 0x3a,
        0x4a, 0x42, 0x4a, 0x42, 0x4a, 0x42, 0x4a, 0x42, 0x4a, 0x42, 0x4a, 0x3a, 0x09, 0x3a, 0x08, 0x3a, 0xad, 0x32, 0x5d, 0x1d,
        0x3c, 0x1d, 0x3c, 0x1d, 0x1c, 0x1d, 0x1c, 0x15, 0x1c, 0x15, 0xdb, 0x1c, 0xe9, 0x21, 0x45, 0x21, 0x66, 0x21, 0x66, 0x21,
        0x66, 0x21, 0x67, 0x21, 0x66, 0x21, 0xc8, 0x31, 0xe9, 0x31, 0xc8, 0x31, 0xa7, 0x29, 0x05, 0x19, 0x05, 0x19, 0x05, 0x19,
        0x20, 0x00, 0x00, 0x00, 0x00, 0x00, 0x00, 0x00, 0x00, 0x00, 0x00, 0x00, 0x00, 0x00, 0x00, 0x00, 0x00, 0x00, 0x41, 0x00,
        0x67, 0x21, 0x87, 0x29, 0x87, 0x29, 0x61, 0x08, 0x00, 0x00, 0x20, 0x00, 0x00, 0x00, 0x73, 0x8d, 0x18, 0xb7, 0xd7, 0xae,
        0xd7, 0xae, 0xd7, 0xae, 0xd7, 0xae, 0xd7, 0xae, 0xd7, 0xae, 0xd7, 0xae, 0xd7, 0xae, 0xd7, 0xae, 0xd7, 0xae, 0xd7, 0xae,
        0xd7, 0xae, 0xd7, 0xae, 0xd7, 0xae, 0xd7, 0xae, 0xd7, 0xae, 0xd7, 0xae, 0xd7, 0xae, 0xd7, 0xae, 0xd7, 0xae, 0xd7, 0xae,
        0xd7, 0xae, 0xd7, 0xae, 0xd7, 0xae, 0xd7, 0xae, 0xd7, 0xae, 0xd7, 0xae, 0xd7, 0xae, 0xd7, 0xae, 0xd7, 0xae, 0xd7, 0xae,
        0xd7, 0xae, 0xd7, 0xae, 0xd7, 0xae, 0xd7, 0xae, 0xd7, 0xae, 0xd7, 0xae, 0xd7, 0xae, 0xd7, 0xae, 0xd7, 0xae, 0xd7, 0xae,
        0xd7, 0xae, 0xd7, 0xae, 0xd7, 0xae, 0xd7, 0xae, 0xd7, 0xae, 0xd7, 0xae, 0xd7, 0xae, 0xd7, 0xae, 0xd7, 0xae, 0xd7, 0xae,
        0xd7, 0xae, 0xd7, 0xae, 0xd7, 0xae, 0xd7, 0xae, 0xd7, 0xae, 0xd7, 0xae, 0xd7, 0xae, 0xd7, 0xae, 0xd7, 0xae, 0xd7, 0xae,
        0xd7, 0xae, 0xd7, 0xae, 0xd7, 0xae, 0xd7, 0xae, 0xd7, 0xae, 0xd7, 0xae, 0xd7, 0xae, 0xd7, 0xae, 0xd7, 0xae, 0xd7, 0xae,
        0xd7, 0xae, 0xd7, 0xae, 0xd7, 0xae, 0xd7, 0xae, 0xd7, 0xae, 0xd7, 0xae, 0xd7, 0xae, 0xd7, 0xae, 0xd7, 0xae, 0xd7, 0xae,
        0xd7, 0xae, 0xd7, 0xae, 0xd7, 0xae, 0xd7, 0xae, 0xd7, 0xae, 0xd7, 0xae, 0xd7, 0xae, 0xd7, 0xae, 0xd7, 0xae, 0xd7, 0xae,
        0xd7, 0xae, 0xd7, 0xae, 0xd7, 0xae, 0xd7, 0xae, 0xd7, 0xae, 0xd7, 0xae, 0xd7, 0xae, 0xd7, 0xae, 0xd7, 0xae, 0xd7, 0xae,
        0xd7, 0xae, 0xd7, 0xae, 0xd7, 0xae, 0xd7, 0xae, 0xd7, 0xae, 0xd7, 0xae, 0xd7, 0xae, 0xd7, 0xae, 0xd7, 0xae, 0xd7, 0xae,
        0xd7, 0xae, 0xd7, 0xae, 0xd7, 0xae, 0xd7, 0xae, 0xd7, 0xae, 0xd7, 0xae, 0xd7, 0xae, 0xd7, 0xae, 0xd7, 0xae, 0xd7, 0xae,
        0xd7, 0xae, 0xd7, 0xae, 0xd7, 0xae, 0xd7, 0xae, 0xd7, 0xae, 0xd7, 0xae, 0xd7, 0xae, 0xd7, 0xae, 0xd7, 0xae, 0xd7, 0xae,
        0xd7, 0xae, 0xd7, 0xae, 0xd7, 0xae, 0xd7, 0xae, 0xd7, 0xae, 0xd7, 0xae, 0xd7, 0xae, 0xd7, 0xae, 0xd7, 0xae, 0xd7, 0xae,
        0xd7, 0xae, 0xd7, 0xae, 0xd7, 0xae, 0xd7, 0xae, 0xd7, 0xae, 0xd7, 0xae, 0xd7, 0xae, 0xd7, 0xa6, 0x18, 0xb7, 0xb0, 0x74,
        0x00, 0x00, 0x00, 0x00, 0x00, 0x00, 0x00, 0x00, 0x82, 0x08, 0x81, 0x08, 0xc5, 0x29, 0x56, 0xa6, 0x52, 0x8d, 0xe3, 0x10,
        0x62, 0x08, 0x09, 0x3a, 0x09, 0x3a, 0x09, 0x3a, 0xe8, 0x31, 0x67, 0x21, 0x67, 0x21, 0x67, 0x21, 0x47, 0x21, 0x46, 0x21,
        0x46, 0x21, 0x46, 0x21, 0xc8, 0x29, 0xe8, 0x31, 0xe9, 0x31, 0xe9, 0x31, 0xe9, 0x31, 0xe9, 0x31, 0x09, 0x32, 0xe8, 0x31,
        0xb3, 0x94, 0xf8, 0xbd, 0x96, 0xb5, 0x99, 0xd6, 0xbd, 0xff, 0x9c, 0xff, 0x9c, 0xf7, 0x9c, 0xff, 0xbd, 0xff, 0xde, 0xff,
        0x3b, 0xef, 0x82, 0x10, 0x00, 0x00, 0x00, 0x00, 0x8a, 0x52, 0x59, 0xce, 0xd7, 0xbd, 0xd6, 0xbd, 0xb6, 0xbd, 0xb6, 0xbd,
        0xf6, 0xc5, 0xd6, 0xc5, 0x55, 0xad, 0x56, 0xad, 0x55, 0xad, 0x55, 0xad, 0x65, 0x29, 0x00, 0x00, 0x20, 0x00, 0x20, 0x00,
        0x00, 0x00, 0x29, 0x42, 0xd4, 0x9c, 0x93, 0x94, 0x93, 0x94, 0x96, 0xb5, 0xb7, 0xbd, 0xb7, 0xb5, 0x97, 0xb5, 0x97, 0xb5,
        0x18, 0xc6, 0x38, 0xce, 0x38, 0xce, 0x38, 0xce, 0x58, 0xce, 0x79, 0xd6, 0x79, 0xd6, 0x79, 0xd6, 0x99, 0xd6, 0x99, 0xd6,
        0x9a, 0xd6, 0xb7, 0xbd, 0x55, 0xad, 0x76, 0xb5, 0xcf, 0x7b, 0x00, 0x00, 0x00, 0x00, 0x00, 0x00, 0x00, 0x00, 0x00, 0x00,
        0x00, 0x00, 0x00, 0x00, 0x00, 0x00, 0x00, 0x00, 0x24, 0x21, 0x5c, 0xef, 0xbd, 0xff, 0x9c, 0xff, 0x9c, 0xff, 0x9c, 0xff,
        0x9c, 0xff, 0x9c, 0xf7, 0x9c, 0xff, 0x9c, 0xff, 0x9c, 0xff, 0xbc, 0xff, 0xbd, 0xff, 0xfe, 0xff, 0x14, 0xa5, 0x2a, 0x3a,
        0x4a, 0x42, 0x4a, 0x42, 0x4a, 0x42, 0x4a, 0x42, 0x4a, 0x42, 0x2a, 0x3a, 0x29, 0x3a, 0x29, 0x3a, 0x29, 0x3a, 0x2a, 0x3a,
        0x4a, 0x42, 0x4a, 0x42, 0x4a, 0x42, 0x4a, 0x42, 0x6a, 0x42, 0x4a, 0x42, 0x29, 0x3a, 0x08, 0x3a, 0x8d, 0x32, 0x1c, 0x1d,
        0x1c, 0x25, 0x1c, 0x25, 0x1b, 0x1d, 0x1b, 0x1d, 0xfb, 0x14, 0xda, 0x1c, 0x0a, 0x22, 0x66, 0x21, 0x87, 0x21, 0x87, 0x21,
        0x67, 0x21, 0x67, 0x21, 0x67, 0x21, 0xa8, 0x29, 0xc8, 0x31, 0xc8, 0x31, 0xa7, 0x29, 0x05, 0x19, 0x05, 0x19, 0x05, 0x19,
        0x20, 0x00, 0x00, 0x00, 0x00, 0x00, 0x00, 0x00, 0x00, 0x00, 0x00, 0x00, 0x00, 0x00, 0x00, 0x00, 0x00, 0x00, 0x20, 0x00,
        0x87, 0x21, 0xa8, 0x29, 0x88, 0x29, 0x62, 0x08, 0x00, 0x00, 0x20, 0x00, 0x20, 0x00, 0x73, 0x8d, 0x18, 0xaf, 0xd7, 0xae,
        0xd7, 0xae, 0xf7, 0xae, 0xd7, 0xae, 0xd7, 0xae, 0xd7, 0xae, 0xd7, 0xae, 0xd7, 0xae, 0xd7, 0xae, 0xd7, 0xae, 0xd7, 0xae,
        0xd7, 0xae, 0xd7, 0xae, 0xd7, 0xae, 0xd7, 0xae, 0xd7, 0xae, 0xd7, 0xae, 0xd7, 0xae, 0xd7, 0xae, 0xd7, 0xae, 0xd7, 0xae,
        0xd7, 0xae, 0xd7, 0xae, 0xd7, 0xae, 0xd7, 0xae, 0xd7, 0xae, 0xd7, 0xae, 0xd7, 0xae, 0xd7, 0xae, 0xd7, 0xae, 0xd7, 0xae,
        0xd7, 0xae, 0xd7, 0xae, 0xd7, 0xae, 0xd7, 0xae, 0xd7, 0xae, 0xd7, 0xae, 0xd7, 0xae, 0xd7, 0xae, 0xd7, 0xae, 0xd7, 0xae,
        0xd7, 0xae, 0xd7, 0xae, 0xd7, 0xae, 0xd7, 0xae, 0xd7, 0xae, 0xd7, 0xae, 0xd7, 0xae, 0xd7, 0xae, 0xd7, 0xae, 0xd7, 0xae,
        0xd7, 0xae, 0xd7, 0xae, 0xd7, 0xae, 0xd7, 0xae, 0xd7, 0xae, 0xd7, 0xae, 0xd7, 0xae, 0xd7, 0xae, 0xd7, 0xae, 0xd7, 0xae,
        0xd7, 0xae, 0xd7, 0xae, 0xd7, 0xae, 0xd7, 0xae, 0xd7, 0xae, 0xd7, 0xae, 0xd7, 0xae, 0xd7, 0xae, 0xd7, 0xae, 0xd7, 0xae,
        0xd7, 0xae, 0xd7, 0xae, 0xd7, 0xae, 0xd7, 0xae, 0xd7, 0xae, 0xd7, 0xae, 0xd7, 0xae, 0xd7, 0xae, 0xd7, 0xae, 0xd7, 0xae,
        0xd7, 0xae, 0xd7, 0xae, 0xd7, 0xae, 0xd7, 0xae, 0xd7, 0xae, 0xd7, 0xae, 0xd7, 0xae, 0xd7, 0xae, 0xd7, 0xae, 0xd7, 0xae,
        0xd7, 0xae, 0xd7, 0xae, 0xd7, 0xae, 0xd7, 0xae, 0xd7, 0xae, 0xd7, 0xae, 0xd7, 0xae, 0xd7, 0xae, 0xd7, 0xae, 0xd7, 0xae,
        0xd7, 0xae, 0xd7, 0xae, 0xd7, 0xae, 0xd7, 0xae, 0xd7, 0xae, 0xd7, 0xae, 0xd7, 0xae, 0xd7, 0xae, 0xd7, 0xae, 0xd7, 0xae,
        0xd7, 0xae, 0xd7, 0xae, 0xd7, 0xae, 0xd7, 0xae, 0xd7, 0xae, 0xd7, 0xae, 0xd7, 0xae, 0xd7, 0xae, 0xd7, 0xae, 0xd7, 0xae,
        0xd7, 0xae, 0xd7, 0xae, 0xd7, 0xae, 0xd7, 0xae, 0xd7, 0xae, 0xd7, 0xae, 0xd7, 0xae, 0xd7, 0xae, 0xd7, 0xae, 0xd7, 0xae,
        0xd7, 0xae, 0xd7, 0xae, 0xd7, 0xae, 0xd7, 0xae, 0xd7, 0xae, 0xd7, 0xae, 0xd7, 0xae, 0xd7, 0xae, 0xd7, 0xae, 0xd7, 0xae,
        0xd7, 0xae, 0xd7, 0xae, 0xd7, 0xae, 0xd7, 0xae, 0xd7, 0xae, 0xd7, 0xae, 0xd7, 0xae, 0xd7, 0xae, 0x38, 0xb7, 0xb0, 0x74,
        0x00, 0x00, 0x00, 0x00, 0x00, 0x00, 0xa2, 0x10, 0x93, 0x8d, 0x14, 0x96, 0x96, 0xa6, 0x6b, 0x53, 0x20, 0x00, 0x20, 0x00,
        0x82, 0x10, 0x2a, 0x3a, 0x09, 0x3a, 0x09, 0x3a, 0xa8, 0x29, 0x26, 0x19, 0x26, 0x19, 0x05, 0x19, 0x05, 0x19, 0x26, 0x19,
        0x26, 0x19, 0x26, 0x19, 0x67, 0x21, 0x87, 0x29, 0x87, 0x29, 0xa8, 0x29, 0xe9, 0x31, 0x09, 0x32, 0x09, 0x3a, 0x09, 0x3a,
        0x4a, 0x42, 0x6a, 0x42, 0x09, 0x3a, 0x8e, 0x73, 0xdd, 0xff, 0x9c, 0xf7, 0x7b, 0xf7, 0x9c, 0xf7, 0x9c, 0xff, 0xbd, 0xff,
        0x7c, 0xf7, 0x12, 0xa5, 0xb1, 0x9c, 0xd1, 0x9c, 0x49, 0x4a, 0x04, 0x21, 0x04, 0x21, 0xe3, 0x20, 0xe3, 0x20, 0xe3, 0x20,
        0x04, 0x21, 0x24, 0x21, 0xe3, 0x18, 0xc3, 0x18, 0xc3, 0x18, 0xc3, 0x18, 0x20, 0x00, 0x00, 0x00, 0x00, 0x00, 0x20, 0x00,
        0x20, 0x00, 0x61, 0x08, 0xc3, 0x18, 0xa3, 0x10, 0xa3, 0x10, 0xe3, 0x18, 0x04, 0x21, 0x04, 0x21, 0x04, 0x21, 0xe4, 0x20,
        0x04, 0x21, 0x04, 0x21, 0x04, 0x21, 0x04, 0x21, 0x24, 0x21, 0x24, 0x21, 0x45, 0x29, 0x24, 0x21, 0x24, 0x21, 0x24, 0x21,
        0x25, 0x29, 0x04, 0x21, 0xc3, 0x18, 0xc3, 0x18, 0x82, 0x10, 0x00, 0x00, 0x00, 0x00, 0x00, 0x00, 0x00, 0x00, 0x00, 0x00,
        0x00, 0x00, 0x20, 0x00, 0x70, 0x94, 0xb5, 0xb5, 0x16, 0xc6, 0x9c, 0xf7, 0x9c, 0xff, 0x9c, 0xff, 0x9c, 0xff, 0x9c, 0xff,
        0x9c, 0xff, 0x9c, 0xff, 0x9c, 0xff, 0x9c, 0xff, 0xdd, 0xff, 0x17, 0xc6, 0x14, 0xa5, 0x55, 0xad, 0x8f, 0x73, 0x09, 0x3a,
        0x2a, 0x3a, 0x2a, 0x3a, 0x29, 0x3a, 0x29, 0x3a, 0x2a, 0x3a, 0x09, 0x3a, 0xe9, 0x31, 0xe9, 0x31, 0x09, 0x3a, 0x09, 0x3a,
        0x29, 0x3a, 0x29, 0x3a, 0x4a, 0x3a, 0x4a, 0x42, 0x4a, 0x42, 0x4a, 0x42, 0x4a, 0x42, 0x4a, 0x42, 0x2a, 0x3a, 0x2c, 0x22,
        0x2b, 0x22, 0x2b, 0x22, 0x2b, 0x22, 0x0b, 0x22, 0xea, 0x21, 0x0a, 0x22, 0x37, 0x1c, 0x99, 0x1c, 0x99, 0x1c, 0x58, 0x1c,
        0x94, 0x13, 0x74, 0x13, 0x75, 0x13, 0xeb, 0x19, 0x25, 0x21, 0x46, 0x19, 0x46, 0x19, 0x26, 0x19, 0x26, 0x19, 0x26, 0x19,
        0x21, 0x00, 0x00, 0x00, 0x00, 0x00, 0x00, 0x00, 0x00, 0x00, 0x00, 0x00, 0x61, 0x08, 0x47, 0x2a, 0x47, 0x32, 0x27, 0x32,
        0x26, 0x19, 0x05, 0x19, 0x05, 0x19, 0x42, 0x08, 0x00, 0x00, 0x20, 0x00, 0x20, 0x00, 0x93, 0x8d, 0x18, 0xaf, 0xd7, 0xae,
        0xd7, 0xae, 0xd7, 0xae, 0xd7, 0xae, 0xd7, 0xae, 0xd7, 0xae, 0xd7, 0xae, 0xd7, 0xae, 0xd7, 0xae, 0xd7, 0xae, 0xd7, 0xae,
        0xd7, 0xae, 0xd7, 0xae, 0xd7, 0xae, 0xd7, 0xae, 0xd7, 0xae, 0xd7, 0xae, 0xd7, 0xae, 0xd7, 0xae, 0xd7, 0xae, 0xd7, 0xae,
        0xd7, 0xae, 0xd7, 0xae, 0xd7, 0xae, 0xd7, 0xae, 0xd7, 0xae, 0xd7, 0xae, 0xd7, 0xae, 0xd7, 0xae, 0xd7, 0xae, 0xd7, 0xae,
        0xd7, 0xae, 0xd7, 0xae, 0xd7, 0xae, 0xd7, 0xae, 0xd7, 0xae, 0xd7, 0xae, 0xd7, 0xae, 0xd7, 0xae, 0xd7, 0xae, 0xd7, 0xae,
        0xd7, 0xae, 0xd7, 0xae, 0xd7, 0xae, 0xd7, 0xae, 0xd7, 0xae, 0xd7, 0xae, 0xd7, 0xae, 0xd7, 0xae, 0xd7, 0xae, 0xd7, 0xae,
        0xd7, 0xae, 0xd7, 0xae, 0xd7, 0xae, 0xd7, 0xae, 0xd7, 0xae, 0xd7, 0xae, 0xd7, 0xae, 0xd7, 0xae, 0xd7, 0xae, 0xd7, 0xae,
        0xd7, 0xae, 0xd7, 0xae, 0xd7, 0xae, 0xd7, 0xae, 0xd7, 0xae, 0xd7, 0xae, 0xd7, 0xae, 0xd7, 0xae, 0xd7, 0xae, 0xd7, 0xae,
        0xd7, 0xae, 0xd7, 0xae, 0xd7, 0xae, 0xd7, 0xae, 0xd7, 0xae, 0xd7, 0xae, 0xd7, 0xae, 0xd7, 0xae, 0xd7, 0xae, 0xd7, 0xae,
        0xd7, 0xae, 0xd7, 0xae, 0xd7, 0xae, 0xd7, 0xae, 0xd7, 0xae, 0xd7, 0xae, 0xd7, 0xae, 0xd7, 0xae, 0xd7, 0xae, 0xd7, 0xae,
        0xd7, 0xae, 0xd7, 0xae, 0xd7, 0xae, 0xd7, 0xae, 0xd7, 0xae, 0xd7, 0xae, 0xd7, 0xae, 0xd7, 0xae, 0xd7, 0xae, 0xd7, 0xae,
        0xd7, 0xae, 0xd7, 0xae, 0xd7, 0xae, 0xd7, 0xae, 0xd7, 0xae, 0xd7, 0xae, 0xd7, 0xae, 0xd7, 0xae, 0xd7, 0xae, 0xd7, 0xae,
        0xd7, 0xae, 0xd7, 0xae, 0xd7, 0xae, 0xd7, 0xae, 0xd7, 0xae, 0xd7, 0xae, 0xd7, 0xae, 0xd7, 0xae, 0xd7, 0xae, 0xd7, 0xae,
        0xd7, 0xae, 0xd7, 0xae, 0xd7, 0xae, 0xd7, 0xae, 0xd7, 0xae, 0xd7, 0xae, 0xd7, 0xae, 0xd7, 0xae, 0xd7, 0xae, 0xd7, 0xae,
        0xd7, 0xae, 0xd7, 0xae, 0xd7, 0xae, 0xd7, 0xae, 0xd7, 0xae, 0xd7, 0xae, 0xd7, 0xae, 0xd7, 0xae, 0xd7, 0xae, 0xd7, 0xae,
        0xd7, 0xae, 0xd7, 0xae, 0xd7, 0xae, 0xd7, 0xae, 0xd7, 0xae, 0xd7, 0xae, 0xd7, 0xae, 0xd7, 0xae, 0x39, 0xbf, 0xd1, 0x7c,
        0x00, 0x00, 0x00, 0x00, 0x00, 0x00, 0xa2, 0x10, 0x55, 0x9e, 0xf7, 0xa6, 0x58, 0xb7, 0x2b, 0x4b, 0x00, 0x00, 0x00, 0x00,
        0x82, 0x10, 0x29, 0x3a, 0x09, 0x32, 0x09, 0x3a, 0xa8, 0x29, 0x06, 0x19, 0x05, 0x19, 0xc4, 0x10, 0xe5, 0x10, 0x26, 0x19,
        0x26, 0x19, 0x26, 0x19, 0x47, 0x21, 0x67, 0x21, 0x67, 0x21, 0x87, 0x29, 0x09, 0x3a, 0x09, 0x3a, 0x09, 0x3a, 0x09, 0x3a,
        0xe9, 0x31, 0xe9, 0x31, 0xa8, 0x29, 0x4d, 0x63, 0xdd, 0xff, 0x9c, 0xff, 0x9c, 0xff, 0x7c, 0xf7, 0x9c, 0xf7, 0x9c, 0xf7,
        0x9c, 0xff, 0xdd, 0xff, 0xdc, 0xff, 0xfd, 0xff, 0x4c, 0x6b, 0x00, 0x00, 0x00, 0x00, 0x00, 0x00, 0x00, 0x00, 0x00, 0x00,
        0x00, 0x00, 0x00, 0x00, 0x00, 0x00, 0x00, 0x00, 0x00, 0x00, 0x00, 0x00, 0x00, 0x00, 0x00, 0x00, 0x00, 0x00, 0x00, 0x00,
        0x20, 0x08, 0x20, 0x00, 0x00, 0x00, 0x00, 0x00, 0x00, 0x00, 0x00, 0x00, 0x00, 0x00, 0x00, 0x00, 0x00, 0x00, 0x00, 0x00,
        0x00, 0x00, 0x00, 0x00, 0x00, 0x00, 0x00, 0x00, 0x00, 0x00, 0x00, 0x00, 0x00, 0x00, 0x00, 0x00, 0x00, 0x00, 0x00, 0x00,
        0x00, 0x00, 0x00, 0x00, 0x00, 0x00, 0x00, 0x00, 0x00, 0x00, 0x00, 0x00, 0x00, 0x00, 0x00, 0x00, 0x00, 0x00, 0x00, 0x00,
        0x00, 0x00, 0x20, 0x00, 0x36, 0xce, 0xfd, 0xff, 0xbc, 0xff, 0x9b, 0xf7, 0x9c, 0xf7, 0x9c, 0xff, 0x9c, 0xff, 0x9c, 0xff,
        0x9c, 0xff, 0x9c, 0xff, 0x9c, 0xff, 0x9c, 0xff, 0xdd, 0xff, 0x75, 0xb5, 0x31, 0x84, 0x52, 0x8c, 0x0d, 0x5b, 0x09, 0x3a,
        0x2a, 0x3a, 0x2a, 0x3a, 0x29, 0x3a, 0x29, 0x3a, 0x29, 0x3a, 0xe9, 0x31, 0xc8, 0x31, 0xe8, 0x31, 0x09, 0x32, 0x09, 0x3a,
        0x09, 0x3a, 0x29, 0x3a, 0x29, 0x3a, 0x2a, 0x42, 0x4a, 0x42, 0x6a, 0x42, 0x6a, 0x42, 0x8b, 0x4a, 0x6a, 0x42, 0x87, 0x29,
        0x87, 0x21, 0x87, 0x21, 0x87, 0x21, 0x67, 0x21, 0x66, 0x21, 0x87, 0x21, 0xbb, 0x14, 0x5e, 0x15, 0x3d, 0x15, 0xdb, 0x14,
        0xd7, 0x0b, 0xb7, 0x0b, 0xd7, 0x0b, 0xeb, 0x11, 0x05, 0x19, 0x26, 0x19, 0x26, 0x19, 0x46, 0x19, 0x46, 0x21, 0x46, 0x21,
        0x41, 0x00, 0x00, 0x00, 0x00, 0x00, 0x00, 0x00, 0x00, 0x00, 0x00, 0x00, 0xa2, 0x08, 0xd3, 0x75, 0x96, 0x86, 0x11, 0x65,
        0x41, 0x08, 0x00, 0x00, 0x20, 0x00, 0x20, 0x00, 0x20, 0x08, 0x20, 0x00, 0x20, 0x00, 0x93, 0x8d, 0x18, 0xb7, 0xd7, 0xae,
        0xd7, 0xae, 0xd7, 0xae, 0xd7, 0xae, 0xd7, 0xae, 0xd7, 0xae, 0xd7, 0xae, 0xd7, 0xae, 0xd7, 0xae, 0xd7, 0xae, 0xd7, 0xae,
        0xd7, 0xae, 0xd7, 0xae, 0xd7, 0xae, 0xd7, 0xae, 0xd7, 0xae, 0xd7, 0xae, 0xd7, 0xae, 0xd7, 0xae, 0xd7, 0xae, 0xd7, 0xae,
        0xd7, 0xae, 0xd7, 0xae, 0xd7, 0xae, 0xd7, 0xae, 0xd7, 0xae, 0xd7, 0xae, 0xd7, 0xae, 0xd7, 0xae, 0xd7, 0xae, 0xd7, 0xae,
        0xd7, 0xae, 0xd7, 0xae, 0xd7, 0xae, 0xd7, 0xae, 0xd7, 0xae, 0xd7, 0xae, 0xd7, 0xae, 0xd7, 0xae, 0xd7, 0xae, 0xd7, 0xae,
        0xd7, 0xae, 0xd7, 0xae, 0xd7, 0xae, 0xd7, 0xae, 0xd7, 0xae, 0xd7, 0xae, 0xd7, 0xae, 0xd7, 0xae, 0xd7, 0xae, 0xd7, 0xae,
        0xd7, 0xae, 0xd7, 0xae, 0xd7, 0xae, 0xd7, 0xae, 0xd7, 0xae, 0xd7, 0xae, 0xd7, 0xae, 0xd7, 0xae, 0xd7, 0xae, 0xd7, 0xae,
        0xd7, 0xae, 0xd7, 0xae, 0xd7, 0xae, 0xd7, 0xae, 0xd7, 0xae, 0xd7, 0xae, 0xd7, 0xae, 0xd7, 0xae, 0xd7, 0xae, 0xd7, 0xae,
        0xd7, 0xae, 0xd7, 0xae, 0xd7, 0xae, 0xd7, 0xae, 0xd7, 0xae, 0xd7, 0xae, 0xd7, 0xae, 0xd7, 0xae, 0xd7, 0xae, 0xd7, 0xae,
        0xd7, 0xae, 0xd7, 0xae, 0xd7, 0xae, 0xd7, 0xae, 0xd7, 0xae, 0xd7, 0xae, 0xd7, 0xae, 0xd7, 0xae, 0xd7, 0xae, 0xd7, 0xae,
        0xd7, 0xae, 0xd7, 0xae, 0xd7, 0xae, 0xd7, 0xae, 0xd7, 0xae, 0xd7, 0xae, 0xd7, 0xae, 0xd7, 0xae, 0xd7, 0xae, 0xd7, 0xae,
        0xd7, 0xae, 0xd7, 0xae, 0xd7, 0xae, 0xd7, 0xae, 0xd7, 0xae, 0xd7, 0xae, 0xd7, 0xae, 0xd7, 0xae, 0xd7, 0xae, 0xd7, 0xae,
        0xd7, 0xae, 0xd7, 0xae, 0xd7, 0xae, 0xd7, 0xae, 0xd7, 0xae, 0xd7, 0xae, 0xd7, 0xae, 0xd7, 0xae, 0xd7, 0xae, 0xd7, 0xae,
        0xd7, 0xae, 0xd7, 0xae, 0xd7, 0xae, 0xd7, 0xae, 0xd7, 0xae, 0xd7, 0xae, 0xd7, 0xae, 0xd7, 0xae, 0xd7, 0xae, 0xd7, 0xae,
        0xd7, 0xae, 0xd7, 0xae, 0xd7, 0xae, 0xd7, 0xae, 0xd7, 0xae, 0xd7, 0xae, 0xd7, 0xae, 0xd7, 0xae, 0xd7, 0xae, 0xd7, 0xae,
        0xd7, 0xae, 0xd7, 0xae, 0xd7, 0xae, 0xd7, 0xae, 0xd7, 0xae, 0xd7, 0xae, 0xd7, 0xae, 0xf7, 0xae, 0x59, 0xbf, 0xd1, 0x7c,
        0x00, 0x00, 0x00, 0x00, 0x00, 0x00, 0x82, 0x08, 0x35, 0x9e, 0xd7, 0xa6, 0x38, 0xaf, 0x6b, 0x53, 0x00, 0x00, 0x00, 0x00,
        0x62, 0x08, 0xe9, 0x31, 0xe9, 0x31, 0x09, 0x3a, 0xc8, 0x29, 0x26, 0x19, 0x26, 0x19, 0x82, 0x08, 0xc4, 0x10, 0x26, 0x19,
        0x26, 0x19, 0x26, 0x19, 0x47, 0x21, 0x67, 0x21, 0x67, 0x21, 0x87, 0x21, 0xe8, 0x31, 0xc8, 0x31, 0xc8, 0x31, 0xe8, 0x31,
        0xe9, 0x31, 0x09, 0x32, 0xa8, 0x29, 0x8e, 0x6b, 0xfe, 0xff, 0xbd, 0xff, 0xbc, 0xff, 0x9c, 0xff, 0x9b, 0xf7, 0x9b, 0xf7,
        0x7b, 0xf7, 0x7b, 0xf7, 0x7b, 0xf7, 0xdc, 0xff, 0x0b, 0x63, 0x00, 0x00, 0x00, 0x00, 0x00, 0x00, 0x00, 0x00, 0x00, 0x00,
        0x00, 0x00, 0x00, 0x00, 0x00, 0x00, 0x00, 0x00, 0x00, 0x00, 0x00, 0x00, 0x00, 0x00, 0x00, 0x00, 0x00, 0x00, 0x00, 0x00,
        0x00, 0x00, 0x00, 0x00, 0x00, 0x00, 0x00, 0x00, 0x00, 0x00, 0x00, 0x00, 0x00, 0x00, 0x00, 0x00, 0x00, 0x00, 0x00, 0x00,
        0x00, 0x00, 0x00, 0x00, 0x00, 0x00, 0x00, 0x00, 0x00, 0x00, 0x00, 0x00, 0x00, 0x00, 0x00, 0x00, 0x00, 0x00, 0x00, 0x00,
        0x00, 0x00, 0x00, 0x00, 0x00, 0x00, 0x00, 0x00, 0x00, 0x00, 0x00, 0x00, 0x00, 0x00, 0x00, 0x00, 0x00, 0x00, 0x00, 0x00,
        0x00, 0x00, 0x00, 0x00, 0xf5, 0xc5, 0xbb, 0xff, 0x7b, 0xf7, 0x9b, 0xf7, 0x9b, 0xf7, 0x9c, 0xff, 0x9c, 0xf7, 0x9c, 0xf7,
        0x9c, 0xff, 0x9c, 0xff, 0xbc, 0xff, 0xbd, 0xff, 0xdd, 0xff, 0x55, 0xad, 0xd0, 0x7b, 0x11, 0x84, 0xec, 0x5a, 0xe9, 0x31,
        0x29, 0x3a, 0x2a, 0x3a, 0x29, 0x3a, 0x29, 0x3a, 0x29, 0x3a, 0xe8, 0x31, 0xc8, 0x31, 0xc8, 0x31, 0xe9, 0x31, 0x09, 0x3a,
        0x09, 0x3a, 0x29, 0x3a, 0x29, 0x3a, 0x29, 0x3a, 0x4a, 0x42, 0x6a, 0x42, 0x8b, 0x42, 0xab, 0x4a, 0x6b, 0x42, 0x88, 0x21,
        0x87, 0x21, 0x87, 0x21, 0x87, 0x21, 0x87, 0x21, 0x66, 0x21, 0xa8, 0x21, 0xfc, 0x14, 0x7e, 0x15, 0x5e, 0x15, 0xdb, 0x14,
        0xb6, 0x13, 0xb6, 0x13, 0xb7, 0x0b, 0x0c, 0x12, 0x05, 0x19, 0x46, 0x19, 0x46, 0x19, 0x46, 0x19, 0x46, 0x21, 0x46, 0x21,
        0x41, 0x00, 0x00, 0x00, 0x00, 0x00, 0x00, 0x00, 0x00, 0x00, 0x00, 0x00, 0x61, 0x00, 0x51, 0x6d, 0x34, 0x7e, 0xcf, 0x64,
        0x40, 0x00, 0x20, 0x00, 0x00, 0x00, 0x00, 0x00, 0x20, 0x00, 0x20, 0x00, 0x20, 0x00, 0xb3, 0x95, 0x38, 0xb7, 0xd7, 0xae,
        0xd7, 0xae, 0xd7, 0xae, 0xd7, 0xae, 0xd7, 0xae, 0xd7, 0xae, 0xd7, 0xae, 0xd7, 0xae, 0xd7, 0xae, 0xd7, 0xae, 0xd7, 0xae,
        0xd7, 0xae, 0xd7, 0xae, 0xd7, 0xae, 0xd7, 0xae, 0xd7, 0xae, 0xd7, 0xae, 0xd7, 0xae, 0xd7, 0xae, 0xd7, 0xae, 0xd7, 0xae,
        0xd7, 0xae, 0xd7, 0xae, 0xd7, 0xae, 0xd7, 0xae, 0xd7, 0xae, 0xd7, 0xae, 0xd7, 0xae, 0xd7, 0xae, 0xd7, 0xae, 0xd7, 0xae,
        0xd7, 0xae, 0xd7, 0xae, 0xd7, 0xae, 0xd7, 0xae, 0xd7, 0xae, 0xd7, 0xae, 0xd7, 0xae, 0xd7, 0xae, 0xd7, 0xae, 0xd7, 0xae,
        0xd7, 0xae, 0xd7, 0xae, 0xd7, 0xae, 0xd7, 0xae, 0xd7, 0xae, 0xd7, 0xae, 0xd7, 0xae, 0xd7, 0xae, 0xd7, 0xae, 0xd7, 0xae,
        0xd7, 0xae, 0xd7, 0xae, 0xd7, 0xae, 0xd7, 0xae, 0xd7, 0xae, 0xd7, 0xae, 0xd7, 0xae, 0xd7, 0xae, 0xd7, 0xae, 0xd7, 0xae,
        0xd7, 0xae, 0xd7, 0xae, 0xd7, 0xae, 0xd7, 0xae, 0xd7, 0xae, 0xd7, 0xae, 0xd7, 0xae, 0xd7, 0xae, 0xd7, 0xae, 0xd7, 0xae,
        0xd7, 0xae, 0xd7, 0xae, 0xd7, 0xae, 0xd7, 0xae, 0xd7, 0xae, 0xd7, 0xae, 0xd7, 0xae, 0xd7, 0xae, 0xd7, 0xae, 0xd7, 0xae,
        0xd7, 0xae, 0xd7, 0xae, 0xd7, 0xae, 0xd7, 0xae, 0xd7, 0xae, 0xd7, 0xae, 0xd7, 0xae, 0xd7, 0xae, 0xd7, 0xae, 0xd7, 0xae,
        0xd7, 0xae, 0xd7, 0xae, 0xd7, 0xae, 0xd7, 0xae, 0xd7, 0xae, 0xd7, 0xae, 0xd7, 0xae, 0xd7, 0xae, 0xd7, 0xae, 0xd7, 0xae,
        0xd7, 0xae, 0xd7, 0xae, 0xd7, 0xae, 0xd7, 0xae, 0xd7, 0xae, 0xd7, 0xae, 0xd7, 0xae, 0xd7, 0xae, 0xd7, 0xae, 0xd7, 0xae,
        0xd7, 0xae, 0xd7, 0xae, 0xd7, 0xae, 0xd7, 0xae, 0xd7, 0xae, 0xd7, 0xae, 0xd7, 0xae, 0xd7, 0xae, 0xd7, 0xae, 0xd7, 0xae,
        0xd7, 0xae, 0xd7, 0xae, 0xd7, 0xae, 0xd7, 0xae, 0xd7, 0xae, 0xd7, 0xae, 0xd7, 0xae, 0xd7, 0xae, 0xd7, 0xae, 0xd7, 0xae,
        0xd7, 0xae, 0xd7, 0xae, 0xd7, 0xae, 0xd7, 0xae, 0xd7, 0xae, 0xd7, 0xae, 0xd7, 0xae, 0xd7, 0xae, 0xd7, 0xae, 0xd7, 0xae,
        0xd7, 0xae, 0xd7, 0xae, 0xd7, 0xae, 0xd7, 0xae, 0xd7, 0xae, 0xd7, 0xae, 0xd7, 0xae, 0xd7, 0xae, 0x39, 0xbf, 0x52, 0x8d,
        0x64, 0x21, 0x85, 0x29, 0x85, 0x21, 0x27, 0x32, 0x76, 0xa6, 0xb7, 0xa6, 0x18, 0xaf, 0x8b, 0x53, 0x00, 0x00, 0x00, 0x00,
        0x41, 0x08, 0xc8, 0x29, 0xc8, 0x31, 0xe9, 0x31, 0xa8, 0x29, 0x26, 0x19, 0x26, 0x19, 0x41, 0x00, 0x83, 0x10, 0x26, 0x19,
        0x06, 0x19, 0x26, 0x19, 0x47, 0x21, 0x67, 0x21, 0x67, 0x21, 0x67, 0x21, 0x67, 0x21, 0x46, 0x21, 0x46, 0x21, 0x67, 0x21,
        0xc8, 0x31, 0xe8, 0x31, 0xa8, 0x29, 0xec, 0x52, 0x96, 0xb5, 0x35, 0xa5, 0xf4, 0x9c, 0x78, 0xd6, 0xbc, 0xff, 0x7b, 0xf7,
        0x7b, 0xf7, 0x7b, 0xf7, 0x7b, 0xf7, 0xdc, 0xff, 0xee, 0x83, 0x04, 0x21, 0x04, 0x21, 0x04, 0x21, 0x41, 0x08, 0x20, 0x00,
        0x00, 0x00, 0x00, 0x00, 0x00, 0x00, 0x00, 0x00, 0x00, 0x00, 0x00, 0x00, 0x20, 0x10, 0x41, 0x20, 0x41, 0x20, 0x61, 0x20,
        0x61, 0x20, 0x61, 0x20, 0x61, 0x20, 0x61, 0x20, 0x61, 0x20, 0x61, 0x28, 0x61, 0x20, 0x61, 0x20, 0x61, 0x20, 0x61, 0x20,
        0x61, 0x20, 0x61, 0x20, 0x61, 0x20, 0x41, 0x20, 0x41, 0x20, 0x41, 0x20, 0x41, 0x20, 0x41, 0x20, 0x61, 0x20, 0x61, 0x20,
        0x41, 0x20, 0x00, 0x08, 0x00, 0x00, 0x00, 0x00, 0x00, 0x00, 0x00, 0x00, 0x20, 0x00, 0x00, 0x00, 0x82, 0x10, 0xa6, 0x31,
        0xa6, 0x31, 0x07, 0x42, 0x98, 0xde, 0x9b, 0xff, 0x7b, 0xf7, 0x9b, 0xf7, 0x9b, 0xf7, 0x9b, 0xf7, 0x9b, 0xf7, 0x9b, 0xf7,
        0x7b, 0xf7, 0x9c, 0xff, 0x3b, 0xef, 0x1b, 0xef, 0x1b, 0xef, 0xcf, 0x7b, 0xe8, 0x31, 0x09, 0x3a, 0xe9, 0x39, 0xe9, 0x31,
        0x09, 0x3a, 0x2a, 0x3a, 0x29, 0x3a, 0x29, 0x3a, 0x09, 0x3a, 0xc8, 0x31, 0xa8, 0x29, 0xc8, 0x31, 0x09, 0x3a, 0x29, 0x3a,
        0x09, 0x3a, 0x09, 0x3a, 0x09, 0x3a, 0x09, 0x3a, 0x09, 0x3a, 0x2a, 0x3a, 0x2a, 0x3a, 0x4a, 0x42, 0x29, 0x3a, 0x87, 0x21,
        0x87, 0x21, 0x67, 0x21, 0x67, 0x21, 0x67, 0x21, 0x46, 0x21, 0x67, 0x19, 0xd5, 0x1b, 0x37, 0x1c, 0x16, 0x1c, 0x37, 0x1c,
        0x38, 0x14, 0x38, 0x14, 0x7a, 0x14, 0x4d, 0x12, 0x25, 0x21, 0x46, 0x19, 0x26, 0x19, 0x26, 0x19, 0x26, 0x21, 0x25, 0x19,
        0x21, 0x00, 0x00, 0x00, 0x00, 0x00, 0x00, 0x00, 0x00, 0x00, 0x00, 0x00, 0x00, 0x00, 0x84, 0x19, 0xc5, 0x21, 0x06, 0x2a,
        0x00, 0x00, 0x00, 0x00, 0x00, 0x00, 0x00, 0x00, 0x00, 0x00, 0x00, 0x00, 0x00, 0x00, 0xb3, 0x8d, 0x39, 0xb7, 0xd7, 0xae,
        0xd7, 0xae, 0xd7, 0xae, 0xd7, 0xae, 0xd7, 0xae, 0xd7, 0xae, 0xd7, 0xae, 0xd7, 0xae, 0xd7, 0xae, 0xd7, 0xae, 0xd7, 0xae,
        0xd7, 0xae, 0xd7, 0xae, 0xd7, 0xae, 0xd7, 0xae, 0xd7, 0xae, 0xd7, 0xae, 0xd7, 0xae, 0xd7, 0xae, 0xd7, 0xae, 0xd7, 0xae,
        0xd7, 0xae, 0xd7, 0xae, 0xd7, 0xae, 0xd7, 0xae, 0xd7, 0xae, 0xd7, 0xae, 0xd7, 0xae, 0xd7, 0xae, 0xd7, 0xae, 0xd7, 0xae,
        0xd7, 0xae, 0xd7, 0xae, 0xd7, 0xae, 0xd7, 0xae, 0xd7, 0xae, 0xd7, 0xae, 0xd7, 0xae, 0xd7, 0xae, 0xd7, 0xae, 0xd7, 0xae,
        0xd7, 0xae, 0xd7, 0xae, 0xd7, 0xae, 0xd7, 0xae, 0xd7, 0xae, 0xd7, 0xae, 0xd7, 0xae, 0xd7, 0xae, 0xd7, 0xae, 0xd7, 0xae,
        0xd7, 0xae, 0xd7, 0xae, 0xd7, 0xae, 0xd7, 0xae, 0xd7, 0xae, 0xd7, 0xae, 0xd7, 0xae, 0xd7, 0xae, 0xd7, 0xae, 0xd7, 0xae,
        0xd7, 0xae, 0xd7, 0xae, 0xd7, 0xae, 0xd7, 0xae, 0xd7, 0xae, 0xd7, 0xae, 0xd7, 0xae, 0xd7, 0xae, 0xd7, 0xae, 0xd7, 0xae,
        0xd7, 0xae, 0xd7, 0xae, 0xd7, 0xae, 0xd7, 0xae, 0xd7, 0xae, 0xd7, 0xae, 0xd7, 0xae, 0xd7, 0xae, 0xd7, 0xae, 0xd7, 0xae,
        0xd7, 0xae, 0xd7, 0xae, 0xd7, 0xae, 0xd7, 0xae, 0xd7, 0xae, 0xd7, 0xae, 0xd7, 0xae, 0xd7, 0xae, 0xd7, 0xae, 0xd7, 0xae,
        0xd7, 0xae, 0xd7, 0xae, 0xd7, 0xae, 0xd7, 0xae, 0xd7, 0xae, 0xd7, 0xae, 0xd7, 0xae, 0xd7, 0xae, 0xd7, 0xae, 0xd7, 0xae,
        0xd7, 0xa6, 0xd7, 0xae, 0xd7, 0xae, 0xd7, 0xae, 0xd7, 0xae, 0xd7, 0xae, 0xd7, 0xae, 0xd7, 0xae, 0xd7, 0xae, 0xd7, 0xae,
        0xd7, 0xae, 0xd7, 0xae, 0xd7, 0xae, 0xd7, 0xae, 0xd7, 0xae, 0xd7, 0xae, 0xd7, 0xae, 0xd7, 0xae, 0xd7, 0xae, 0xd7, 0xae,
        0xd7, 0xae, 0xd7, 0xae, 0xd7, 0xae, 0xd7, 0xae, 0xd7, 0xae, 0xd7, 0xae, 0xd7, 0xae, 0xd7, 0xae, 0xd7, 0xae, 0xd7, 0xae,
        0xd7, 0xae, 0xd7, 0xae, 0xd7, 0xae, 0xd7, 0xae, 0xd7, 0xae, 0xd7, 0xae, 0xd7, 0xae, 0xd7, 0xae, 0xd7, 0xae, 0xd7, 0xae,
        0xd7, 0xae, 0xd7, 0xae, 0xd7, 0xae, 0xd7, 0xae, 0xd7, 0xae, 0xd7, 0xae, 0xd7, 0xae, 0xd7, 0xae, 0xd7, 0xae, 0xd7, 0xae,
        0xd8, 0xae, 0xf8, 0xae, 0xf8, 0xae, 0xf7, 0xae, 0xd7, 0xa6, 0xb7, 0xa6, 0x18, 0xaf, 0x8c, 0x53, 0x00, 0x00, 0x00, 0x00,
        0x21, 0x00, 0x26, 0x19, 0x66, 0x21, 0xe4, 0x10, 0x82, 0x08, 0xa3, 0x08, 0xa3, 0x10, 0x41, 0x08, 0x83, 0x10, 0x06, 0x11,
        0x05, 0x11, 0x05, 0x19, 0x67, 0x21, 0x67, 0x21, 0x67, 0x21, 0x67, 0x21, 0x67, 0x21, 0x46, 0x21, 0x46, 0x21, 0x66, 0x21,
        0xc8, 0x31, 0xe9, 0x31, 0xe9, 0x31, 0x4a, 0x42, 0x70, 0x6b, 0x70, 0x6b, 0x2f, 0x5b, 0x17, 0xc6, 0xdc, 0xff, 0x9b, 0xf7,
        0x9b, 0xff, 0x7b, 0xf7, 0x7b, 0xf7, 0x7b, 0xff, 0x7b, 0xf7, 0x79, 0xd6, 0xb6, 0xb5, 0xb6, 0xb5, 0x24, 0x21, 0x00, 0x00,
        0x00, 0x00, 0x00, 0x00, 0x00, 0x00, 0x00, 0x00, 0x00, 0x00, 0x00, 0x00, 0x04, 0x61, 0xc8, 0xb1, 0xa7, 0xa1, 0xa7, 0x99,
        0xa7, 0x99, 0xa7, 0x99, 0xa7, 0x99, 0xc8, 0x99, 0xa7, 0xa1, 0xa7, 0xa1, 0xa7, 0xa1, 0xa7, 0xa1, 0xa7, 0x99, 0xa7, 0x99,
        0xa6, 0xa1, 0xa7, 0xa1, 0xa7, 0xa1, 0x86, 0x99, 0x86, 0x99, 0x86, 0x91, 0x86, 0x91, 0x86, 0x99, 0x86, 0x99, 0x86, 0xa1,
        0x86, 0xa9, 0x61, 0x28, 0x20, 0x00, 0x20, 0x00, 0x20, 0x00, 0x00, 0x00, 0x20, 0x00, 0x00, 0x00, 0x0b, 0x63, 0xfe, 0xff,
        0xbc, 0xff, 0xbc, 0xff, 0x9b, 0xf7, 0x7b, 0xf7, 0x7b, 0xf7, 0x9b, 0xf7, 0x9b, 0xf7, 0x9b, 0xf7, 0x9b, 0xf7, 0x7b, 0xff,
        0x9b, 0xff, 0x9b, 0xff, 0x38, 0xce, 0xb7, 0xbd, 0xd8, 0xc5, 0x4e, 0x6b, 0xe8, 0x31, 0x09, 0x3a, 0x09, 0x3a, 0x09, 0x3a,
        0x29, 0x42, 0x4a, 0x42, 0x6a, 0x42, 0x6a, 0x42, 0x4a, 0x42, 0xe9, 0x31, 0xc8, 0x31, 0xe8, 0x31, 0x09, 0x3a, 0x2a, 0x3a,
        0x2a, 0x3a, 0x29, 0x3a, 0xa8, 0x29, 0x87, 0x21, 0x87, 0x29, 0x88, 0x29, 0x87, 0x29, 0x87, 0x21, 0x87, 0x21, 0x67, 0x21,
        0x67, 0x21, 0x67, 0x21, 0x46, 0x19, 0x05, 0x11, 0x05, 0x11, 0xe5, 0x10, 0x26, 0x19, 0x47, 0x21, 0x25, 0x21, 0xf0, 0x1a,
        0x5e, 0x1d, 0x3d, 0x1d, 0x9f, 0x1d, 0xaf, 0x1a, 0x25, 0x19, 0x46, 0x19, 0x26, 0x19, 0xe5, 0x10, 0xe4, 0x10, 0xe4, 0x10,
        0x20, 0x00, 0x00, 0x00, 0x20, 0x00, 0x20, 0x08, 0x00, 0x00, 0x00, 0x00, 0x00, 0x00, 0x00, 0x00, 0x00, 0x00, 0x00, 0x00,
        0x61, 0x08, 0xa2, 0x10, 0xa2, 0x08, 0xa2, 0x10, 0xa2, 0x10, 0xc2, 0x10, 0xe3, 0x18, 0xf4, 0x95, 0x38, 0xb7, 0xf8, 0xae,
        0xd7, 0xae, 0xd7, 0xae, 0xd7, 0xae, 0xd7, 0xae, 0xd7, 0xae, 0xd7, 0xae, 0xd7, 0xae, 0xd7, 0xae, 0xd7, 0xae, 0xd7, 0xae,
        0xd7, 0xae, 0xd7, 0xae, 0xd7, 0xae, 0xd7, 0xae, 0xd7, 0xae, 0xd7, 0xae, 0xd7, 0xae, 0xd7, 0xae, 0xd7, 0xae, 0xd7, 0xae,
        0xd7, 0xae, 0xd7, 0xae, 0xd7, 0xae, 0xd7, 0xae, 0xd7, 0xae, 0xd7, 0xae, 0xd7, 0xae, 0xd7, 0xae, 0xd7, 0xae, 0xd7, 0xae,
        0xd7, 0xae, 0xd7, 0xae, 0xd7, 0xae, 0xd7, 0xae, 0xd7, 0xae, 0xd7, 0xae, 0xd7, 0xae, 0xd7, 0xae, 0xd7, 0xae, 0xd7, 0xae,
        0xd7, 0xae, 0xd7, 0xae, 0xd7, 0xae, 0xd7, 0xae, 0xd7, 0xae, 0xd7, 0xae, 0xd7, 0xae, 0xd7, 0xae, 0xd7, 0xae, 0xd7, 0xae,
        0xd7, 0xae, 0xd7, 0xae, 0xd7, 0xae, 0xd7, 0xae, 0xd7, 0xae, 0xd7, 0xae, 0xd7, 0xae, 0xd7, 0xae, 0xd7, 0xae, 0xd7, 0xae,
        0xd7, 0xae, 0xd7, 0xae, 0xd7, 0xae, 0xd7, 0xae, 0xd7, 0xae, 0xd7, 0xae, 0xd7, 0xae, 0xd7, 0xae, 0xd7, 0xae, 0xd7, 0xae,
        0xd7, 0xae, 0xd7, 0xae, 0xd7, 0xae, 0xd7, 0xae, 0xd7, 0xae, 0xd7, 0xae, 0xd7, 0xae, 0xd7, 0xae, 0xd7, 0xae, 0xd7, 0xae,
        0xd7, 0xae, 0xd7, 0xae, 0xd7, 0xae, 0xd7, 0xae, 0xd7, 0xae, 0xd7, 0xae, 0xd7, 0xae, 0xd7, 0xae, 0xd7, 0xae, 0xd7, 0xae,
        0xd7, 0xae, 0xd7, 0xae, 0xd7, 0xae, 0xd7, 0xae, 0xd7, 0xae, 0xd7, 0xae, 0xd7, 0xae, 0xd7, 0xae, 0xd7, 0xae, 0xd7, 0xae,
        0xd7, 0xae, 0xd7, 0xae, 0xd7, 0xae, 0xd7, 0xae, 0xd7, 0xae, 0xd7, 0xae, 0xd7, 0xae, 0xd7, 0xae, 0xd7, 0xae, 0xd7, 0xae,
        0xd7, 0xae, 0xd7, 0xae, 0xd7, 0xae, 0xd7, 0xae, 0xd7, 0xae, 0xd7, 0xae, 0xd7, 0xae, 0xd7, 0xae, 0xd7, 0xae, 0xd7, 0xae,
        0xd7, 0xae, 0xd7, 0xae, 0xd7, 0xae, 0xd7, 0xae, 0xd7, 0xae, 0xd7, 0xae, 0xd7, 0xae, 0xd7, 0xae, 0xd7, 0xae, 0xd7, 0xae,
        0xd7, 0xae, 0xd7, 0xae, 0xd7, 0xae, 0xd7, 0xae, 0xd7, 0xae, 0xd7, 0xae, 0xd7, 0xae, 0xd7, 0xae, 0xd7, 0xae, 0xd7, 0xae,
        0xd7, 0xae, 0xd7, 0xae, 0xd7, 0xae, 0xd7, 0xae, 0xd7, 0xae, 0xd7, 0xae, 0xd7, 0xae, 0xd7, 0xae, 0xd7, 0xae, 0xd7, 0xae,
        0xf7, 0xae, 0xf7, 0xae, 0xd7, 0xae, 0xd7, 0xae, 0xd7, 0xa6, 0xb7, 0xa6, 0x38, 0xb7, 0x8c, 0x53, 0x00, 0x00, 0x00, 0x00,
        0x21, 0x00, 0x25, 0x19, 0x46, 0x21, 0xa3, 0x10, 0x00, 0x00, 0x00, 0x00, 0x01, 0x00, 0x21, 0x08, 0x05, 0x11, 0x47, 0x19,
        0x26, 0x19, 0x26, 0x19, 0x67, 0x21, 0x87, 0x21, 0x67, 0x21, 0x09, 0x3a, 0x15, 0xa5, 0x15, 0xa5, 0xf4, 0x9c, 0x14, 0xa5,
        0x35, 0xad, 0x55, 0xad, 0x76, 0xb5, 0xd4, 0x9c, 0x4f, 0x63, 0x70, 0x6b, 0x4f, 0x63, 0xf8, 0xc5, 0x7c, 0xf7, 0x5b, 0xef,
        0x3a, 0xf7, 0x7b, 0xf7, 0x9b, 0xf7, 0x9b, 0xf7, 0xbc, 0xff, 0xb9, 0xd6, 0xb6, 0xb5, 0xb6, 0xb5, 0x24, 0x21, 0x00, 0x00,
        0x00, 0x00, 0x00, 0x00, 0x00, 0x00, 0x00, 0x00, 0x00, 0x00, 0x00, 0x00, 0x25, 0x71, 0xc8, 0xb1, 0xa7, 0xa1, 0xa7, 0x99,
        0xa7, 0x99, 0xa8, 0x99, 0xa8, 0x99, 0xa8, 0x99, 0xa7, 0x99, 0xa7, 0x99, 0xa7, 0x99, 0xa7, 0x99, 0xa7, 0x99, 0xa7, 0xa1,
        0xa7, 0xa1, 0xa6, 0xa1, 0xa6, 0xa1, 0x86, 0x99, 0x86, 0x99, 0x86, 0x99, 0x86, 0x91, 0x86, 0x91, 0x86, 0x99, 0x86, 0x99,
        0x86, 0xa1, 0x61, 0x28, 0x00, 0x00, 0x20, 0x00, 0x20, 0x00, 0x20, 0x00, 0x20, 0x00, 0x00, 0x00, 0x0b, 0x63, 0xfe, 0xff,
        0x9c, 0xff, 0x9c, 0xff, 0x7b, 0xf7, 0x7b, 0xf7, 0x7b, 0xf7, 0x9b, 0xff, 0x7b, 0xff, 0x7b, 0xf7, 0x9c, 0xff, 0x5b, 0xf7,
        0x99, 0xd6, 0x79, 0xd6, 0xd8, 0xbd, 0xb7, 0xbd, 0xd7, 0xbd, 0x96, 0xb5, 0x55, 0xad, 0x55, 0xad, 0x35, 0xad, 0x15, 0xa5,
        0x35, 0xad, 0x35, 0xad, 0x56, 0xad, 0x56, 0xad, 0x35, 0xad, 0x35, 0xa5, 0x15, 0xa5, 0x55, 0xad, 0xd0, 0x7b, 0x09, 0x3a,
        0x4a, 0x42, 0x2a, 0x3a, 0xa8, 0x29, 0x87, 0x21, 0x87, 0x21, 0x87, 0x29, 0x87, 0x21, 0x87, 0x21, 0x67, 0x21, 0x67, 0x21,
        0x67, 0x21, 0x67, 0x21, 0x26, 0x19, 0x05, 0x11, 0xe5, 0x10, 0x05, 0x11, 0x67, 0x21, 0x88, 0x21, 0x67, 0x21, 0x11, 0x1b,
        0x3e, 0x15, 0x1c, 0x15, 0x3e, 0x15, 0x8f, 0x12, 0x05, 0x19, 0x46, 0x19, 0x26, 0x19, 0xc4, 0x10, 0xa4, 0x08, 0xc4, 0x10,
        0x20, 0x00, 0x00, 0x00, 0x00, 0x00, 0x62, 0x00, 0xa7, 0x09, 0xa8, 0x11, 0x25, 0x09, 0x00, 0x00, 0x00, 0x00, 0x00, 0x00,
        0x8c, 0x5b, 0x97, 0xa6, 0x35, 0x9e, 0x55, 0x9e, 0x55, 0x9e, 0x76, 0xa6, 0x96, 0xa6, 0xd7, 0xae, 0xf8, 0xae, 0xd7, 0xae,
        0xd7, 0xae, 0xf7, 0xae, 0xd7, 0xae, 0xd7, 0xae, 0xd7, 0xae, 0xd7, 0xae, 0xd7, 0xae, 0xd7, 0xae, 0xd7, 0xae, 0xd7, 0xae,
        0xd7, 0xae, 0xd7, 0xae, 0xd7, 0xae, 0xd7, 0xae, 0xd7, 0xae, 0xd7, 0xae, 0xd7, 0xae, 0xd7, 0xae, 0xd7, 0xae, 0xd7, 0xae,
        0xd7, 0xae, 0xd7, 0xae, 0xd7, 0xae, 0xd7, 0xae, 0xd7, 0xae, 0xd7, 0xae, 0xd7, 0xae, 0xd7, 0xae, 0xd7, 0xae, 0xd7, 0xae,
        0xd7, 0xae, 0xd7, 0xae, 0xd7, 0xae, 0xd7, 0xae, 0xd7, 0xae, 0xd7, 0xae, 0xd7, 0xae, 0xd7, 0xae, 0xd7, 0xae, 0xd7, 0xae,
        0xd7, 0xae, 0xd7, 0xae, 0xd7, 0xae, 0xd7, 0xae, 0xd7, 0xae, 0xd7, 0xae, 0xd7, 0xae, 0xd7, 0xae, 0xd7, 0xae, 0xd7, 0xae,
        0xd7, 0xae, 0xd7, 0xae, 0xd7, 0xae, 0xd7, 0xae, 0xd7, 0xae, 0xd7, 0xae, 0xd7, 0xae, 0xd7, 0xae, 0xd7, 0xae, 0xd7, 0xae,
        0xd7, 0xae, 0xd7, 0xae, 0xd7, 0xae, 0xd7, 0xae, 0xd7, 0xae, 0xd7, 0xae, 0xd7, 0xae, 0xd7, 0xae, 0xd7, 0xae, 0xd7, 0xae,
        0xd7, 0xae, 0xd7, 0xae, 0xd7, 0xae, 0xd7, 0xae, 0xd7, 0xae, 0xd7, 0xae, 0xd7, 0xae, 0xd7, 0xae, 0xd7, 0xae, 0xd7, 0xae,
        0xd7, 0xae, 0xd7, 0xae, 0xd7, 0xae, 0xd7, 0xae, 0xd7, 0xae, 0xd7, 0xae, 0xd7, 0xae, 0xd7, 0xae, 0xd7, 0xae, 0xd7, 0xae,
        0xd7, 0xae, 0xd7, 0xae, 0xd7, 0xae, 0xd7, 0xae, 0xd7, 0xae, 0xd7, 0xae, 0xd7, 0xae, 0xd7, 0xae, 0xd7, 0xae, 0xd7, 0xae,
        0xd7, 0xae, 0xd7, 0xae, 0xd7, 0xae, 0xd7, 0xae, 0xd7, 0xae, 0xd7, 0xae, 0xd7, 0xae, 0xd7, 0xae, 0xd7, 0xae, 0xd7, 0xae,
        0xd7, 0xae, 0xd7, 0xae, 0xd7, 0xae, 0xd7, 0xae, 0xd7, 0xae, 0xd7, 0xae, 0xd7, 0xae, 0xd7, 0xae, 0xd7, 0xae, 0xd7, 0xae,
        0xd7, 0xae, 0xd7, 0xae, 0xd7, 0xae, 0xd7, 0xae, 0xd7, 0xae, 0xd7, 0xae, 0xd7, 0xae, 0xd7, 0xae, 0xd7, 0xae, 0xd7, 0xae,
        0xd7, 0xae, 0xd7, 0xae, 0xd7, 0xae, 0xd7, 0xae, 0xd7, 0xae, 0xd7, 0xae, 0xd7, 0xae, 0xd7, 0xae, 0xd7, 0xae, 0xd7, 0xae,
        0xd7, 0xae, 0xd7, 0xae, 0xd7, 0xae, 0xd7, 0xae, 0xd7, 0xae, 0xd7, 0xae, 0xd7, 0xae, 0xd7, 0xae, 0xd7, 0xae, 0xd7, 0xae,
        0xd7, 0xae, 0xd7, 0xae, 0xd7, 0xae, 0xd7, 0xae, 0xd7, 0xae, 0xd7, 0xae, 0x39, 0xb7, 0xac, 0x5b, 0x00, 0x00, 0x00, 0x00,
        0x21, 0x00, 0x05, 0x19, 0x46, 0x21, 0xc3, 0x10, 0x00, 0x00, 0x00, 0x00, 0x00, 0x00, 0x20, 0x00, 0x05, 0x19, 0x67, 0x19,
        0x47, 0x19, 0x47, 0x21, 0x67, 0x21, 0x67, 0x21, 0x47, 0x19, 0x2a, 0x3a, 0x18, 0xc6, 0x18, 0xc6, 0xf8, 0xc5, 0xf8, 0xc5,
        0xf8, 0xc5, 0xf8, 0xc5, 0x18, 0xc6, 0x56, 0xad, 0x4f, 0x63, 0x70, 0x6b, 0xf2, 0x7b, 0xb7, 0xb5, 0xf8, 0xc5, 0xd7, 0xc5,
        0xd7, 0xbd, 0xda, 0xe6, 0xbc, 0xff, 0x9c, 0xff, 0xdd, 0xff, 0x9a, 0xd6, 0x76, 0xb5, 0x55, 0xad, 0x04, 0x21, 0x00, 0x00,
        0x20, 0x00, 0x20, 0x00, 0x21, 0x00, 0x00, 0x00, 0x00, 0x00, 0x00, 0x00, 0x05, 0x71, 0xa7, 0xb1, 0xa7, 0x99, 0x87, 0x99,
        0x87, 0x91, 0xa7, 0x91, 0xa8, 0x91, 0xa7, 0x91, 0xa7, 0x91, 0x86, 0x91, 0x86, 0x91, 0x86, 0x91, 0x86, 0x99, 0x86, 0x99,
        0x86, 0x99, 0x86, 0x99, 0x86, 0xa1, 0x86, 0x99, 0x86, 0x99, 0x66, 0x91, 0x66, 0x91, 0x86, 0x91, 0x86, 0x99, 0xa6, 0xa1,
        0xa7, 0xa1, 0x61, 0x28, 0x00, 0x00, 0x20, 0x00, 0x20, 0x00, 0x00, 0x00, 0x00, 0x00, 0x00, 0x00, 0xca, 0x5a, 0xfe, 0xff,
        0x9c, 0xff, 0x9c, 0xff, 0x9c, 0xf7, 0x9b, 0xf7, 0x9b, 0xf7, 0x7b, 0xf7, 0x7b, 0xff, 0x7b, 0xff, 0x9c, 0xff, 0x3b, 0xef,
        0x97, 0xb5, 0x97, 0xb5, 0xb7, 0xbd, 0xb7, 0xbd, 0xd7, 0xbd, 0xf8, 0xc5, 0xf8, 0xc5, 0xf8, 0xc5, 0xf8, 0xc5, 0xd8, 0xbd,
        0xd8, 0xbd, 0xd8, 0xbd, 0xd8, 0xbd, 0xd8, 0xbd, 0xf8, 0xbd, 0xf8, 0xbd, 0xf8, 0xc5, 0x19, 0xc6, 0x31, 0x84, 0x09, 0x3a,
        0x4a, 0x3a, 0x2a, 0x3a, 0xc8, 0x29, 0xa8, 0x29, 0x88, 0x29, 0x87, 0x29, 0x87, 0x21, 0x87, 0x21, 0x67, 0x21, 0x67, 0x21,
        0x67, 0x21, 0x66, 0x21, 0x26, 0x19, 0x05, 0x19, 0x05, 0x19, 0x26, 0x19, 0x88, 0x21, 0xa9, 0x29, 0x88, 0x29, 0x52, 0x1b,
        0x3e, 0x0d, 0xfc, 0x14, 0x1d, 0x15, 0x6e, 0x12, 0x05, 0x19, 0x26, 0x19, 0x26, 0x19, 0xe5, 0x10, 0xc4, 0x10, 0xc4, 0x10,
        0x21, 0x00, 0x00, 0x00, 0x00, 0x00, 0xa3, 0x00, 0xad, 0x12, 0xee, 0x12, 0x2a, 0x12, 0x00, 0x00, 0x00, 0x00, 0x00, 0x00,
        0xcd, 0x63, 0x59, 0xb7, 0xf7, 0xae, 0xf7, 0xae, 0xf7, 0xae, 0xf8, 0xae, 0xf8, 0xb6, 0xf7, 0xae, 0xd7, 0xae, 0xd7, 0xae,
        0xd7, 0xae, 0xd7, 0xae, 0xd7, 0xae, 0xd7, 0xae, 0xd7, 0xae, 0xd7, 0xae, 0xd7, 0xae, 0xd7, 0xae, 0xd7, 0xae, 0xd7, 0xae,
        0xd7, 0xae, 0xd7, 0xae, 0xd7, 0xae, 0xd7, 0xae, 0xd7, 0xae, 0xd7, 0xae, 0xd7, 0xae, 0xd7, 0xae, 0xd7, 0xae, 0xd7, 0xae,
        0xd7, 0xae, 0xd7, 0xae, 0xd7, 0xae, 0xd7, 0xae, 0xd7, 0xae, 0xd7, 0xae, 0xd7, 0xae, 0xd7, 0xae, 0xd7, 0xae, 0xd7, 0xae,
        0xd7, 0xae, 0xd7, 0xae, 0xd7, 0xae, 0xd7, 0xae, 0xd7, 0xae, 0xd7, 0xae, 0xd7, 0xae, 0xd7, 0xae, 0xd7, 0xae, 0xd7, 0xae,
        0xd7, 0xae, 0xd7, 0xae, 0xd7, 0xae, 0xd7, 0xae, 0xd7, 0xae, 0xd7, 0xae, 0xd7, 0xae, 0xd7, 0xae, 0xd7, 0xae, 0xd7, 0xae,
        0xd7, 0xae, 0xd7, 0xae, 0xd7, 0xae, 0xd7, 0xae, 0xd7, 0xae, 0xd7, 0xae, 0xd7, 0xae, 0xd7, 0xae, 0xd7, 0xae, 0xd7, 0xae,
        0xd7, 0xae, 0xd7, 0xae, 0xd7, 0xae, 0xd7, 0xae, 0xd7, 0xae, 0xd7, 0xae, 0xd7, 0xae, 0xd7, 0xae, 0xd7, 0xae, 0xd7, 0xae,
        0xd7, 0xae, 0xd7, 0xae, 0xd7, 0xae, 0xd7, 0xae, 0xd7, 0xae, 0xd7, 0xae, 0xd7, 0xae, 0xd7, 0xae, 0xd7, 0xae, 0xd7, 0xae,
        0xd7, 0xae, 0xd7, 0xae, 0xd7, 0xae, 0xd7, 0xae, 0xd7, 0xae, 0xd7, 0xae, 0xd7, 0xae, 0xd7, 0xae, 0xd7, 0xae, 0xd7, 0xae,
        0xd7, 0xae, 0xd7, 0xae, 0xd7, 0xae, 0xd7, 0xae, 0xd7, 0xae, 0xd7, 0xae, 0xd7, 0xae, 0xd7, 0xae, 0xd7, 0xae, 0xd7, 0xae,
        0xd7, 0xae, 0xd7, 0xae, 0xd7, 0xae, 0xd7, 0xae, 0xd7, 0xae, 0xd7, 0xae, 0xd7, 0xae, 0xd7, 0xae, 0xd7, 0xae, 0xd7, 0xae,
        0xd7, 0xae, 0xd7, 0xae, 0xd7, 0xae, 0xd7, 0xae, 0xd7, 0xae, 0xd7, 0xae, 0xd7, 0xae, 0xd7, 0xae, 0xd7, 0xae, 0xd7, 0xae,
        0xd7, 0xae, 0xd7, 0xae, 0xd7, 0xae, 0xd7, 0xae, 0xd7, 0xae, 0xd7, 0xae, 0xd7, 0xae, 0xd7, 0xae, 0xd7, 0xae, 0xd7, 0xae,
        0xd7, 0xae, 0xd7, 0xae, 0xd7, 0xae, 0xd7, 0xae, 0xd7, 0xae, 0xd7, 0xae, 0xd7, 0xae, 0xd7, 0xae, 0xd7, 0xae, 0xd7, 0xae,
        0xd7, 0xae, 0xd7, 0xae, 0xd7, 0xae, 0xd7, 0xae, 0xd7, 0xae, 0xd7, 0xae, 0xd7, 0xae, 0xd7, 0xae, 0xd7, 0xae, 0xd7, 0xae,
        0xd7, 0xae, 0xd7, 0xae, 0xd7, 0xae, 0xd7, 0xae, 0xd7, 0xae, 0xd7, 0xae, 0x59, 0xbf, 0x8c, 0x5b, 0x00, 0x00, 0x00, 0x00,
        0x41, 0x00, 0x26, 0x19, 0x26, 0x19, 0xa3, 0x10, 0x00, 0x00, 0x00, 0x00, 0x00, 0x00, 0x20, 0x00, 0x05, 0x19, 0x67, 0x19,
        0x47, 0x19, 0x67, 0x21, 0xc9, 0x31, 0xe9, 0x31, 0xc9, 0x31, 0xcc, 0x52, 0x18, 0xc6, 0x18, 0xc6, 0xf8, 0xbd, 0xd8, 0xbd,
        0xd8, 0xbd, 0xd8, 0xbd, 0xd8, 0xbd, 0x76, 0xad, 0x53, 0x84, 0x73, 0x8c, 0xf5, 0x9c, 0x77, 0xb5, 0x76, 0xb5, 0x76, 0xb5,
        0x56, 0xad, 0x79, 0xd6, 0xbc, 0xff, 0xbd, 0xff, 0xbd, 0xff, 0x7c, 0xef, 0xfb, 0xe6, 0xba, 0xd6, 0x45, 0x29, 0x00, 0x00,
        0x20, 0x00, 0x40, 0x00, 0x20, 0x00, 0xc3, 0x40, 0x44, 0x59, 0x24, 0x51, 0x08, 0xa2, 0x69, 0xca, 0x69, 0xba, 0x49, 0xba,
        0x29, 0xb2, 0xc8, 0x99, 0xa7, 0x91, 0xa7, 0x91, 0xa7, 0x99, 0x08, 0xaa, 0x08, 0xaa, 0x08, 0xaa, 0x28, 0xb2, 0x28, 0xb2,
        0x28, 0xb2, 0x28, 0xb2, 0x28, 0xb2, 0x08, 0xb2, 0x08, 0xaa, 0xe7, 0xa9, 0xe8, 0xa9, 0x45, 0x79, 0xe3, 0x58, 0x04, 0x59,
        0x04, 0x59, 0x41, 0x10, 0x00, 0x00, 0x00, 0x00, 0x20, 0x00, 0x03, 0x21, 0x24, 0x29, 0x03, 0x21, 0x8d, 0x73, 0xfe, 0xff,
        0xbd, 0xff, 0x9c, 0xff, 0x9c, 0xff, 0x9c, 0xff, 0x9c, 0xff, 0x7b, 0xf7, 0x79, 0xd6, 0x58, 0xce, 0x79, 0xd6, 0x59, 0xd6,
        0xb7, 0xbd, 0xb7, 0xbd, 0xb7, 0xbd, 0xb7, 0xbd, 0xb7, 0xbd, 0xd8, 0xbd, 0xd8, 0xbd, 0xd8, 0xbd, 0xd8, 0xbd, 0xd8, 0xbd,
        0xd7, 0xbd, 0xb7, 0xbd, 0xb7, 0xbd, 0xd8, 0xbd, 0xd8, 0xbd, 0xd8, 0xbd, 0xd8, 0xbd, 0x18, 0xc6, 0x52, 0x84, 0x4a, 0x3a,
        0x6a, 0x42, 0x2a, 0x3a, 0xa8, 0x29, 0x88, 0x29, 0xa8, 0x29, 0x88, 0x29, 0x87, 0x21, 0x67, 0x21, 0x67, 0x21, 0x67, 0x21,
        0x67, 0x21, 0x66, 0x21, 0x05, 0x19, 0xe5, 0x10, 0xe5, 0x10, 0x26, 0x19, 0xa8, 0x21, 0xa9, 0x29, 0x88, 0x29, 0x32, 0x1b,
        0x1d, 0x0d, 0xdc, 0x14, 0xfc, 0x14, 0x4d, 0x12, 0xe4, 0x18, 0x25, 0x19, 0x05, 0x19, 0xc4, 0x10, 0xc4, 0x10, 0xc4, 0x10,
        0x21, 0x00, 0x00, 0x00, 0x00, 0x00, 0x83, 0x00, 0x8d, 0x12, 0xcd, 0x12, 0x09, 0x12, 0x00, 0x00, 0x00, 0x00, 0x00, 0x00,
        0xed, 0x63, 0x59, 0xb7, 0xd7, 0xae, 0xd7, 0xae, 0xd7, 0xae, 0xd7, 0xae, 0xd7, 0xae, 0xd7, 0xae, 0xd7, 0xae, 0xd7, 0xae,
        0xd7, 0xae, 0xd7, 0xae, 0xd7, 0xae, 0xd7, 0xae, 0xd7, 0xae, 0xd7, 0xae, 0xd7, 0xae, 0xd7, 0xae, 0xd7, 0xae, 0xd7, 0xae,
        0xd7, 0xae, 0xd7, 0xae, 0xd7, 0xae, 0xd7, 0xae, 0xd7, 0xae, 0xd7, 0xae, 0xd7, 0xae, 0xd7, 0xae, 0xd7, 0xae, 0xd7, 0xae,
        0xd7, 0xae, 0xd7, 0xae, 0xd7, 0xae, 0xd7, 0xae, 0xd7, 0xae, 0xd7, 0xae, 0xd7, 0xae, 0xd7, 0xae, 0xd7, 0xae, 0xd7, 0xae,
        0xd7, 0xae, 0xd7, 0xae, 0xd7, 0xae, 0xd7, 0xae, 0xd7, 0xae, 0xd7, 0xae, 0xd7, 0xae, 0xd7, 0xae, 0xd7, 0xae, 0xd7, 0xae,
        0xd7, 0xae, 0xd7, 0xae, 0xd7, 0xae, 0xd7, 0xae, 0xd7, 0xae, 0xd7, 0xae, 0xd7, 0xae, 0xd7, 0xae, 0xd7, 0xae, 0xd7, 0xae,
        0xd7, 0xae, 0xd7, 0xae, 0xd7, 0xae, 0xd7, 0xae, 0xd7, 0xae, 0xd7, 0xae, 0xd7, 0xae, 0xd7, 0xae, 0xd7, 0xae, 0xd7, 0xae,
        0xd7, 0xae, 0xd7, 0xae, 0xd7, 0xae, 0xd7, 0xae, 0xd7, 0xae, 0xd7, 0xae, 0xd7, 0xae, 0xd7, 0xae, 0xd7, 0xae, 0xd7, 0xae,
        0xd7, 0xae, 0xd7, 0xae, 0xd7, 0xae, 0xd7, 0xae, 0xd7, 0xae, 0xd7, 0xae, 0xd7, 0xae, 0xd7, 0xae, 0xd7, 0xae, 0xd7, 0xae,
        0xd7, 0xae, 0xd7, 0xae, 0xd7, 0xae, 0xd7, 0xae, 0xd7, 0xae, 0xd7, 0xae, 0xd7, 0xae, 0xd7, 0xae, 0xd7, 0xae, 0xd7, 0xae,
        0xd7, 0xae, 0xd7, 0xae, 0xd7, 0xae, 0xd7, 0xae, 0xd7, 0xae, 0xd7, 0xae, 0xd7, 0xae, 0xd7, 0xae, 0xd7, 0xae, 0xd7, 0xae,
        0xd7, 0xae, 0xd7, 0xae, 0xd7, 0xae, 0xd7, 0xae, 0xd7, 0xae, 0xd7, 0xae, 0xd7, 0xae, 0xd7, 0xae, 0xd7, 0xae, 0xd7, 0xae,
        0xd7, 0xae, 0xd7, 0xae, 0xd7, 0xae, 0xd7, 0xae, 0xd7, 0xae, 0xd7, 0xae, 0xd7, 0xae, 0xd7, 0xae, 0xd7, 0xae, 0xd7, 0xae,
        0xd7, 0xae, 0xd7, 0xae, 0xd7, 0xae, 0xd7, 0xae, 0xd7, 0xae, 0xd7, 0xae, 0xd7, 0xae, 0xd7, 0xae, 0xd7, 0xae, 0xd7, 0xae,
        0xd7, 0xae, 0xd7, 0xae, 0xd7, 0xae, 0xd7, 0xae, 0xd7, 0xae, 0xd7, 0xae, 0xd7, 0xae, 0xd7, 0xae, 0xd7, 0xae, 0xd7, 0xae,
        0xd7, 0xae, 0xd7, 0xae, 0xd7, 0xae, 0xd7, 0xae, 0xd7, 0xae, 0xd7, 0xae, 0xd7, 0xae, 0xd7, 0xae, 0xd7, 0xae, 0xd7, 0xae,
        0xd7, 0xae, 0xd7, 0xae, 0xd7, 0xae, 0xd7, 0xae, 0xd7, 0xae, 0xd7, 0xae, 0x59, 0xbf, 0xac, 0x5b, 0x00, 0x00, 0x00, 0x00,
        0x41, 0x00, 0x05, 0x19, 0x41, 0x00, 0x00, 0x00, 0x00, 0x00, 0x00, 0x00, 0x00, 0x00, 0x00, 0x00, 0x62, 0x08, 0xa3, 0x08,
        0x83, 0x08, 0x04, 0x19, 0x35, 0xa5, 0xb7, 0xb5, 0x97, 0xb5, 0xb7, 0xb5, 0x18, 0xc6, 0xf8, 0xc5, 0xf8, 0xc5, 0xf8, 0xbd,
        0xd8, 0xbd, 0xd8, 0xbd, 0xd7, 0xbd, 0xb7, 0xbd, 0xb7, 0xbd, 0xb7, 0xbd, 0xb7, 0xbd, 0x76, 0xb5, 0xf5, 0xa4, 0x15, 0xa5,
        0xf5, 0xa4, 0x58, 0xce, 0xdc, 0xff, 0xbc, 0xff, 0xbd, 0xff, 0xbd, 0xff, 0xde, 0xff, 0x9d, 0xf7, 0x86, 0x31, 0x00, 0x00,
        0x20, 0x00, 0x00, 0x00, 0x00, 0x00, 0x69, 0xb2, 0xce, 0xfb, 0xcd, 0xfb, 0xee, 0xfb, 0xee, 0xfb, 0xee, 0xfb, 0xad, 0xfb,
        0x8d, 0xfb, 0x49, 0xba, 0x87, 0x89, 0x87, 0x89, 0xe8, 0xa1, 0x8c, 0xf3, 0x8c, 0xf3, 0xad, 0xf3, 0xad, 0xf3, 0xcd, 0xf3,
        0xcd, 0xf3, 0xcd, 0xf3, 0xcd, 0xf3, 0xcd, 0xf3, 0xad, 0xf3, 0x8c, 0xf3, 0xad, 0xfb, 0x44, 0x51, 0x00, 0x00, 0x00, 0x00,
        0x00, 0x00, 0x00, 0x00, 0x00, 0x00, 0x00, 0x00, 0x82, 0x10, 0x58, 0xce, 0x5c, 0xef, 0x3b, 0xef, 0x7c, 0xf7, 0xbc, 0xff,
        0x9c, 0xff, 0x9c, 0xff, 0xbd, 0xff, 0xbd, 0xff, 0xbc, 0xff, 0x9c, 0xff, 0x18, 0xc6, 0x97, 0xb5, 0x97, 0xb5, 0x97, 0xb5,
        0x97, 0xbd, 0xb7, 0xbd, 0xb7, 0xbd, 0xb7, 0xbd, 0xb7, 0xbd, 0xd7, 0xbd, 0xd8, 0xbd, 0xd8, 0xbd, 0xd8, 0xbd, 0xd8, 0xbd,
        0xd8, 0xbd, 0xd8, 0xbd, 0xd8, 0xbd, 0xd8, 0xbd, 0xd8, 0xbd, 0xd8, 0xbd, 0xd8, 0xbd, 0xd8, 0xbd, 0xb7, 0xb5, 0x55, 0xad,
        0x35, 0xad, 0xf4, 0x9c, 0x4a, 0x42, 0xe9, 0x31, 0xc8, 0x29, 0x87, 0x29, 0x67, 0x21, 0x67, 0x21, 0x67, 0x21, 0x67, 0x21,
        0x67, 0x21, 0x87, 0x21, 0xc4, 0x10, 0x82, 0x08, 0x83, 0x08, 0xa3, 0x08, 0x46, 0x19, 0x47, 0x19, 0x05, 0x21, 0xf0, 0x12,
        0xfd, 0x0c, 0xbb, 0x14, 0xdc, 0x14, 0x4d, 0x12, 0xc4, 0x18, 0x25, 0x19, 0x05, 0x19, 0x20, 0x00, 0x20, 0x00, 0x20, 0x00,
        0x00, 0x00, 0x00, 0x00, 0x00, 0x00, 0x62, 0x00, 0x6c, 0x12, 0xad, 0x12, 0xc9, 0x11, 0x00, 0x00, 0x00, 0x00, 0x00, 0x00,
        0x0e, 0x64, 0x59, 0xbf, 0xf8, 0xae, 0xd7, 0xae, 0xd7, 0xae, 0xd7, 0xae, 0xd7, 0xae, 0xd7, 0xae, 0xd7, 0xae, 0xd7, 0xae,
        0xd7, 0xae, 0xd7, 0xae, 0xd7, 0xae, 0xd7, 0xae, 0xd7, 0xae, 0xd7, 0xae, 0xd7, 0xae, 0xd7, 0xae, 0xd7, 0xae, 0xd7, 0xae,
        0xd7, 0xae, 0xd7, 0xae, 0xd7, 0xae, 0xd7, 0xae, 0xd7, 0xae, 0xd7, 0xae, 0xd7, 0xae, 0xd7, 0xae, 0xd7, 0xae, 0xd7, 0xae,
        0xd7, 0xae, 0xd7, 0xae, 0xd7, 0xae, 0xd7, 0xae, 0xd7, 0xae, 0xd7, 0xae, 0xd7, 0xae, 0xd7, 0xae, 0xd7, 0xae, 0xd7, 0xae,
        0xd7, 0xae, 0xd7, 0xae, 0xd7, 0xae, 0xd7, 0xae, 0xd7, 0xae, 0xd7, 0xae, 0xd7, 0xae, 0xd7, 0xae, 0xd7, 0xae, 0xd7, 0xae,
        0xd7, 0xae, 0xd7, 0xae, 0xd7, 0xae, 0xd7, 0xae, 0xd7, 0xae, 0xd7, 0xae, 0xd7, 0xae, 0xd7, 0xae, 0xd7, 0xae, 0xd7, 0xae,
        0xd7, 0xae, 0xd7, 0xae, 0xd7, 0xae, 0xd7, 0xae, 0xd7, 0xae, 0xd7, 0xae, 0xd7, 0xae, 0xd7, 0xae, 0xd7, 0xae, 0xd7, 0xae,
        0xd7, 0xae, 0xd7, 0xae, 0xd7, 0xae, 0xd7, 0xae, 0xd7, 0xae, 0xd7, 0xae, 0xd7, 0xae, 0xd7, 0xae, 0xd7, 0xae, 0xd7, 0xae,
        0xd7, 0xae, 0xd7, 0xae, 0xd7, 0xae, 0xd7, 0xae, 0xd7, 0xae, 0xd7, 0xae, 0xd7, 0xae, 0xd7, 0xae, 0xd7, 0xae, 0xd7, 0xae,
        0xd7, 0xae, 0xd7, 0xae, 0xd7, 0xae, 0xd7, 0xae, 0xd7, 0xae, 0xd7, 0xae, 0xd7, 0xae, 0xd7, 0xae, 0xd7, 0xae, 0xd7, 0xae,
        0xd7, 0xae, 0xd7, 0xae, 0xd7, 0xae, 0xd7, 0xae, 0xd7, 0xae, 0xd7, 0xae, 0xd7, 0xae, 0xd7, 0xae, 0xd7, 0xae, 0xd7, 0xae,
        0xd7, 0xae, 0xd7, 0xae, 0xd7, 0xae, 0xd7, 0xae, 0xd7, 0xae, 0xd7, 0xae, 0xd7, 0xae, 0xd7, 0xae, 0xd7, 0xae, 0xd7, 0xae,
        0xd7, 0xae, 0xd7, 0xae, 0xd7, 0xae, 0xd7, 0xae, 0xd7, 0xae, 0xd7, 0xae, 0xd7, 0xae, 0xd7, 0xae, 0xd7, 0xae, 0xd7, 0xae,
        0xd7, 0xae, 0xd7, 0xae, 0xd7, 0xae, 0xd7, 0xae, 0xd7, 0xae, 0xd7, 0xae, 0xd7, 0xae, 0xd7, 0xae, 0xd7, 0xae, 0xd7, 0xae,
        0xd7, 0xae, 0xd7, 0xae, 0xd7, 0xae, 0xd7, 0xae, 0xd7, 0xae, 0xd7, 0xae, 0xd7, 0xae, 0xd7, 0xae, 0xd7, 0xae, 0xd7, 0xae,
        0xd7, 0xae, 0xd7, 0xae, 0xd7, 0xae, 0xd7, 0xae, 0xd7, 0xae, 0xd7, 0xae, 0xd7, 0xae, 0xd7, 0xae, 0xd7, 0xae, 0xd7, 0xae,
        0xd7, 0xae, 0xd7, 0xae, 0xd7, 0xae, 0xd7, 0xae, 0xd7, 0xae, 0xd7, 0xa6, 0x39, 0xb7, 0xac, 0x5b, 0x00, 0x00, 0x20, 0x00,
        0x20, 0x00, 0x20, 0x00, 0x24, 0x19, 0x88, 0x3a, 0x68, 0x3a, 0x68, 0x3a, 0x88, 0x3a, 0xc2, 0x10, 0x00, 0x00, 0x20, 0x00,
        0x00, 0x00, 0x82, 0x10, 0x56, 0xad, 0xd8, 0xbd, 0xd8, 0xbd, 0xf8, 0xbd, 0xf8, 0xc5, 0xf8, 0xc5, 0xf8, 0xc5, 0xf8, 0xc5,
        0xd8, 0xbd, 0xd8, 0xbd, 0xd7, 0xbd, 0xb7, 0xbd, 0xb7, 0xbd, 0x97, 0xbd, 0xb7, 0xb5, 0x56, 0xad, 0x53, 0x84, 0x53, 0x84,
        0x33, 0x84, 0xd7, 0xbd, 0x3b, 0xef, 0x1a, 0xef, 0x3b, 0xef, 0x9c, 0xf7, 0xbe, 0xff, 0x7d, 0xef, 0xa6, 0x31, 0x00, 0x00,
        0x00, 0x00, 0x00, 0x00, 0x00, 0x00, 0x68, 0xaa, 0x6c, 0xfb, 0x6c, 0xf3, 0x8c, 0xf3, 0xad, 0xf3, 0xad, 0xf3, 0xad, 0xf3,
        0x8d, 0xfb, 0x29, 0xb2, 0x67, 0x89, 0x87, 0x89, 0xe8, 0xa9, 0x8c, 0xf3, 0x8c, 0xf3, 0xad, 0xf3, 0xad, 0xf3, 0xad, 0xf3,
        0xad, 0xf3, 0xad, 0xf3, 0xad, 0xf3, 0xce, 0xf3, 0xce, 0xf3, 0xad, 0xf3, 0xcd, 0xfb, 0x65, 0x59, 0x00, 0x00, 0x00, 0x00,
        0x00, 0x00, 0x00, 0x00, 0x00, 0x00, 0x00, 0x00, 0x81, 0x10, 0xd9, 0xde, 0xbc, 0xff, 0x9c, 0xff, 0x9c, 0xff, 0x9c, 0xf7,
        0x9c, 0xf7, 0xbc, 0xff, 0x3b, 0xef, 0x3b, 0xef, 0x5c, 0xef, 0x3b, 0xef, 0xd8, 0xbd, 0x97, 0xb5, 0x77, 0xad, 0x77, 0xad,
        0x97, 0xb5, 0xb7, 0xbd, 0xb7, 0xbd, 0xb7, 0xbd, 0xd7, 0xbd, 0xd8, 0xbd, 0xd8, 0xbd, 0xd8, 0xbd, 0xd8, 0xbd, 0xd8, 0xbd,
        0xd8, 0xbd, 0xd8, 0xbd, 0xd8, 0xbd, 0xd8, 0xbd, 0xd7, 0xbd, 0xd7, 0xbd, 0xd7, 0xbd, 0xd7, 0xbd, 0xf8, 0xbd, 0xf8, 0xc5,
        0xf8, 0xbd, 0xb7, 0xbd, 0x56, 0xad, 0x93, 0x94, 0xc8, 0x31, 0x67, 0x21, 0x67, 0x21, 0x67, 0x21, 0x87, 0x21, 0x87, 0x21,
        0x87, 0x29, 0x87, 0x29, 0x05, 0x19, 0xa3, 0x08, 0xa3, 0x08, 0xa3, 0x10, 0x05, 0x19, 0x05, 0x19, 0xc4, 0x18, 0xaf, 0x12,
        0xfc, 0x0c, 0xba, 0x0c, 0xdc, 0x14, 0x2c, 0x12, 0xc4, 0x18, 0x05, 0x19, 0xe5, 0x18, 0x00, 0x00, 0x00, 0x00, 0x00, 0x00,
        0x61, 0x00, 0xa3, 0x00, 0x82, 0x00, 0xe4, 0x08, 0x6b, 0x12, 0x6c, 0x12, 0xa8, 0x09, 0x00, 0x00, 0x00, 0x00, 0x00, 0x00,
        0x0e, 0x64, 0x59, 0xbf, 0xf8, 0xb6, 0xf8, 0xae, 0xd7, 0xae, 0xd7, 0xae, 0xd7, 0xae, 0xd7, 0xae, 0xd7, 0xae, 0xd7, 0xae,
        0xd7, 0xae, 0xd7, 0xae, 0xd7, 0xae, 0xd7, 0xae, 0xd7, 0xae, 0xd7, 0xae, 0xd7, 0xae, 0xd7, 0xae, 0xd7, 0xae, 0xd7, 0xae,
        0xd7, 0xae, 0xd7, 0xae, 0xd7, 0xae, 0xd7, 0xae, 0xd7, 0xae, 0xd7, 0xae, 0xd7, 0xae, 0xd7, 0xae, 0xd7, 0xae, 0xd7, 0xae,
        0xd7, 0xae, 0xd7, 0xae, 0xd7, 0xae, 0xd7, 0xae, 0xd7, 0xae, 0xd7, 0xae, 0xd7, 0xae, 0xd7, 0xae, 0xd7, 0xae, 0xd7, 0xae,
        0xd7, 0xae, 0xd7, 0xae, 0xd7, 0xae, 0xd7, 0xae, 0xd7, 0xae, 0xd7, 0xae, 0xd7, 0xae, 0xd7, 0xae, 0xd7, 0xae, 0xd7, 0xae,
        0xd7, 0xae, 0xd7, 0xae, 0xd7, 0xae, 0xd7, 0xae, 0xd7, 0xae, 0xd7, 0xae, 0xd7, 0xae, 0xd7, 0xae, 0xd7, 0xae, 0xf7, 0xae,
        0xd7, 0xae, 0xd7, 0xae, 0xd7, 0xae, 0xd7, 0xae, 0xd7, 0xae, 0xd7, 0xae, 0xd7, 0xae, 0xd7, 0xae, 0xd7, 0xae, 0xd7, 0xae,
        0xd7, 0xae, 0xd7, 0xae, 0xd7, 0xae, 0xd7, 0xae, 0xd7, 0xae, 0xd7, 0xae, 0xd7, 0xae, 0xd7, 0xae, 0xd7, 0xae, 0xd7, 0xae,
        0xd7, 0xae, 0xd7, 0xae, 0xd7, 0xae, 0xd7, 0xae, 0xd7, 0xae, 0xd7, 0xae, 0xd7, 0xae, 0xd7, 0xae, 0xd7, 0xae, 0xd7, 0xae,
        0xd7, 0xae, 0xd7, 0xae, 0xd7, 0xae, 0xd7, 0xae, 0xd7, 0xae, 0xd7, 0xae, 0xd7, 0xae, 0xd7, 0xae, 0xd7, 0xae, 0xd7, 0xae,
        0xd7, 0xae, 0xd7, 0xae, 0xd7, 0xae, 0xd7, 0xae, 0xd7, 0xae, 0xd7, 0xae, 0xd7, 0xae, 0xd7, 0xae, 0xd7, 0xae, 0xd7, 0xae,
        0xd7, 0xae, 0xd7, 0xae, 0xd7, 0xae, 0xd7, 0xae, 0xd7, 0xae, 0xd7, 0xae, 0xd7, 0xae, 0xd7, 0xae, 0xd7, 0xae, 0xd7, 0xae,
        0xd7, 0xae, 0xd7, 0xae, 0xd7, 0xae, 0xd7, 0xae, 0xd7, 0xae, 0xd7, 0xae, 0xd7, 0xae, 0xd7, 0xae, 0xd7, 0xae, 0xd7, 0xae,
        0xd7, 0xae, 0xd7, 0xae, 0xd7, 0xae, 0xd7, 0xae, 0xd7, 0xae, 0xd7, 0xae, 0xd7, 0xae, 0xd7, 0xae, 0xd7, 0xae, 0xd7, 0xae,
        0xd7, 0xae, 0xd7, 0xae, 0xd7, 0xae, 0xd7, 0xae, 0xd7, 0xae, 0xd7, 0xae, 0xd7, 0xae, 0xd7, 0xae, 0xd7, 0xae, 0xd7, 0xae,
        0xd7, 0xae, 0xd7, 0xae, 0xd7, 0xae, 0xd7, 0xae, 0xd7, 0xae, 0xd7, 0xae, 0xd7, 0xae, 0xd7, 0xae, 0xd7, 0xae, 0xd7, 0xae,
        0xd7, 0xae, 0xd7, 0xae, 0xd7, 0xae, 0xd7, 0xae, 0xd7, 0xa6, 0xd7, 0xa6, 0x38, 0xb7, 0xac, 0x5b, 0x00, 0x00, 0x20, 0x00,
        0x20, 0x08, 0x00, 0x00, 0x6c, 0x5b, 0x9a, 0xc7, 0x18, 0xb7, 0x17, 0xaf, 0x58, 0xb7, 0x68, 0x3a, 0x00, 0x00, 0x20, 0x00,
        0x00, 0x00, 0x82, 0x10, 0x15, 0xa5, 0x97, 0xb5, 0x97, 0xb5, 0xb7, 0xbd, 0x97, 0xb5, 0x77, 0xb5, 0x77, 0xb5, 0xb7, 0xbd,
        0xd8, 0xbd, 0xd8, 0xbd, 0xb7, 0xbd, 0xb7, 0xbd, 0xb7, 0xbd, 0xb7, 0xbd, 0xb7, 0xbd, 0x77, 0xb5, 0x74, 0x8c, 0x74, 0x8c,
        0x74, 0x8c, 0xb4, 0x94, 0xf5, 0x9c, 0xf5, 0x9c, 0x35, 0xa5, 0x5c, 0xef, 0xde, 0xff, 0x9d, 0xf7, 0xa6, 0x31, 0x00, 0x00,
        0x00, 0x00, 0x00, 0x00, 0x00, 0x00, 0x48, 0xb2, 0x2b, 0xfb, 0x2b, 0xf3, 0x6c, 0xf3, 0x8c, 0xf3, 0xad, 0xf3, 0x8d, 0xf3,
        0x8d, 0xfb, 0xaa, 0xd2, 0x29, 0xb2, 0x29, 0xb2, 0x8a, 0xc2, 0x8c, 0xf3, 0x8d, 0xf3, 0xad, 0xf3, 0xad, 0xf3, 0xcd, 0xf3,
        0xad, 0xf3, 0x8d, 0xf3, 0x8d, 0xf3, 0xad, 0xf3, 0xee, 0xfb, 0x0e, 0xfc, 0x0e, 0xfc, 0x65, 0x61, 0x00, 0x00, 0x00, 0x00,
        0x00, 0x00, 0x00, 0x00, 0x00, 0x00, 0x00, 0x00, 0x61, 0x08, 0x98, 0xde, 0x9b, 0xff, 0x7b, 0xf7, 0x7b, 0xf7, 0x9c, 0xf7,
        0x9c, 0xf7, 0xbc, 0xff, 0x39, 0xc6, 0xb7, 0xb5, 0xd8, 0xbd, 0xb7, 0xb5, 0xb4, 0x94, 0x74, 0x8c, 0x53, 0x8c, 0x74, 0x8c,
        0x97, 0xb5, 0xb7, 0xbd, 0xb7, 0xbd, 0xd7, 0xbd, 0xd7, 0xbd, 0xd8, 0xbd, 0xd7, 0xbd, 0xd8, 0xbd, 0xd8, 0xbd, 0xd8, 0xbd,
        0xd8, 0xbd, 0xd8, 0xbd, 0xd8, 0xbd, 0xd8, 0xbd, 0xb7, 0xbd, 0xb7, 0xbd, 0xb7, 0xbd, 0xb7, 0xbd, 0xd7, 0xbd, 0xd8, 0xbd,
        0xd7, 0xbd, 0xb7, 0xbd, 0xd7, 0xbd, 0x35, 0xa5, 0x88, 0x29, 0x46, 0x21, 0x67, 0x21, 0x67, 0x21, 0x87, 0x21, 0xa8, 0x29,
        0xa8, 0x29, 0xa8, 0x29, 0x05, 0x19, 0xa4, 0x10, 0xc4, 0x10, 0xa3, 0x10, 0x20, 0x00, 0x21, 0x00, 0x00, 0x00, 0x6e, 0x0a,
        0xfc, 0x0c, 0xba, 0x14, 0xfc, 0x14, 0x4d, 0x12, 0xc4, 0x18, 0x05, 0x19, 0xe4, 0x10, 0x00, 0x00, 0x00, 0x00, 0x00, 0x00,
        0x67, 0x09, 0xac, 0x12, 0x6b, 0x12, 0x6b, 0x12, 0x4b, 0x12, 0x6b, 0x12, 0xc8, 0x11, 0x00, 0x00, 0x00, 0x00, 0x00, 0x00,
        0xee, 0x63, 0x59, 0xbf, 0xf8, 0xb6, 0xf7, 0xae, 0xd7, 0xae, 0xd7, 0xae, 0xd7, 0xae, 0xd7, 0xae, 0xd7, 0xae, 0xd7, 0xae,
        0xd7, 0xae, 0xd7, 0xae, 0xd7, 0xae, 0xd7, 0xae, 0xd7, 0xae, 0xd7, 0xae, 0xd7, 0xae, 0xd7, 0xae, 0xd7, 0xae, 0xd7, 0xae,
        0xd7, 0xae, 0xd7, 0xae, 0xd7, 0xae, 0xd7, 0xae, 0xd7, 0xae, 0xd7, 0xae, 0xd7, 0xae, 0xd7, 0xae, 0xd7, 0xae, 0xd7, 0xae,
        0xd7, 0xae, 0xd7, 0xae, 0xd7, 0xae, 0xd7, 0xae, 0xd7, 0xae, 0xd7, 0xae, 0xd7, 0xae, 0xd7, 0xae, 0xd7, 0xae, 0xd7, 0xae,
        0xd7, 0xae, 0xd7, 0xae, 0xd7, 0xae, 0xd7, 0xae, 0xd7, 0xae, 0xd7, 0xae, 0xd7, 0xae, 0xd7, 0xae, 0xd7, 0xae, 0xd7, 0xae,
        0xd7, 0xae, 0xd7, 0xae, 0xd7, 0xae, 0xd7, 0xae, 0xd7, 0xae, 0xd7, 0xae, 0xd7, 0xae, 0xd7, 0xae, 0xd7, 0xae, 0xd7, 0xae,
        0xd7, 0xae, 0xd7, 0xae, 0xd7, 0xae, 0xd7, 0xae, 0xd7, 0xae, 0xd7, 0xae, 0xd7, 0xae, 0xd7, 0xae, 0xd7, 0xae, 0xd7, 0xae,
        0xd7, 0xae, 0xd7, 0xae, 0xd7, 0xae, 0xd7, 0xae, 0xd7, 0xae, 0xd7, 0xae, 0xd7, 0xae, 0xd7, 0xae, 0xd7, 0xae, 0xd7, 0xae,
        0xd7, 0xae, 0xd7, 0xae, 0xd7, 0xae, 0xd7, 0xae, 0xd7, 0xae, 0xd7, 0xae, 0xd7, 0xae, 0xd7, 0xae, 0xd7, 0xae, 0xd7, 0xae,
        0xd7, 0xae, 0xd7, 0xae, 0xd7, 0xae, 0xd7, 0xae, 0xd7, 0xae, 0xd7, 0xae, 0xd7, 0xae, 0xd7, 0xae, 0xd7, 0xae, 0xd7, 0xae,
        0xd7, 0xae, 0xd7, 0xae, 0xd7, 0xae, 0xd7, 0xae, 0xd7, 0xae, 0xd7, 0xae, 0xd7, 0xae, 0xd7, 0xae, 0xd7, 0xae, 0xd7, 0xae,
        0xd7, 0xae, 0xd7, 0xae, 0xd7, 0xae, 0xd7, 0xae, 0xd7, 0xae, 0xd7, 0xae, 0xd7, 0xae, 0xd7, 0xae, 0xd7, 0xae, 0xd7, 0xae,
        0xd7, 0xae, 0xd7, 0xae, 0xd7, 0xae, 0xd7, 0xae, 0xd7, 0xae, 0xd7, 0xae, 0xd7, 0xae, 0xd7, 0xae, 0xd7, 0xae, 0xd7, 0xae,
        0xd7, 0xae, 0xd7, 0xae, 0xd7, 0xae, 0xd7, 0xae, 0xd7, 0xae, 0xd7, 0xae, 0xd7, 0xae, 0xd7, 0xae, 0xd7, 0xae, 0xd7, 0xae,
        0xd7, 0xae, 0xd7, 0xae, 0xd7, 0xae, 0xd7, 0xae, 0xd7, 0xae, 0xd7, 0xae, 0xd7, 0xae, 0xd7, 0xae, 0xd7, 0xae, 0xd7, 0xae,
        0xd7, 0xae, 0xd7, 0xae, 0xd7, 0xae, 0xd7, 0xae, 0xd7, 0xae, 0xd7, 0xae, 0xd7, 0xae, 0xd7, 0xae, 0xd7, 0xae, 0xd7, 0xae,
        0xd7, 0xae, 0xd7, 0xae, 0xd7, 0xae, 0xd7, 0xae, 0xd7, 0xae, 0xd7, 0xae, 0x39, 0xb7, 0xac, 0x5b, 0x00, 0x00, 0x20, 0x00,
        0x20, 0x00, 0x00, 0x00, 0x6c, 0x5b, 0x59, 0xb7, 0xd7, 0xae, 0xb7, 0xa6, 0xf7, 0xae, 0x68, 0x3a, 0x00, 0x00, 0x20, 0x00,
        0x00, 0x00, 0x82, 0x10, 0x15, 0xa5, 0x97, 0xb5, 0x97, 0xb5, 0x97, 0xb5, 0xb4, 0x94, 0x94, 0x94, 0x94, 0x94, 0x56, 0xad,
        0xd8, 0xbd, 0xd7, 0xbd, 0xd7, 0xbd, 0xb7, 0xbd, 0xb7, 0xbd, 0xb7, 0xbd, 0xb7, 0xbd, 0x97, 0xb5, 0x77, 0xb5, 0x97, 0xb5,
        0x97, 0xb5, 0xd4, 0x9c, 0xb4, 0x94, 0xd4, 0x9c, 0x15, 0xa5, 0x7c, 0xf7, 0xde, 0xff, 0x9d, 0xf7, 0xc6, 0x39, 0x00, 0x00,
        0x00, 0x00, 0x00, 0x00, 0x00, 0x00, 0x70, 0xbc, 0x57, 0xfe, 0xf6, 0xf5, 0xee, 0xf3, 0x6c, 0xf3, 0xad, 0xf3, 0x8d, 0xf3,
        0x8d, 0xf3, 0x8d, 0xf3, 0x8c, 0xfb, 0x8d, 0xf3, 0x8d, 0xfb, 0x8d, 0xf3, 0x8d, 0xf3, 0xad, 0xf3, 0xad, 0xf3, 0xce, 0xf3,
        0x0e, 0xf4, 0xb1, 0xf4, 0xf2, 0xfc, 0xee, 0xd3, 0x45, 0x51, 0xa6, 0x69, 0xca, 0xc2, 0x44, 0x59, 0x00, 0x00, 0x00, 0x00,
        0x00, 0x00, 0x20, 0x00, 0x41, 0x08, 0x41, 0x08, 0xc2, 0x18, 0xb8, 0xde, 0x9b, 0xff, 0x7b, 0xf7, 0x9b, 0xf7, 0x9c, 0xff,
        0x9c, 0xff, 0xbd, 0xff, 0x59, 0xce, 0xd8, 0xbd, 0xd8, 0xbd, 0xb7, 0xb5, 0x94, 0x94, 0x53, 0x8c, 0x53, 0x84, 0x73, 0x8c,
        0x97, 0xb5, 0xb7, 0xbd, 0xb7, 0xbd, 0xd7, 0xbd, 0xd7, 0xbd, 0xd8, 0xbd, 0xd8, 0xbd, 0xd8, 0xbd, 0xd8, 0xbd, 0xd8, 0xbd,
        0xd8, 0xbd, 0xf8, 0xbd, 0xf8, 0xbd, 0xd8, 0xbd, 0xd8, 0xbd, 0xd7, 0xbd, 0xd7, 0xc5, 0xf8, 0xc5, 0x18, 0xc6, 0x18, 0xc6,
        0x18, 0xc6, 0xf8, 0xc5, 0x38, 0xce, 0x96, 0xb5, 0x2a, 0x42, 0xa8, 0x29, 0x67, 0x21, 0x87, 0x21, 0xa8, 0x29, 0xa8, 0x29,
        0xa8, 0x29, 0xa8, 0x29, 0x26, 0x19, 0xc4, 0x10, 0xc4, 0x10, 0xa3, 0x08, 0x00, 0x00, 0x00, 0x00, 0x00, 0x00, 0x2c, 0x0a,
        0x9a, 0x0c, 0x58, 0x0c, 0x9a, 0x14, 0x2d, 0x12, 0x05, 0x19, 0x26, 0x19, 0x05, 0x19, 0x00, 0x00, 0x00, 0x00, 0x00, 0x00,
        0x66, 0x09, 0xac, 0x12, 0x6b, 0x12, 0x6b, 0x12, 0x6b, 0x12, 0xac, 0x12, 0xe9, 0x11, 0x00, 0x00, 0x00, 0x00, 0x00, 0x00,
        0xed, 0x63, 0x59, 0xbf, 0xf8, 0xb6, 0xd7, 0xae, 0xd7, 0xae, 0xd7, 0xae, 0xd7, 0xae, 0xd7, 0xae, 0xd7, 0xae, 0xd7, 0xae,
        0xd7, 0xae, 0xd7, 0xae, 0xd7, 0xae, 0xd7, 0xae, 0xd7, 0xae, 0xd7, 0xae, 0xd7, 0xae, 0xd7, 0xae, 0xd7, 0xae, 0xd7, 0xae,
        0xd7, 0xae, 0xd7, 0xae, 0xd7, 0xae, 0xd7, 0xae, 0xd7, 0xae, 0xd7, 0xae, 0xd7, 0xae, 0xd7, 0xae, 0xd7, 0xae, 0xd7, 0xae,
        0xd7, 0xae, 0xd7, 0xae, 0xd7, 0xae, 0xd7, 0xae, 0xd7, 0xae, 0xd7, 0xae, 0xd7, 0xae, 0xd7, 0xae, 0xd7, 0xae, 0xd7, 0xae,
        0xd7, 0xae, 0xd7, 0xae, 0xd7, 0xae, 0xd7, 0xae, 0xd7, 0xae, 0xd7, 0xae, 0xd7, 0xae, 0xd7, 0xae, 0xd7, 0xae, 0xd7, 0xae,
        0xd7, 0xae, 0xd7, 0xae, 0xd7, 0xae, 0xd7, 0xae, 0xd7, 0xae, 0xd7, 0xae, 0xd7, 0xae, 0xd7, 0xae, 0xd7, 0xae, 0xd7, 0xae,
        0xd7, 0xae, 0xd7, 0xae, 0xd7, 0xae, 0xd7, 0xae, 0xd7, 0xae, 0xd7, 0xae, 0xd7, 0xae, 0xd7, 0xae, 0xd7, 0xae, 0xd7, 0xae,
        0xd7, 0xae, 0xd7, 0xae, 0xd7, 0xae, 0xd7, 0xae, 0xd7, 0xae, 0xd7, 0xae, 0xd7, 0xae, 0xd7, 0xae, 0xd7, 0xae, 0xd7, 0xae,
        0xd7, 0xae, 0xd7, 0xae, 0xd7, 0xae, 0xd7, 0xae, 0xd7, 0xae, 0xd7, 0xae, 0xd7, 0xae, 0xd7, 0xae, 0xd7, 0xae, 0xd7, 0xae,
        0xd7, 0xae, 0xd7, 0xae, 0xd7, 0xae, 0xd7, 0xae, 0xd7, 0xae, 0xd7, 0xae, 0xd7, 0xae, 0xd7, 0xae, 0xd7, 0xae, 0xd7, 0xae,
        0xd7, 0xae, 0xd7, 0xae, 0xd7, 0xae, 0xd7, 0xae, 0xd7, 0xae, 0xd7, 0xae, 0xd7, 0xae, 0xd7, 0xae, 0xd7, 0xae, 0xd7, 0xae,
        0xd7, 0xae, 0xd7, 0xae, 0xd7, 0xae, 0xd7, 0xae, 0xd7, 0xae, 0xd7, 0xae, 0xd7, 0xae, 0xd7, 0xae, 0xd7, 0xae, 0xd7, 0xae,
        0xd7, 0xae, 0xd7, 0xae, 0xd7, 0xae, 0xd7, 0xae, 0xd7, 0xae, 0xd7, 0xae, 0xd7, 0xae, 0xd7, 0xae, 0xd7, 0xae, 0xd7, 0xae,
        0xd7, 0xae, 0xd7, 0xae, 0xd7, 0xae, 0xd7, 0xae, 0xd7, 0xae, 0xd7, 0xae, 0xd7, 0xae, 0xd7, 0xae, 0xd7, 0xae, 0xd7, 0xae,
        0xd7, 0xae, 0xd7, 0xae, 0xd7, 0xae, 0xd7, 0xae, 0xd7, 0xae, 0xd7, 0xae, 0xd7, 0xae, 0xd7, 0xae, 0xd7, 0xae, 0xd7, 0xae,
        0xd7, 0xae, 0xd7, 0xae, 0xd7, 0xae, 0xd7, 0xae, 0xd7, 0xae, 0xd7, 0xae, 0xd7, 0xae, 0xd7, 0xae, 0xd7, 0xae, 0xd7, 0xae,
        0xd7, 0xae, 0xd7, 0xae, 0xd7, 0xae, 0xd7, 0xae, 0xd7, 0xae, 0xd7, 0xae, 0x39, 0xb7, 0x8c, 0x53, 0x00, 0x00, 0x00, 0x00,
        0x00, 0x00, 0x00, 0x00, 0x8c, 0x5b, 0x59, 0xb7, 0xd7, 0xae, 0xd7, 0xa6, 0x18, 0xaf, 0x68, 0x3a, 0x00, 0x00, 0x20, 0x00,
        0x00, 0x00, 0x82, 0x10, 0x15, 0xa5, 0x97, 0xb5, 0x76, 0xb5, 0x56, 0xad, 0x73, 0x8c, 0x73, 0x8c, 0x73, 0x8c, 0x56, 0xad,
        0x18, 0xc6, 0xf8, 0xc5, 0xf8, 0xc5, 0xd8, 0xbd, 0xb7, 0xbd, 0xb7, 0xbd, 0xb7, 0xbd, 0xd7, 0xbd, 0xd8, 0xbd, 0xf8, 0xc5,
        0xf8, 0xc5, 0x15, 0xa5, 0xd5, 0x9c, 0xf5, 0x9c, 0x36, 0xa5, 0x7c, 0xf7, 0xde, 0xff, 0x9d, 0xf7, 0xc6, 0x39, 0x00, 0x00,
        0x20, 0x08, 0x41, 0x08, 0x20, 0x00, 0x37, 0xce, 0xff, 0xff, 0xfe, 0xff, 0x90, 0xec, 0x6c, 0xf3, 0xad, 0xf3, 0x8d, 0xf3,
        0x8d, 0xf3, 0x8d, 0xf3, 0x6c, 0xf3, 0x6c, 0xf3, 0x8d, 0xf3, 0x8d, 0xf3, 0x8d, 0xf3, 0xad, 0xf3, 0xcd, 0xf3, 0xad, 0xf3,
        0x2f, 0xec, 0xf9, 0xfe, 0x3b, 0xff, 0x33, 0xc5, 0x00, 0x00, 0x20, 0x00, 0x61, 0x10, 0x41, 0x10, 0x00, 0x00, 0x00, 0x00,
        0x00, 0x00, 0x4d, 0x6b, 0x57, 0xce, 0x16, 0xce, 0x77, 0xd6, 0x5a, 0xf7, 0x7a, 0xf7, 0x7b, 0xf7, 0x7b, 0xf7, 0x9c, 0xff,
        0xbd, 0xff, 0xbd, 0xff, 0x59, 0xce, 0x97, 0xb5, 0xb7, 0xb5, 0x77, 0xad, 0x94, 0x94, 0x74, 0x8c, 0x74, 0x8c, 0x94, 0x8c,
        0x97, 0xb5, 0xb7, 0xbd, 0xb7, 0xbd, 0xd8, 0xbd, 0xd8, 0xbd, 0xd8, 0xbd, 0xd8, 0xbd, 0xd8, 0xbd, 0xd8, 0xbd, 0xd8, 0xbd,
        0xf8, 0xbd, 0xf8, 0xbd, 0xd8, 0xbd, 0xd8, 0xbd, 0xd7, 0xbd, 0xfa, 0xe6, 0x5b, 0xf7, 0x5b, 0xf7, 0x7c, 0xf7, 0x7c, 0xf7,
        0x7c, 0xf7, 0x7b, 0xf7, 0x7b, 0xf7, 0x5b, 0xf7, 0x1a, 0xe7, 0x37, 0xce, 0x75, 0xad, 0xd6, 0xbd, 0x31, 0x84, 0x47, 0x21,
        0x88, 0x29, 0xa8, 0x29, 0x66, 0x21, 0x25, 0x19, 0x05, 0x19, 0xc4, 0x10, 0x00, 0x00, 0x00, 0x00, 0x00, 0x00, 0x82, 0x00,
        0x06, 0x09, 0x05, 0x11, 0x26, 0x09, 0x05, 0x11, 0x05, 0x19, 0x05, 0x19, 0xc4, 0x10, 0x00, 0x00, 0x00, 0x00, 0x00, 0x00,
        0x66, 0x09, 0xed, 0x1a, 0xed, 0x22, 0x0d, 0x23, 0x8c, 0x12, 0xcd, 0x12, 0x09, 0x12, 0x20, 0x00, 0x20, 0x00, 0x00, 0x00,
        0xed, 0x63, 0x59, 0xbf, 0xd7, 0xae, 0xd7, 0xae, 0xd7, 0xae, 0xd7, 0xae, 0xd7, 0xae, 0xf7, 0xae, 0xd7, 0xae, 0xd7, 0xae,
        0xd7, 0xae, 0xd7, 0xae, 0xd7, 0xae, 0xd7, 0xae, 0xd7, 0xae, 0xd7, 0xae, 0xd7, 0xae, 0xd7, 0xae, 0xd7, 0xae, 0xd7, 0xae,
        0xd7, 0xae, 0xd7, 0xae, 0xd7, 0xae, 0xd7, 0xae, 0xd7, 0xae, 0xd7, 0xae, 0xd7, 0xae, 0xd7, 0xae, 0xd7, 0xae, 0xd7, 0xae,
        0xd7, 0xae, 0xd7, 0xae, 0xd7, 0xae, 0xd7, 0xae, 0xd7, 0xae, 0xd7, 0xae, 0xd7, 0xae, 0xd7, 0xae, 0xd7, 0xae, 0xd7, 0xae,
        0xd7, 0xae, 0xd7, 0xae, 0xd7, 0xae, 0xd7, 0xae, 0xd7, 0xae, 0xd7, 0xae, 0xd7, 0xae, 0xd7, 0xae, 0xd7, 0xae, 0xd7, 0xae,
        0xd7, 0xae, 0xd7, 0xae, 0xd7, 0xae, 0xd7, 0xae, 0xd7, 0xae, 0xd7, 0xae, 0xd7, 0xae, 0xd7, 0xae, 0xd7, 0xae, 0xd7, 0xae,
        0xd7, 0xae, 0xd7, 0xae, 0xd7, 0xae, 0xd7, 0xae, 0xd7, 0xae, 0xd7, 0xae, 0xd7, 0xae, 0xd7, 0xae, 0xd7, 0xae, 0xd7, 0xae,
        0xd7, 0xae, 0xd7, 0xae, 0xd7, 0xae, 0xd7, 0xae, 0xd7, 0xae, 0xd7, 0xae, 0xd7, 0xae, 0xd7, 0xae, 0xd7, 0xae, 0xd7, 0xae,
        0xd7, 0xae, 0xd7, 0xae, 0xd7, 0xae, 0xd7, 0xae, 0xd7, 0xae, 0xd7, 0xae, 0xd7, 0xae, 0xd7, 0xae, 0xd7, 0xae, 0xd7, 0xae,
        0xd7, 0xae, 0xd7, 0xae, 0xd7, 0xae, 0xd7, 0xae, 0xd7, 0xae, 0xd7, 0xae, 0xd7, 0xae, 0xd7, 0xae, 0xd7, 0xae, 0xd7, 0xae,
        0xd7, 0xae, 0xd7, 0xae, 0xd7, 0xae, 0xd7, 0xae, 0xd7, 0xae, 0xd7, 0xae, 0xd7, 0xae, 0xd7, 0xae, 0xd7, 0xae, 0xd7, 0xae,
        0xd7, 0xae, 0xd7, 0xae, 0xd7, 0xae, 0xd7, 0xae, 0xd7, 0xae, 0xd7, 0xae, 0xd7, 0xae, 0xd7, 0xae, 0xd7, 0xae, 0xd7, 0xae,
        0xd7, 0xae, 0xd7, 0xae, 0xd7, 0xae, 0xd7, 0xae, 0xd7, 0xae, 0xd7, 0xae, 0xd7, 0xae, 0xd7, 0xae, 0xd7, 0xae, 0xd7, 0xae,
        0xd7, 0xae, 0xd7, 0xae, 0xd7, 0xae, 0xd7, 0xae, 0xd7, 0xae, 0xd7, 0xae, 0xd7, 0xae, 0xd7, 0xae, 0xd7, 0xae, 0xd7, 0xae,
        0xd7, 0xae, 0xd7, 0xae, 0xd7, 0xae, 0xd7, 0xae, 0xd7, 0xae, 0xd7, 0xae, 0xd7, 0xae, 0xd7, 0xae, 0xd7, 0xae, 0xd7, 0xae,
        0xd7, 0xae, 0xd7, 0xae, 0xd7, 0xae, 0xd7, 0xae, 0xd7, 0xae, 0xd7, 0xae, 0xd7, 0xae, 0xd7, 0xae, 0xd7, 0xae, 0xd7, 0xae,
        0xd7, 0xae, 0xd7, 0xae, 0xd7, 0xae, 0xd7, 0xae, 0xd7, 0xae, 0xd7, 0xae, 0xf8, 0xae, 0xd3, 0x95, 0x8f, 0x74, 0x8f, 0x74,
        0xaf, 0x74, 0x8f, 0x74, 0xf3, 0x8d, 0xd7, 0xae, 0xd7, 0xa6, 0xd7, 0xae, 0x18, 0xaf, 0x88, 0x3a, 0x00, 0x00, 0x20, 0x00,
        0x00, 0x00, 0x20, 0x00, 0xc3, 0x18, 0x04, 0x21, 0x04, 0x21, 0x86, 0x31, 0xd5, 0x9c, 0x16, 0xa5, 0x15, 0xa5, 0x97, 0xb5,
        0x18, 0xce, 0x18, 0xce, 0x18, 0xce, 0xf8, 0xc5, 0xd7, 0xbd, 0xd7, 0xbd, 0xd8, 0xbd, 0xd8, 0xbd, 0xd8, 0xbd, 0xf8, 0xc5,
        0xf8, 0xc5, 0x97, 0xb5, 0xd5, 0x9c, 0xd5, 0x9c, 0xf5, 0x9c, 0x15, 0x9d, 0x15, 0xa5, 0xf4, 0x9c, 0x74, 0xad, 0xf6, 0xbd,
        0x16, 0xc6, 0x17, 0xc6, 0x45, 0x29, 0x44, 0x29, 0x28, 0x4a, 0x28, 0x4a, 0x70, 0xc4, 0x50, 0xfc, 0x8d, 0xf3, 0x8c, 0xf3,
        0x8c, 0xf3, 0x8d, 0xf3, 0x8d, 0xf3, 0x8d, 0xf3, 0x8d, 0xf3, 0x8d, 0xf3, 0xad, 0xf3, 0xad, 0xf3, 0xcd, 0xf3, 0x4c, 0xeb,
        0x8d, 0xd3, 0xbe, 0xff, 0xff, 0xff, 0x38, 0xce, 0x61, 0x08, 0x20, 0x00, 0x20, 0x00, 0x41, 0x08, 0x28, 0x42, 0x89, 0x52,
        0x48, 0x4a, 0xb5, 0xbd, 0xfd, 0xff, 0xbc, 0xff, 0xbc, 0xff, 0x9b, 0xff, 0x7b, 0xff, 0x9c, 0xff, 0x17, 0xc6, 0x71, 0x8c,
        0xf3, 0x9c, 0xf3, 0x9c, 0x93, 0x94, 0x94, 0x8c, 0x94, 0x8c, 0x94, 0x8c, 0x36, 0xa5, 0xb7, 0xbd, 0x97, 0xb5, 0x97, 0xb5,
        0xb7, 0xb5, 0xb7, 0xbd, 0xb7, 0xbd, 0xd7, 0xbd, 0xd8, 0xbd, 0xd8, 0xbd, 0xd8, 0xbd, 0xd8, 0xbd, 0xd8, 0xbd, 0xd8, 0xbd,
        0xd8, 0xbd, 0x18, 0xc6, 0xdb, 0xe6, 0xfb, 0xe6, 0xdb, 0xde, 0x7c, 0xf7, 0x9c, 0xff, 0x9c, 0xff, 0x9c, 0xff, 0x9c, 0xff,
        0x9c, 0xff, 0x9b, 0xff, 0x9b, 0xf7, 0x9b, 0xff, 0xbc, 0xff, 0x3b, 0xef, 0xba, 0xde, 0xfa, 0xe6, 0xb2, 0x9c, 0x26, 0x19,
        0x87, 0x21, 0x87, 0x21, 0x88, 0x29, 0x87, 0x29, 0x87, 0x21, 0x46, 0x21, 0x20, 0x00, 0x00, 0x00, 0x00, 0x00, 0x00, 0x00,
        0x00, 0x00, 0x00, 0x00, 0x20, 0x00, 0x41, 0x00, 0x21, 0x00, 0x20, 0x00, 0x21, 0x00, 0x86, 0x19, 0x08, 0x22, 0xe8, 0x21,
        0x2a, 0x12, 0xac, 0x12, 0xcd, 0x1a, 0xcd, 0x22, 0x8c, 0x12, 0xcd, 0x12, 0x0a, 0x12, 0x20, 0x00, 0x20, 0x00, 0x00, 0x00,
        0xed, 0x63, 0x59, 0xbf, 0xf7, 0xae, 0xf7, 0xae, 0xd7, 0xa6, 0xd7, 0xae, 0xd7, 0xae, 0xd7, 0xae, 0xd7, 0xae, 0xd7, 0xae,
        0xf7, 0xae, 0xd7, 0xae, 0xd7, 0xae, 0xd7, 0xae, 0xd7, 0xae, 0xd7, 0xae, 0xd7, 0xae, 0xd7, 0xae, 0xd7, 0xae, 0xd7, 0xae,
        0xd7, 0xae, 0xd7, 0xae, 0xd7, 0xae, 0xd7, 0xae, 0xd7, 0xae, 0xd7, 0xae, 0xd7, 0xae, 0xd7, 0xae, 0xd7, 0xae, 0xd7, 0xae,
        0xd7, 0xae, 0xd7, 0xae, 0xd7, 0xae, 0xd7, 0xae, 0xd7, 0xae, 0xd7, 0xae, 0xd7, 0xae, 0xd7, 0xae, 0xd7, 0xae, 0xd7, 0xae,
        0xd7, 0xae, 0xd7, 0xae, 0xd7, 0xae, 0xd7, 0xae, 0xd7, 0xae, 0xd7, 0xae, 0xd7, 0xae, 0xd7, 0xae, 0xd7, 0xae, 0xd7, 0xae,
        0xd7, 0xae, 0xd7, 0xae, 0xd7, 0xae, 0xd7, 0xae, 0xd7, 0xae, 0xd7, 0xae, 0xd7, 0xae, 0xd7, 0xae, 0xd7, 0xae, 0xd7, 0xae,
        0xd7, 0xae, 0xd7, 0xae, 0xd7, 0xae, 0xd7, 0xae, 0xd7, 0xae, 0xd7, 0xae, 0xd7, 0xae, 0xd7, 0xae, 0xd7, 0xae, 0xd7, 0xae,
        0xd7, 0xae, 0xd7, 0xae, 0xd7, 0xae, 0xd7, 0xae, 0xd7, 0xae, 0xd7, 0xae, 0xd7, 0xae, 0xd7, 0xae, 0xd7, 0xae, 0xd7, 0xae,
        0xd7, 0xae, 0xd7, 0xae, 0xd7, 0xae, 0xd7, 0xae, 0xd7, 0xae, 0xd7, 0xae, 0xd7, 0xae, 0xd7, 0xae, 0xd7, 0xae, 0xd7, 0xae,
        0xd7, 0xae, 0xd7, 0xae, 0xd7, 0xae, 0xd7, 0xae, 0xd7, 0xae, 0xd7, 0xae, 0xd7, 0xae, 0xd7, 0xae, 0xd7, 0xae, 0xd7, 0xae,
        0xd7, 0xae, 0xd7, 0xae, 0xd7, 0xae, 0xd7, 0xae, 0xd7, 0xae, 0xd7, 0xae, 0xd7, 0xae, 0xd7, 0xa6, 0xd7, 0xae, 0xd7, 0xae,
        0xd7, 0xae, 0xd7, 0xae, 0xd7, 0xae, 0xd7, 0xae, 0xd7, 0xae, 0xd7, 0xae, 0xd7, 0xae, 0xd7, 0xae, 0xd7, 0xae, 0xd7, 0xae,
        0xd7, 0xae, 0xd7, 0xae, 0xd7, 0xae, 0xd7, 0xae, 0xd7, 0xae, 0xd7, 0xae, 0xd7, 0xae, 0xd7, 0xae, 0xd7, 0xae, 0xd7, 0xae,
        0xd7, 0xae, 0xd7, 0xae, 0xd7, 0xae, 0xd7, 0xae, 0xd7, 0xae, 0xd7, 0xae, 0xd7, 0xae, 0xd7, 0xae, 0xd7, 0xae, 0xd7, 0xae,
        0xd7, 0xae, 0xd7, 0xae, 0xd7, 0xae, 0xd7, 0xae, 0xd7, 0xae, 0xd7, 0xae, 0xd7, 0xae, 0xd7, 0xae, 0xd7, 0xae, 0xd7, 0xae,
        0xd7, 0xae, 0xd7, 0xae, 0xd7, 0xae, 0xd7, 0xae, 0xd7, 0xae, 0xd7, 0xae, 0xd7, 0xae, 0xd7, 0xae, 0xd7, 0xae, 0xd7, 0xae,
        0xd7, 0xae, 0xd7, 0xae, 0xd7, 0xae, 0xd7, 0xae, 0xd7, 0xae, 0xd7, 0xae, 0xd7, 0xae, 0xf8, 0xae, 0x38, 0xb7, 0x38, 0xb7,
        0x18, 0xaf, 0x18, 0xaf, 0xd7, 0xa6, 0xb6, 0xa6, 0x18, 0xaf, 0x18, 0xb7, 0x5a, 0xbf, 0x68, 0x3a, 0x00, 0x00, 0x20, 0x00,
        0x20, 0x00, 0x20, 0x00, 0x00, 0x00, 0x00, 0x00, 0x00, 0x00, 0x61, 0x08, 0xf5, 0x9c, 0x57, 0xad, 0x56, 0xad, 0xb8, 0xbd,
        0x18, 0xce, 0x18, 0xce, 0x18, 0xce, 0x18, 0xc6, 0xd8, 0xbd, 0xd8, 0xbd, 0xd8, 0xbd, 0xd8, 0xbd, 0xd8, 0xbd, 0xf8, 0xc5,
        0xf8, 0xc5, 0xb7, 0xb5, 0xb4, 0x94, 0xb4, 0x94, 0x94, 0x8c, 0x12, 0x7c, 0x12, 0x7c, 0x12, 0x7c, 0xda, 0xde, 0xfd, 0xff,
        0xdd, 0xff, 0xde, 0xff, 0xe7, 0x39, 0x00, 0x00, 0x00, 0x00, 0x00, 0x00, 0x95, 0xbd, 0x16, 0xfe, 0x4c, 0xf3, 0x6c, 0xf3,
        0x6c, 0xf3, 0x6c, 0xf3, 0x8d, 0xf3, 0x8d, 0xf3, 0xad, 0xf3, 0xad, 0xf3, 0xad, 0xf3, 0xad, 0xf3, 0xad, 0xf3, 0x0b, 0xeb,
        0xeb, 0xba, 0x9e, 0xf7, 0xff, 0xff, 0x79, 0xce, 0x61, 0x08, 0x20, 0x00, 0x00, 0x00, 0xe3, 0x20, 0x1b, 0xe7, 0xde, 0xff,
        0xdd, 0xff, 0x9c, 0xff, 0x7b, 0xf7, 0x7b, 0xf7, 0x5b, 0xf7, 0xfa, 0xe6, 0xfa, 0xe6, 0xfa, 0xe6, 0x92, 0x94, 0x00, 0x00,
        0x00, 0x00, 0x00, 0x00, 0x66, 0x29, 0x94, 0x8c, 0x74, 0x8c, 0x73, 0x8c, 0x76, 0xad, 0xf8, 0xc5, 0xd8, 0xbd, 0xd8, 0xbd,
        0xb7, 0xbd, 0xb7, 0xbd, 0xb7, 0xbd, 0xd8, 0xbd, 0xd7, 0xbd, 0xd8, 0xbd, 0xd8, 0xbd, 0xd8, 0xbd, 0xd8, 0xbd, 0xd8, 0xbd,
        0xd8, 0xbd, 0x18, 0xc6, 0x9c, 0xf7, 0xbd, 0xff, 0x9d, 0xff, 0x9c, 0xf7, 0x9c, 0xff, 0x9c, 0xff, 0x9c, 0xf7, 0x9c, 0xf7,
        0x9c, 0xf7, 0x9c, 0xff, 0x9c, 0xff, 0x9c, 0xff, 0x9c, 0xff, 0x3b, 0xef, 0xb9, 0xd6, 0xda, 0xde, 0xb2, 0x94, 0x26, 0x19,
        0x87, 0x21, 0x87, 0x21, 0x87, 0x21, 0x67, 0x21, 0x67, 0x21, 0x46, 0x21, 0x20, 0x00, 0x00, 0x00, 0x00, 0x00, 0x00, 0x00,
        0x00, 0x00, 0x00, 0x00, 0x00, 0x00, 0x20, 0x00, 0x20, 0x00, 0x00, 0x00, 0x00, 0x00, 0x0d, 0x2b, 0x31, 0x3c, 0x11, 0x3c,
        0x2e, 0x23, 0x4b, 0x0a, 0x6b, 0x0a, 0x6c, 0x12, 0x8c, 0x12, 0xcd, 0x12, 0x0a, 0x12, 0x00, 0x00, 0x00, 0x00, 0x00, 0x00,
        0x2b, 0x53, 0x76, 0xa6, 0x35, 0x9e, 0x55, 0x9e, 0xb6, 0xa6, 0xd7, 0xae, 0xd7, 0xae, 0xd7, 0xae, 0xd7, 0xae, 0xd7, 0xae,
        0xd7, 0xae, 0xd7, 0xae, 0xd7, 0xae, 0xd7, 0xae, 0xd7, 0xae, 0xd7, 0xae, 0xd7, 0xae, 0xd7, 0xae, 0xd7, 0xae, 0xd7, 0xae,
        0xd7, 0xae, 0xd7, 0xae, 0xd7, 0xae, 0xd7, 0xae, 0xd7, 0xae, 0xd7, 0xae, 0xd7, 0xae, 0xd7, 0xae, 0xd7, 0xae, 0xd7, 0xae,
        0xd7, 0xae, 0xd7, 0xae, 0xd7, 0xae, 0xd7, 0xae, 0xd7, 0xae, 0xd7, 0xae, 0xd7, 0xae, 0xd7, 0xae, 0xd7, 0xae, 0xd7, 0xae,
        0xd7, 0xae, 0xd7, 0xae, 0xd7, 0xae, 0xd7, 0xae, 0xd7, 0xae, 0xd7, 0xae, 0xd7, 0xae, 0xd7, 0xae, 0xd7, 0xae, 0xd7, 0xae,
        0xd7, 0xae, 0xd7, 0xae, 0xd7, 0xae, 0xd7, 0xae, 0xd7, 0xae, 0xd7, 0xae, 0xd7, 0xae, 0xd7, 0xae, 0xd7, 0xae, 0xd7, 0xae,
        0xd7, 0xae, 0xd7, 0xae, 0xd7, 0xae, 0xd7, 0xae, 0xd7, 0xae, 0xd7, 0xae, 0xd7, 0xae, 0xd7, 0xae, 0xd7, 0xae, 0xd7, 0xae,
        0xd7, 0xae, 0xd7, 0xae, 0xd7, 0xae, 0xd7, 0xae, 0xd7, 0xae, 0xd7, 0xae, 0xd7, 0xae, 0xd7, 0xae, 0xd7, 0xae, 0xd7, 0xae,
        0xd7, 0xae, 0xd7, 0xae, 0xd7, 0xae, 0xd7, 0xae, 0xd7, 0xae, 0xd7, 0xae, 0xd7, 0xae, 0xd7, 0xae, 0xd7, 0xae, 0xd7, 0xae,
        0xd7, 0xae, 0xf7, 0xae, 0xd7, 0xae, 0xd7, 0xae, 0xd7, 0xae, 0xd7, 0xae, 0xd7, 0xae, 0xd7, 0xae, 0xd7, 0xae, 0xd7, 0xae,
        0xd7, 0xae, 0xd7, 0xae, 0xd7, 0xae, 0xd7, 0xae, 0xd7, 0xae, 0xd7, 0xae, 0xd7, 0xae, 0xd7, 0xae, 0xd7, 0xae, 0xd7, 0xae,
        0xd7, 0xae, 0xd7, 0xae, 0xd7, 0xae, 0xd7, 0xae, 0xd7, 0xae, 0xd7, 0xae, 0xd7, 0xae, 0xd7, 0xae, 0xd7, 0xae, 0xd7, 0xae,
        0xd7, 0xae, 0xd7, 0xae, 0xd7, 0xae, 0xd7, 0xae, 0xd7, 0xae, 0xd7, 0xae, 0xd7, 0xae, 0xd7, 0xae, 0xd7, 0xae, 0xd7, 0xae,
        0xd7, 0xae, 0xd7, 0xae, 0xd7, 0xae, 0xd7, 0xae, 0xd7, 0xae, 0xd7, 0xae, 0xd7, 0xae, 0xd7, 0xae, 0xd7, 0xae, 0xd7, 0xae,
        0xd7, 0xae, 0xd7, 0xae, 0xd7, 0xae, 0xd7, 0xae, 0xd7, 0xae, 0xd7, 0xae, 0xd7, 0xae, 0xd7, 0xae, 0xd7, 0xae, 0xd7, 0xae,
        0xd7, 0xae, 0xd7, 0xae, 0xd7, 0xae, 0xd7, 0xae, 0xd7, 0xae, 0xd7, 0xae, 0xd7, 0xae, 0xd7, 0xae, 0xd7, 0xae, 0xd7, 0xae,
        0xd7, 0xae, 0xd7, 0xae, 0xd7, 0xae, 0xd7, 0xae, 0xd7, 0xae, 0xd7, 0xae, 0xd7, 0xae, 0xd7, 0xae, 0xd7, 0xae, 0xd7, 0xae,
        0xd7, 0xa6, 0xd7, 0xa6, 0xd7, 0xa6, 0xf7, 0xae, 0x4f, 0x6c, 0x2a, 0x4b, 0x6c, 0x53, 0x24, 0x19, 0x00, 0x00, 0x00, 0x00,
        0x00, 0x00, 0x00, 0x00, 0x00, 0x00, 0x00, 0x00, 0x00, 0x00, 0x82, 0x10, 0xf5, 0xa4, 0x77, 0xad, 0x77, 0xb5, 0xd8, 0xbd,
        0x39, 0xce, 0x39, 0xce, 0x59, 0xce, 0x39, 0xc6, 0xf8, 0xbd, 0xd8, 0xbd, 0xd8, 0xbd, 0xd8, 0xbd, 0xd8, 0xbd, 0xd8, 0xbd,
        0xf8, 0xc5, 0xb7, 0xb5, 0x94, 0x8c, 0x74, 0x8c, 0x53, 0x84, 0x12, 0x7c, 0x13, 0x84, 0x12, 0x7c, 0xda, 0xde, 0xfd, 0xff,
        0xbd, 0xff, 0xbd, 0xff, 0xa6, 0x31, 0x00, 0x00, 0x00, 0x00, 0x00, 0x00, 0xd6, 0xc5, 0xd9, 0xfe, 0x6c, 0xfb, 0x8c, 0xfb,
        0xad, 0xfb, 0xad, 0xfb, 0xcd, 0xfb, 0xee, 0xfb, 0xee, 0xfb, 0xee, 0xfb, 0xee, 0xfb, 0xce, 0xfb, 0xad, 0xfb, 0xea, 0xea,
        0xeb, 0xb2, 0xdf, 0xff, 0xff, 0xff, 0xba, 0xd6, 0x21, 0x00, 0x00, 0x00, 0x00, 0x00, 0xa2, 0x18, 0xfa, 0xe6, 0xbd, 0xff,
        0x9c, 0xf7, 0x9c, 0xff, 0x9c, 0xff, 0x9b, 0xff, 0x5b, 0xf7, 0xd7, 0xb5, 0x97, 0xb5, 0xd8, 0xbd, 0x51, 0x8c, 0x00, 0x00,
        0x00, 0x00, 0x00, 0x00, 0x25, 0x21, 0x74, 0x8c, 0x53, 0x84, 0x73, 0x8c, 0x76, 0xad, 0xf8, 0xc5, 0xd8, 0xbd, 0xd8, 0xbd,
        0xd7, 0xbd, 0xb7, 0xbd, 0xb8, 0xbd, 0xb8, 0xbd, 0xb7, 0xbd, 0xb7, 0xbd, 0xb7, 0xbd, 0xd8, 0xbd, 0xb7, 0xbd, 0xb7, 0xbd,
        0xb7, 0xb5, 0x18, 0xc6, 0x7c, 0xf7, 0x9c, 0xf7, 0x9c, 0xf7, 0x7c, 0xf7, 0x9c, 0xff, 0x9c, 0xff, 0x9c, 0xff, 0x9c, 0xf7,
        0x9c, 0xff, 0x9c, 0xff, 0xbc, 0xff, 0xbc, 0xff, 0xbd, 0xff, 0x5b, 0xef, 0xda, 0xde, 0xfb, 0xe6, 0xb3, 0x94, 0x47, 0x19,
        0x88, 0x21, 0x87, 0x21, 0x87, 0x21, 0x67, 0x21, 0x67, 0x21, 0x26, 0x21, 0x20, 0x00, 0x00, 0x00, 0x00, 0x00, 0x00, 0x00,
        0x00, 0x00, 0x00, 0x00, 0x00, 0x00, 0x00, 0x00, 0x00, 0x00, 0x00, 0x00, 0x00, 0x00, 0xec, 0x2a, 0xf1, 0x3b, 0xf0, 0x3b,
        0x2e, 0x23, 0x6c, 0x0a, 0x6c, 0x12, 0x6c, 0x12, 0x8c, 0x12, 0xad, 0x12, 0xe9, 0x11, 0x00, 0x00, 0x00, 0x00, 0x00, 0x00,
        0x41, 0x00, 0xa2, 0x10, 0xa2, 0x10, 0xe3, 0x18, 0xd3, 0x95, 0xf7, 0xae, 0xd7, 0xae, 0xd7, 0xae, 0xd7, 0xae, 0xd7, 0xae,
        0xd7, 0xae, 0xd7, 0xae, 0xd7, 0xae, 0xd7, 0xae, 0xd7, 0xae, 0xd7, 0xae, 0xd7, 0xae, 0xd7, 0xae, 0xd7, 0xae, 0xd7, 0xae,
        0xd7, 0xae, 0xd7, 0xae, 0xd7, 0xae, 0xd7, 0xae, 0xd7, 0xae, 0xd7, 0xae, 0xd7, 0xae, 0xd7, 0xae, 0xd7, 0xae, 0xd7, 0xae,
        0xd7, 0xae, 0xd7, 0xae, 0xd7, 0xae, 0xd7, 0xae, 0xd7, 0xae, 0xd7, 0xae, 0xd7, 0xae, 0xd7, 0xae, 0xd7, 0xae, 0xd7, 0xae,
        0xd7, 0xae, 0xd7, 0xae, 0xd7, 0xae, 0xd7, 0xae, 0xd7, 0xae, 0xd7, 0xae, 0xd7, 0xae, 0xd7, 0xae, 0xd7, 0xae, 0xd7, 0xae,
        0xd7, 0xae, 0xd7, 0xae, 0xd7, 0xae, 0xd7, 0xae, 0xd7, 0xae, 0xd7, 0xae, 0xd7, 0xae, 0xd7, 0xae, 0xd7, 0xae, 0xd7, 0xae,
        0xd7, 0xae, 0xd7, 0xae, 0xd7, 0xae, 0xd7, 0xae, 0xd7, 0xae, 0xd7, 0xae, 0xd7, 0xae, 0xd7, 0xae, 0xd7, 0xae, 0xd7, 0xae,
        0xd7, 0xae, 0xd7, 0xae, 0xd7, 0xae, 0xd7, 0xae, 0xd7, 0xae, 0xd7, 0xae, 0xd7, 0xae, 0xd7, 0xae, 0xd7, 0xae, 0xd7, 0xae,
        0xd7, 0xae, 0xd7, 0xae, 0xd7, 0xae, 0xd7, 0xae, 0xd7, 0xae, 0xd7, 0xae, 0xd7, 0xae, 0xd7, 0xae, 0xd7, 0xae, 0xd7, 0xae,
        0xd7, 0xae, 0xd7, 0xae, 0xd7, 0xae, 0xd7, 0xae, 0xd7, 0xae, 0xd7, 0xae, 0xd7, 0xae, 0xd7, 0xae, 0xd7, 0xae, 0xd7, 0xae,
        0xd7, 0xae, 0xd7, 0xae, 0xd7, 0xae, 0xd7, 0xae, 0xd7, 0xae, 0xd7, 0xae, 0xd7, 0xae, 0xd7, 0xae, 0xd7, 0xae, 0xd7, 0xae,
        0xd7, 0xae, 0xd7, 0xae, 0xd7, 0xae, 0xd7, 0xae, 0xd7, 0xae, 0xd7, 0xae, 0xd7, 0xae, 0xd7, 0xae, 0xd7, 0xae, 0xd7, 0xae,
        0xd7, 0xae, 0xd7, 0xae, 0xd7, 0xae, 0xd7, 0xae, 0xd7, 0xae, 0xd7, 0xae, 0xd7, 0xae, 0xd7, 0xae, 0xd7, 0xae, 0xd7, 0xae,
        0xd7, 0xae, 0xd7, 0xae, 0xd7, 0xae, 0xd7, 0xae, 0xd7, 0xae, 0xd7, 0xae, 0xd7, 0xae, 0xd7, 0xae, 0xd7, 0xae, 0xd7, 0xae,
        0xd7, 0xae, 0xd7, 0xae, 0xd7, 0xae, 0xd7, 0xae, 0xd7, 0xae, 0xd7, 0xae, 0xd7, 0xae, 0xd7, 0xae, 0xd7, 0xae, 0xd7, 0xae,
        0xd7, 0xae, 0xd7, 0xae, 0xd7, 0xae, 0xd7, 0xae, 0xd7, 0xae, 0xd7, 0xae, 0xd7, 0xae, 0xd7, 0xae, 0xd7, 0xae, 0xd7, 0xae,
        0xd7, 0xae, 0xd7, 0xae, 0xd7, 0xae, 0xd7, 0xae, 0xd7, 0xae, 0xd7, 0xae, 0xd7, 0xae, 0xd7, 0xae, 0xd7, 0xae, 0xd7, 0xae,
        0xd7, 0xae, 0xd7, 0xae, 0xd7, 0xae, 0x38, 0xb7, 0x07, 0x32, 0x00, 0x00, 0x00, 0x00, 0x00, 0x00, 0xa3, 0x00, 0x46, 0x09,
        0x46, 0x09, 0x46, 0x09, 0x21, 0x00, 0x00, 0x00, 0x00, 0x00, 0x82, 0x10, 0xd4, 0x94, 0x16, 0xa5, 0x16, 0xa5, 0x56, 0xad,
        0x97, 0xb5, 0xd8, 0xbd, 0xd8, 0xbd, 0xf8, 0xbd, 0x18, 0xc6, 0xf8, 0xc5, 0xf8, 0xc5, 0xf8, 0xbd, 0xd8, 0xbd, 0xd8, 0xbd,
        0xd8, 0xbd, 0x97, 0xb5, 0xd5, 0x9c, 0xb4, 0x94, 0xb4, 0x94, 0x73, 0x8c, 0x33, 0x84, 0xf1, 0x7b, 0x34, 0xad, 0x58, 0xce,
        0x7c, 0xf7, 0xbd, 0xff, 0xca, 0x5a, 0x65, 0x29, 0x85, 0x31, 0x85, 0x31, 0x0f, 0x94, 0xb1, 0xbc, 0xa9, 0xb2, 0xa9, 0xba,
        0xca, 0xba, 0xca, 0xba, 0xea, 0xba, 0xea, 0xba, 0xea, 0xba, 0xea, 0xba, 0xca, 0xba, 0xca, 0xba, 0x89, 0xba, 0x48, 0xb2,
        0xc7, 0x69, 0x14, 0x9d, 0x75, 0xad, 0xd3, 0x9c, 0xc6, 0x39, 0xa6, 0x39, 0xa6, 0x39, 0xaa, 0x5a, 0x5c, 0xef, 0xdd, 0xff,
        0xbd, 0xff, 0x5b, 0xef, 0xfa, 0xe6, 0xfa, 0xe6, 0x99, 0xd6, 0x10, 0x84, 0xaf, 0x7b, 0xf0, 0x83, 0x2d, 0x63, 0xe4, 0x18,
        0xe3, 0x18, 0xe3, 0x18, 0x09, 0x42, 0x16, 0xa5, 0x15, 0xa5, 0x15, 0xa5, 0x97, 0xb5, 0xf8, 0xc5, 0xd8, 0xbd, 0xd8, 0xbd,
        0xd7, 0xbd, 0xd8, 0xbd, 0xd8, 0xbd, 0xb7, 0xbd, 0xb7, 0xbd, 0xb7, 0xbd, 0xb7, 0xbd, 0xb7, 0xb5, 0x18, 0xc6, 0x99, 0xd6,
        0x99, 0xd6, 0xda, 0xde, 0x9c, 0xff, 0x9c, 0xff, 0x7c, 0xf7, 0x7c, 0xf7, 0x9c, 0xff, 0x9c, 0xff, 0x9c, 0xf7, 0x7c, 0xf7,
        0x9c, 0xf7, 0x9c, 0xf7, 0x5b, 0xf7, 0x5b, 0xef, 0x3b, 0xef, 0x7c, 0xf7, 0x7c, 0xf7, 0xdd, 0xff, 0x75, 0xad, 0x47, 0x19,
        0x88, 0x21, 0x87, 0x21, 0x46, 0x21, 0x26, 0x19, 0x26, 0x19, 0x05, 0x19, 0x20, 0x00, 0x00, 0x00, 0x00, 0x00, 0x00, 0x00,
        0x00, 0x00, 0x00, 0x00, 0x00, 0x00, 0x82, 0x00, 0x04, 0x09, 0xe4, 0x08, 0x24, 0x11, 0xec, 0x22, 0x8f, 0x2b, 0x8f, 0x2b,
        0x2e, 0x23, 0xac, 0x0a, 0xac, 0x12, 0xac, 0x12, 0x8c, 0x12, 0x8c, 0x12, 0xc8, 0x11, 0x00, 0x00, 0x00, 0x00, 0x00, 0x00,
        0x00, 0x00, 0x00, 0x00, 0x00, 0x00, 0x20, 0x00, 0xf4, 0x95, 0x18, 0xaf, 0xd7, 0xae, 0xf7, 0xae, 0xf7, 0xae, 0xd7, 0xae,
        0xd7, 0xae, 0xd7, 0xae, 0xd7, 0xae, 0xd7, 0xae, 0xd7, 0xae, 0xd7, 0xae, 0xd7, 0xae, 0xd7, 0xae, 0xd7, 0xae, 0xd7, 0xae,
        0xd7, 0xae, 0xd7, 0xae, 0xd7, 0xae, 0xd7, 0xae, 0xd7, 0xae, 0xd7, 0xae, 0xd7, 0xae, 0xd7, 0xae, 0xd7, 0xae, 0xd7, 0xae,
        0xd7, 0xae, 0xd7, 0xae, 0xd7, 0xae, 0xd7, 0xae, 0xd7, 0xae, 0xd7, 0xae, 0xd7, 0xae, 0xd7, 0xae, 0xd7, 0xae, 0xd7, 0xae,
        0xd7, 0xae, 0xd7, 0xae, 0xd7, 0xae, 0xd7, 0xae, 0xd7, 0xae, 0xd7, 0xae, 0xd7, 0xae, 0xd7, 0xae, 0xd7, 0xae, 0xd7, 0xae,
        0xd7, 0xae, 0xd7, 0xae, 0xd7, 0xae, 0xd7, 0xae, 0xd7, 0xae, 0xd7, 0xae, 0xd7, 0xae, 0xd7, 0xae, 0xd7, 0xae, 0xd7, 0xae,
        0xd7, 0xae, 0xd7, 0xae, 0xd7, 0xae, 0xd7, 0xae, 0xd7, 0xae, 0xd7, 0xae, 0xd7, 0xae, 0xd7, 0xae, 0xd7, 0xae, 0xd7, 0xae,
        0xd7, 0xae, 0xd7, 0xae, 0xd7, 0xae, 0xd7, 0xae, 0xd7, 0xae, 0xd7, 0xae, 0xd7, 0xae, 0xd7, 0xae, 0xd7, 0xae, 0xd7, 0xae,
        0xd7, 0xae, 0xd7, 0xae, 0xd7, 0xae, 0xd7, 0xae, 0xd7, 0xae, 0xd7, 0xae, 0xd7, 0xae, 0xd7, 0xae, 0xd7, 0xae, 0xd7, 0xae,
        0xd7, 0xae, 0xd7, 0xae, 0xd7, 0xae, 0xd7, 0xae, 0xd7, 0xae, 0xd7, 0xae, 0xd7, 0xae, 0xd7, 0xae, 0xd7, 0xae, 0xd7, 0xae,
        0xd7, 0xae, 0xd7, 0xae, 0xd7, 0xae, 0xd7, 0xae, 0xd7, 0xae, 0xd7, 0xae, 0xd7, 0xae, 0xd7, 0xae, 0xd7, 0xae, 0xd7, 0xae,
        0xd7, 0xae, 0xd7, 0xae, 0xd7, 0xae, 0xd7, 0xae, 0xd7, 0xae, 0xd7, 0xae, 0xd7, 0xae, 0xd7, 0xae, 0xd7, 0xae, 0xd7, 0xae,
        0xd7, 0xae, 0xd7, 0xae, 0xd7, 0xae, 0xd7, 0xae, 0xd7, 0xae, 0xd7, 0xae, 0xd7, 0xae, 0xd7, 0xae, 0xd7, 0xae, 0xd7, 0xae,
        0xd7, 0xae, 0xd7, 0xae, 0xd7, 0xae, 0xd7, 0xae, 0xd7, 0xae, 0xd7, 0xae, 0xd7, 0xae, 0xd7, 0xae, 0xd7, 0xae, 0xd7, 0xae,
        0xd7, 0xae, 0xd7, 0xae, 0xd7, 0xae, 0xd7, 0xae, 0xd7, 0xae, 0xd7, 0xae, 0xd7, 0xae, 0xd7, 0xae, 0xd7, 0xae, 0xd7, 0xae,
        0xd7, 0xae, 0xd7, 0xae, 0xd7, 0xae, 0xd7, 0xae, 0xd7, 0xae, 0xd7, 0xae, 0xd7, 0xae, 0xd7, 0xae, 0xd7, 0xae, 0xd7, 0xae,
        0xd7, 0xae, 0xd7, 0xae, 0xd7, 0xae, 0xd7, 0xae, 0xd7, 0xae, 0xd7, 0xae, 0xd7, 0xae, 0xd7, 0xae, 0xd7, 0xae, 0xd7, 0xae,
        0xd7, 0xae, 0xd7, 0xae, 0xf7, 0xae, 0x39, 0xb7, 0x48, 0x3a, 0x00, 0x00, 0x00, 0x00, 0x00, 0x00, 0x04, 0x09, 0xac, 0x12,
        0x8c, 0x12, 0x6b, 0x12, 0x61, 0x00, 0x00, 0x00, 0x00, 0x00, 0x82, 0x10, 0x53, 0x8c, 0x94, 0x94, 0x94, 0x94, 0xb4, 0x94,
        0xd5, 0x9c, 0x15, 0x9d, 0xf5, 0x9c, 0x56, 0xad, 0x99, 0xd6, 0x59, 0xce, 0x39, 0xce, 0xf8, 0xc5, 0xd8, 0xbd, 0xd8, 0xbd,
        0xb7, 0xbd, 0xb7, 0xbd, 0xb7, 0xbd, 0xb7, 0xbd, 0xb7, 0xbd, 0x56, 0xad, 0x53, 0x84, 0x2e, 0x63, 0x61, 0x08, 0x28, 0x4a,
        0x78, 0xd6, 0xfe, 0xff, 0x9d, 0xf7, 0x9c, 0xf7, 0x9c, 0xf7, 0x7b, 0xf7, 0x65, 0x31, 0x00, 0x00, 0x00, 0x00, 0x00, 0x00,
        0x00, 0x00, 0x20, 0x08, 0x20, 0x08, 0x00, 0x00, 0x00, 0x00, 0x00, 0x00, 0x00, 0x00, 0x00, 0x00, 0x00, 0x00, 0x00, 0x00,
        0x00, 0x00, 0x00, 0x00, 0x00, 0x00, 0x24, 0x21, 0x5c, 0xef, 0xbd, 0xff, 0xbd, 0xff, 0xde, 0xff, 0xbd, 0xff, 0xbd, 0xff,
        0xdd, 0xff, 0x39, 0xc6, 0x77, 0xad, 0xb7, 0xb5, 0x35, 0xa5, 0x82, 0x10, 0x00, 0x00, 0x00, 0x00, 0xa3, 0x10, 0x32, 0x84,
        0x33, 0x84, 0x33, 0x84, 0x73, 0x8c, 0xb7, 0xbd, 0xd8, 0xbd, 0xd8, 0xc5, 0xd8, 0xbd, 0xd8, 0xbd, 0xd8, 0xbd, 0xd8, 0xbd,
        0xd7, 0xbd, 0xd8, 0xbd, 0xd8, 0xbd, 0xd7, 0xbd, 0xb7, 0xbd, 0xb7, 0xbd, 0xb7, 0xb5, 0x97, 0xb5, 0xb9, 0xde, 0xdc, 0xff,
        0xbc, 0xff, 0xbc, 0xff, 0x9c, 0xff, 0x9c, 0xff, 0x9c, 0xff, 0x9c, 0xff, 0x9c, 0xff, 0x9c, 0xff, 0x7c, 0xf7, 0x7c, 0xf7,
        0x9c, 0xf7, 0x7c, 0xf7, 0x58, 0xce, 0xf7, 0xc5, 0xd7, 0xbd, 0x1a, 0xe7, 0x9c, 0xff, 0xfd, 0xff, 0xb5, 0xb5, 0x47, 0x19,
        0x87, 0x21, 0x87, 0x21, 0x05, 0x19, 0xe4, 0x10, 0xe4, 0x10, 0xc4, 0x10, 0x20, 0x00, 0x00, 0x00, 0x00, 0x00, 0x00, 0x00,
        0x00, 0x00, 0x00, 0x00, 0x00, 0x00, 0xc7, 0x11, 0x10, 0x34, 0xd0, 0x33, 0x10, 0x3c, 0xcd, 0x1a, 0x8c, 0x12, 0x8c, 0x12,
        0x0d, 0x13, 0xae, 0x13, 0x8e, 0x13, 0x2d, 0x13, 0x8c, 0x12, 0x8c, 0x12, 0xc8, 0x09, 0x00, 0x00, 0x00, 0x00, 0x00, 0x00,
        0x00, 0x00, 0x00, 0x00, 0x00, 0x00, 0x41, 0x08, 0xf5, 0x9d, 0x39, 0xb7, 0x18, 0xb7, 0xf8, 0xb6, 0xd8, 0xae, 0xd7, 0xae,
        0xd7, 0xae, 0xd7, 0xae, 0xd7, 0xae, 0xd7, 0xae, 0xd7, 0xae, 0xd7, 0xae, 0xd7, 0xae, 0xd7, 0xae, 0xf7, 0xae, 0xd7, 0xae,
        0xd7, 0xae, 0xd7, 0xae, 0xd7, 0xae, 0xd7, 0xae, 0xd7, 0xae, 0xd7, 0xae, 0xd7, 0xae, 0xd7, 0xae, 0xd7, 0xae, 0xd7, 0xae,
        0xd7, 0xae, 0xd7, 0xae, 0xd7, 0xae, 0xd7, 0xae, 0xd7, 0xae, 0xd7, 0xae, 0xd7, 0xae, 0xd7, 0xae, 0xd7, 0xae, 0xd7, 0xae,
        0xd7, 0xae, 0xd7, 0xae, 0xd7, 0xae, 0xd7, 0xae, 0xd7, 0xae, 0xd7, 0xae, 0xd7, 0xae, 0xd7, 0xae, 0xd7, 0xae, 0xd7, 0xae,
        0xd7, 0xae, 0xd7, 0xae, 0xd7, 0xae, 0xd7, 0xae, 0xd7, 0xae, 0xd7, 0xae, 0xd7, 0xae, 0xd7, 0xae, 0xd7, 0xae, 0xd7, 0xae,
        0xd7, 0xae, 0xd7, 0xae, 0xd7, 0xae, 0xd7, 0xae, 0xd7, 0xae, 0xd7, 0xae, 0xd7, 0xae, 0xd7, 0xae, 0xd7, 0xae, 0xd7, 0xae,
        0xd7, 0xae, 0xd7, 0xae, 0xd7, 0xae, 0xd7, 0xae, 0xd7, 0xae, 0xd7, 0xae, 0xd7, 0xae, 0xd7, 0xae, 0xd7, 0xae, 0xd7, 0xae,
        0xd7, 0xae, 0xd7, 0xae, 0xd7, 0xae, 0xd7, 0xae, 0xd7, 0xae, 0xf7, 0xae, 0xd7, 0xae, 0xd7, 0xae, 0xd7, 0xae, 0xd7, 0xae,
        0xd7, 0xae, 0xd7, 0xae, 0xd7, 0xae, 0xf7, 0xae, 0xd7, 0xae, 0xd7, 0xae, 0xd7, 0xae, 0xd7, 0xae, 0xd7, 0xae, 0xd7, 0xae,
        0xd7, 0xae, 0xd7, 0xae, 0xd7, 0xae, 0xd7, 0xae, 0xd7, 0xae, 0xd7, 0xae, 0xd7, 0xae, 0xd7, 0xae, 0xd7, 0xae, 0xd7, 0xae,
        0xd7, 0xae, 0xd7, 0xae, 0xd7, 0xae, 0xd7, 0xae, 0xd7, 0xae, 0xd7, 0xae, 0xd7, 0xae, 0xd7, 0xae, 0xd7, 0xae, 0xd7, 0xae,
        0xd7, 0xae, 0xd7, 0xae, 0xd7, 0xae, 0xd7, 0xae, 0xd7, 0xae, 0xd7, 0xae, 0xd7, 0xae, 0xd7, 0xae, 0xd7, 0xae, 0xd7, 0xae,
        0xd7, 0xae, 0xd7, 0xae, 0xd7, 0xae, 0xd7, 0xae, 0xd7, 0xae, 0xd7, 0xae, 0xd7, 0xae, 0xd7, 0xae, 0xd7, 0xae, 0xd7, 0xae,
        0xd7, 0xae, 0xd7, 0xae, 0xd7, 0xae, 0xd7, 0xae, 0xd7, 0xae, 0xd7, 0xae, 0xd7, 0xae, 0xd7, 0xae, 0xd7, 0xae, 0xd7, 0xae,
        0xd7, 0xae, 0xd7, 0xae, 0xd7, 0xae, 0xd7, 0xae, 0xd7, 0xae, 0xd7, 0xae, 0xd7, 0xae, 0xd7, 0xae, 0xd7, 0xae, 0xd7, 0xae,
        0xd7, 0xae, 0xd7, 0xae, 0xd7, 0xae, 0xd7, 0xae, 0xd7, 0xae, 0xd7, 0xae, 0xd7, 0xae, 0xd7, 0xae, 0xd7, 0xae, 0xd7, 0xae,
        0xd7, 0xae, 0xd7, 0xae, 0xd7, 0xae, 0x38, 0xb7, 0x47, 0x3a, 0x00, 0x00, 0x00, 0x00, 0x00, 0x00, 0xe4, 0x08, 0x6b, 0x12,
        0x4b, 0x12, 0x2a, 0x12, 0x41, 0x00, 0x00, 0x00, 0x00, 0x00, 0x82, 0x10, 0xb4, 0x94, 0xf5, 0x9c, 0xf5, 0x9c, 0xf5, 0x9c,
        0x16, 0xa5, 0x36, 0xa5, 0x15, 0x9d, 0x56, 0xad, 0x79, 0xd6, 0x59, 0xd6, 0x59, 0xce, 0x18, 0xc6, 0xd8, 0xbd, 0xb7, 0xbd,
        0xb7, 0xbd, 0xb7, 0xbd, 0xb7, 0xbd, 0x97, 0xbd, 0xb7, 0xbd, 0x56, 0xad, 0x73, 0x8c, 0x0d, 0x5b, 0x62, 0x08, 0x8a, 0x4a,
        0x78, 0xd6, 0xff, 0xff, 0xde, 0xff, 0xbc, 0xff, 0xbc, 0xff, 0x7c, 0xf7, 0x65, 0x29, 0x00, 0x00, 0x20, 0x00, 0x00, 0x00,
        0x20, 0x00, 0x40, 0x00, 0x20, 0x00, 0x00, 0x00, 0x00, 0x00, 0x00, 0x00, 0x00, 0x00, 0x00, 0x00, 0x00, 0x00, 0x00, 0x00,
        0x00, 0x00, 0x20, 0x00, 0x00, 0x00, 0x24, 0x21, 0x7b, 0xf7, 0xbd, 0xff, 0xbd, 0xff, 0xbd, 0xff, 0xbd, 0xff, 0xbd, 0xff,
        0xbd, 0xff, 0x59, 0xce, 0xd8, 0xb5, 0xf8, 0xbd, 0x76, 0xb5, 0xa2, 0x10, 0x00, 0x00, 0x00, 0x00, 0xa3, 0x10, 0x32, 0x7c,
        0x33, 0x84, 0x12, 0x7c, 0x53, 0x8c, 0x97, 0xb5, 0xb7, 0xbd, 0xb7, 0xbd, 0xd7, 0xbd, 0xd8, 0xbd, 0xd8, 0xbd, 0xd8, 0xbd,
        0xd8, 0xbd, 0xd8, 0xbd, 0xd8, 0xbd, 0xd8, 0xbd, 0xd8, 0xbd, 0xb7, 0xbd, 0xb7, 0xb5, 0x77, 0xb5, 0xb9, 0xde, 0xbb, 0xff,
        0x9b, 0xff, 0x9c, 0xff, 0x9c, 0xff, 0x9c, 0xff, 0x9c, 0xff, 0x9c, 0xff, 0x9c, 0xff, 0x9c, 0xff, 0x9c, 0xf7, 0x7c, 0xf7,
        0x9c, 0xf7, 0x7c, 0xf7, 0x59, 0xce, 0xf7, 0xbd, 0xd7, 0xbd, 0xfa, 0xe6, 0x7b, 0xf7, 0xdc, 0xff, 0x95, 0xb5, 0x26, 0x19,
        0x67, 0x21, 0x67, 0x21, 0x05, 0x19, 0xe4, 0x10, 0xe5, 0x18, 0x05, 0x19, 0x20, 0x00, 0x00, 0x00, 0x20, 0x00, 0x00, 0x00,
        0x00, 0x00, 0x00, 0x00, 0x00, 0x00, 0xc7, 0x19, 0xcf, 0x33, 0xaf, 0x33, 0xcf, 0x33, 0xcc, 0x1a, 0x8b, 0x12, 0x8c, 0x12,
        0x0d, 0x13, 0xae, 0x13, 0x8e, 0x0b, 0x2d, 0x13, 0x8b, 0x12, 0x6b, 0x12, 0xc8, 0x11, 0x00, 0x00, 0x00, 0x00, 0x00, 0x00,
        0x00, 0x00, 0x00, 0x00, 0x00, 0x00, 0x20, 0x00, 0xa5, 0x29, 0x27, 0x32, 0xe6, 0x31, 0x2e, 0x6c, 0x5a, 0xc7, 0x18, 0xb7,
        0x38, 0xb7, 0xf8, 0xae, 0xd7, 0xae, 0xd7, 0xae, 0xd7, 0xae, 0xd7, 0xae, 0xd7, 0xae, 0xd7, 0xae, 0xd7, 0xae, 0xd7, 0xae,
        0xd7, 0xae, 0xd7, 0xae, 0xd7, 0xae, 0xd7, 0xae, 0xd7, 0xae, 0xd7, 0xae, 0xd7, 0xae, 0xd7, 0xae, 0xd7, 0xae, 0xd7, 0xae,
        0xd7, 0xae, 0xd7, 0xae, 0xd7, 0xae, 0xd7, 0xae, 0xd7, 0xae, 0xd7, 0xae, 0xd7, 0xae, 0xd7, 0xae, 0xd7, 0xae, 0xd7, 0xae,
        0xd7, 0xae, 0xd7, 0xae, 0xd7, 0xae, 0xd7, 0xae, 0xd7, 0xae, 0xd7, 0xae, 0xd7, 0xae, 0xd7, 0xae, 0xd7, 0xae, 0xd7, 0xae,
        0xd7, 0xae, 0xd7, 0xae, 0xd7, 0xae, 0xd7, 0xae, 0xd7, 0xae, 0xd7, 0xae, 0xd7, 0xae, 0xd7, 0xae, 0xd7, 0xae, 0xd7, 0xae,
        0xd7, 0xae, 0xd7, 0xae, 0xd7, 0xae, 0xd7, 0xae, 0xd7, 0xae, 0xd7, 0xae, 0xd7, 0xae, 0xd7, 0xae, 0xd7, 0xae, 0xd7, 0xae,
        0xd7, 0xae, 0xd7, 0xae, 0xd7, 0xae, 0xd7, 0xae, 0xd7, 0xae, 0xd7, 0xae, 0xd7, 0xae, 0xd7, 0xae, 0xd7, 0xae, 0xd7, 0xae,
        0xd7, 0xae, 0xd7, 0xae, 0xd7, 0xae, 0xd7, 0xae, 0xd7, 0xae, 0xf7, 0xae, 0xd7, 0xae, 0xd7, 0xae, 0xd7, 0xae, 0xd7, 0xae,
        0xd7, 0xae, 0xd7, 0xae, 0xd7, 0xae, 0xd7, 0xae, 0xd7, 0xae, 0xd7, 0xae, 0xd7, 0xae, 0xd7, 0xae, 0xd7, 0xae, 0xd7, 0xae,
        0xd7, 0xae, 0xd7, 0xae, 0xd7, 0xae, 0xd7, 0xae, 0xd7, 0xae, 0xd7, 0xae, 0xd7, 0xae, 0xd7, 0xae, 0xd7, 0xae, 0xd7, 0xae,
        0xd7, 0xae, 0xd7, 0xae, 0xd7, 0xae, 0xd7, 0xae, 0xd7, 0xae, 0xd7, 0xae, 0xd7, 0xae, 0xd7, 0xae, 0xd7, 0xae, 0xd7, 0xae,
        0xd7, 0xae, 0xd7, 0xae, 0xd7, 0xae, 0xd7, 0xae, 0xd7, 0xae, 0xd7, 0xae, 0xd7, 0xae, 0xd7, 0xae, 0xd7, 0xae, 0xd7, 0xae,
        0xd7, 0xae, 0xd7, 0xae, 0xd7, 0xae, 0xd7, 0xae, 0xd7, 0xae, 0xd7, 0xae, 0xd7, 0xae, 0xd7, 0xae, 0xd7, 0xae, 0xd7, 0xae,
        0xd7, 0xae, 0xd7, 0xae, 0xd7, 0xae, 0xd7, 0xae, 0xd7, 0xae, 0xd7, 0xae, 0xd7, 0xae, 0xd7, 0xae, 0xd7, 0xae, 0xd7, 0xae,
        0xd7, 0xae, 0xd7, 0xae, 0xd7, 0xae, 0xd7, 0xae, 0xd7, 0xae, 0xd7, 0xae, 0xd7, 0xae, 0xd7, 0xae, 0xd7, 0xae, 0xd7, 0xae,
        0xd7, 0xae, 0xd7, 0xae, 0xd7, 0xae, 0xd7, 0xae, 0xd7, 0xae, 0xd7, 0xae, 0xd7, 0xae, 0xd7, 0xae, 0xd7, 0xae, 0xd7, 0xae,
        0xd7, 0xae, 0xd7, 0xa6, 0xd7, 0xa6, 0x18, 0xaf, 0x27, 0x32, 0x00, 0x00, 0x00, 0x00, 0x00, 0x00, 0x04, 0x09, 0x8c, 0x12,
        0x8c, 0x12, 0x6b, 0x12, 0x41, 0x00, 0x00, 0x00, 0x20, 0x00, 0x82, 0x10, 0xd0, 0x73, 0x12, 0x7c, 0xf1, 0x7b, 0x31, 0x84,
        0xf5, 0x9c, 0x56, 0xad, 0x36, 0xa5, 0x77, 0xad, 0x79, 0xd6, 0x59, 0xce, 0x39, 0xce, 0x18, 0xc6, 0xd7, 0xbd, 0xb7, 0xbd,
        0xb7, 0xbd, 0xb7, 0xbd, 0xb7, 0xbd, 0xb7, 0xbd, 0xb7, 0xbd, 0x97, 0xb5, 0x94, 0x8c, 0x0d, 0x5b, 0xc3, 0x18, 0xab, 0x52,
        0x95, 0xb5, 0xda, 0xde, 0x1b, 0xe7, 0x9c, 0xff, 0xbc, 0xff, 0x7b, 0xf7, 0x85, 0x31, 0x00, 0x00, 0x40, 0x08, 0x20, 0x00,
        0x40, 0x08, 0x40, 0x08, 0x20, 0x08, 0x20, 0x00, 0x20, 0x00, 0x20, 0x00, 0x00, 0x00, 0x20, 0x00, 0x20, 0x00, 0x20, 0x00,
        0x20, 0x00, 0x20, 0x00, 0x00, 0x00, 0x24, 0x21, 0x5b, 0xf7, 0xbc, 0xff, 0x9c, 0xff, 0x9c, 0xf7, 0x9c, 0xf7, 0x9c, 0xf7,
        0xbc, 0xff, 0x96, 0xb5, 0xf4, 0x9c, 0x55, 0xad, 0xf4, 0xa4, 0xa2, 0x10, 0x00, 0x00, 0x00, 0x00, 0xa3, 0x10, 0x12, 0x7c,
        0x13, 0x84, 0x12, 0x7c, 0x53, 0x84, 0x97, 0xb5, 0xb7, 0xbd, 0xb7, 0xbd, 0xd8, 0xbd, 0xd8, 0xbd, 0xd7, 0xbd, 0xd8, 0xbd,
        0xd8, 0xbd, 0xd8, 0xbd, 0xd8, 0xbd, 0xd8, 0xbd, 0xd8, 0xbd, 0xb7, 0xbd, 0xb7, 0xb5, 0x77, 0xb5, 0xb9, 0xde, 0xbc, 0xff,
        0x9b, 0xff, 0x9c, 0xff, 0x9c, 0xff, 0x9c, 0xff, 0x9c, 0xff, 0x9c, 0xff, 0x9c, 0xff, 0x9c, 0xff, 0x9c, 0xf7, 0x9c, 0xf7,
        0x9c, 0xf7, 0x7c, 0xf7, 0x38, 0xce, 0xd7, 0xbd, 0xb6, 0xbd, 0xfa, 0xe6, 0xbc, 0xff, 0xfd, 0xff, 0x95, 0xb5, 0x06, 0x11,
        0x67, 0x21, 0x67, 0x21, 0xe4, 0x10, 0xa3, 0x10, 0xc4, 0x10, 0xc4, 0x10, 0x21, 0x00, 0x20, 0x08, 0x20, 0x08, 0x20, 0x00,
        0x41, 0x00, 0x41, 0x00, 0x20, 0x00, 0xc7, 0x19, 0xaf, 0x33, 0x8e, 0x33, 0xaf, 0x33, 0xac, 0x1a, 0x6b, 0x12, 0x6b, 0x1a,
        0x4d, 0x1b, 0x4e, 0x0c, 0x0d, 0x0c, 0x8d, 0x0b, 0x8b, 0x12, 0x8c, 0x12, 0xc8, 0x11, 0x00, 0x00, 0x00, 0x00, 0x00, 0x00,
        0x20, 0x00, 0x41, 0x08, 0x41, 0x08, 0x41, 0x08, 0x00, 0x00, 0x00, 0x00, 0x00, 0x00, 0x07, 0x32, 0xd4, 0x95, 0x73, 0x8d,
        0x52, 0x8d, 0x15, 0x9e, 0xf8, 0xae, 0xd7, 0xae, 0xd7, 0xae, 0xd7, 0xae, 0xd7, 0xae, 0xd7, 0xae, 0xd7, 0xae, 0xd7, 0xae,
        0xd7, 0xae, 0xd7, 0xae, 0xd7, 0xae, 0xd7, 0xae, 0xd7, 0xae, 0xd7, 0xae, 0xd7, 0xae, 0xd7, 0xae, 0xd7, 0xae, 0xd7, 0xae,
        0xd7, 0xae, 0xd7, 0xae, 0xd7, 0xae, 0xd7, 0xae, 0xd7, 0xae, 0xd7, 0xae, 0xd7, 0xae, 0xd7, 0xae, 0xd7, 0xae, 0xd7, 0xae,
        0xd7, 0xae, 0xd7, 0xae, 0xd7, 0xae, 0xd7, 0xae, 0xd7, 0xae, 0xd7, 0xae, 0xd7, 0xae, 0xd7, 0xae, 0xd7, 0xae, 0xd7, 0xae,
        0xd7, 0xae, 0xd7, 0xae, 0xd7, 0xae, 0xd7, 0xae, 0xd7, 0xae, 0xd7, 0xae, 0xd7, 0xae, 0xd7, 0xae, 0xd7, 0xae, 0xd7, 0xae,
        0xd7, 0xae, 0xd7, 0xae, 0xd7, 0xae, 0xd7, 0xae, 0xd7, 0xae, 0xd7, 0xae, 0xd7, 0xae, 0xd7, 0xae, 0xd7, 0xae, 0xd7, 0xae,
        0xd7, 0xae, 0xd7, 0xae, 0xd7, 0xae, 0xd7, 0xae, 0xd7, 0xae, 0xd7, 0xae, 0xd7, 0xae, 0xd7, 0xae, 0xd7, 0xae, 0xd7, 0xae,
        0xd7, 0xae, 0xd7, 0xae, 0xd7, 0xae, 0xd7, 0xae, 0xd7, 0xae, 0xd7, 0xae, 0xd7, 0xae, 0xd7, 0xae, 0xd7, 0xae, 0xd7, 0xae,
        0xd7, 0xae, 0xd7, 0xae, 0xd7, 0xae, 0xd7, 0xae, 0xd7, 0xae, 0xd7, 0xae, 0xd7, 0xae, 0xd7, 0xae, 0xd7, 0xae, 0xd7, 0xae,
        0xd7, 0xae, 0xd7, 0xae, 0xd7, 0xae, 0xd7, 0xae, 0xd7, 0xae, 0xd7, 0xae, 0xd7, 0xae, 0xd7, 0xae, 0xd7, 0xae, 0xd7, 0xae,
        0xd7, 0xae, 0xd7, 0xae, 0xd7, 0xae, 0xd7, 0xae, 0xd7, 0xae, 0xd7, 0xae, 0xd7, 0xae, 0xd7, 0xae, 0xd7, 0xae, 0xd7, 0xae,
        0xd7, 0xae, 0xd7, 0xae, 0xd7, 0xae, 0xd7, 0xae, 0xd7, 0xae, 0xd7, 0xae, 0xd7, 0xae, 0xd7, 0xae, 0xd7, 0xae, 0xd7, 0xae,
        0xd7, 0xae, 0xd7, 0xae, 0xd7, 0xae, 0xd7, 0xae, 0xd7, 0xae, 0xd7, 0xae, 0xd7, 0xae, 0xd7, 0xae, 0xd7, 0xae, 0xd7, 0xae,
        0xd7, 0xae, 0xd7, 0xae, 0xd7, 0xae, 0xd7, 0xae, 0xd7, 0xae, 0xd7, 0xae, 0xd7, 0xae, 0xd7, 0xae, 0xd7, 0xae, 0xd7, 0xae,
        0xd7, 0xae, 0xd7, 0xae, 0xd7, 0xae, 0xd7, 0xae, 0xd7, 0xae, 0xd7, 0xae, 0xd7, 0xae, 0xd7, 0xae, 0xd7, 0xae, 0xd7, 0xae,
        0xd7, 0xae, 0xd7, 0xae, 0xd7, 0xae, 0xd7, 0xae, 0xd7, 0xae, 0xd7, 0xae, 0xd7, 0xae, 0xd7, 0xae, 0xd7, 0xae, 0xd7, 0xae,
        0xd7, 0xae, 0xd7, 0xa6, 0xd7, 0xa6, 0x18, 0xaf, 0x27, 0x32, 0x00, 0x00, 0x00, 0x00, 0x00, 0x00, 0x25, 0x09, 0x6f, 0x2b,
        0x6f, 0x2b, 0x6e, 0x2b, 0x87, 0x09, 0x26, 0x09, 0x67, 0x09, 0x26, 0x09, 0x62, 0x00, 0x41, 0x08, 0x41, 0x08, 0x21, 0x00,
        0x31, 0x84, 0xf9, 0xc5, 0xb7, 0xb5, 0xb7, 0xbd, 0xd7, 0xbd, 0xd8, 0xbd, 0xd8, 0xbd, 0xd8, 0xbd, 0xb7, 0xbd, 0xb7, 0xbd,
        0xb7, 0xbd, 0xb7, 0xbd, 0xb7, 0xbd, 0xb7, 0xbd, 0xb7, 0xbd, 0xb7, 0xbd, 0x77, 0xad, 0x35, 0xa5, 0x35, 0xa5, 0x31, 0x84,
        0xa3, 0x10, 0x81, 0x10, 0xaa, 0x5a, 0x9c, 0xff, 0x7c, 0xf7, 0x9c, 0xf7, 0x16, 0xc6, 0xd5, 0xbd, 0xd6, 0xbd, 0xd6, 0xbd,
        0xf6, 0xbd, 0xf6, 0xbd, 0xf6, 0xbd, 0xd6, 0xbd, 0xd5, 0xbd, 0xd5, 0xbd, 0xb5, 0xb5, 0xd5, 0xbd, 0xd5, 0xbd, 0xd5, 0xbd,
        0xd5, 0xbd, 0xd5, 0xbd, 0xd5, 0xbd, 0xd5, 0xbd, 0x99, 0xde, 0x59, 0xce, 0x59, 0xce, 0xf8, 0xbd, 0xd7, 0xb5, 0xd7, 0xbd,
        0xf8, 0xbd, 0xa7, 0x31, 0x41, 0x08, 0x82, 0x10, 0xc3, 0x18, 0x2d, 0x63, 0x8f, 0x73, 0x6f, 0x6b, 0xb0, 0x73, 0xf5, 0xa4,
        0x16, 0xa5, 0x16, 0xa5, 0x36, 0xa5, 0xb7, 0xb5, 0xb7, 0xbd, 0xd8, 0xbd, 0xd8, 0xbd, 0xd8, 0xbd, 0xd8, 0xbd, 0xd8, 0xbd,
        0xd8, 0xbd, 0xd8, 0xbd, 0xd8, 0xbd, 0xd8, 0xbd, 0xba, 0xde, 0x3b, 0xef, 0x1b, 0xe7, 0x1b, 0xe7, 0x5b, 0xf7, 0x9b, 0xff,
        0x9c, 0xff, 0x9c, 0xff, 0x9c, 0xf7, 0x9c, 0xff, 0x9c, 0xff, 0x9c, 0xff, 0xbc, 0xff, 0x9c, 0xff, 0x9c, 0xf7, 0x9c, 0xf7,
        0x9c, 0xff, 0x7c, 0xf7, 0x1a, 0xe7, 0xfa, 0xe6, 0xb9, 0xde, 0x95, 0xb5, 0xca, 0x5a, 0xca, 0x5a, 0xe7, 0x39, 0x83, 0x08,
        0xa3, 0x10, 0xa3, 0x10, 0x21, 0x00, 0x00, 0x00, 0x20, 0x00, 0x20, 0x00, 0x20, 0x00, 0x20, 0x08, 0x20, 0x00, 0xc3, 0x08,
        0x6e, 0x33, 0x4d, 0x3b, 0x6e, 0x3b, 0xcc, 0x22, 0x6a, 0x12, 0x6a, 0x1a, 0x8b, 0x1a, 0x2d, 0x13, 0x6e, 0x13, 0x8e, 0x13,
        0xf2, 0x1d, 0xb6, 0x17, 0x75, 0x17, 0xd4, 0x1e, 0x0d, 0x13, 0x8c, 0x1a, 0xe9, 0x11, 0x00, 0x00, 0x00, 0x00, 0x00, 0x00,
        0x2a, 0x42, 0xf2, 0x7b, 0xd1, 0x7b, 0x4e, 0x63, 0x05, 0x19, 0x04, 0x19, 0x25, 0x19, 0xa2, 0x10, 0x40, 0x00, 0x40, 0x00,
        0x00, 0x00, 0xcd, 0x63, 0x39, 0xb7, 0xd7, 0xae, 0xd7, 0xae, 0xd7, 0xae, 0xd7, 0xae, 0xd7, 0xae, 0xd7, 0xae, 0xd7, 0xae,
        0xd7, 0xae, 0xd7, 0xae, 0xd7, 0xae, 0xd7, 0xae, 0xd7, 0xae, 0xf7, 0xae, 0xd7, 0xae, 0xd7, 0xae, 0xd7, 0xae, 0xd7, 0xae,
        0xd7, 0xae, 0xd7, 0xae, 0xd7, 0xae, 0xd7, 0xae, 0xd7, 0xae, 0xd7, 0xae, 0xd7, 0xae, 0xd7, 0xae, 0xd7, 0xae, 0xd7, 0xae,
        0xd7, 0xae, 0xd7, 0xae, 0xd7, 0xae, 0xd7, 0xae, 0xd7, 0xae, 0xd7, 0xae, 0xd7, 0xae, 0xd7, 0xae, 0xd7, 0xae, 0xd7, 0xae,
        0xd7, 0xae, 0xd7, 0xae, 0xd7, 0xae, 0xd7, 0xae, 0xd7, 0xae, 0xd7, 0xae, 0xd7, 0xae, 0xd7, 0xae, 0xd7, 0xae, 0xd7, 0xae,
        0xd7, 0xae, 0xd7, 0xae, 0xd7, 0xae, 0xd7, 0xae, 0xd7, 0xae, 0xd7, 0xae, 0xd7, 0xae, 0xd7, 0xae, 0xd7, 0xae, 0xd7, 0xae,
        0xd7, 0xae, 0xd7, 0xae, 0xd7, 0xae, 0xd7, 0xae, 0xd7, 0xae, 0xd7, 0xae, 0xd7, 0xae, 0xd7, 0xae, 0xd7, 0xae, 0xd7, 0xae,
        0xd7, 0xae, 0xf7, 0xae, 0xd7, 0xae, 0xd7, 0xae, 0xf7, 0xae, 0xd7, 0xae, 0xd7, 0xae, 0xd7, 0xae, 0xf7, 0xae, 0xd7, 0xae,
        0xd7, 0xae, 0xd7, 0xae, 0xd7, 0xae, 0xd7, 0xae, 0xd7, 0xae, 0xd7, 0xae, 0xd7, 0xae, 0xd7, 0xae, 0xd7, 0xae, 0xd7, 0xae,
        0xd7, 0xae, 0xd7, 0xae, 0xd7, 0xae, 0xd7, 0xae, 0xd7, 0xae, 0xd7, 0xae, 0xd7, 0xae, 0xd7, 0xae, 0xd7, 0xae, 0xd7, 0xae,
        0xd7, 0xae, 0xd7, 0xae, 0xd7, 0xae, 0xd7, 0xae, 0xd7, 0xae, 0xd7, 0xae, 0xd7, 0xae, 0xd7, 0xae, 0xd7, 0xae, 0xd7, 0xae,
        0xd7, 0xae, 0xd7, 0xae, 0xd7, 0xae, 0xd7, 0xae, 0xd7, 0xae, 0xd7, 0xae, 0xd7, 0xae, 0xd7, 0xae, 0xd7, 0xae, 0xd7, 0xae,
        0xd7, 0xae, 0xd7, 0xae, 0xd7, 0xae, 0xd7, 0xae, 0xd7, 0xae, 0xd7, 0xae, 0xd7, 0xae, 0xd7, 0xae, 0xd7, 0xae, 0xd7, 0xae,
        0xd7, 0xae, 0xd7, 0xae, 0xd7, 0xae, 0xd7, 0xae, 0xd7, 0xae, 0xd7, 0xae, 0xd7, 0xae, 0xd7, 0xae, 0xd7, 0xae, 0xd7, 0xae,
        0xd7, 0xae, 0xd7, 0xae, 0xd7, 0xae, 0xd7, 0xae, 0xd7, 0xae, 0xd7, 0xae, 0xd7, 0xae, 0xd7, 0xae, 0xd7, 0xae, 0xd7, 0xae,
        0xd7, 0xae, 0xd7, 0xae, 0xd7, 0xae, 0xd7, 0xae, 0xd7, 0xae, 0xd7, 0xae, 0xd7, 0xae, 0xd7, 0xae, 0xd7, 0xae, 0xd7, 0xae,
        0xd7, 0xae, 0xd7, 0xa6, 0xd7, 0xa6, 0x18, 0xaf, 0x27, 0x32, 0x00, 0x00, 0x00, 0x00, 0x00, 0x00, 0x65, 0x11, 0x11, 0x3c,
        0xf1, 0x3b, 0xf0, 0x3b, 0x0a, 0x0a, 0x88, 0x01, 0x88, 0x01, 0x46, 0x01, 0x21, 0x00, 0x00, 0x00, 0x20, 0x00, 0x00, 0x00,
        0x11, 0x84, 0xf8, 0xc5, 0x97, 0xb5, 0x97, 0xb5, 0x97, 0xb5, 0xb7, 0xb5, 0xb7, 0xbd, 0xb7, 0xbd, 0xb7, 0xbd, 0xb7, 0xbd,
        0xb7, 0xbd, 0xb7, 0xbd, 0xb7, 0xbd, 0xb7, 0xbd, 0xb7, 0xbd, 0xd8, 0xbd, 0xd8, 0xbd, 0xf8, 0xc5, 0xf8, 0xc5, 0xb3, 0x94,
        0x41, 0x00, 0x00, 0x00, 0xc7, 0x39, 0x18, 0xc6, 0xf8, 0xc5, 0x38, 0xce, 0x9c, 0xff, 0xfd, 0xff, 0xfe, 0xff, 0xfe, 0xff,
        0xfe, 0xff, 0xfe, 0xff, 0xfd, 0xff, 0xfe, 0xff, 0xfe, 0xff, 0xfd, 0xff, 0xdd, 0xff, 0xdc, 0xff, 0xdc, 0xff, 0xdc, 0xff,
        0xdd, 0xff, 0xdd, 0xff, 0xfd, 0xff, 0x7b, 0xf7, 0x97, 0xb5, 0x76, 0xad, 0xb7, 0xb5, 0x56, 0xad, 0x15, 0x9d, 0x15, 0x9d,
        0x16, 0xa5, 0x45, 0x29, 0x00, 0x00, 0x00, 0x00, 0x61, 0x08, 0x73, 0x8c, 0x16, 0x9d, 0xd5, 0x94, 0x16, 0x9d, 0xd8, 0xbd,
        0xd8, 0xbd, 0xd8, 0xbd, 0xb7, 0xbd, 0xb7, 0xbd, 0xb8, 0xbd, 0xd7, 0xbd, 0xd8, 0xbd, 0xd8, 0xbd, 0xd8, 0xbd, 0xd8, 0xbd,
        0xd8, 0xbd, 0xd8, 0xbd, 0xd8, 0xbd, 0xd8, 0xbd, 0x1b, 0xe7, 0xdd, 0xff, 0xbc, 0xff, 0xbc, 0xff, 0xbc, 0xff, 0x9c, 0xff,
        0x9c, 0xff, 0x9c, 0xff, 0x9c, 0xf7, 0x9c, 0xff, 0x9c, 0xff, 0x9c, 0xff, 0x9c, 0xff, 0x9c, 0xff, 0x9c, 0xff, 0x9c, 0xff,
        0x9c, 0xff, 0x9c, 0xf7, 0xbc, 0xff, 0xdd, 0xff, 0x9c, 0xff, 0xb2, 0x9c, 0x00, 0x00, 0x00, 0x00, 0x00, 0x00, 0x00, 0x00,
        0x00, 0x00, 0x00, 0x00, 0x20, 0x00, 0x20, 0x00, 0x20, 0x00, 0x00, 0x00, 0x00, 0x00, 0x00, 0x00, 0x00, 0x00, 0xe4, 0x08,
        0x31, 0x44, 0x31, 0x44, 0x11, 0x44, 0x2d, 0x2b, 0x09, 0x0a, 0x29, 0x12, 0x4a, 0x12, 0x6e, 0x13, 0xcf, 0x0b, 0xce, 0x0b,
        0x53, 0x1e, 0xf7, 0x17, 0xf7, 0x1f, 0x96, 0x17, 0x6d, 0x13, 0xad, 0x1a, 0x0a, 0x12, 0x00, 0x00, 0x20, 0x00, 0x00, 0x00,
        0xac, 0x52, 0xb5, 0x94, 0x74, 0x8c, 0xd1, 0x73, 0xad, 0x42, 0x0f, 0x4b, 0x2f, 0x53, 0x46, 0x21, 0x00, 0x00, 0x00, 0x00,
        0x00, 0x00, 0xcd, 0x5b, 0x59, 0xb7, 0xd7, 0xae, 0xd7, 0xae, 0xd7, 0xae, 0xf7, 0xae, 0xd7, 0xae, 0xd7, 0xae, 0xd7, 0xae,
        0xd7, 0xae, 0xd7, 0xae, 0xd7, 0xae, 0xd7, 0xae, 0xd7, 0xae, 0xd7, 0xae, 0xf7, 0xae, 0xd7, 0xae, 0xf7, 0xae, 0xd7, 0xae,
        0xd7, 0xae, 0xd7, 0xae, 0xd7, 0xae, 0xd7, 0xae, 0xd7, 0xae, 0xd7, 0xae, 0xd7, 0xae, 0xd7, 0xae, 0xd7, 0xae, 0xd7, 0xae,
        0xd7, 0xae, 0xd7, 0xae, 0xd7, 0xae, 0xd7, 0xae, 0xd7, 0xae, 0xd7, 0xae, 0xd7, 0xae, 0xd7, 0xae, 0xd7, 0xae, 0xd7, 0xae,
        0xd7, 0xae, 0xd7, 0xae, 0xd7, 0xae, 0xd7, 0xae, 0xd7, 0xae, 0xd7, 0xae, 0xd7, 0xae, 0xd7, 0xae, 0xd7, 0xae, 0xd7, 0xae,
        0xd7, 0xae, 0xd7, 0xae, 0xd7, 0xae, 0xd7, 0xae, 0xd7, 0xae, 0xd7, 0xae, 0xd7, 0xae, 0xd7, 0xae, 0xd7, 0xae, 0xd7, 0xae,
        0xd7, 0xae, 0xd7, 0xae, 0xd7, 0xae, 0xd7, 0xae, 0xd7, 0xae, 0xd7, 0xae, 0xd7, 0xae, 0xd7, 0xae, 0xd7, 0xae, 0xd7, 0xae,
        0xd7, 0xae, 0xf7, 0xae, 0xd7, 0xae, 0xd7, 0xae, 0xf7, 0xae, 0xf7, 0xae, 0xd7, 0xae, 0xd7, 0xae, 0xd7, 0xae, 0xd7, 0xae,
        0xd7, 0xae, 0xd7, 0xae, 0xd7, 0xae, 0xd7, 0xae, 0xd7, 0xae, 0xd7, 0xae, 0xd7, 0xae, 0xd7, 0xae, 0xd7, 0xae, 0xd7, 0xae,
        0xd7, 0xae, 0xd7, 0xae, 0xd7, 0xae, 0xd7, 0xae, 0xd7, 0xae, 0xd7, 0xae, 0xd7, 0xae, 0xd7, 0xae, 0xd7, 0xae, 0xd7, 0xae,
        0xd7, 0xae, 0xd7, 0xae, 0xd7, 0xae, 0xd7, 0xae, 0xd7, 0xae, 0xd7, 0xae, 0xd7, 0xae, 0xd7, 0xae, 0xd7, 0xae, 0xd7, 0xae,
        0xd7, 0xae, 0xd7, 0xae, 0xd7, 0xae, 0xd7, 0xae, 0xd7, 0xae, 0xd7, 0xae, 0xd7, 0xae, 0xd7, 0xae, 0xd7, 0xae, 0xd7, 0xae,
        0xd7, 0xae, 0xd7, 0xae, 0xd7, 0xae, 0xd7, 0xae, 0xd7, 0xae, 0xd7, 0xae, 0xd7, 0xae, 0xd7, 0xae, 0xd7, 0xae, 0xd7, 0xae,
        0xd7, 0xae, 0xd7, 0xae, 0xd7, 0xae, 0xd7, 0xae, 0xd7, 0xae, 0xd7, 0xae, 0xd7, 0xae, 0xd7, 0xae, 0xd7, 0xae, 0xd7, 0xae,
        0xd7, 0xae, 0xd7, 0xae, 0xd7, 0xae, 0xd7, 0xae, 0xd7, 0xae, 0xd7, 0xae, 0xd7, 0xae, 0xd7, 0xae, 0xd7, 0xae, 0xd7, 0xae,
        0xd7, 0xae, 0xf7, 0xae, 0xd7, 0xae, 0xd7, 0xae, 0xd7, 0xae, 0xd7, 0xae, 0xd7, 0xae, 0xd7, 0xae, 0xd7, 0xae, 0xd7, 0xae,
        0xd7, 0xae, 0xd7, 0xae, 0xd7, 0xa6, 0x18, 0xaf, 0x27, 0x32, 0x00, 0x00, 0x00, 0x00, 0x00, 0x00, 0x66, 0x11, 0x11, 0x34,
        0xf1, 0x3b, 0xd0, 0x33, 0x0d, 0x23, 0xac, 0x22, 0xac, 0x22, 0x4a, 0x22, 0x00, 0x00, 0x00, 0x00, 0x00, 0x00, 0x00, 0x00,
        0xf0, 0x7b, 0xf8, 0xbd, 0x97, 0xb5, 0x97, 0xb5, 0xb7, 0xbd, 0xb7, 0xbd, 0xb7, 0xbd, 0xb7, 0xbd, 0xb7, 0xbd, 0xb7, 0xbd,
        0xb7, 0xb5, 0x97, 0xb5, 0xb7, 0xb5, 0xb7, 0xbd, 0xb7, 0xbd, 0xb7, 0xbd, 0xd7, 0xbd, 0xd8, 0xbd, 0xd8, 0xbd, 0x72, 0x8c,
        0x20, 0x00, 0x00, 0x00, 0x66, 0x31, 0x97, 0xb5, 0x97, 0xb5, 0xd8, 0xbd, 0x5c, 0xef, 0xdd, 0xff, 0xbd, 0xff, 0xbc, 0xff,
        0xbc, 0xff, 0xbc, 0xff, 0xbc, 0xff, 0xbd, 0xff, 0xbd, 0xff, 0xbd, 0xff, 0x9c, 0xff, 0x9c, 0xff, 0x7b, 0xf7, 0x9b, 0xff,
        0x9c, 0xff, 0x9c, 0xff, 0x9c, 0xff, 0x3a, 0xef, 0x76, 0xb5, 0x77, 0xb5, 0xb7, 0xbd, 0x15, 0xa5, 0x94, 0x94, 0xb4, 0x94,
        0xd4, 0x9c, 0x04, 0x21, 0x00, 0x00, 0x00, 0x00, 0x41, 0x08, 0x32, 0x84, 0xd5, 0x94, 0x94, 0x94, 0xd5, 0x9c, 0xd8, 0xbd,
        0xd8, 0xbd, 0xb7, 0xbd, 0xb7, 0xbd, 0xb7, 0xbd, 0xd8, 0xbd, 0xd8, 0xbd, 0xd7, 0xbd, 0xd8, 0xbd, 0xd8, 0xbd, 0xd8, 0xbd,
        0xd8, 0xbd, 0xd8, 0xbd, 0xd8, 0xbd, 0xd8, 0xbd, 0x1b, 0xe7, 0xbd, 0xff, 0xbc, 0xff, 0x9c, 0xff, 0x9c, 0xff, 0x9c, 0xff,
        0x9c, 0xff, 0x9b, 0xff, 0x9c, 0xff, 0x9c, 0xff, 0x9c, 0xff, 0x9c, 0xff, 0xbc, 0xff, 0xbc, 0xff, 0xbc, 0xff, 0x9c, 0xff,
        0x9c, 0xff, 0x9c, 0xf7, 0xbd, 0xff, 0xdd, 0xff, 0x9c, 0xff, 0xb2, 0x9c, 0x00, 0x00, 0x20, 0x00, 0x00, 0x00, 0x00, 0x00,
        0x00, 0x00, 0x00, 0x00, 0x00, 0x00, 0x00, 0x00, 0x00, 0x00, 0x20, 0x00, 0xe8, 0x21, 0x28, 0x22, 0x08, 0x22, 0x6a, 0x22,
        0x10, 0x3c, 0x10, 0x3c, 0x10, 0x3c, 0x2d, 0x2b, 0x0a, 0x12, 0x29, 0x12, 0x2a, 0x12, 0x2d, 0x0b, 0x8e, 0x03, 0x6d, 0x03,
        0x32, 0x16, 0xf7, 0x0f, 0xf7, 0x17, 0x97, 0x1f, 0x6e, 0x13, 0xcd, 0x1a, 0x2a, 0x12, 0x20, 0x00, 0x20, 0x00, 0x00, 0x00,
        0xac, 0x52, 0xb5, 0x94, 0x74, 0x8c, 0xb1, 0x73, 0xad, 0x42, 0xce, 0x4a, 0xcd, 0x42, 0x04, 0x19, 0x00, 0x00, 0x00, 0x00,
        0x00, 0x00, 0xad, 0x5b, 0x39, 0xb7, 0xd7, 0xae, 0xf7, 0xae, 0xf7, 0xae, 0xf7, 0xae, 0xf7, 0xae, 0xd7, 0xae, 0xd7, 0xae,
        0xd7, 0xae, 0xf7, 0xae, 0xf7, 0xae, 0xd7, 0xae, 0xd7, 0xae, 0xd7, 0xae, 0xd7, 0xae, 0xf7, 0xae, 0xd7, 0xae, 0xd7, 0xae,
        0xd7, 0xae, 0xd7, 0xae, 0xd7, 0xae, 0xd7, 0xae, 0xd7, 0xae, 0xd7, 0xae, 0xd7, 0xae, 0xd7, 0xae, 0xd7, 0xae, 0xd7, 0xae,
        0xd7, 0xae, 0xd7, 0xae, 0xd7, 0xae, 0xd7, 0xae, 0xd7, 0xae, 0xd7, 0xae, 0xd7, 0xae, 0xd7, 0xae, 0xd7, 0xae, 0xd7, 0xae,
        0xd7, 0xae, 0xd7, 0xae, 0xd7, 0xae, 0xd7, 0xae, 0xd7, 0xae, 0xd7, 0xae, 0xd7, 0xae, 0xd7, 0xae, 0xd7, 0xae, 0xd7, 0xae,
        0xd7, 0xae, 0xd7, 0xae, 0xd7, 0xae, 0xd7, 0xae, 0xd7, 0xae, 0xd7, 0xae, 0xd7, 0xae, 0xd7, 0xae, 0xd7, 0xae, 0xd7, 0xae,
        0xd7, 0xae, 0xd7, 0xae, 0xd7, 0xae, 0xd7, 0xae, 0xd7, 0xae, 0xd7, 0xae, 0xd7, 0xae, 0xd7, 0xae, 0xd7, 0xae, 0xd7, 0xae,
        0xd7, 0xae, 0xd7, 0xae, 0xd7, 0xae, 0xd7, 0xae, 0xf7, 0xae, 0xd7, 0xae, 0xd7, 0xae, 0xd7, 0xae, 0xd7, 0xae, 0xd7, 0xae,
        0xd7, 0xae, 0xd7, 0xae, 0xd7, 0xae, 0xd7, 0xae, 0xd7, 0xae, 0xd7, 0xae, 0xd7, 0xae, 0xd7, 0xae, 0xd7, 0xae, 0xd7, 0xae,
        0xd7, 0xae, 0xd7, 0xae, 0xd7, 0xae, 0xd7, 0xae, 0xd7, 0xae, 0xd7, 0xae, 0xd7, 0xae, 0xd7, 0xae, 0xd7, 0xae, 0xd7, 0xae,
        0xd7, 0xae, 0xd7, 0xae, 0xd7, 0xae, 0xd7, 0xae, 0xd7, 0xae, 0xd7, 0xae, 0xd7, 0xae, 0xd7, 0xae, 0xd7, 0xae, 0xd7, 0xae,
        0xd7, 0xae, 0xd7, 0xae, 0xd7, 0xae, 0xd7, 0xae, 0xd7, 0xae, 0xd7, 0xae, 0xd7, 0xae, 0xd7, 0xae, 0xd7, 0xae, 0xd7, 0xae,
        0xd7, 0xae, 0xd7, 0xae, 0xd7, 0xae, 0xd7, 0xae, 0xd7, 0xae, 0xd7, 0xae, 0xd7, 0xae, 0xd7, 0xae, 0xd7, 0xae, 0xd7, 0xae,
        0xd7, 0xae, 0xd7, 0xae, 0xd7, 0xae, 0xd7, 0xae, 0xd7, 0xae, 0xd7, 0xae, 0xd7, 0xae, 0xd7, 0xae, 0xd7, 0xae, 0xd7, 0xae,
        0xd7, 0xae, 0xd7, 0xae, 0xd7, 0xae, 0xd7, 0xae, 0xd7, 0xae, 0xd7, 0xae, 0xd7, 0xae, 0xd7, 0xae, 0xd7, 0xae, 0xd7, 0xae,
        0xd7, 0xae, 0xd7, 0xae, 0xd7, 0xae, 0xd7, 0xae, 0xd7, 0xae, 0xd7, 0xae, 0xd7, 0xae, 0xd7, 0xae, 0xd7, 0xae, 0xd7, 0xae,
        0xd7, 0xae, 0xd7, 0xae, 0xd7, 0xae, 0x18, 0xaf, 0x27, 0x32, 0x00, 0x00, 0x00, 0x00, 0x00, 0x00, 0x45, 0x09, 0x6f, 0x23,
        0x4e, 0x23, 0x2e, 0x23, 0x30, 0x44, 0x30, 0x4c, 0x30, 0x4c, 0x8e, 0x43, 0x04, 0x01, 0x04, 0x09, 0x25, 0x09, 0xe4, 0x08,
        0xe3, 0x18, 0x65, 0x29, 0x86, 0x31, 0x86, 0x31, 0xa7, 0x31, 0xa6, 0x31, 0x4e, 0x6b, 0xd8, 0xbd, 0x97, 0xb5, 0x97, 0xb5,
        0x97, 0xb5, 0x97, 0xb5, 0xb7, 0xb5, 0xb7, 0xbd, 0xb7, 0xbd, 0xb7, 0xbd, 0xb7, 0xbd, 0xd7, 0xbd, 0xb7, 0xbd, 0xd4, 0x9c,
        0xab, 0x5a, 0x8a, 0x52, 0x6a, 0x52, 0xc7, 0x39, 0xe8, 0x39, 0x08, 0x3a, 0x96, 0xb5, 0x79, 0xd6, 0x59, 0xce, 0x59, 0xce,
        0x59, 0xce, 0x59, 0xce, 0x79, 0xd6, 0x79, 0xce, 0x79, 0xce, 0x59, 0xce, 0x59, 0xce, 0x39, 0xce, 0x38, 0xce, 0x38, 0xc6,
        0x18, 0xc6, 0x18, 0xc6, 0x18, 0xc6, 0xf8, 0xc5, 0x97, 0xb5, 0xb7, 0xb5, 0x18, 0xc6, 0x8b, 0x52, 0xc3, 0x18, 0xe4, 0x18,
        0xe4, 0x18, 0xe8, 0x39, 0x6a, 0x4a, 0x6a, 0x4a, 0xcc, 0x5a, 0x74, 0x8c, 0xb5, 0x94, 0xb4, 0x94, 0xd5, 0x9c, 0xf8, 0xc5,
        0xd8, 0xbd, 0xd8, 0xbd, 0xd8, 0xbd, 0xd8, 0xbd, 0xb7, 0xbd, 0xb7, 0xbd, 0xb7, 0xbd, 0xd7, 0xbd, 0xd7, 0xbd, 0xd7, 0xbd,
        0xd7, 0xbd, 0xd8, 0xbd, 0xd8, 0xbd, 0xf8, 0xbd, 0x1b, 0xe7, 0xbd, 0xff, 0xbc, 0xff, 0xbc, 0xff, 0xbc, 0xff, 0x9c, 0xff,
        0x9c, 0xff, 0x7b, 0xf7, 0x99, 0xd6, 0x58, 0xd6, 0x79, 0xd6, 0x7c, 0xf7, 0xbd, 0xff, 0xbd, 0xff, 0x9c, 0xff, 0x9c, 0xff,
        0x9c, 0xff, 0x7b, 0xf7, 0xba, 0xde, 0x9a, 0xd6, 0xba, 0xde, 0x71, 0x94, 0x00, 0x00, 0x20, 0x00, 0x00, 0x00, 0x00, 0x00,
        0x00, 0x00, 0x00, 0x00, 0x61, 0x00, 0xa2, 0x00, 0x82, 0x00, 0x04, 0x09, 0x31, 0x4c, 0x72, 0x54, 0x72, 0x54, 0x31, 0x44,
        0xed, 0x1a, 0xec, 0x1a, 0xec, 0x1a, 0x6e, 0x1b, 0x0f, 0x14, 0xcd, 0x13, 0xcd, 0x13, 0xd3, 0x3d, 0x33, 0x3e, 0x13, 0x46,
        0x72, 0x16, 0xd3, 0x0e, 0xd3, 0x16, 0x93, 0x16, 0x4e, 0x13, 0xce, 0x1a, 0x2a, 0x12, 0x20, 0x00, 0x20, 0x00, 0x00, 0x00,
        0xac, 0x52, 0xd5, 0x94, 0x74, 0x8c, 0xd1, 0x7b, 0x04, 0x19, 0xc4, 0x10, 0xc3, 0x10, 0x86, 0x21, 0x2a, 0x4b, 0x0a, 0x4b,
        0xea, 0x4a, 0x52, 0x85, 0x18, 0xaf, 0xf7, 0xae, 0xf7, 0xae, 0xf7, 0xae, 0xf7, 0xae, 0xf7, 0xae, 0xd7, 0xae, 0xd7, 0xae,
        0xd7, 0xae, 0xd7, 0xae, 0xd7, 0xae, 0xd7, 0xae, 0xd7, 0xae, 0xf7, 0xae, 0xf7, 0xae, 0xf7, 0xae, 0xd7, 0xae, 0xd7, 0xae,
        0xd7, 0xae, 0xd7, 0xae, 0xd7, 0xae, 0xd7, 0xae, 0xd7, 0xae, 0xd7, 0xae, 0xd7, 0xae, 0xd7, 0xae, 0xd7, 0xae, 0xd7, 0xae,
        0xd7, 0xae, 0xd7, 0xae, 0xd7, 0xae, 0xd7, 0xae, 0xd7, 0xae, 0xd7, 0xae, 0xd7, 0xae, 0xd7, 0xae, 0xd7, 0xae, 0xd7, 0xae,
        0xd7, 0xae, 0xd7, 0xae, 0xd7, 0xae, 0xd7, 0xae, 0xd7, 0xae, 0xd7, 0xae, 0xd7, 0xae, 0xd7, 0xae, 0xd7, 0xae, 0xd7, 0xae,
        0xd7, 0xae, 0xd7, 0xae, 0xd7, 0xae, 0xd7, 0xae, 0xd7, 0xae, 0xd7, 0xae, 0xd7, 0xae, 0xd7, 0xae, 0xd7, 0xae, 0xd7, 0xae,
        0xd7, 0xae, 0xd7, 0xae, 0xd7, 0xae, 0xd7, 0xae, 0xd7, 0xae, 0xd7, 0xae, 0xd7, 0xae, 0xd7, 0xae, 0xd7, 0xae, 0xd7, 0xae,
        0xd7, 0xae, 0xd7, 0xae, 0xd7, 0xae, 0xd7, 0xae, 0xd7, 0xae, 0xd7, 0xae, 0xd7, 0xae, 0xf7, 0xae, 0xf7, 0xae, 0xd7, 0xae,
        0xd7, 0xae, 0xd7, 0xae, 0xd7, 0xae, 0xd7, 0xae, 0xf7, 0xae, 0xd7, 0xae, 0xd7, 0xae, 0xd7, 0xae, 0xd7, 0xae, 0xd7, 0xae,
        0xd7, 0xae, 0xd7, 0xae, 0xd7, 0xae, 0xd7, 0xae, 0xd7, 0xae, 0xd7, 0xae, 0xd7, 0xae, 0xd7, 0xae, 0xd7, 0xae, 0xd7, 0xae,
        0xd7, 0xae, 0xd7, 0xae, 0xd7, 0xae, 0xd7, 0xae, 0xd7, 0xae, 0xd7, 0xae, 0xd7, 0xae, 0xd7, 0xae, 0xd7, 0xae, 0xd7, 0xae,
        0xd7, 0xae, 0xd7, 0xae, 0xd7, 0xae, 0xd7, 0xae, 0xd7, 0xae, 0xd7, 0xae, 0xd7, 0xae, 0xd7, 0xae, 0xd7, 0xae, 0xd7, 0xae,
        0xd7, 0xae, 0xd7, 0xae, 0xd7, 0xae, 0xd7, 0xae, 0xd7, 0xae, 0xd7, 0xae, 0xd7, 0xae, 0xd7, 0xae, 0xd7, 0xae, 0xd7, 0xae,
        0xd7, 0xae, 0xd7, 0xae, 0xd7, 0xae, 0xd7, 0xae, 0xd7, 0xae, 0xd7, 0xae, 0xd7, 0xae, 0xd7, 0xae, 0xd7, 0xae, 0xd7, 0xae,
        0xd7, 0xae, 0xd7, 0xae, 0xd7, 0xae, 0xd7, 0xae, 0xd7, 0xae, 0xd7, 0xae, 0xd7, 0xae, 0xd7, 0xae, 0xd7, 0xae, 0xd7, 0xae,
        0xd7, 0xae, 0xd7, 0xae, 0xd7, 0xae, 0xd7, 0xae, 0xd7, 0xae, 0xd7, 0xae, 0xd7, 0xae, 0xd7, 0xae, 0xd7, 0xae, 0xd7, 0xae,
        0xd7, 0xae, 0xd7, 0xae, 0xd7, 0xae, 0x38, 0xb7, 0x47, 0x32, 0x00, 0x00, 0x00, 0x00, 0x00, 0x00, 0x45, 0x09, 0x4e, 0x1b,
        0x2e, 0x1b, 0x0d, 0x1b, 0xf0, 0x43, 0x10, 0x4c, 0xef, 0x4b, 0xae, 0x43, 0x8a, 0x12, 0x4a, 0x0a, 0x8b, 0x12, 0xe8, 0x11,
        0x00, 0x00, 0x00, 0x00, 0x00, 0x00, 0x00, 0x00, 0x00, 0x00, 0x00, 0x00, 0x08, 0x42, 0x19, 0xc6, 0xb7, 0xbd, 0xd8, 0xbd,
        0xd8, 0xbd, 0xd8, 0xbd, 0xb7, 0xbd, 0xd7, 0xbd, 0xd7, 0xbd, 0xb7, 0xbd, 0xb7, 0xbd, 0xb7, 0xbd, 0xb7, 0xb5, 0x97, 0xb5,
        0xb7, 0xbd, 0xd8, 0xbd, 0x31, 0x8c, 0x00, 0x00, 0x00, 0x00, 0x00, 0x00, 0x10, 0x84, 0x76, 0xad, 0x15, 0xa5, 0x15, 0xa5,
        0x35, 0xa5, 0x35, 0xa5, 0x35, 0xa5, 0x15, 0xa5, 0x14, 0xa5, 0x14, 0xa5, 0x14, 0xa5, 0xf4, 0xa4, 0xf4, 0xa4, 0xd4, 0x9c,
        0xb3, 0x9c, 0xb3, 0x9c, 0xb3, 0x94, 0xb3, 0x9c, 0xf4, 0x9c, 0x14, 0xa5, 0x55, 0xad, 0xa6, 0x31, 0x00, 0x00, 0x00, 0x00,
        0x00, 0x00, 0x8f, 0x6b, 0x16, 0x9d, 0xf5, 0x9c, 0xf5, 0x9c, 0xb4, 0x94, 0xb4, 0x94, 0x94, 0x94, 0xd5, 0x9c, 0xf8, 0xc5,
        0xd8, 0xbd, 0xd8, 0xbd, 0xd8, 0xbd, 0xd7, 0xbd, 0xb7, 0xbd, 0xb7, 0xbd, 0xb7, 0xbd, 0xb7, 0xbd, 0xb7, 0xbd, 0xb7, 0xbd,
        0x97, 0xb5, 0x97, 0xb5, 0x97, 0xb5, 0x18, 0xc6, 0x7c, 0xf7, 0xbc, 0xff, 0xbc, 0xff, 0xbc, 0xff, 0xbc, 0xff, 0x9c, 0xff,
        0xbc, 0xff, 0x9c, 0xf7, 0xd7, 0xbd, 0x76, 0xad, 0x55, 0xad, 0x3b, 0xef, 0xde, 0xff, 0xde, 0xff, 0xdd, 0xff, 0xdd, 0xff,
        0xbc, 0xff, 0x7b, 0xf7, 0x76, 0xad, 0x35, 0xad, 0xb7, 0xbd, 0xef, 0x7b, 0x00, 0x00, 0x00, 0x00, 0x00, 0x00, 0x00, 0x00,
        0x00, 0x00, 0x00, 0x00, 0xa7, 0x19, 0x2e, 0x2b, 0x2d, 0x33, 0x6e, 0x33, 0x11, 0x44, 0x31, 0x4c, 0x51, 0x4c, 0x10, 0x44,
        0xcc, 0x12, 0xcc, 0x12, 0xac, 0x12, 0xef, 0x13, 0x92, 0x15, 0x51, 0x0d, 0x70, 0x0d, 0xd9, 0x6f, 0xfa, 0x87, 0xfa, 0x87,
        0x73, 0x26, 0x70, 0x05, 0xd1, 0x05, 0x91, 0x05, 0x2e, 0x13, 0xcd, 0x1a, 0x0a, 0x12, 0x00, 0x00, 0x00, 0x00, 0x00, 0x00,
        0xac, 0x52, 0xd5, 0x94, 0xb4, 0x94, 0x53, 0x8c, 0x82, 0x10, 0x00, 0x00, 0x00, 0x00, 0x89, 0x3a, 0x79, 0xb7, 0x18, 0xaf,
        0x38, 0xb7, 0xf7, 0xae, 0xd7, 0xae, 0xf7, 0xae, 0xf7, 0xae, 0xf7, 0xae, 0xd7, 0xae, 0xd7, 0xae, 0xf7, 0xae, 0xd7, 0xae,
        0xd7, 0xae, 0xd7, 0xae, 0xd7, 0xae, 0xd7, 0xae, 0xd7, 0xae, 0xd7, 0xae, 0xd7, 0xae, 0xd7, 0xae, 0xd7, 0xae, 0xd7, 0xae,
        0xd7, 0xae, 0xd7, 0xae, 0xd7, 0xae, 0xd7, 0xae, 0xd7, 0xae, 0xd7, 0xae, 0xd7, 0xae, 0xd7, 0xae, 0xd7, 0xae, 0xd7, 0xae,
        0xd7, 0xae, 0xd7, 0xae, 0xd7, 0xae, 0xd7, 0xae, 0xd7, 0xae, 0xd7, 0xae, 0xd7, 0xae, 0xd7, 0xae, 0xd7, 0xae, 0xd7, 0xae,
        0xd7, 0xae, 0xd7, 0xae, 0xd7, 0xae, 0xd7, 0xae, 0xd7, 0xae, 0xd7, 0xae, 0xd7, 0xae, 0xd7, 0xae, 0xd7, 0xae, 0xd7, 0xae,
        0xd7, 0xae, 0xd7, 0xae, 0xd7, 0xae, 0xd7, 0xae, 0xd7, 0xae, 0xd7, 0xae, 0xd7, 0xae, 0xd7, 0xae, 0xd7, 0xae, 0xd7, 0xae,
        0xd7, 0xae, 0xd7, 0xae, 0xf7, 0xae, 0xd7, 0xae, 0xf7, 0xae, 0xd7, 0xae, 0xd7, 0xae, 0xd7, 0xae, 0xd7, 0xae, 0xd7, 0xae,
        0xd7, 0xae, 0xd7, 0xae, 0xd7, 0xae, 0xd7, 0xae, 0xd7, 0xae, 0xd7, 0xae, 0xd7, 0xae, 0xd7, 0xae, 0xd7, 0xae, 0xf7, 0xae,
        0xd7, 0xae, 0xd7, 0xae, 0xd7, 0xae, 0xd7, 0xae, 0xf7, 0xae, 0xd7, 0xae, 0xd7, 0xae, 0xd7, 0xae, 0xd7, 0xae, 0xd7, 0xae,
        0xd7, 0xae, 0xd7, 0xae, 0xd7, 0xae, 0xd7, 0xae, 0xd7, 0xae, 0xd7, 0xae, 0xd7, 0xae, 0xd7, 0xae, 0xd7, 0xae, 0xd7, 0xae,
        0xd7, 0xae, 0xd7, 0xae, 0xd7, 0xae, 0xd7, 0xae, 0xd7, 0xae, 0xd7, 0xae, 0xd7, 0xae, 0xd7, 0xae, 0xd7, 0xae, 0xd7, 0xae,
        0xd7, 0xae, 0xd7, 0xae, 0xd7, 0xae, 0xd7, 0xae, 0xd7, 0xae, 0xd7, 0xae, 0xd7, 0xae, 0xd7, 0xae, 0xd7, 0xae, 0xd7, 0xae,
        0xd7, 0xae, 0xd7, 0xae, 0xd7, 0xae, 0xd7, 0xae, 0xd7, 0xae, 0xd7, 0xae, 0xd7, 0xae, 0xd7, 0xae, 0xd7, 0xae, 0xd7, 0xae,
        0xd7, 0xae, 0xd7, 0xae, 0xd7, 0xae, 0xd7, 0xae, 0xd7, 0xae, 0xd7, 0xae, 0xd7, 0xae, 0xd7, 0xae, 0xd7, 0xae, 0xd7, 0xae,
        0xd7, 0xae, 0xd7, 0xae, 0xd7, 0xae, 0xd7, 0xae, 0xd7, 0xae, 0xd7, 0xae, 0xd7, 0xae, 0xd7, 0xae, 0xd7, 0xae, 0xd7, 0xae,
        0xd7, 0xae, 0xd7, 0xae, 0xd7, 0xae, 0xd7, 0xae, 0xd7, 0xae, 0xd7, 0xae, 0xd7, 0xae, 0xd7, 0xae, 0xd7, 0xae, 0xd7, 0xae,
        0xd7, 0xae, 0xd7, 0xae, 0xd7, 0xae, 0x38, 0xb7, 0x47, 0x32, 0x00, 0x00, 0x00, 0x00, 0x00, 0x00, 0x45, 0x09, 0x2e, 0x1b,
        0x0d, 0x1b, 0x0d, 0x1b, 0x2d, 0x23, 0x2d, 0x2b, 0x0c, 0x23, 0xec, 0x22, 0x0d, 0x2b, 0x2d, 0x2b, 0x4e, 0x33, 0x8a, 0x22,
        0x00, 0x00, 0x00, 0x00, 0x00, 0x00, 0x00, 0x00, 0x00, 0x00, 0x00, 0x00, 0xa2, 0x10, 0x29, 0x4a, 0x08, 0x42, 0x08, 0x42,
        0x08, 0x42, 0x51, 0x8c, 0x19, 0xc6, 0xd7, 0xbd, 0xb7, 0xbd, 0xb7, 0xbd, 0xb7, 0xbd, 0xb7, 0xbd, 0xb7, 0xbd, 0x97, 0xb5,
        0x77, 0xb5, 0x97, 0xb5, 0x72, 0x94, 0x49, 0x42, 0x6a, 0x4a, 0x6a, 0x4a, 0xe4, 0x18, 0xa2, 0x10, 0xa2, 0x10, 0xa2, 0x10,
        0xa2, 0x10, 0xa2, 0x10, 0x82, 0x10, 0x82, 0x10, 0x82, 0x10, 0x82, 0x10, 0x82, 0x10, 0x82, 0x10, 0x82, 0x10, 0x62, 0x10,
        0x61, 0x08, 0x61, 0x08, 0x61, 0x08, 0x62, 0x10, 0x82, 0x10, 0x82, 0x10, 0x82, 0x10, 0x04, 0x21, 0xc8, 0x31, 0xa7, 0x31,
        0xa7, 0x39, 0xb0, 0x73, 0x94, 0x8c, 0x94, 0x8c, 0x94, 0x94, 0x94, 0x8c, 0x94, 0x8c, 0x73, 0x8c, 0xd4, 0x9c, 0xd8, 0xc5,
        0xd8, 0xbd, 0xd7, 0xbd, 0xd7, 0xbd, 0xd7, 0xbd, 0xd7, 0xbd, 0xb7, 0xbd, 0xb7, 0xbd, 0xb7, 0xbd, 0xb7, 0xbd, 0x97, 0xb5,
        0x38, 0xce, 0x79, 0xd6, 0x79, 0xd6, 0xda, 0xe6, 0x7b, 0xf7, 0x9b, 0xff, 0x9c, 0xff, 0x9c, 0xff, 0xbc, 0xff, 0xbc, 0xff,
        0xbc, 0xff, 0x9c, 0xff, 0xba, 0xde, 0x99, 0xd6, 0x78, 0xd6, 0xeb, 0x5a, 0x07, 0x42, 0x49, 0x4a, 0x69, 0x4a, 0x69, 0x4a,
        0x48, 0x4a, 0x28, 0x4a, 0xe4, 0x18, 0xa3, 0x10, 0xe3, 0x18, 0xa2, 0x10, 0x00, 0x00, 0x00, 0x00, 0x00, 0x00, 0x00, 0x00,
        0x00, 0x00, 0x00, 0x00, 0xc8, 0x19, 0xd0, 0x43, 0xaf, 0x3b, 0xcf, 0x3b, 0x2d, 0x2b, 0x2d, 0x2b, 0x4e, 0x2b, 0x2e, 0x2b,
        0x8c, 0x12, 0xab, 0x12, 0x8b, 0x12, 0xed, 0x0b, 0x90, 0x05, 0x6f, 0x05, 0x8f, 0x05, 0x99, 0x6f, 0xfa, 0x7f, 0xfa, 0x7f,
        0x73, 0x26, 0x91, 0x05, 0xf2, 0x05, 0x92, 0x05, 0x0d, 0x13, 0xad, 0x1a, 0x09, 0x12, 0x00, 0x00, 0x00, 0x00, 0x00, 0x00,
        0xab, 0x52, 0xf6, 0x9c, 0xd5, 0x9c, 0x93, 0x8c, 0xa2, 0x10, 0x20, 0x00, 0x00, 0x00, 0x88, 0x3a, 0x18, 0xaf, 0xd7, 0xa6,
        0xd7, 0xa6, 0xd7, 0xae, 0xd7, 0xae, 0xf7, 0xae, 0xf7, 0xae, 0xf7, 0xae, 0xf7, 0xae, 0xf7, 0xae, 0xf7, 0xae, 0xd7, 0xae,
        0xd7, 0xae, 0xd7, 0xae, 0xd7, 0xae, 0xd7, 0xae, 0xd7, 0xae, 0xd7, 0xae, 0xd7, 0xae, 0xd7, 0xae, 0xd7, 0xae, 0xd7, 0xae,
        0xd7, 0xae, 0xd7, 0xae, 0xd7, 0xae, 0xd7, 0xae, 0xd7, 0xae, 0xd7, 0xae, 0xd7, 0xae, 0xd7, 0xae, 0xd7, 0xae, 0xd7, 0xae,
        0xd7, 0xae, 0xd7, 0xae, 0xd7, 0xae, 0xd7, 0xae, 0xd7, 0xae, 0xd7, 0xae, 0xd7, 0xae, 0xd7, 0xae, 0xd7, 0xae, 0xd7, 0xae,
        0xd7, 0xae, 0xd7, 0xae, 0xd7, 0xae, 0xd7, 0xae, 0xd7, 0xae, 0xd7, 0xae, 0xd7, 0xae, 0xd7, 0xae, 0xd7, 0xae, 0xd7, 0xae,
        0xd7, 0xae, 0xd7, 0xae, 0xd7, 0xae, 0xd7, 0xae, 0xd7, 0xae, 0xd7, 0xae, 0xd7, 0xae, 0xd7, 0xae, 0xd7, 0xae, 0xd7, 0xae,
        0xd7, 0xae, 0xd7, 0xae, 0xd7, 0xae, 0xf7, 0xae, 0xd7, 0xae, 0xd7, 0xae, 0xd7, 0xae, 0xd7, 0xae, 0xd7, 0xae, 0xf7, 0xae,
        0xd7, 0xae, 0xd7, 0xae, 0xd7, 0xae, 0xd7, 0xae, 0xd7, 0xae, 0xd7, 0xae, 0xd7, 0xae, 0xd7, 0xae, 0xd7, 0xae, 0xd7, 0xae,
        0xd7, 0xae, 0xd7, 0xae, 0xf7, 0xae, 0xf7, 0xae, 0xf7, 0xae, 0xd7, 0xae, 0xd7, 0xae, 0xd7, 0xae, 0xd7, 0xae, 0xd7, 0xae,
        0xd7, 0xae, 0xd7, 0xae, 0xd7, 0xae, 0xd7, 0xae, 0xd7, 0xae, 0xd7, 0xae, 0xd7, 0xae, 0xd7, 0xae, 0xd7, 0xae, 0xd7, 0xae,
        0xd7, 0xae, 0xd7, 0xae, 0xd7, 0xae, 0xd7, 0xae, 0xd7, 0xae, 0xd7, 0xae, 0xd7, 0xae, 0xd7, 0xae, 0xd7, 0xae, 0xd7, 0xae,
        0xd7, 0xae, 0xd7, 0xae, 0xd7, 0xae, 0xd7, 0xae, 0xd7, 0xae, 0xd7, 0xae, 0xd7, 0xae, 0xd7, 0xae, 0xd7, 0xae, 0xd7, 0xae,
        0xd7, 0xae, 0xd7, 0xae, 0xd7, 0xae, 0xd7, 0xae, 0xd7, 0xae, 0xd7, 0xae, 0xd7, 0xae, 0xd7, 0xae, 0xd7, 0xae, 0xd7, 0xae,
        0xd7, 0xae, 0xd7, 0xae, 0xd7, 0xae, 0xd7, 0xae, 0xd7, 0xae, 0xd7, 0xae, 0xd7, 0xae, 0xd7, 0xae, 0xd7, 0xae, 0xd7, 0xae,
        0xd7, 0xae, 0xd7, 0xae, 0xd7, 0xae, 0xd7, 0xae, 0xd7, 0xae, 0xd7, 0xae, 0xd7, 0xae, 0xd7, 0xae, 0xd7, 0xae, 0xd7, 0xae,
        0xd7, 0xae, 0xd7, 0xae, 0xd7, 0xae, 0xd7, 0xae, 0xd7, 0xae, 0xd7, 0xae, 0xd7, 0xae, 0xd7, 0xae, 0xd7, 0xae, 0xd7, 0xae,
        0xd7, 0xae, 0xd7, 0xae, 0xf7, 0xae, 0x38, 0xb7, 0x47, 0x32, 0x00, 0x00, 0x00, 0x00, 0x00, 0x00, 0x46, 0x09, 0x4e, 0x1b,
        0x0d, 0x1b, 0xed, 0x1a, 0xcc, 0x12, 0xab, 0x12, 0x8b, 0x0a, 0xab, 0x12, 0xaf, 0x43, 0xcf, 0x43, 0xcf, 0x43, 0x4d, 0x33,
        0x08, 0x22, 0x08, 0x22, 0x49, 0x2a, 0x29, 0x22, 0x41, 0x00, 0x00, 0x00, 0x00, 0x00, 0x00, 0x00, 0x00, 0x00, 0x00, 0x00,
        0x00, 0x00, 0x2d, 0x6b, 0x39, 0xce, 0xd8, 0xbd, 0xb7, 0xbd, 0xb7, 0xbd, 0xb7, 0xbd, 0xb7, 0xbd, 0xb7, 0xb5, 0x97, 0xb5,
        0x97, 0xb5, 0x97, 0xb5, 0x56, 0xad, 0xd5, 0x9c, 0xd5, 0x9c, 0xf5, 0x9c, 0x04, 0x21, 0x00, 0x00, 0x00, 0x00, 0x00, 0x00,
        0x00, 0x00, 0x00, 0x00, 0x00, 0x00, 0x00, 0x00, 0x00, 0x00, 0x00, 0x00, 0x00, 0x00, 0x00, 0x00, 0x00, 0x00, 0x00, 0x00,
        0x00, 0x00, 0x00, 0x00, 0x00, 0x00, 0x00, 0x00, 0x00, 0x00, 0x00, 0x00, 0x00, 0x00, 0x6b, 0x4a, 0x95, 0x8c, 0x53, 0x8c,
        0x53, 0x8c, 0x53, 0x84, 0x53, 0x8c, 0x74, 0x8c, 0xb4, 0x94, 0x36, 0xa5, 0x36, 0xa5, 0x15, 0xa5, 0x36, 0xa5, 0xd7, 0xbd,
        0xd7, 0xbd, 0xd7, 0xbd, 0xd7, 0xbd, 0xd7, 0xbd, 0xd7, 0xbd, 0xb7, 0xbd, 0xb7, 0xbd, 0xb7, 0xbd, 0x97, 0xb5, 0x97, 0xb5,
        0x1a, 0xef, 0xbb, 0xff, 0x9b, 0xff, 0x7b, 0xff, 0x7b, 0xf7, 0x7b, 0xf7, 0x9b, 0xff, 0x9c, 0xff, 0x9c, 0xff, 0x9c, 0xff,
        0xbc, 0xff, 0xbc, 0xff, 0x3b, 0xef, 0x1b, 0xef, 0x1b, 0xe7, 0x65, 0x29, 0x00, 0x00, 0x00, 0x00, 0x00, 0x00, 0x00, 0x00,
        0x00, 0x00, 0x00, 0x00, 0x00, 0x00, 0x00, 0x00, 0x00, 0x00, 0x61, 0x00, 0x48, 0x2a, 0x69, 0x2a, 0x49, 0x22, 0x28, 0x22,
        0x08, 0x22, 0x07, 0x22, 0xcc, 0x32, 0xcf, 0x43, 0xaf, 0x3b, 0xaf, 0x3b, 0x8b, 0x1a, 0x4a, 0x12, 0x6b, 0x12, 0xac, 0x12,
        0x31, 0x15, 0xd2, 0x15, 0xb1, 0x0d, 0x73, 0x2e, 0x15, 0x47, 0xf5, 0x4e, 0xf5, 0x4e, 0xb8, 0x57, 0xd9, 0x5f, 0xd8, 0x5f,
        0xf2, 0x1d, 0x10, 0x05, 0x31, 0x0d, 0xd1, 0x0c, 0xcc, 0x12, 0x8c, 0x12, 0xe8, 0x11, 0x00, 0x00, 0x00, 0x00, 0x00, 0x00,
        0x8b, 0x52, 0xd5, 0x94, 0xd5, 0x94, 0x73, 0x8c, 0x82, 0x10, 0x00, 0x00, 0x00, 0x00, 0x89, 0x3a, 0x59, 0xb7, 0xf8, 0xae,
        0x18, 0xaf, 0xf8, 0xae, 0xd7, 0xae, 0xd7, 0xae, 0xd7, 0xae, 0xd7, 0xae, 0xf7, 0xae, 0xf7, 0xae, 0xd7, 0xae, 0xd7, 0xae,
        0xd7, 0xae, 0xd7, 0xae, 0xd7, 0xae, 0xd7, 0xae, 0xd7, 0xae, 0xd7, 0xae, 0xd7, 0xae, 0xd7, 0xae, 0xd7, 0xae, 0xd7, 0xae,
        0xd7, 0xae, 0xd7, 0xae, 0xd7, 0xae, 0xd7, 0xae, 0xd7, 0xae, 0xd7, 0xae, 0xd7, 0xae, 0xd7, 0xae, 0xd7, 0xae, 0xd7, 0xae,
        0xd7, 0xae, 0xd7, 0xae, 0xd7, 0xae, 0xd7, 0xae, 0xd7, 0xae, 0xd7, 0xae, 0xd7, 0xae, 0xd7, 0xae, 0xd7, 0xae, 0xd7, 0xae,
        0xd7, 0xae, 0xd7, 0xae, 0xd7, 0xae, 0xd7, 0xae, 0xd7, 0xae, 0xd7, 0xae, 0xd7, 0xae, 0xd7, 0xae, 0xd7, 0xae, 0xd7, 0xae,
        0xd7, 0xae, 0xd7, 0xae, 0xd7, 0xae, 0xd7, 0xae, 0xd7, 0xae, 0xd7, 0xae, 0xd7, 0xae, 0xd7, 0xae, 0xd7, 0xae, 0xd7, 0xae,
        0xd7, 0xae, 0xd7, 0xae, 0xd7, 0xae, 0xd7, 0xae, 0xd7, 0xae, 0xf7, 0xae, 0xf7, 0xae, 0xd7, 0xae, 0xd7, 0xae, 0xd7, 0xae,
        0xd7, 0xae, 0xd7, 0xae, 0xd7, 0xae, 0xd7, 0xae, 0xd7, 0xae, 0xd7, 0xae, 0xd7, 0xae, 0xd7, 0xae, 0xd7, 0xae, 0xd7, 0xae,
        0xd7, 0xae, 0xf7, 0xae, 0xf7, 0xae, 0xd7, 0xae, 0xd7, 0xae, 0xd7, 0xae, 0xd7, 0xae, 0xd7, 0xae, 0xd7, 0xae, 0xd7, 0xae,
        0xd7, 0xae, 0xd7, 0xae, 0xd7, 0xae, 0xd7, 0xae, 0xd7, 0xae, 0xd7, 0xae, 0xd7, 0xae, 0xd7, 0xae, 0xd7, 0xae, 0xd7, 0xae,
        0xd7, 0xae, 0xd7, 0xae, 0xd7, 0xae, 0xd7, 0xae, 0xd7, 0xae, 0xd7, 0xae, 0xd7, 0xae, 0xd7, 0xae, 0xd7, 0xae, 0xd7, 0xae,
        0xd7, 0xae, 0xd7, 0xae, 0xd7, 0xae, 0xd7, 0xae, 0xd7, 0xae, 0xd7, 0xae, 0xd7, 0xae, 0xd7, 0xae, 0xd7, 0xae, 0xd7, 0xae,
        0xd7, 0xae, 0xd7, 0xae, 0xd7, 0xae, 0xd7, 0xae, 0xd7, 0xae, 0xd7, 0xae, 0xd7, 0xae, 0xd7, 0xae, 0xd7, 0xae, 0xd7, 0xae,
        0xd7, 0xae, 0xd7, 0xae, 0xd7, 0xae, 0xd7, 0xae, 0xd7, 0xae, 0xd7, 0xae, 0xd7, 0xae, 0xd7, 0xae, 0xd7, 0xae, 0xd7, 0xae,
        0xd7, 0xae, 0xd7, 0xae, 0xd7, 0xae, 0xd7, 0xae, 0xd7, 0xae, 0xd7, 0xae, 0xd7, 0xae, 0xd7, 0xae, 0xd7, 0xae, 0xd7, 0xae,
        0xd7, 0xae, 0xd7, 0xae, 0xd7, 0xae, 0xd7, 0xae, 0xd7, 0xae, 0xd7, 0xae, 0xd7, 0xae, 0xd7, 0xae, 0xd7, 0xae, 0xd7, 0xae,
        0xd7, 0xae, 0xd7, 0xae, 0xf7, 0xae, 0x38, 0xb7, 0x47, 0x32, 0x00, 0x00, 0x00, 0x00, 0x00, 0x00, 0x66, 0x09, 0x4f, 0x1b,
        0x0e, 0x1b, 0xed, 0x1a, 0xcd, 0x1a, 0xcc, 0x12, 0xac, 0x12, 0xcc, 0x1a, 0x8e, 0x3b, 0x8f, 0x3b, 0x8f, 0x3b, 0xaf, 0x3b,
        0xd0, 0x43, 0xf0, 0x43, 0x31, 0x44, 0xaf, 0x43, 0x41, 0x00, 0x00, 0x00, 0x00, 0x00, 0x00, 0x00, 0x20, 0x00, 0x20, 0x00,
        0x00, 0x00, 0x6d, 0x6b, 0x59, 0xce, 0xd8, 0xbd, 0xd7, 0xbd, 0xb7, 0xbd, 0xb7, 0xbd, 0xb7, 0xb5, 0xb7, 0xb5, 0xb7, 0xb5,
        0xb7, 0xb5, 0xb7, 0xbd, 0x97, 0xb5, 0xf5, 0x9c, 0xf5, 0x9c, 0xf5, 0x9c, 0xe3, 0x18, 0x00, 0x00, 0x00, 0x00, 0x00, 0x00,
        0x00, 0x00, 0x00, 0x00, 0x00, 0x00, 0x00, 0x00, 0x00, 0x00, 0x00, 0x00, 0x00, 0x00, 0x00, 0x00, 0x00, 0x00, 0x00, 0x00,
        0x00, 0x00, 0x00, 0x00, 0x00, 0x00, 0x00, 0x00, 0x00, 0x00, 0x00, 0x00, 0x00, 0x00, 0x8b, 0x4a, 0x54, 0x84, 0x33, 0x84,
        0x33, 0x84, 0x33, 0x84, 0x53, 0x8c, 0x73, 0x8c, 0xd5, 0x9c, 0xd8, 0xbd, 0xd8, 0xbd, 0xd8, 0xbd, 0xd8, 0xbd, 0xb7, 0xbd,
        0xd7, 0xbd, 0xb7, 0xbd, 0xb7, 0xbd, 0xd7, 0xbd, 0xb7, 0xbd, 0xb7, 0xbd, 0xb7, 0xbd, 0xb7, 0xbd, 0xb7, 0xbd, 0xb7, 0xbd,
        0x3b, 0xef, 0xdd, 0xff, 0x9c, 0xff, 0x9b, 0xff, 0x9b, 0xf7, 0x9c, 0xff, 0xbc, 0xff, 0x9c, 0xff, 0x9c, 0xff, 0x9c, 0xff,
        0xbc, 0xff, 0x9c, 0xff, 0x3b, 0xef, 0x1b, 0xef, 0x3b, 0xef, 0xc6, 0x39, 0x00, 0x00, 0x00, 0x00, 0x00, 0x00, 0x00, 0x00,
        0x00, 0x00, 0x00, 0x00, 0x00, 0x00, 0x00, 0x00, 0x00, 0x00, 0xa2, 0x08, 0xf0, 0x43, 0x51, 0x4c, 0x30, 0x44, 0xf0, 0x43,
        0xcf, 0x43, 0xcf, 0x43, 0xec, 0x2a, 0x8b, 0x1a, 0xab, 0x22, 0xab, 0x22, 0x4a, 0x12, 0x4a, 0x12, 0x6b, 0x12, 0xab, 0x12,
        0x73, 0x1e, 0x74, 0x17, 0x74, 0x0f, 0xb9, 0x67, 0xfd, 0xbf, 0xfd, 0xbf, 0xfc, 0xaf, 0xb6, 0x2f, 0xb6, 0x27, 0xd6, 0x27,
        0x4e, 0x14, 0x4b, 0x12, 0x8c, 0x12, 0x8b, 0x12, 0x6b, 0x12, 0x6b, 0x12, 0xc8, 0x11, 0x00, 0x00, 0x00, 0x00, 0x00, 0x00,
        0xcc, 0x5a, 0x16, 0xa5, 0xf5, 0x9c, 0x73, 0x8c, 0xc3, 0x18, 0x81, 0x08, 0x61, 0x08, 0x28, 0x3a, 0xf5, 0x95, 0xd4, 0x8d,
        0x93, 0x8d, 0x35, 0x9e, 0xf7, 0xae, 0xd7, 0xae, 0xd7, 0xae, 0xd7, 0xae, 0xd7, 0xae, 0xd7, 0xae, 0xd7, 0xae, 0xd7, 0xae,
        0xd7, 0xae, 0xd7, 0xae, 0xd7, 0xae, 0xd7, 0xae, 0xd7, 0xae, 0xd7, 0xae, 0xd7, 0xae, 0xd7, 0xae, 0xd7, 0xae, 0xd7, 0xae,
        0xd7, 0xae, 0xd7, 0xae, 0xd7, 0xae, 0xd7, 0xae, 0xd7, 0xae, 0xd7, 0xae, 0xd7, 0xae, 0xd7, 0xae, 0xd7, 0xae, 0xd7, 0xae,
        0xd7, 0xae, 0xd7, 0xae, 0xd7, 0xae, 0xd7, 0xae, 0xd7, 0xae, 0xd7, 0xae, 0xd7, 0xae, 0xd7, 0xae, 0xd7, 0xae, 0xd7, 0xae,
        0xd7, 0xae, 0xd7, 0xae, 0xd7, 0xae, 0xd7, 0xae, 0xd7, 0xae, 0xd7, 0xae, 0xd7, 0xae, 0xd7, 0xae, 0xd7, 0xae, 0xd7, 0xae,
        0xd7, 0xae, 0xd7, 0xae, 0xd7, 0xae, 0xd7, 0xae, 0xd7, 0xae, 0xd7, 0xae, 0xd7, 0xae, 0xd7, 0xae, 0xd7, 0xae, 0xd7, 0xae,
        0xd7, 0xae, 0xd7, 0xae, 0xd7, 0xae, 0xd7, 0xae, 0xd7, 0xae, 0xf7, 0xae, 0xf7, 0xae, 0xf7, 0xae, 0xf7, 0xae, 0xf7, 0xae,
        0xd7, 0xae, 0xd7, 0xae, 0xd7, 0xae, 0xd7, 0xae, 0xd7, 0xae, 0xd7, 0xae, 0xd7, 0xae, 0xd7, 0xae, 0xd7, 0xae, 0xd7, 0xae,
        0xd7, 0xae, 0xf7, 0xae, 0xd7, 0xae, 0xd7, 0xae, 0xd7, 0xae, 0xd7, 0xae, 0xd7, 0xae, 0xd7, 0xae, 0xd7, 0xae, 0xd7, 0xae,
        0xd7, 0xae, 0xd7, 0xae, 0xd7, 0xae, 0xd7, 0xae, 0xd7, 0xae, 0xd7, 0xae, 0xd7, 0xae, 0xd7, 0xae, 0xd7, 0xae, 0xd7, 0xae,
        0xd7, 0xae, 0xd7, 0xae, 0xd7, 0xae, 0xd7, 0xae, 0xd7, 0xae, 0xd7, 0xae, 0xd7, 0xae, 0xd7, 0xae, 0xd7, 0xae, 0xd7, 0xae,
        0xd7, 0xae, 0xd7, 0xae, 0xd7, 0xae, 0xd7, 0xae, 0xd7, 0xae, 0xd7, 0xae, 0xd7, 0xae, 0xd7, 0xae, 0xd7, 0xae, 0xd7, 0xae,
        0xd7, 0xae, 0xd7, 0xae, 0xd7, 0xae, 0xd7, 0xae, 0xd7, 0xae, 0xd7, 0xae, 0xd7, 0xae, 0xd7, 0xae, 0xd7, 0xae, 0xd7, 0xae,
        0xd7, 0xae, 0xd7, 0xae, 0xd7, 0xae, 0xd7, 0xae, 0xd7, 0xae, 0xd7, 0xae, 0xd7, 0xae, 0xd7, 0xae, 0xd7, 0xae, 0xd7, 0xae,
        0xd7, 0xae, 0xd7, 0xae, 0xd7, 0xae, 0xd7, 0xae, 0xd7, 0xae, 0xd7, 0xae, 0xd7, 0xae, 0xd7, 0xae, 0xd7, 0xae, 0xd7, 0xae,
        0xd7, 0xae, 0xd7, 0xae, 0xd7, 0xae, 0xd7, 0xae, 0xd7, 0xae, 0xd7, 0xae, 0xd7, 0xae, 0xd7, 0xae, 0xd7, 0xae, 0xd7, 0xae,
        0xd7, 0xae, 0xd7, 0xae, 0xd7, 0xae, 0x38, 0xb7, 0x27, 0x32, 0x00, 0x00, 0x00, 0x00, 0x00, 0x00, 0x66, 0x09, 0x4f, 0x1b,
        0x0d, 0x1b, 0xed, 0x1a, 0x2c, 0x13, 0x2c, 0x13, 0x0c, 0x13, 0x2c, 0x13, 0x8e, 0x33, 0x8f, 0x33, 0xaf, 0x33, 0xcf, 0x3b,
        0xf0, 0x43, 0x11, 0x44, 0x31, 0x44, 0x6e, 0x3b, 0x20, 0x00, 0x00, 0x00, 0x00, 0x00, 0x00, 0x00, 0x00, 0x00, 0x20, 0x00,
        0x00, 0x00, 0x4d, 0x6b, 0x5a, 0xce, 0xd8, 0xbd, 0xd7, 0xbd, 0xb7, 0xb5, 0x97, 0xb5, 0x76, 0xb5, 0x76, 0xb5, 0x97, 0xb5,
        0x97, 0xb5, 0xb7, 0xbd, 0xb7, 0xb5, 0xf5, 0x9c, 0xf5, 0x9c, 0xd5, 0x9c, 0xec, 0x5a, 0x4a, 0x4a, 0x4a, 0x4a, 0x2a, 0x42,
        0x2a, 0x42, 0x4a, 0x4a, 0x4a, 0x4a, 0x6a, 0x4a, 0x6a, 0x4a, 0x6a, 0x4a, 0x6a, 0x4a, 0x6b, 0x4a, 0x8b, 0x52, 0x8b, 0x52,
        0xab, 0x52, 0xab, 0x52, 0x8b, 0x52, 0x8b, 0x52, 0x6a, 0x4a, 0x4a, 0x4a, 0x49, 0x42, 0x90, 0x73, 0x53, 0x84, 0x33, 0x84,
        0x53, 0x84, 0x53, 0x84, 0x53, 0x8c, 0x73, 0x8c, 0xd5, 0x9c, 0xd8, 0xbd, 0xd7, 0xbd, 0xb7, 0xbd, 0xb7, 0xbd, 0xb7, 0xbd,
        0xb7, 0xbd, 0xb7, 0xbd, 0xb7, 0xbd, 0xb7, 0xbd, 0xb7, 0xbd, 0xb7, 0xbd, 0xb7, 0xbd, 0xd8, 0xbd, 0xd7, 0xbd, 0xb7, 0xbd,
        0x3c, 0xef, 0x9d, 0xf7, 0x7c, 0xf7, 0x7b, 0xf7, 0x7c, 0xf7, 0x9c, 0xf7, 0x9d, 0xf7, 0x9d, 0xf7, 0x9c, 0xf7, 0x7c, 0xf7,
        0x7b, 0xf7, 0x5b, 0xf7, 0x1a, 0xe7, 0xfa, 0xe6, 0x3b, 0xef, 0xc7, 0x39, 0x00, 0x00, 0x00, 0x00, 0x00, 0x00, 0x20, 0x00,
        0x20, 0x00, 0x20, 0x00, 0x20, 0x00, 0x20, 0x00, 0x20, 0x00, 0xa3, 0x08, 0xcf, 0x3b, 0x31, 0x44, 0x10, 0x44, 0xef, 0x43,
        0xcf, 0x43, 0xae, 0x43, 0xab, 0x22, 0x09, 0x0a, 0x29, 0x0a, 0x29, 0x12, 0x4a, 0x12, 0x4a, 0x12, 0x4a, 0x12, 0x8a, 0x12,
        0x51, 0x16, 0x33, 0x0f, 0x33, 0x07, 0x98, 0x57, 0xdd, 0xbf, 0xdd, 0xbf, 0xdc, 0xa7, 0xd6, 0x37, 0xd5, 0x2f, 0xf7, 0x2f,
        0x6f, 0x14, 0x2b, 0x12, 0x4b, 0x12, 0x4b, 0x12, 0x4b, 0x12, 0x4b, 0x12, 0xa8, 0x11, 0x00, 0x00, 0x00, 0x00, 0x00, 0x00,
        0x2d, 0x63, 0xd8, 0xc5, 0x97, 0xbd, 0x76, 0xb5, 0xf4, 0xa4, 0x14, 0xa5, 0x76, 0xb5, 0x0c, 0x63, 0x41, 0x00, 0x81, 0x08,
        0x20, 0x00, 0xed, 0x63, 0x39, 0xb7, 0xd7, 0xa6, 0xd7, 0xae, 0xd7, 0xae, 0xd7, 0xae, 0xd7, 0xae, 0xd7, 0xae, 0xd7, 0xae,
        0xd7, 0xae, 0xd7, 0xae, 0xd7, 0xae, 0xd7, 0xae, 0xf7, 0xae, 0xd7, 0xae, 0xd7, 0xae, 0xd7, 0xae, 0xd7, 0xae, 0xd7, 0xae,
        0xd7, 0xae, 0xd7, 0xae, 0xd7, 0xae, 0xd7, 0xae, 0xd7, 0xae, 0xd7, 0xae, 0xd7, 0xae, 0xd7, 0xae, 0xd7, 0xae, 0xd7, 0xae,
        0xd7, 0xae, 0xd7, 0xae, 0xd7, 0xae, 0xd7, 0xae, 0xd7, 0xae, 0xd7, 0xae, 0xd7, 0xae, 0xd7, 0xae, 0xd7, 0xae, 0xd7, 0xae,
        0xd7, 0xae, 0xd7, 0xae, 0xd7, 0xae, 0xd7, 0xae, 0xd7, 0xae, 0xd7, 0xae, 0xd7, 0xae, 0xd7, 0xae, 0xd7, 0xae, 0xd7, 0xae,
        0xd7, 0xae, 0xd7, 0xae, 0xd7, 0xae, 0xd7, 0xae, 0xd7, 0xae, 0xd7, 0xae, 0xd7, 0xae, 0xd7, 0xae, 0xd7, 0xae, 0xd7, 0xae,
        0xd7, 0xae, 0xd7, 0xae, 0xd7, 0xae, 0xd7, 0xae, 0xd7, 0xae, 0xd7, 0xae, 0xd7, 0xae, 0xd7, 0xa6, 0xd7, 0xae, 0xd7, 0xae,
        0xd7, 0xae, 0xd7, 0xae, 0xd7, 0xae, 0xd7, 0xae, 0xd7, 0xae, 0xd7, 0xae, 0xd7, 0xae, 0xd7, 0xae, 0xf7, 0xae, 0xd7, 0xae,
        0xd7, 0xae, 0xd7, 0xae, 0xd7, 0xae, 0xd7, 0xae, 0xf7, 0xae, 0xf7, 0xae, 0xf7, 0xae, 0xf7, 0xae, 0xf7, 0xae, 0xf7, 0xae,
        0xd7, 0xae, 0xd7, 0xae, 0xd7, 0xae, 0xd7, 0xae, 0xd7, 0xae, 0xd7, 0xae, 0xd7, 0xae, 0xd7, 0xae, 0xd7, 0xae, 0xd7, 0xae,
        0xd7, 0xae, 0xd7, 0xae, 0xd7, 0xae, 0xd7, 0xae, 0xd7, 0xae, 0xd7, 0xae, 0xd7, 0xae, 0xd7, 0xae, 0xd7, 0xae, 0xd7, 0xae,
        0xd7, 0xae, 0xd7, 0xae, 0xd7, 0xae, 0xd7, 0xae, 0xd7, 0xae, 0xd7, 0xae, 0xd7, 0xae, 0xd7, 0xae, 0xd7, 0xae, 0xd7, 0xae,
        0xd7, 0xae, 0xd7, 0xae, 0xd7, 0xae, 0xd7, 0xae, 0xd7, 0xae, 0xd7, 0xae, 0xd7, 0xae, 0xd7, 0xae, 0xd7, 0xae, 0xd7, 0xae,
        0xd7, 0xae, 0xd7, 0xae, 0xd7, 0xae, 0xd7, 0xae, 0xd7, 0xae, 0xd7, 0xae, 0xd7, 0xae, 0xd7, 0xae, 0xd7, 0xae, 0xd7, 0xae,
        0xd7, 0xae, 0xd7, 0xae, 0xd7, 0xae, 0xd7, 0xae, 0xd7, 0xae, 0xd7, 0xae, 0xd7, 0xae, 0xd7, 0xae, 0xd7, 0xae, 0xd7, 0xae,
        0xd7, 0xae, 0xd7, 0xae, 0xd7, 0xae, 0xd7, 0xae, 0xd7, 0xae, 0xd7, 0xae, 0xd7, 0xae, 0xd7, 0xae, 0xd7, 0xae, 0xd7, 0xae,
        0xd7, 0xae, 0xd7, 0xae, 0xf7, 0xae, 0x38, 0xb7, 0x27, 0x32, 0x00, 0x00, 0x00, 0x00, 0x00, 0x00, 0x45, 0x09, 0x2e, 0x1b,
        0xcc, 0x1a, 0x2d, 0x1b, 0x95, 0x3e, 0x35, 0x3f, 0x15, 0x3f, 0xb4, 0x36, 0x2f, 0x14, 0xef, 0x13, 0x10, 0x14, 0x10, 0x1c,
        0x2d, 0x23, 0x0d, 0x23, 0x0d, 0x23, 0x0d, 0x2b, 0x8e, 0x43, 0x4d, 0x43, 0x2c, 0x3b, 0xcb, 0x32, 0x4a, 0x22, 0x6a, 0x22,
        0xab, 0x22, 0x66, 0x19, 0x66, 0x29, 0x66, 0x29, 0x65, 0x29, 0x45, 0x29, 0x25, 0x21, 0x24, 0x21, 0x24, 0x21, 0x25, 0x21,
        0x45, 0x29, 0x25, 0x29, 0xab, 0x52, 0x16, 0xa5, 0xf5, 0x9c, 0xd5, 0x9c, 0xd5, 0x9c, 0xb5, 0x94, 0x94, 0x94, 0x74, 0x8c,
        0x74, 0x8c, 0x74, 0x8c, 0x94, 0x8c, 0x94, 0x94, 0xb5, 0x94, 0xb5, 0x94, 0xb5, 0x94, 0xb5, 0x94, 0xb5, 0x94, 0xb5, 0x94,
        0xb5, 0x94, 0xb5, 0x94, 0xb4, 0x94, 0x94, 0x94, 0x74, 0x8c, 0x74, 0x8c, 0x74, 0x8c, 0x53, 0x84, 0x33, 0x84, 0x33, 0x84,
        0x53, 0x84, 0x53, 0x8c, 0x74, 0x8c, 0x73, 0x8c, 0xd5, 0x94, 0xd8, 0xbd, 0xd8, 0xbd, 0xb7, 0xbd, 0xb7, 0xbd, 0xb7, 0xbd,
        0xb7, 0xbd, 0xb7, 0xbd, 0x97, 0xbd, 0xb7, 0xbd, 0xb7, 0xbd, 0xb7, 0xbd, 0xb7, 0xbd, 0xd8, 0xbd, 0xf4, 0x9c, 0x66, 0x29,
        0x86, 0x31, 0xa6, 0x31, 0x85, 0x31, 0x85, 0x31, 0x85, 0x31, 0xa6, 0x31, 0xc6, 0x39, 0xc6, 0x39, 0xa6, 0x31, 0xa6, 0x31,
        0x85, 0x31, 0x85, 0x31, 0x65, 0x29, 0x85, 0x29, 0x85, 0x31, 0xa7, 0x19, 0xc8, 0x11, 0x87, 0x11, 0x09, 0x1a, 0x4c, 0x3b,
        0x4c, 0x3b, 0x4c, 0x3b, 0x6d, 0x3b, 0x8d, 0x43, 0xae, 0x43, 0x6d, 0x3b, 0x0d, 0x23, 0x2e, 0x23, 0x0d, 0x23, 0x0d, 0x23,
        0xec, 0x22, 0xcc, 0x22, 0x6b, 0x12, 0x4a, 0x12, 0x4a, 0x12, 0x6a, 0x0a, 0x50, 0x0d, 0xd1, 0x0d, 0x90, 0x05, 0xf2, 0x1d,
        0x54, 0x27, 0x94, 0x1f, 0x94, 0x17, 0x98, 0x57, 0xdd, 0xb7, 0xdd, 0xb7, 0xdc, 0xa7, 0x51, 0x16, 0xf0, 0x05, 0x11, 0x0e,
        0xad, 0x13, 0x6c, 0x12, 0x6b, 0x12, 0x6b, 0x12, 0x6b, 0x12, 0x6c, 0x12, 0xc8, 0x11, 0x00, 0x00, 0x00, 0x00, 0x00, 0x00,
        0x2d, 0x6b, 0xd8, 0xc5, 0x97, 0xb5, 0x97, 0xbd, 0xd7, 0xbd, 0xf8, 0xc5, 0x7a, 0xd6, 0xae, 0x73, 0x00, 0x00, 0x20, 0x00,
        0x00, 0x00, 0xee, 0x63, 0x7a, 0xbf, 0xf8, 0xae, 0x18, 0xb7, 0xf8, 0xae, 0xd7, 0xae, 0xd7, 0xae, 0xd7, 0xae, 0xd7, 0xae,
        0xd7, 0xae, 0xd7, 0xae, 0xd7, 0xae, 0xd7, 0xae, 0xf7, 0xae, 0xf7, 0xae, 0xd7, 0xae, 0xd7, 0xae, 0xd7, 0xae, 0xd7, 0xae,
        0xd7, 0xae, 0xd7, 0xae, 0xd7, 0xae, 0xd7, 0xae, 0xd7, 0xae, 0xd7, 0xae, 0xd7, 0xae, 0xd7, 0xae, 0xd7, 0xae, 0xd7, 0xae,
        0xd7, 0xae, 0xd7, 0xae, 0xd7, 0xae, 0xd7, 0xae, 0xd7, 0xae, 0xd7, 0xae, 0xd7, 0xae, 0xd7, 0xae, 0xd7, 0xae, 0xd7, 0xae,
        0xd7, 0xae, 0xd7, 0xae, 0xd7, 0xae, 0xd7, 0xae, 0xd7, 0xae, 0xd7, 0xae, 0xd7, 0xae, 0xd7, 0xae, 0xd7, 0xae, 0xd7, 0xae,
        0xd7, 0xae, 0xd7, 0xae, 0xd7, 0xae, 0xd7, 0xae, 0xd7, 0xae, 0xd7, 0xae, 0xf7, 0xae, 0xd7, 0xae, 0xd7, 0xae, 0xd7, 0xae,
        0xd7, 0xae, 0xd7, 0xae, 0xd7, 0xae, 0xf8, 0xae, 0x30, 0x9e, 0x8b, 0x8d, 0x8b, 0x85, 0x6b, 0x85, 0x6b, 0x85, 0x6b, 0x85,
        0xd7, 0xae, 0xd7, 0xae, 0xd7, 0xae, 0xd7, 0xae, 0xd7, 0xae, 0xd7, 0xae, 0xd7, 0xae, 0xd7, 0xae, 0xd7, 0xae, 0xd7, 0xae,
        0xd7, 0xae, 0xd7, 0xae, 0xd7, 0xae, 0xd7, 0xae, 0xd7, 0xae, 0xd7, 0xae, 0xd7, 0xae, 0xd7, 0xae, 0xd7, 0xae, 0xf7, 0xae,
        0xd7, 0xae, 0xd7, 0xae, 0xd7, 0xae, 0xd7, 0xae, 0xd7, 0xae, 0xd7, 0xae, 0xd7, 0xae, 0xd7, 0xae, 0xd7, 0xae, 0xd7, 0xae,
        0xd7, 0xae, 0xd7, 0xae, 0xd7, 0xae, 0xd7, 0xae, 0xd7, 0xae, 0xd7, 0xae, 0xd7, 0xae, 0xd7, 0xae, 0xd7, 0xae, 0xd7, 0xae,
        0xd7, 0xae, 0xd7, 0xae, 0xd7, 0xae, 0xd7, 0xae, 0xd7, 0xae, 0xd7, 0xae, 0xd7, 0xae, 0xd7, 0xae, 0xd7, 0xae, 0xd7, 0xae,
        0xd7, 0xae, 0xd7, 0xae, 0xd7, 0xae, 0xd7, 0xae, 0xd7, 0xae, 0xd7, 0xae, 0xd7, 0xae, 0xd7, 0xae, 0xd7, 0xae, 0xd7, 0xae,
        0xd7, 0xae, 0xd7, 0xae, 0xd7, 0xae, 0xd7, 0xae, 0xd7, 0xae, 0xd7, 0xae, 0xd7, 0xae, 0xd7, 0xae, 0xd7, 0xae, 0xd7, 0xae,
        0xd7, 0xae, 0xd7, 0xae, 0xd7, 0xae, 0xd7, 0xae, 0xd7, 0xae, 0xd7, 0xae, 0xd7, 0xae, 0xd7, 0xae, 0xd7, 0xae, 0xd7, 0xae,
        0xd7, 0xae, 0xd7, 0xae, 0xd7, 0xae, 0xd7, 0xae, 0xd7, 0xae, 0xd7, 0xae, 0xd7, 0xae, 0xd7, 0xae, 0xd7, 0xae, 0xd7, 0xae,
        0xd7, 0xae, 0xd7, 0xae, 0xf7, 0xae, 0x38, 0xb7, 0x47, 0x32, 0x00, 0x00, 0x00, 0x00, 0x00, 0x00, 0x25, 0x09, 0x0d, 0x1b,
        0xac, 0x1a, 0x2d, 0x1b, 0x77, 0x4f, 0xf8, 0x4f, 0xf8, 0x4f, 0x97, 0x47, 0x8f, 0x0c, 0x50, 0x0c, 0x71, 0x14, 0x51, 0x14,
        0xcc, 0x12, 0xac, 0x1a, 0x8b, 0x12, 0xcc, 0x22, 0x92, 0x54, 0x71, 0x54, 0x71, 0x54, 0xf0, 0x4b, 0x0e, 0x2b, 0x2e, 0x33,
        0x6f, 0x33, 0x25, 0x09, 0x00, 0x00, 0x00, 0x00, 0x00, 0x00, 0x00, 0x00, 0x00, 0x00, 0x00, 0x00, 0x00, 0x00, 0x00, 0x00,
        0x00, 0x00, 0x00, 0x00, 0xc7, 0x31, 0x36, 0xa5, 0xd5, 0x9c, 0xd5, 0x94, 0xb4, 0x94, 0x74, 0x8c, 0x53, 0x8c, 0x53, 0x84,
        0x33, 0x84, 0x33, 0x84, 0x53, 0x8c, 0x53, 0x8c, 0x73, 0x8c, 0x74, 0x8c, 0x74, 0x8c, 0x74, 0x8c, 0x74, 0x8c, 0x73, 0x8c,
        0x73, 0x8c, 0x73, 0x8c, 0x73, 0x8c, 0x53, 0x8c, 0x53, 0x8c, 0x33, 0x84, 0x33, 0x84, 0x33, 0x84, 0x33, 0x84, 0x53, 0x84,
        0x53, 0x8c, 0x73, 0x8c, 0x74, 0x8c, 0x74, 0x8c, 0xd5, 0x9c, 0xf8, 0xbd, 0xd8, 0xbd, 0xd8, 0xbd, 0xb7, 0xbd, 0x97, 0xb5,
        0x97, 0xb5, 0x97, 0xb5, 0x97, 0xb5, 0x97, 0xb5, 0xb7, 0xbd, 0xb7, 0xbd, 0xb7, 0xb5, 0xd8, 0xbd, 0x93, 0x94, 0x21, 0x00,
        0x00, 0x00, 0x00, 0x00, 0x00, 0x00, 0x00, 0x00, 0x00, 0x00, 0x00, 0x00, 0x00, 0x00, 0x00, 0x00, 0x00, 0x00, 0x00, 0x00,
        0x00, 0x00, 0x00, 0x00, 0x00, 0x00, 0x00, 0x00, 0x00, 0x00, 0xc8, 0x11, 0xcd, 0x1a, 0x6b, 0x1a, 0xcc, 0x2a, 0xf0, 0x4b,
        0x0f, 0x4c, 0x10, 0x4c, 0x51, 0x4c, 0x71, 0x4c, 0x92, 0x54, 0x31, 0x44, 0xcc, 0x1a, 0xcc, 0x1a, 0xac, 0x1a, 0xac, 0x12,
        0xac, 0x12, 0x8b, 0x12, 0x8b, 0x12, 0x6b, 0x12, 0x4a, 0x12, 0xaa, 0x12, 0xb3, 0x0e, 0x13, 0x0f, 0x13, 0x07, 0x96, 0x2f,
        0xd6, 0x47, 0xd6, 0x37, 0xb6, 0x1f, 0x98, 0x57, 0xdd, 0xb7, 0xdd, 0xb7, 0xbc, 0xa7, 0xb0, 0x15, 0x4f, 0x05, 0x10, 0x05,
        0x2d, 0x13, 0x6c, 0x12, 0x8c, 0x12, 0x2a, 0x12, 0xa8, 0x09, 0xa8, 0x09, 0x26, 0x09, 0xc3, 0x18, 0xe4, 0x18, 0xa2, 0x10,
        0xcf, 0x7b, 0xf8, 0xc5, 0xb7, 0xbd, 0xb7, 0xbd, 0xd7, 0xbd, 0xd7, 0xbd, 0x59, 0xce, 0xaf, 0x73, 0x61, 0x08, 0x82, 0x10,
        0x41, 0x08, 0x8d, 0x63, 0x97, 0xae, 0x35, 0x9e, 0x35, 0x9e, 0xb7, 0xae, 0xf8, 0xae, 0xd7, 0xae, 0xd7, 0xae, 0xd7, 0xae,
        0xd7, 0xae, 0xd7, 0xae, 0xd7, 0xae, 0xd7, 0xae, 0xd7, 0xae, 0xd7, 0xae, 0xd7, 0xae, 0xd7, 0xae, 0xd7, 0xae, 0xd7, 0xae,
        0xd7, 0xae, 0xd7, 0xae, 0xd7, 0xae, 0xd7, 0xae, 0xd7, 0xae, 0xd7, 0xae, 0xd7, 0xae, 0xd7, 0xae, 0xd7, 0xae, 0xd7, 0xae,
        0xd7, 0xae, 0xd7, 0xae, 0xd7, 0xae, 0xd7, 0xae, 0xd7, 0xae, 0xd7, 0xae, 0xd7, 0xae, 0xd7, 0xae, 0xd7, 0xae, 0xd7, 0xae,
        0xd7, 0xae, 0xd7, 0xae, 0xd7, 0xae, 0xd7, 0xae, 0xd7, 0xae, 0xd7, 0xae, 0xd7, 0xae, 0xd7, 0xae, 0xd7, 0xae, 0xd7, 0xae,
        0xd7, 0xae, 0xd7, 0xae, 0xd7, 0xae, 0xd7, 0xae, 0xd7, 0xae, 0xd7, 0xae, 0xd7, 0xae, 0xd7, 0xae, 0xd7, 0xae, 0xd7, 0xae,
        0xd7, 0xae, 0xd7, 0xae, 0xd7, 0xae, 0xf9, 0xb6, 0xef, 0x95, 0x48, 0x85, 0x49, 0x85, 0x29, 0x85, 0x09, 0x7d, 0x08, 0x7d,
        0xd7, 0xae, 0xf7, 0xae, 0xd7, 0xae, 0xd7, 0xae, 0xd7, 0xae, 0xd7, 0xae, 0xd7, 0xae, 0xd7, 0xae, 0xd7, 0xae, 0xd7, 0xae,
        0xd7, 0xae, 0xd7, 0xae, 0xf7, 0xae, 0xd7, 0xae, 0xd7, 0xae, 0xd7, 0xae, 0xd7, 0xae, 0xf7, 0xae, 0xd7, 0xae, 0xd7, 0xae,
        0xd7, 0xae, 0xd7, 0xae, 0xd7, 0xae, 0xd7, 0xae, 0xd7, 0xae, 0xd7, 0xae, 0xd7, 0xae, 0xd7, 0xae, 0xd7, 0xae, 0xd7, 0xae,
        0xd7, 0xae, 0xd7, 0xae, 0xd7, 0xae, 0xd7, 0xae, 0xd7, 0xae, 0xd7, 0xae, 0xd7, 0xae, 0xd7, 0xae, 0xd7, 0xae, 0xd7, 0xae,
        0xd7, 0xae, 0xd7, 0xae, 0xd7, 0xae, 0xd7, 0xae, 0xd7, 0xae, 0xd7, 0xae, 0xd7, 0xae, 0xd7, 0xae, 0xd7, 0xae, 0xd7, 0xae,
        0xd7, 0xae, 0xd7, 0xae, 0xd7, 0xae, 0xd7, 0xae, 0xd7, 0xae, 0xd7, 0xae, 0xd7, 0xae, 0xd7, 0xae, 0xd7, 0xae, 0xd7, 0xae,
        0xd7, 0xae, 0xd7, 0xae, 0xd7, 0xae, 0xd7, 0xae, 0xd7, 0xae, 0xd7, 0xae, 0xd7, 0xae, 0xd7, 0xae, 0xd7, 0xae, 0xd7, 0xae,
        0xd7, 0xae, 0xd7, 0xae, 0xd7, 0xae, 0xd7, 0xae, 0xd7, 0xae, 0xd7, 0xae, 0xd7, 0xae, 0xd7, 0xae, 0xd7, 0xae, 0xd7, 0xae,
        0xd7, 0xae, 0xd7, 0xae, 0xd7, 0xae, 0xd7, 0xae, 0xd7, 0xae, 0xd7, 0xae, 0xd7, 0xae, 0xd7, 0xae, 0xd7, 0xae, 0xd7, 0xae,
        0xd7, 0xae, 0xd7, 0xae, 0xf7, 0xae, 0x38, 0xb7, 0x47, 0x3a, 0x00, 0x00, 0x00, 0x00, 0x00, 0x00, 0x25, 0x09, 0xed, 0x1a,
        0xac, 0x12, 0x2d, 0x23, 0x57, 0x4f, 0xf8, 0x4f, 0xf8, 0x4f, 0x97, 0x47, 0x6e, 0x14, 0x2f, 0x0c, 0x50, 0x14, 0x30, 0x14,
        0xac, 0x12, 0x8c, 0x1a, 0x8b, 0x1a, 0xcc, 0x22, 0x51, 0x54, 0x30, 0x54, 0x30, 0x54, 0xcf, 0x43, 0x0d, 0x2b, 0x2e, 0x33,
        0x6f, 0x33, 0x04, 0x09, 0x00, 0x00, 0x00, 0x00, 0x00, 0x00, 0x00, 0x00, 0x00, 0x00, 0x00, 0x00, 0x00, 0x00, 0x00, 0x00,
        0x00, 0x00, 0x00, 0x00, 0xc8, 0x39, 0x57, 0xa5, 0xd5, 0x9c, 0xd5, 0x9c, 0xb5, 0x94, 0x94, 0x94, 0x74, 0x8c, 0x73, 0x8c,
        0x53, 0x8c, 0x53, 0x8c, 0x53, 0x8c, 0x73, 0x8c, 0x73, 0x8c, 0x73, 0x8c, 0x73, 0x8c, 0x74, 0x8c, 0x73, 0x8c, 0x73, 0x8c,
        0x73, 0x8c, 0x73, 0x8c, 0x73, 0x8c, 0x73, 0x8c, 0x53, 0x8c, 0x53, 0x8c, 0x33, 0x84, 0x33, 0x84, 0x33, 0x84, 0x53, 0x8c,
        0x73, 0x8c, 0x94, 0x8c, 0x94, 0x94, 0x94, 0x8c, 0xd5, 0x9c, 0xf8, 0xc5, 0xd8, 0xbd, 0xd7, 0xbd, 0xb7, 0xbd, 0x97, 0xb5,
        0x97, 0xb5, 0x97, 0xb5, 0x97, 0xb5, 0x97, 0xbd, 0xb7, 0xbd, 0xd7, 0xbd, 0xb7, 0xb5, 0xb7, 0xbd, 0x72, 0x8c, 0x21, 0x00,
        0x00, 0x00, 0x00, 0x00, 0x00, 0x00, 0x00, 0x00, 0x00, 0x00, 0x00, 0x00, 0x00, 0x00, 0x00, 0x00, 0x00, 0x00, 0x00, 0x00,
        0x00, 0x00, 0x00, 0x00, 0x00, 0x00, 0x00, 0x00, 0x00, 0x00, 0xa7, 0x11, 0xac, 0x1a, 0x4b, 0x1a, 0xac, 0x2a, 0xcf, 0x4b,
        0xcf, 0x43, 0xef, 0x4b, 0x10, 0x4c, 0x51, 0x4c, 0x71, 0x54, 0xf0, 0x43, 0xac, 0x1a, 0xcc, 0x1a, 0xac, 0x1a, 0xac, 0x1a,
        0xac, 0x1a, 0xac, 0x1a, 0x8c, 0x12, 0x6b, 0x12, 0x2a, 0x12, 0x69, 0x12, 0xb1, 0x06, 0x12, 0x07, 0x12, 0x07, 0x74, 0x27,
        0xd6, 0x47, 0xd6, 0x2f, 0xb5, 0x17, 0xb8, 0x4f, 0xdc, 0x9f, 0xfc, 0x9f, 0xdc, 0x9f, 0x91, 0x15, 0x10, 0x05, 0xd1, 0x14,
        0x2d, 0x13, 0x8c, 0x12, 0xcd, 0x1a, 0xc8, 0x11, 0x00, 0x00, 0x00, 0x00, 0x41, 0x08, 0xf1, 0x7b, 0x53, 0x8c, 0x32, 0x84,
        0x35, 0xa5, 0xd8, 0xbd, 0xd7, 0xbd, 0xd7, 0xbd, 0xd7, 0xbd, 0xd7, 0xbd, 0xf8, 0xc5, 0x76, 0xad, 0xd3, 0x9c, 0xf4, 0x9c,
        0xd4, 0x9c, 0x65, 0x29, 0xa2, 0x08, 0xa2, 0x10, 0x81, 0x08, 0x90, 0x7c, 0x39, 0xbf, 0xd8, 0xae, 0xd7, 0xae, 0xd7, 0xae,
        0xd7, 0xae, 0xd7, 0xae, 0xd7, 0xae, 0xd7, 0xae, 0xd7, 0xae, 0xd7, 0xae, 0xd7, 0xae, 0xd7, 0xae, 0xd7, 0xae, 0xd7, 0xae,
        0xd7, 0xae, 0xd7, 0xae, 0xd7, 0xae, 0xd7, 0xae, 0xd7, 0xae, 0xd7, 0xae, 0xd7, 0xae, 0xd7, 0xae, 0xd7, 0xae, 0xd7, 0xae,
        0xd7, 0xae, 0xd7, 0xae, 0xd7, 0xae, 0xd7, 0xae, 0xd7, 0xae, 0xd7, 0xae, 0xd7, 0xae, 0xd7, 0xae, 0xd7, 0xae, 0xd7, 0xae,
        0xd7, 0xae, 0xd7, 0xae, 0xd7, 0xae, 0xd7, 0xae, 0xd7, 0xae, 0xd7, 0xae, 0xd7, 0xae, 0xd7, 0xae, 0xd7, 0xae, 0xd7, 0xae,
        0xd7, 0xae, 0xd7, 0xae, 0xd7, 0xae, 0xd7, 0xae, 0xd7, 0xae, 0xd7, 0xae, 0xd7, 0xae, 0xd7, 0xae, 0xd7, 0xae, 0xd7, 0xae,
        0xd7, 0xae, 0xd8, 0xae, 0xd8, 0xae, 0xf9, 0xb6, 0xef, 0x95, 0x68, 0x85, 0x49, 0x85, 0x49, 0x85, 0x29, 0x85, 0x29, 0x7d,
        0xd7, 0xae, 0xd7, 0xae, 0xd7, 0xae, 0xd7, 0xae, 0xd7, 0xae, 0xd7, 0xae, 0xd7, 0xae, 0xd7, 0xae, 0xd7, 0xae, 0xd7, 0xae,
        0xd7, 0xae, 0xd7, 0xae, 0xd7, 0xae, 0xf7, 0xae, 0xf7, 0xae, 0xd7, 0xae, 0xd7, 0xae, 0xf7, 0xae, 0xd7, 0xae, 0xd7, 0xae,
        0xd7, 0xae, 0xd7, 0xae, 0xd7, 0xae, 0xd7, 0xae, 0xd7, 0xae, 0xd7, 0xae, 0xd7, 0xae, 0xd7, 0xae, 0xd7, 0xae, 0xd7, 0xae,
        0xd7, 0xae, 0xd7, 0xae, 0xd7, 0xae, 0xd7, 0xae, 0xd7, 0xae, 0xd7, 0xae, 0xd7, 0xae, 0xd7, 0xae, 0xd7, 0xae, 0xd7, 0xae,
        0xd7, 0xae, 0xd7, 0xae, 0xd7, 0xae, 0xd7, 0xae, 0xd7, 0xae, 0xd7, 0xae, 0xd7, 0xae, 0xd7, 0xae, 0xd7, 0xae, 0xd7, 0xae,
        0xd7, 0xae, 0xd7, 0xae, 0xd7, 0xae, 0xd7, 0xae, 0xd7, 0xae, 0xd7, 0xae, 0xd7, 0xae, 0xd7, 0xae, 0xd7, 0xae, 0xd7, 0xae,
        0xd7, 0xae, 0xd7, 0xae, 0xd7, 0xae, 0xd7, 0xae, 0xd7, 0xae, 0xd7, 0xae, 0xd7, 0xae, 0xd7, 0xae, 0xd7, 0xae, 0xd7, 0xae,
        0xd7, 0xae, 0xd7, 0xae, 0xd7, 0xae, 0xd7, 0xae, 0xd7, 0xae, 0xd7, 0xae, 0xd7, 0xae, 0xd7, 0xae, 0xd7, 0xae, 0xd7, 0xae,
        0xd7, 0xae, 0xd7, 0xae, 0xd7, 0xae, 0xd7, 0xae, 0xd7, 0xae, 0xd7, 0xae, 0xd7, 0xae, 0xd7, 0xae, 0xd7, 0xae, 0xd7, 0xae,
        0xd7, 0xae, 0xd7, 0xae, 0xd7, 0xae, 0x38, 0xb7, 0x47, 0x3a, 0x00, 0x00, 0x00, 0x00, 0x00, 0x00, 0x25, 0x09, 0xed, 0x1a,
        0xcc, 0x1a, 0x4e, 0x1b, 0x57, 0x4f, 0xf8, 0x4f, 0xd8, 0x57, 0xb7, 0x4f, 0xf5, 0x36, 0xb4, 0x36, 0xb5, 0x36, 0xb5, 0x2e,
        0x0f, 0x1c, 0xac, 0x1a, 0x6b, 0x1a, 0xac, 0x22, 0xef, 0x43, 0xef, 0x43, 0x10, 0x4c, 0x2d, 0x3b, 0xa8, 0x11, 0xc9, 0x19,
        0xe9, 0x11, 0x09, 0x22, 0x6a, 0x32, 0x29, 0x2a, 0x08, 0x22, 0xe7, 0x21, 0xe7, 0x21, 0x07, 0x22, 0x08, 0x22, 0x28, 0x22,
        0x28, 0x22, 0x29, 0x22, 0xc8, 0x21, 0x66, 0x29, 0x45, 0x29, 0x45, 0x29, 0x45, 0x29, 0x45, 0x29, 0x25, 0x21, 0x25, 0x21,
        0x25, 0x21, 0x25, 0x21, 0x25, 0x21, 0x25, 0x21, 0x25, 0x21, 0x25, 0x21, 0x25, 0x21, 0x25, 0x21, 0x25, 0x21, 0x05, 0x21,
        0x05, 0x21, 0x25, 0x21, 0x25, 0x21, 0x25, 0x21, 0x25, 0x21, 0x05, 0x21, 0x04, 0x21, 0x04, 0x21, 0x25, 0x21, 0x25, 0x21,
        0x45, 0x29, 0x66, 0x29, 0x66, 0x29, 0x46, 0x29, 0x66, 0x29, 0x86, 0x31, 0x86, 0x31, 0x66, 0x31, 0x66, 0x29, 0x65, 0x29,
        0x66, 0x31, 0x66, 0x31, 0x66, 0x31, 0x66, 0x31, 0x66, 0x31, 0x86, 0x31, 0x65, 0x29, 0x66, 0x31, 0x04, 0x21, 0x45, 0x19,
        0x49, 0x2a, 0x28, 0x2a, 0x28, 0x22, 0x28, 0x22, 0x28, 0x22, 0x29, 0x22, 0x49, 0x22, 0x49, 0x22, 0x6a, 0x2a, 0x8a, 0x2a,
        0x8a, 0x2a, 0x69, 0x2a, 0x69, 0x2a, 0x69, 0x2a, 0x8a, 0x2a, 0xc8, 0x11, 0x67, 0x09, 0x67, 0x09, 0x88, 0x11, 0x4d, 0x3b,
        0x8e, 0x43, 0xae, 0x43, 0x2e, 0x2b, 0x0d, 0x23, 0x2e, 0x2b, 0x0d, 0x23, 0xac, 0x1a, 0xac, 0x1a, 0x0d, 0x1b, 0xb0, 0x14,
        0xd0, 0x14, 0xaf, 0x14, 0x50, 0x15, 0x70, 0x0d, 0x2f, 0x05, 0x6f, 0x15, 0x78, 0x67, 0xb8, 0x6f, 0xb8, 0x6f, 0x97, 0x57,
        0x94, 0x17, 0xb5, 0x17, 0xd6, 0x17, 0x72, 0x16, 0x11, 0x1d, 0x11, 0x25, 0xb1, 0x2c, 0x2c, 0x0b, 0xec, 0x0a, 0xec, 0x12,
        0x8c, 0x12, 0x6c, 0x12, 0xac, 0x1a, 0xc8, 0x11, 0x20, 0x00, 0x20, 0x00, 0x61, 0x08, 0xf1, 0x7b, 0x53, 0x84, 0x32, 0x84,
        0x15, 0xa5, 0xd7, 0xbd, 0xb7, 0xbd, 0xd7, 0xbd, 0xd7, 0xbd, 0xb7, 0xbd, 0xb7, 0xbd, 0xb7, 0xb5, 0xb7, 0xb5, 0xb7, 0xb5,
        0x97, 0xb5, 0x04, 0x21, 0x00, 0x00, 0x00, 0x00, 0x00, 0x00, 0x4e, 0x6c, 0x39, 0xb7, 0xd7, 0xae, 0xd7, 0xae, 0xd7, 0xae,
        0xd7, 0xae, 0xd7, 0xae, 0xd7, 0xae, 0xd7, 0xae, 0xd7, 0xae, 0xd7, 0xae, 0xd7, 0xae, 0xd7, 0xae, 0xd7, 0xae, 0xd7, 0xae,
        0xd7, 0xae, 0xd7, 0xae, 0xd7, 0xae, 0xd7, 0xae, 0xd7, 0xae, 0xd7, 0xae, 0xd7, 0xae, 0xd7, 0xae, 0xd7, 0xae, 0xd7, 0xae,
        0xd7, 0xae, 0xd7, 0xae, 0xd7, 0xae, 0xd7, 0xae, 0xd7, 0xae, 0xd7, 0xae, 0xd7, 0xae, 0xd7, 0xae, 0xd7, 0xae, 0xd7, 0xae,
        0xd7, 0xae, 0xd7, 0xae, 0xd7, 0xae, 0xd7, 0xae, 0xd7, 0xae, 0xd7, 0xae, 0xd7, 0xae, 0xd7, 0xae, 0xd7, 0xae, 0xd7, 0xae,
        0xd7, 0xae, 0xd7, 0xae, 0xd7, 0xae, 0xd7, 0xae, 0xd7, 0xae, 0xd7, 0xae, 0xd7, 0xae, 0xd7, 0xae, 0xd7, 0xae, 0xd7, 0xae,
        0xb6, 0xa6, 0xcd, 0x8d, 0xad, 0x8d, 0xae, 0x95, 0x8b, 0x8d, 0x69, 0x85, 0x49, 0x85, 0x49, 0x85, 0x49, 0x85, 0x49, 0x85,
        0xd7, 0xae, 0xd7, 0xae, 0xd7, 0xae, 0xd7, 0xae, 0xd7, 0xae, 0xd7, 0xae, 0xd7, 0xae, 0xf7, 0xae, 0xd7, 0xae, 0xd7, 0xae,
        0xd7, 0xae, 0xd7, 0xae, 0xd7, 0xae, 0xd7, 0xae, 0xf7, 0xae, 0xd7, 0xae, 0xd7, 0xae, 0xd7, 0xae, 0xd7, 0xae, 0xd7, 0xae,
        0xd7, 0xae, 0xd7, 0xae, 0xd7, 0xae, 0xd7, 0xae, 0xd7, 0xae, 0xd7, 0xae, 0xd7, 0xae, 0xd7, 0xae, 0xd7, 0xae, 0xd7, 0xae,
        0xd7, 0xae, 0xd7, 0xae, 0xd7, 0xae, 0xd7, 0xae, 0xd7, 0xae, 0xd7, 0xae, 0xd7, 0xae, 0xd7, 0xae, 0xd7, 0xae, 0xd7, 0xae,
        0xd7, 0xae, 0xd7, 0xae, 0xd7, 0xae, 0xd7, 0xae, 0xd7, 0xae, 0xd7, 0xae, 0xd7, 0xae, 0xd7, 0xae, 0xd7, 0xae, 0xd7, 0xae,
        0xd7, 0xae, 0xd7, 0xae, 0xd7, 0xae, 0xd7, 0xae, 0xd7, 0xae, 0xd7, 0xae, 0xd7, 0xae, 0xd7, 0xae, 0xd7, 0xae, 0xd7, 0xae,
        0xd7, 0xae, 0xd7, 0xae, 0xd7, 0xae, 0xd7, 0xae, 0xd7, 0xae, 0xd7, 0xae, 0xd7, 0xae, 0xd7, 0xae, 0xd7, 0xae, 0xd7, 0xae,
        0xd7, 0xae, 0xd7, 0xae, 0xd7, 0xae, 0xd7, 0xae, 0xd7, 0xae, 0xd7, 0xae, 0xd7, 0xae, 0xd7, 0xae, 0xd7, 0xae, 0xd7, 0xae,
        0xd7, 0xae, 0xd7, 0xae, 0xd7, 0xae, 0xd7, 0xae, 0xd7, 0xae, 0xd7, 0xae, 0xd7, 0xae, 0xd7, 0xae, 0xd7, 0xae, 0xd7, 0xae,
        0xd7, 0xae, 0xd7, 0xae, 0xf7, 0xae, 0x38, 0xb7, 0x47, 0x3a, 0x00, 0x00, 0x00, 0x00, 0x00, 0x00, 0x25, 0x09, 0xed, 0x1a,
        0xcd, 0x12, 0x4e, 0x1b, 0x57, 0x4f, 0xf8, 0x4f, 0xd8, 0x4f, 0xd8, 0x4f, 0xf8, 0x47, 0xf9, 0x47, 0xf9, 0x3f, 0xf9, 0x37,
        0xaf, 0x14, 0x8c, 0x1a, 0x6b, 0x1a, 0xab, 0x22, 0xcf, 0x43, 0xcf, 0x43, 0xef, 0x43, 0xec, 0x2a, 0xc5, 0x00, 0x06, 0x09,
        0xe5, 0x00, 0xcc, 0x2a, 0x11, 0x4c, 0xcf, 0x43, 0xaf, 0x43, 0x8e, 0x43, 0x8e, 0x43, 0xae, 0x43, 0xaf, 0x43, 0xcf, 0x43,
        0xaf, 0x43, 0xcf, 0x43, 0x08, 0x22, 0x00, 0x00, 0x00, 0x00, 0x00, 0x00, 0x00, 0x00, 0x00, 0x00, 0x00, 0x00, 0x00, 0x00,
        0x00, 0x00, 0x00, 0x00, 0x00, 0x00, 0x00, 0x00, 0x00, 0x00, 0x00, 0x00, 0x00, 0x00, 0x00, 0x00, 0x00, 0x00, 0x00, 0x00,
        0x00, 0x00, 0x00, 0x00, 0x00, 0x00, 0x00, 0x00, 0x00, 0x00, 0x00, 0x00, 0x00, 0x00, 0x00, 0x00, 0x00, 0x00, 0x00, 0x00,
        0x00, 0x00, 0x00, 0x00, 0x00, 0x00, 0x00, 0x00, 0x00, 0x00, 0x00, 0x00, 0x00, 0x00, 0x00, 0x00, 0x00, 0x00, 0x00, 0x00,
        0x00, 0x00, 0x00, 0x00, 0x00, 0x00, 0x00, 0x00, 0x00, 0x00, 0x00, 0x00, 0x00, 0x00, 0x00, 0x00, 0x00, 0x00, 0x6a, 0x2a,
        0x10, 0x44, 0xaf, 0x43, 0x8f, 0x3b, 0x8f, 0x3b, 0x8e, 0x3b, 0x8f, 0x3b, 0x8f, 0x3b, 0xaf, 0x3b, 0xaf, 0x3b, 0xcf, 0x43,
        0xd0, 0x43, 0xd0, 0x43, 0xf0, 0x43, 0xf0, 0x43, 0x11, 0x44, 0xe9, 0x19, 0xc5, 0x00, 0xe5, 0x00, 0x05, 0x09, 0x0d, 0x3b,
        0x8e, 0x43, 0x8e, 0x43, 0xac, 0x1a, 0x2b, 0x12, 0x6b, 0x12, 0x6b, 0x12, 0xac, 0x12, 0x6b, 0x12, 0x4c, 0x13, 0x31, 0x06,
        0x71, 0x06, 0x50, 0x06, 0x13, 0x07, 0x94, 0x07, 0x33, 0x07, 0x55, 0x1f, 0xfd, 0xb7, 0xfd, 0xbf, 0xfd, 0xbf, 0xb9, 0x7f,
        0x93, 0x07, 0xb5, 0x0f, 0xd5, 0x17, 0xd0, 0x0d, 0xad, 0x0b, 0xae, 0x0b, 0x6d, 0x0b, 0x6b, 0x0a, 0x4a, 0x0a, 0x4a, 0x0a,
        0x4a, 0x12, 0x4b, 0x12, 0x8c, 0x1a, 0xa8, 0x11, 0x00, 0x00, 0x00, 0x00, 0x61, 0x08, 0xf1, 0x7b, 0x33, 0x84, 0x12, 0x7c,
        0xf5, 0x9c, 0xb7, 0xbd, 0x97, 0xb5, 0xb4, 0x94, 0x73, 0x8c, 0x94, 0x94, 0xb4, 0x94, 0x93, 0x94, 0xd0, 0x7b, 0xd0, 0x7b,
        0xd0, 0x7b, 0xa3, 0x10, 0x00, 0x00, 0x00, 0x00, 0x00, 0x00, 0x4e, 0x6c, 0x38, 0xb7, 0xd7, 0xae, 0xd7, 0xae, 0xd7, 0xae,
        0xd7, 0xae, 0xd7, 0xae, 0xd7, 0xae, 0xd7, 0xae, 0xd7, 0xae, 0xd7, 0xae, 0xd7, 0xae, 0xd7, 0xae, 0xd7, 0xae, 0xd7, 0xae,
        0xd7, 0xae, 0xd7, 0xae, 0xd7, 0xae, 0xd7, 0xae, 0xd7, 0xae, 0xd7, 0xae, 0xd7, 0xae, 0xd7, 0xae, 0xd7, 0xae, 0xd7, 0xae,
        0xd7, 0xae, 0xd7, 0xae, 0xd7, 0xae, 0xd7, 0xae, 0xd7, 0xae, 0xd7, 0xae, 0xd7, 0xae, 0xd7, 0xae, 0xd7, 0xae, 0xd7, 0xae,
        0xd7, 0xae, 0xd7, 0xae, 0xd7, 0xae, 0xd7, 0xae, 0xd7, 0xae, 0xd7, 0xae, 0xd7, 0xae, 0xd7, 0xae, 0xd7, 0xae, 0xd7, 0xae,
        0xd7, 0xae, 0xd7, 0xae, 0xd7, 0xae, 0xd7, 0xae, 0xd7, 0xae, 0xd7, 0xae, 0xd7, 0xae, 0xd7, 0xae, 0xd7, 0xae, 0xd7, 0xae,
        0x95, 0xa6, 0x29, 0x85, 0x08, 0x7d, 0x08, 0x7d, 0x29, 0x85, 0x49, 0x85, 0x49, 0x85, 0x49, 0x85, 0x49, 0x85, 0x49, 0x85,
        0xd7, 0xae, 0xd7, 0xae, 0xd7, 0xae, 0xd7, 0xae, 0xd7, 0xae, 0xd7, 0xae, 0xd7, 0xae, 0xd7, 0xae, 0xd7, 0xae, 0xd7, 0xae,
        0xd7, 0xae, 0xd7, 0xae, 0xd7, 0xae, 0xd7, 0xae, 0xd7, 0xae, 0xd7, 0xae, 0xd7, 0xae, 0xd7, 0xae, 0xd7, 0xae, 0xd7, 0xae,
        0xd7, 0xae, 0xd7, 0xae, 0xd7, 0xae, 0xd7, 0xae, 0xd7, 0xae, 0xd7, 0xae, 0xd7, 0xae, 0xd7, 0xae, 0xd7, 0xae, 0xd7, 0xae,
        0xd7, 0xae, 0xd7, 0xae, 0xd7, 0xae, 0xd7, 0xae, 0xd7, 0xae, 0xd7, 0xae, 0xd7, 0xae, 0xd7, 0xae, 0xd7, 0xae, 0xd7, 0xae,
        0xd7, 0xae, 0xd7, 0xae, 0xd7, 0xae, 0xd7, 0xae, 0xd7, 0xae, 0xd7, 0xae, 0xd7, 0xae, 0xd7, 0xae, 0xd7, 0xae, 0xd7, 0xae,
        0xd7, 0xae, 0xd7, 0xae, 0xd7, 0xae, 0xd7, 0xae, 0xd7, 0xae, 0xd7, 0xae, 0xd7, 0xae, 0xd7, 0xae, 0xd7, 0xae, 0xd7, 0xae,
        0xd7, 0xae, 0xd7, 0xae, 0xd7, 0xae, 0xd7, 0xae, 0xd7, 0xae, 0xd7, 0xae, 0xd7, 0xae, 0xd7, 0xae, 0xd7, 0xae, 0xd7, 0xae,
        0xd7, 0xae, 0xd7, 0xae, 0xd7, 0xae, 0xd7, 0xae, 0xd7, 0xae, 0xd7, 0xae, 0xd7, 0xae, 0xd7, 0xae, 0xd7, 0xae, 0xd7, 0xae,
        0xd7, 0xae, 0xd7, 0xae, 0xd7, 0xae, 0xd7, 0xae, 0xd7, 0xae, 0xd7, 0xae, 0xd7, 0xae, 0xd7, 0xae, 0xd7, 0xae, 0xd7, 0xae,
        0xd7, 0xae, 0xd7, 0xae, 0xf7, 0xae, 0x38, 0xb7, 0x47, 0x32, 0x00, 0x00, 0x00, 0x00, 0x00, 0x00, 0x25, 0x09, 0x2e, 0x1b,
        0xed, 0x1a, 0x8f, 0x23, 0x98, 0x57, 0xf8, 0x57, 0xf8, 0x57, 0xf8, 0x4f, 0xf8, 0x3f, 0xd8, 0x37, 0xf7, 0x2f, 0xb7, 0x2f,
        0x4f, 0x14, 0x8b, 0x1a, 0x6b, 0x1a, 0x8b, 0x22, 0xaf, 0x43, 0xcf, 0x43, 0x10, 0x44, 0x0c, 0x33, 0x06, 0x09, 0x47, 0x09,
        0x26, 0x09, 0x8b, 0x2a, 0xcf, 0x43, 0x8e, 0x43, 0x6e, 0x3b, 0x6e, 0x3b, 0x6e, 0x3b, 0x8e, 0x43, 0x8f, 0x43, 0xaf, 0x43,
        0x8e, 0x43, 0x8e, 0x3b, 0x08, 0x22, 0x00, 0x00, 0x00, 0x00, 0x00, 0x00, 0x00, 0x00, 0x00, 0x00, 0x00, 0x00, 0x00, 0x00,
        0x00, 0x00, 0x00, 0x00, 0x00, 0x00, 0x00, 0x00, 0x00, 0x00, 0x00, 0x00, 0x00, 0x00, 0x00, 0x00, 0x00, 0x00, 0x00, 0x00,
        0x00, 0x00, 0x00, 0x00, 0x00, 0x00, 0x00, 0x00, 0x00, 0x00, 0x00, 0x00, 0x00, 0x00, 0x00, 0x00, 0x00, 0x00, 0x00, 0x00,
        0x00, 0x00, 0x00, 0x00, 0x00, 0x00, 0x00, 0x00, 0x00, 0x00, 0x00, 0x00, 0x00, 0x00, 0x00, 0x00, 0x00, 0x00, 0x00, 0x00,
        0x00, 0x00, 0x00, 0x00, 0x00, 0x00, 0x00, 0x00, 0x00, 0x00, 0x00, 0x00, 0x00, 0x00, 0x00, 0x00, 0x00, 0x00, 0x6a, 0x2a,
        0xf0, 0x43, 0xaf, 0x43, 0x8f, 0x43, 0x6e, 0x43, 0x6e, 0x3b, 0x6e, 0x3b, 0x6e, 0x3b, 0x8e, 0x3b, 0x8e, 0x3b, 0xaf, 0x3b,
        0xcf, 0x3b, 0xcf, 0x3b, 0xd0, 0x43, 0xd0, 0x43, 0x10, 0x44, 0x0a, 0x1a, 0xe6, 0x00, 0x06, 0x09, 0x26, 0x09, 0x2d, 0x3b,
        0x8e, 0x43, 0x8e, 0x43, 0xac, 0x22, 0x4a, 0x12, 0x4b, 0x12, 0x4b, 0x12, 0x2a, 0x12, 0xea, 0x11, 0xca, 0x0a, 0xaf, 0x05,
        0xef, 0x05, 0xef, 0x05, 0xf2, 0x06, 0x74, 0x07, 0x53, 0x07, 0x15, 0x2f, 0xdd, 0xcf, 0xfd, 0xc7, 0xfe, 0xcf, 0xda, 0x8f,
        0xb5, 0x0f, 0xf6, 0x0f, 0xf6, 0x17, 0xb1, 0x15, 0x8e, 0x13, 0xaf, 0x1b, 0xaf, 0x1b, 0xcc, 0x12, 0x8b, 0x12, 0x6b, 0x12,
        0x09, 0x0a, 0xc9, 0x11, 0xe9, 0x11, 0x05, 0x09, 0x00, 0x00, 0x00, 0x00, 0x20, 0x00, 0xd1, 0x7b, 0x53, 0x8c, 0x12, 0x7c,
        0xf5, 0x9c, 0x97, 0xb5, 0x76, 0xb5, 0xd1, 0x7b, 0xf2, 0x7b, 0x74, 0x8c, 0xb5, 0x94, 0x2e, 0x63, 0x00, 0x00, 0x00, 0x00,
        0x00, 0x00, 0x00, 0x00, 0x00, 0x00, 0x00, 0x00, 0x00, 0x00, 0x2e, 0x6c, 0x39, 0xb7, 0xd7, 0xae, 0xd7, 0xae, 0xd7, 0xae,
        0xd7, 0xae, 0xd7, 0xae, 0xd7, 0xae, 0xd7, 0xae, 0xd7, 0xae, 0xd7, 0xae, 0xd7, 0xae, 0xd7, 0xae, 0xd7, 0xae, 0xd7, 0xae,
        0xd7, 0xae, 0xd7, 0xae, 0xd7, 0xae, 0xd7, 0xae, 0xd7, 0xae, 0xd7, 0xae, 0xd7, 0xae, 0xd7, 0xae, 0xd7, 0xae, 0xd7, 0xae,
        0xd7, 0xae, 0xd7, 0xae, 0xd7, 0xae, 0xd7, 0xae, 0xd7, 0xae, 0xd7, 0xae, 0xd7, 0xae, 0xd7, 0xae, 0xd7, 0xae, 0xd7, 0xae,
        0xd7, 0xae, 0xd7, 0xae, 0xd7, 0xae, 0xd7, 0xae, 0xd7, 0xae, 0xd7, 0xae, 0xd7, 0xae, 0xd7, 0xae, 0xd7, 0xae, 0xd7, 0xae,
        0xd7, 0xae, 0xd7, 0xae, 0xd7, 0xae, 0xd7, 0xae, 0xd7, 0xae, 0xd7, 0xae, 0xd7, 0xae, 0xf8, 0xae, 0xf8, 0xae, 0xd8, 0xae,
        0x95, 0xa6, 0x29, 0x85, 0x08, 0x7d, 0x09, 0x85, 0x29, 0x85, 0x29, 0x85, 0x49, 0x85, 0x49, 0x85, 0x49, 0x85, 0x49, 0x85,
        0xd7, 0xae, 0xd7, 0xae, 0xd7, 0xae, 0xd7, 0xae, 0xf8, 0xae, 0xf8, 0xae, 0xf8, 0xae, 0xf8, 0xae, 0xf8, 0xae, 0xf8, 0xae,
        0xf8, 0xb6, 0xf8, 0xb6, 0xf8, 0xb6, 0xf8, 0xb6, 0xf8, 0xae, 0xd7, 0xae, 0xd7, 0xae, 0xd7, 0xae, 0xd7, 0xae, 0xd7, 0xae,
        0xd7, 0xae, 0xd7, 0xae, 0xd7, 0xae, 0xd7, 0xae, 0xd7, 0xae, 0xd7, 0xae, 0xd7, 0xae, 0xd7, 0xae, 0xd7, 0xae, 0xd7, 0xae,
        0xd7, 0xae, 0xd7, 0xae, 0xd7, 0xae, 0xd7, 0xae, 0xd7, 0xae, 0xd7, 0xae, 0xd7, 0xae, 0xd7, 0xae, 0xd7, 0xae, 0xd7, 0xae,
        0xd7, 0xae, 0xd7, 0xae, 0xd7, 0xae, 0xd7, 0xae, 0xd7, 0xae, 0xd7, 0xae, 0xd7, 0xae, 0xd7, 0xae, 0xd7, 0xae, 0xd7, 0xae,
        0xd7, 0xae, 0xd7, 0xae, 0xd7, 0xae, 0xd7, 0xae, 0xd7, 0xae, 0xd7, 0xae, 0xd7, 0xae, 0xd7, 0xae, 0xd7, 0xae, 0xd7, 0xae,
        0xd7, 0xae, 0xd7, 0xae, 0xd7, 0xae, 0xd7, 0xae, 0xd7, 0xae, 0xd7, 0xae, 0xd7, 0xae, 0xd7, 0xae, 0xd7, 0xae, 0xd7, 0xae,
        0xd7, 0xae, 0xd7, 0xae, 0xd7, 0xae, 0xd7, 0xae, 0xd7, 0xae, 0xd7, 0xae, 0xd7, 0xae, 0xd7, 0xae, 0xd7, 0xae, 0xd7, 0xae,
        0xd7, 0xae, 0xd7, 0xae, 0xd7, 0xae, 0xd7, 0xae, 0xd7, 0xae, 0xd7, 0xae, 0xd7, 0xae, 0xd7, 0xae, 0xd7, 0xae, 0xd7, 0xae,
        0xd7, 0xae, 0xd7, 0xae, 0xf7, 0xae, 0x38, 0xb7, 0x27, 0x32, 0x00, 0x00, 0x00, 0x00, 0x00, 0x00, 0x46, 0x09, 0x2e, 0x1b,
        0x0d, 0x13, 0x6e, 0x23, 0x95, 0x46, 0x16, 0x3f, 0xf5, 0x3e, 0x16, 0x3f, 0xd8, 0x57, 0xd9, 0x4f, 0xf8, 0x47, 0xd9, 0x47,
        0x4e, 0x14, 0x8b, 0x1a, 0x6b, 0x1a, 0xac, 0x22, 0xcf, 0x43, 0xef, 0x43, 0x30, 0x4c, 0x2d, 0x33, 0x27, 0x09, 0x47, 0x09,
        0x27, 0x09, 0x8b, 0x2a, 0x8f, 0x43, 0x2d, 0x3b, 0x0c, 0x3b, 0xec, 0x3a, 0x0c, 0x3b, 0x2d, 0x3b, 0x2d, 0x3b, 0x4e, 0x3b,
        0x4d, 0x3b, 0x4d, 0x3b, 0x49, 0x22, 0xa2, 0x08, 0xa2, 0x08, 0xa2, 0x08, 0xc3, 0x10, 0xe3, 0x10, 0x04, 0x11, 0x04, 0x11,
        0x04, 0x11, 0xe3, 0x10, 0xe3, 0x10, 0x03, 0x11, 0x04, 0x11, 0x04, 0x11, 0xe3, 0x10, 0xe3, 0x10, 0xe3, 0x10, 0xc3, 0x10,
        0xc3, 0x10, 0xc3, 0x08, 0xc3, 0x08, 0xc3, 0x08, 0xc3, 0x08, 0xc3, 0x10, 0xe3, 0x10, 0xe3, 0x10, 0xe4, 0x10, 0xe4, 0x10,
        0xe3, 0x10, 0xe3, 0x10, 0xe3, 0x10, 0xc3, 0x10, 0xe3, 0x10, 0xc3, 0x10, 0xc3, 0x10, 0xc3, 0x10, 0xc3, 0x10, 0xc3, 0x10,
        0xe3, 0x10, 0xe3, 0x10, 0xe4, 0x10, 0xe3, 0x10, 0xe3, 0x10, 0xc3, 0x10, 0xe3, 0x10, 0x04, 0x11, 0x04, 0x11, 0xab, 0x2a,
        0x8f, 0x3b, 0x6e, 0x3b, 0x4e, 0x3b, 0x2d, 0x33, 0x0c, 0x33, 0xec, 0x32, 0x0c, 0x33, 0x0c, 0x33, 0x0d, 0x33, 0x2d, 0x33,
        0x4e, 0x33, 0x6e, 0x33, 0x6f, 0x33, 0x6f, 0x3b, 0x8f, 0x3b, 0x0a, 0x1a, 0x06, 0x01, 0x27, 0x09, 0x47, 0x09, 0x4e, 0x3b,
        0xaf, 0x43, 0x8e, 0x43, 0xcc, 0x22, 0x6a, 0x12, 0x4a, 0x12, 0xec, 0x1a, 0x6f, 0x24, 0x2f, 0x14, 0xaf, 0x14, 0xf1, 0x15,
        0x11, 0x16, 0x11, 0x1e, 0xb2, 0x16, 0x13, 0x07, 0x13, 0x07, 0xd3, 0x26, 0x79, 0x87, 0x79, 0x7f, 0x99, 0x87, 0xf7, 0x5e,
        0x71, 0x0d, 0x51, 0x15, 0x31, 0x15, 0xee, 0x13, 0xab, 0x12, 0xcc, 0x12, 0xec, 0x12, 0x6b, 0x12, 0x6b, 0x12, 0x8c, 0x12,
        0x05, 0x09, 0x20, 0x00, 0x82, 0x08, 0xe4, 0x18, 0x6b, 0x4a, 0xac, 0x52, 0xac, 0x52, 0x15, 0xa5, 0x97, 0xb5, 0x56, 0xad,
        0x76, 0xb5, 0x97, 0xb5, 0x76, 0xb5, 0xd4, 0x9c, 0x4a, 0x4a, 0x09, 0x3a, 0x29, 0x42, 0x66, 0x29, 0x61, 0x08, 0x81, 0x08,
        0x81, 0x08, 0x81, 0x08, 0xa2, 0x08, 0xa2, 0x08, 0x41, 0x08, 0x6f, 0x74, 0x59, 0xb7, 0xd7, 0xae, 0xd7, 0xae, 0xd7, 0xae,
        0xd7, 0xae, 0xd7, 0xae, 0xd7, 0xae, 0xd7, 0xae, 0xd7, 0xae, 0xd7, 0xae, 0xd7, 0xae, 0xd7, 0xae, 0xd7, 0xae, 0xd7, 0xae,
        0xd7, 0xae, 0xd7, 0xae, 0xd7, 0xae, 0xd7, 0xae, 0xd7, 0xae, 0xd7, 0xae, 0xd7, 0xae, 0xd7, 0xae, 0xd7, 0xae, 0xd7, 0xae,
        0xd7, 0xae, 0xd7, 0xae, 0xd7, 0xae, 0xd7, 0xae, 0xd7, 0xae, 0xd7, 0xae, 0xd7, 0xae, 0xd7, 0xae, 0xd7, 0xae, 0xd7, 0xae,
        0xd7, 0xae, 0xd7, 0xae, 0xd7, 0xae, 0xd7, 0xae, 0xd7, 0xae, 0xd7, 0xae, 0xd7, 0xae, 0xd7, 0xae, 0xd7, 0xae, 0xd7, 0xae,
        0xd7, 0xae, 0xd7, 0xae, 0xd7, 0xae, 0xd7, 0xae, 0xd7, 0xae, 0xd7, 0xae, 0xf8, 0xae, 0x53, 0x9e, 0xce, 0x95, 0xce, 0x8d,
        0xae, 0x8d, 0x29, 0x85, 0x09, 0x7d, 0x09, 0x85, 0x09, 0x85, 0x29, 0x85, 0x29, 0x85, 0x09, 0x75, 0x0a, 0x75, 0x09, 0x7d,
        0xd7, 0xae, 0xd7, 0xae, 0xd7, 0xae, 0xd7, 0xae, 0x52, 0x9e, 0x31, 0x96, 0x32, 0x96, 0x32, 0x9e, 0x32, 0x9e, 0x52, 0x9e,
        0x52, 0x9e, 0x52, 0x9e, 0x52, 0x9e, 0x52, 0x9e, 0x52, 0x9e, 0xb7, 0xae, 0xd7, 0xae, 0xd7, 0xae, 0xd7, 0xae, 0xd7, 0xae,
        0xd7, 0xae, 0xd7, 0xae, 0xd7, 0xae, 0xd7, 0xae, 0xd7, 0xae, 0xd7, 0xae, 0xd7, 0xae, 0xd7, 0xae, 0xd7, 0xae, 0xd7, 0xae,
        0xd7, 0xae, 0xd7, 0xae, 0xd7, 0xae, 0xd7, 0xae, 0xd7, 0xae, 0xd7, 0xae, 0xd7, 0xae, 0xd7, 0xae, 0xd7, 0xae, 0xd7, 0xae,
        0xd7, 0xae, 0xd7, 0xae, 0xd7, 0xae, 0xd7, 0xae, 0xd7, 0xae, 0xd7, 0xae, 0xd7, 0xae, 0xd7, 0xae, 0xd7, 0xae, 0xd7, 0xae,
        0xd7, 0xae, 0xd7, 0xae, 0xd7, 0xae, 0xd7, 0xae, 0xd7, 0xae, 0xd7, 0xae, 0xd7, 0xae, 0xd7, 0xae, 0xd7, 0xae, 0xd7, 0xae,
        0xd7, 0xae, 0xd7, 0xae, 0xd7, 0xae, 0xd7, 0xae, 0xd7, 0xae, 0xd7, 0xae, 0xd7, 0xae, 0xd7, 0xae, 0xd7, 0xae, 0xd7, 0xae,
        0xd7, 0xae, 0xd7, 0xae, 0xd7, 0xae, 0xd7, 0xae, 0xd7, 0xae, 0xd7, 0xae, 0xd7, 0xae, 0xd7, 0xae, 0xd7, 0xae, 0xd7, 0xae,
        0xd7, 0xae, 0xd7, 0xae, 0xd7, 0xae, 0xd7, 0xae, 0xd7, 0xae, 0xd7, 0xae, 0xd7, 0xae, 0xd7, 0xae, 0xd7, 0xae, 0xd7, 0xae,
        0xd7, 0xae, 0xd7, 0xae, 0xd7, 0xae, 0x18, 0xb7, 0x47, 0x32, 0x00, 0x00, 0x00, 0x00, 0x00, 0x00, 0x45, 0x09, 0x0e, 0x13,
        0xcd, 0x12, 0xcc, 0x12, 0xaf, 0x0c, 0xd1, 0x05, 0x70, 0x05, 0x70, 0x0d, 0xdc, 0xaf, 0xfd, 0xbf, 0xfd, 0xb7, 0xfc, 0xa7,
        0x4f, 0x1c, 0xac, 0x1a, 0xac, 0x1a, 0xed, 0x22, 0xef, 0x43, 0x10, 0x44, 0x30, 0x4c, 0x2d, 0x33, 0x27, 0x09, 0x47, 0x09,
        0x27, 0x09, 0x09, 0x1a, 0xab, 0x22, 0x6c, 0x1b, 0x6c, 0x13, 0x4b, 0x13, 0x6a, 0x1a, 0x09, 0x1a, 0x4a, 0x1a, 0x6b, 0x1a,
        0x6b, 0x1a, 0x4a, 0x1a, 0x2d, 0x33, 0x6e, 0x43, 0x4d, 0x43, 0x4d, 0x43, 0x6e, 0x43, 0xaf, 0x43, 0xaf, 0x4b, 0xcf, 0x4b,
        0xcf, 0x4b, 0xaf, 0x4b, 0xaf, 0x4b, 0x8e, 0x4b, 0x8e, 0x43, 0x8f, 0x43, 0x8f, 0x43, 0x8e, 0x43, 0x8e, 0x43, 0x6e, 0x43,
        0x6e, 0x43, 0x6e, 0x43, 0x6e, 0x43, 0x6e, 0x43, 0x8e, 0x43, 0x8e, 0x43, 0x8e, 0x43, 0x8e, 0x43, 0x6e, 0x43, 0x6e, 0x43,
        0x6e, 0x43, 0x6e, 0x43, 0x6e, 0x43, 0x6e, 0x43, 0x6e, 0x43, 0x6e, 0x43, 0x6d, 0x43, 0x4d, 0x43, 0x4d, 0x43, 0x4d, 0x43,
        0x4d, 0x43, 0x4e, 0x43, 0x6e, 0x43, 0x4e, 0x43, 0x4e, 0x43, 0x4d, 0x3b, 0x4e, 0x3b, 0x6e, 0x43, 0xaf, 0x43, 0xec, 0x2a,
        0x6b, 0x1a, 0x8b, 0x1a, 0x6a, 0x1a, 0x2a, 0x1a, 0x09, 0x1a, 0x09, 0x1a, 0x09, 0x12, 0x09, 0x12, 0x0a, 0x12, 0x2a, 0x1a,
        0x6b, 0x1a, 0x6b, 0x1a, 0x6b, 0x1a, 0x8c, 0x22, 0xac, 0x22, 0xc9, 0x11, 0x27, 0x09, 0x47, 0x09, 0x68, 0x11, 0x6e, 0x43,
        0xcf, 0x43, 0x8f, 0x43, 0x8e, 0x23, 0xad, 0x13, 0x6c, 0x0b, 0xf0, 0x24, 0xfc, 0x8f, 0xfb, 0x87, 0xfb, 0x87, 0xdb, 0x8f,
        0xdb, 0x8f, 0xdb, 0x9f, 0x15, 0x3f, 0xd2, 0x06, 0xf2, 0x06, 0xd2, 0x0e, 0xd2, 0x06, 0xb2, 0x06, 0xb1, 0x06, 0xd0, 0x05,
        0xcc, 0x12, 0x8c, 0x1a, 0x6b, 0x12, 0x6b, 0x12, 0x6b, 0x12, 0x8b, 0x12, 0xab, 0x12, 0xc4, 0x00, 0x41, 0x00, 0x82, 0x00,
        0x20, 0x00, 0x61, 0x08, 0xb0, 0x73, 0x32, 0x7c, 0x53, 0x84, 0x53, 0x84, 0x54, 0x84, 0x77, 0xb5, 0xf8, 0xc5, 0xb7, 0xbd,
        0xb7, 0xbd, 0x97, 0xb5, 0x97, 0xb5, 0xb7, 0xbd, 0xc3, 0x18, 0x00, 0x00, 0x00, 0x00, 0xc2, 0x10, 0xd4, 0x95, 0x15, 0x96,
        0x15, 0x9e, 0x35, 0x9e, 0x35, 0x9e, 0x55, 0x9e, 0x14, 0x9e, 0x96, 0xa6, 0xf8, 0xae, 0xd7, 0xae, 0xd7, 0xae, 0xd7, 0xae,
        0xd7, 0xae, 0xd7, 0xae, 0xd7, 0xae, 0xd7, 0xae, 0xd7, 0xae, 0xd7, 0xae, 0xd7, 0xae, 0xd7, 0xae, 0xd7, 0xae, 0xd7, 0xae,
        0xd7, 0xae, 0xd7, 0xae, 0xd7, 0xae, 0xd7, 0xae, 0xd7, 0xae, 0xd7, 0xae, 0xd7, 0xae, 0xd7, 0xae, 0xd7, 0xae, 0xd7, 0xae,
        0xd7, 0xae, 0xd7, 0xae, 0xd7, 0xae, 0xd7, 0xae, 0xd7, 0xae, 0xd7, 0xae, 0xd7, 0xae, 0xd7, 0xae, 0xd7, 0xae, 0xd7, 0xae,
        0xd7, 0xae, 0xd7, 0xae, 0xd7, 0xae, 0xd7, 0xae, 0xd7, 0xae, 0xd7, 0xae, 0xd7, 0xae, 0xd7, 0xae, 0xd7, 0xae, 0xd7, 0xae,
        0xd7, 0xae, 0xd7, 0xae, 0xd7, 0xae, 0xd7, 0xae, 0xd7, 0xae, 0xd7, 0xae, 0xf8, 0xae, 0x10, 0x96, 0x28, 0x7d, 0x48, 0x85,
        0x29, 0x85, 0x29, 0x85, 0x29, 0x85, 0x29, 0x85, 0x09, 0x85, 0x29, 0x85, 0x29, 0x85, 0xea, 0x74, 0xea, 0x6c, 0x0a, 0x6d,
        0xd7, 0xae, 0xd7, 0xae, 0xd7, 0xae, 0xd7, 0xae, 0x8b, 0x85, 0x08, 0x7d, 0x29, 0x7d, 0x29, 0x85, 0x49, 0x85, 0x49, 0x85,
        0x49, 0x85, 0x49, 0x85, 0x49, 0x85, 0x29, 0x7d, 0x29, 0x85, 0x95, 0xa6, 0xd7, 0xae, 0xd7, 0xae, 0xd7, 0xae, 0xd7, 0xae,
        0xd7, 0xae, 0xd7, 0xae, 0xd7, 0xae, 0xd7, 0xae, 0xd7, 0xae, 0xd7, 0xae, 0xd7, 0xae, 0xd7, 0xae, 0xd7, 0xae, 0xd7, 0xae,
        0xd7, 0xae, 0xd7, 0xae, 0xd7, 0xae, 0xd7, 0xae, 0xd7, 0xae, 0xd7, 0xae, 0xd7, 0xae, 0xd7, 0xae, 0xd7, 0xae, 0xd7, 0xae,
        0xd7, 0xae, 0xd7, 0xae, 0xd7, 0xae, 0xd7, 0xae, 0xd7, 0xae, 0xd7, 0xae, 0xd7, 0xae, 0xd7, 0xae, 0xd7, 0xae, 0xd7, 0xae,
        0xd7, 0xae, 0xd7, 0xae, 0xd7, 0xae, 0xd7, 0xae, 0xd7, 0xae, 0xd7, 0xae, 0xd7, 0xae, 0xd7, 0xae, 0xd7, 0xae, 0xd7, 0xae,
        0xd7, 0xae, 0xd7, 0xae, 0xd7, 0xae, 0xd7, 0xae, 0xd7, 0xae, 0xd7, 0xae, 0xd7, 0xae, 0xd7, 0xae, 0xd7, 0xae, 0xd7, 0xae,
        0xd7, 0xae, 0xd7, 0xae, 0xd7, 0xae, 0xd7, 0xae, 0xd7, 0xae, 0xd7, 0xae, 0xd7, 0xae, 0xd7, 0xae, 0xd7, 0xae, 0xd7, 0xae,
        0xd7, 0xae, 0xd7, 0xae, 0xd7, 0xae, 0xd7, 0xae, 0xd7, 0xae, 0xd7, 0xae, 0xd7, 0xae, 0xd7, 0xae, 0xd7, 0xae, 0xd7, 0xae,
        0xd7, 0xae, 0xd7, 0xae, 0xd7, 0xae, 0x18, 0xaf, 0x27, 0x32, 0x00, 0x00, 0x00, 0x00, 0x00, 0x00, 0x45, 0x09, 0xee, 0x1a,
        0xcd, 0x12, 0xcd, 0x12, 0xb0, 0x14, 0xb1, 0x0d, 0x50, 0x05, 0x71, 0x15, 0xdd, 0xb7, 0xfd, 0xc7, 0xfd, 0xc7, 0xfc, 0xaf,
        0x4f, 0x24, 0xac, 0x1a, 0xcd, 0x1a, 0x0d, 0x23, 0x10, 0x44, 0x10, 0x44, 0x50, 0x4c, 0x2d, 0x33, 0x27, 0x09, 0x47, 0x09,
        0x27, 0x09, 0x09, 0x12, 0x8a, 0x1a, 0x54, 0x0e, 0x76, 0x07, 0x76, 0x07, 0xed, 0x13, 0xc9, 0x19, 0x4a, 0x1a, 0x6b, 0x1a,
        0x6b, 0x1a, 0x4a, 0x1a, 0x2d, 0x3b, 0x8e, 0x43, 0x6e, 0x43, 0x6e, 0x3b, 0x8e, 0x43, 0xaf, 0x43, 0xcf, 0x43, 0xd0, 0x43,
        0xd0, 0x43, 0xaf, 0x43, 0xaf, 0x43, 0x8f, 0x43, 0x8e, 0x43, 0x8e, 0x43, 0x8f, 0x43, 0x8f, 0x43, 0x8f, 0x43, 0x8e, 0x43,
        0x6e, 0x43, 0x6e, 0x43, 0x8e, 0x43, 0x8f, 0x43, 0x8f, 0x43, 0xaf, 0x43, 0xaf, 0x43, 0xaf, 0x43, 0x8e, 0x3b, 0x6e, 0x3b,
        0x6e, 0x3b, 0x6e, 0x3b, 0x8e, 0x43, 0x8f, 0x43, 0x8f, 0x43, 0x8f, 0x43, 0x6e, 0x43, 0x6e, 0x43, 0x4e, 0x43, 0x4e, 0x43,
        0x4d, 0x43, 0x4e, 0x3b, 0x4e, 0x3b, 0x4e, 0x3b, 0x4e, 0x3b, 0x4d, 0x3b, 0x4e, 0x3b, 0x6e, 0x3b, 0x8e, 0x43, 0xcc, 0x2a,
        0x6b, 0x1a, 0x6b, 0x1a, 0x6a, 0x1a, 0x4a, 0x1a, 0x09, 0x1a, 0xf1, 0x1c, 0x54, 0x0e, 0x53, 0x0e, 0x54, 0x0e, 0x94, 0x0e,
        0x94, 0x0e, 0xb4, 0x0e, 0x11, 0x15, 0x4b, 0x22, 0x8b, 0x22, 0xa8, 0x11, 0x26, 0x09, 0x47, 0x09, 0x88, 0x09, 0x8f, 0x43,
        0xd0, 0x4b, 0x8f, 0x43, 0xce, 0x1b, 0xcd, 0x13, 0xac, 0x0b, 0xf0, 0x24, 0xfb, 0x97, 0xfb, 0x9f, 0xfb, 0x97, 0xfc, 0x9f,
        0xfc, 0xa7, 0xfc, 0xb7, 0x16, 0x3f, 0xd2, 0x06, 0xd2, 0x06, 0xd3, 0x0e, 0xf3, 0x0e, 0xd2, 0x06, 0xb2, 0x06, 0xd1, 0x0d,
        0xcc, 0x12, 0x8b, 0x1a, 0x8b, 0x12, 0x6b, 0x12, 0x6b, 0x12, 0x6b, 0x12, 0x6b, 0x12, 0x82, 0x00, 0x00, 0x00, 0x00, 0x00,
        0x00, 0x00, 0x82, 0x10, 0x52, 0x84, 0x73, 0x8c, 0x32, 0x84, 0x33, 0x84, 0x32, 0x7c, 0x76, 0xad, 0xd7, 0xbd, 0xb7, 0xbd,
        0xb7, 0xbd, 0x97, 0xbd, 0xb7, 0xbd, 0xd7, 0xbd, 0x04, 0x21, 0x00, 0x00, 0x00, 0x00, 0x24, 0x19, 0xd8, 0xb6, 0x19, 0xb7,
        0x19, 0xbf, 0x19, 0xb7, 0x18, 0xb7, 0x18, 0xb7, 0x18, 0xaf, 0xf7, 0xae, 0xd7, 0xa6, 0xd7, 0xa6, 0xd7, 0xae, 0xd7, 0xae,
        0xd7, 0xae, 0xd7, 0xae, 0xd7, 0xae, 0xd7, 0xae, 0xd7, 0xae, 0xd7, 0xae, 0xd7, 0xae, 0xd7, 0xae, 0xd7, 0xae, 0xd7, 0xae,
        0xd7, 0xae, 0xd7, 0xae, 0xd7, 0xae, 0xd7, 0xae, 0xd7, 0xae, 0xd7, 0xae, 0xd7, 0xae, 0xd7, 0xae, 0xd7, 0xae, 0xd7, 0xae,
        0xd7, 0xae, 0xd7, 0xae, 0xd7, 0xae, 0xd7, 0xae, 0xd7, 0xae, 0xd7, 0xae, 0xd7, 0xae, 0xd7, 0xae, 0xd7, 0xae, 0xd7, 0xae,
        0xd7, 0xae, 0xd7, 0xae, 0xd7, 0xae, 0xd7, 0xae, 0xd7, 0xae, 0xd7, 0xae, 0xd7, 0xae, 0xd7, 0xae, 0xd7, 0xae, 0xd7, 0xae,
        0xd7, 0xae, 0xd7, 0xae, 0xd7, 0xae, 0xd7, 0xae, 0xd7, 0xae, 0xd7, 0xae, 0x18, 0xaf, 0x11, 0x96, 0x48, 0x85, 0x69, 0x85,
        0x49, 0x85, 0x49, 0x85, 0x29, 0x85, 0x29, 0x85, 0x09, 0x7d, 0x09, 0x7d, 0x09, 0x7d, 0xea, 0x74, 0xeb, 0x6c, 0x0a, 0x6d,
        0xd7, 0xae, 0xd8, 0xae, 0xf7, 0xae, 0xf7, 0xae, 0x8c, 0x8d, 0x29, 0x85, 0x49, 0x85, 0x49, 0x85, 0x49, 0x85, 0x49, 0x85,
        0x4a, 0x85, 0x4a, 0x85, 0x29, 0x85, 0x09, 0x7d, 0x49, 0x85, 0xb6, 0xa6, 0xf8, 0xae, 0xf8, 0xae, 0xd7, 0xae, 0xd7, 0xae,
        0xd7, 0xae, 0xd7, 0xae, 0xd7, 0xae, 0xd7, 0xae, 0xd7, 0xae, 0xd7, 0xae, 0xd7, 0xae, 0xd7, 0xae, 0xd7, 0xae, 0xd7, 0xae,
        0xd7, 0xae, 0xd7, 0xae, 0xd7, 0xae, 0xd7, 0xae, 0xd7, 0xae, 0xd7, 0xae, 0xd7, 0xae, 0xd7, 0xae, 0xd7, 0xae, 0xd7, 0xae,
        0xd7, 0xae, 0xd7, 0xae, 0xd7, 0xae, 0xd7, 0xae, 0xd7, 0xae, 0xd7, 0xae, 0xd7, 0xae, 0xd7, 0xae, 0xd7, 0xae, 0xd7, 0xae,
        0xd7, 0xae, 0xd7, 0xae, 0xd7, 0xae, 0xd7, 0xae, 0xd7, 0xae, 0xd7, 0xae, 0xd7, 0xae, 0xd7, 0xae, 0xd7, 0xae, 0xd7, 0xae,
        0xd7, 0xae, 0xd7, 0xae, 0xd7, 0xae, 0xd7, 0xae, 0xd7, 0xae, 0xd7, 0xae, 0xd7, 0xae, 0xd7, 0xae, 0xd7, 0xae, 0xd7, 0xae,
        0xd7, 0xae, 0xd7, 0xae, 0xd7, 0xae, 0xd7, 0xae, 0xd7, 0xae, 0xd7, 0xae, 0xd7, 0xae, 0xd7, 0xae, 0xd7, 0xae, 0xd7, 0xae,
        0xd7, 0xae, 0xd7, 0xae, 0xd7, 0xae, 0xd7, 0xae, 0xd7, 0xae, 0xd7, 0xae, 0xd7, 0xae, 0xd7, 0xae, 0xd7, 0xae, 0xd7, 0xae,
        0xd7, 0xae, 0xd7, 0xae, 0xd7, 0xa6, 0x18, 0xb7, 0x0a, 0x4b, 0x00, 0x00, 0x00, 0x00, 0x00, 0x00, 0x25, 0x09, 0xad, 0x1a,
        0x8c, 0x1a, 0x8b, 0x1a, 0x4f, 0x14, 0x11, 0x0d, 0xcf, 0x04, 0x10, 0x15, 0x7b, 0x8f, 0xdb, 0x9f, 0xbb, 0x9f, 0xdb, 0x97,
        0x2f, 0x24, 0xac, 0x12, 0xcc, 0x1a, 0x0d, 0x23, 0x10, 0x44, 0x30, 0x44, 0x50, 0x4c, 0x2d, 0x33, 0x26, 0x09, 0x27, 0x09,
        0x26, 0x09, 0xe9, 0x11, 0x8a, 0x1a, 0x93, 0x0e, 0xd6, 0x07, 0xd6, 0x07, 0xed, 0x13, 0xc9, 0x19, 0x4a, 0x1a, 0x4a, 0x1a,
        0x6b, 0x1a, 0x4b, 0x1a, 0xcb, 0x2a, 0xec, 0x32, 0xeb, 0x32, 0xec, 0x32, 0xec, 0x3a, 0x2d, 0x3b, 0x2e, 0x3b, 0x4e, 0x3b,
        0x2e, 0x43, 0x0e, 0x3b, 0xed, 0x3a, 0x2d, 0x3b, 0x4e, 0x3b, 0x6e, 0x43, 0x6e, 0x43, 0x8e, 0x43, 0x8e, 0x43, 0x6e, 0x43,
        0x6e, 0x43, 0x6e, 0x43, 0x6e, 0x43, 0x8e, 0x43, 0x6e, 0x43, 0x4e, 0x43, 0x4e, 0x43, 0x2d, 0x43, 0x0d, 0x3b, 0xed, 0x3a,
        0xcc, 0x3a, 0xec, 0x3a, 0x0d, 0x3b, 0x6e, 0x3b, 0x6e, 0x3b, 0x6e, 0x3b, 0x6e, 0x3b, 0x6e, 0x3b, 0x4d, 0x3b, 0x0d, 0x3b,
        0x0c, 0x3b, 0xac, 0x3a, 0x6b, 0x32, 0x6b, 0x32, 0x4a, 0x2a, 0x2a, 0x2a, 0x2a, 0x22, 0x8b, 0x22, 0xab, 0x2a, 0x8b, 0x22,
        0x6b, 0x1a, 0x6b, 0x22, 0x4a, 0x1a, 0x2a, 0x1a, 0xc9, 0x21, 0x13, 0x16, 0xf7, 0x07, 0xf6, 0x07, 0xf6, 0x07, 0xf6, 0x07,
        0xf6, 0x07, 0xf7, 0x07, 0xf2, 0x0d, 0x0a, 0x1a, 0x4b, 0x22, 0x88, 0x11, 0x06, 0x09, 0x26, 0x09, 0x67, 0x09, 0x8f, 0x43,
        0xf0, 0x4b, 0xaf, 0x43, 0xce, 0x23, 0xed, 0x0b, 0xad, 0x0b, 0xd0, 0x24, 0xfb, 0x8f, 0xfb, 0x97, 0xfb, 0x97, 0xfb, 0x97,
        0xfb, 0x9f, 0xfc, 0xaf, 0x16, 0x3f, 0xb2, 0x06, 0xb3, 0x06, 0xb3, 0x06, 0xf3, 0x0e, 0xd4, 0x0e, 0xb3, 0x0e, 0xb1, 0x15,
        0xac, 0x12, 0x8b, 0x1a, 0x8b, 0x1a, 0x6b, 0x12, 0x6a, 0x12, 0x6b, 0x1a, 0x4b, 0x1a, 0x82, 0x00, 0x00, 0x00, 0x00, 0x00,
        0x00, 0x00, 0x62, 0x08, 0x11, 0x7c, 0x53, 0x84, 0x12, 0x7c, 0x12, 0x84, 0x12, 0x7c, 0x56, 0xad, 0xf8, 0xc5, 0xd7, 0xbd,
        0xd7, 0xbd, 0xb7, 0xbd, 0xd8, 0xbd, 0xd8, 0xbd, 0x04, 0x21, 0x00, 0x00, 0x00, 0x00, 0x44, 0x21, 0xf5, 0x9d, 0x15, 0x9e,
        0x15, 0x9e, 0x97, 0xae, 0xf8, 0xae, 0xd7, 0xae, 0xd7, 0xae, 0xd7, 0xa6, 0xd7, 0xa6, 0xd7, 0xa6, 0xd7, 0xae, 0xd7, 0xae,
        0xd7, 0xae, 0xd7, 0xae, 0xd7, 0xae, 0xd7, 0xae, 0xd7, 0xae, 0xd7, 0xae, 0xd7, 0xae, 0xd7, 0xae, 0xd7, 0xae, 0xd7, 0xae,
        0xd7, 0xae, 0xd7, 0xae, 0xd7, 0xae, 0xd7, 0xae, 0xd7, 0xae, 0xd7, 0xae, 0xd7, 0xae, 0xd7, 0xae, 0xd7, 0xae, 0xd7, 0xae,
        0xd7, 0xae, 0xd7, 0xae, 0xd7, 0xae, 0xd7, 0xae, 0xd7, 0xae, 0xd7, 0xae, 0xd7, 0xae, 0xd7, 0xae, 0xd7, 0xae, 0xd7, 0xae,
        0xd7, 0xae, 0xd7, 0xae, 0xd7, 0xae, 0xd7, 0xae, 0xd7, 0xae, 0xd7, 0xae, 0xd7, 0xae, 0xd7, 0xae, 0xd7, 0xae, 0xd7, 0xae,
        0xd7, 0xae, 0xd7, 0xae, 0xf7, 0xae, 0xd7, 0xae, 0xd7, 0xae, 0xd7, 0xae, 0xf8, 0xb6, 0x11, 0x96, 0x28, 0x85, 0x49, 0x85,
        0x49, 0x85, 0x49, 0x85, 0x29, 0x85, 0x29, 0x85, 0x0a, 0x75, 0xea, 0x74, 0xea, 0x74, 0xcb, 0x6c, 0xcb, 0x6c, 0xea, 0x6c,
        0xd7, 0xae, 0xd7, 0xae, 0xb6, 0xa6, 0xd7, 0xa6, 0xac, 0x8d, 0x29, 0x85, 0x49, 0x85, 0x49, 0x85, 0x49, 0x85, 0x49, 0x85,
        0x4a, 0x85, 0x2a, 0x85, 0x29, 0x85, 0x29, 0x7d, 0x4a, 0x85, 0x75, 0xa6, 0xb7, 0xae, 0xb6, 0xae, 0xd7, 0xae, 0xd7, 0xae,
        0xd7, 0xae, 0xd7, 0xae, 0xd7, 0xae, 0xd7, 0xae, 0xd7, 0xae, 0xd7, 0xae, 0xd7, 0xae, 0xd7, 0xae, 0xd7, 0xae, 0xd7, 0xae,
        0xd7, 0xae, 0xd7, 0xae, 0xd7, 0xae, 0xd7, 0xae, 0xd7, 0xae, 0xd7, 0xae, 0xd7, 0xae, 0xd7, 0xae, 0xd7, 0xae, 0xd7, 0xae,
        0xd7, 0xae, 0xd7, 0xae, 0xd7, 0xae, 0xd7, 0xae, 0xd7, 0xae, 0xd7, 0xae, 0xd7, 0xae, 0xd7, 0xae, 0xd7, 0xae, 0xd7, 0xae,
        0xd7, 0xae, 0xd7, 0xae, 0xd7, 0xae, 0xd7, 0xae, 0xd7, 0xae, 0xd7, 0xae, 0xd7, 0xae, 0xd7, 0xae, 0xd7, 0xae, 0xd7, 0xae,
        0xd7, 0xae, 0xd7, 0xae, 0xd7, 0xae, 0xd7, 0xae, 0xd7, 0xae, 0xd7, 0xae, 0xd7, 0xae, 0xd7, 0xae, 0xd7, 0xae, 0xd7, 0xae,
        0xd7, 0xae, 0xd7, 0xae, 0xd7, 0xae, 0xd7, 0xae, 0xd7, 0xae, 0xd7, 0xae, 0xd7, 0xae, 0xd7, 0xae, 0xd7, 0xae, 0xd7, 0xae,
        0xd7, 0xae, 0xd7, 0xae, 0xd7, 0xae, 0xd7, 0xae, 0xd7, 0xae, 0xd7, 0xae, 0xd7, 0xae, 0xd7, 0xae, 0xd7, 0xae, 0xd7, 0xae,
        0xd7, 0xa6, 0xd6, 0xa6, 0xd6, 0xa6, 0x18, 0xaf, 0xf0, 0x7c, 0x00, 0x00, 0x20, 0x00, 0x40, 0x00, 0x62, 0x00, 0x82, 0x00,
        0x62, 0x00, 0x62, 0x00, 0xaa, 0x0a, 0x0c, 0x0b, 0xeb, 0x0a, 0x0b, 0x0b, 0x30, 0x15, 0x91, 0x15, 0x92, 0x15, 0x71, 0x15,
        0xeb, 0x12, 0x2a, 0x1a, 0x4b, 0x1a, 0xac, 0x22, 0x30, 0x44, 0x30, 0x44, 0x50, 0x4c, 0x2d, 0x33, 0x06, 0x09, 0x26, 0x09,
        0x06, 0x09, 0xe9, 0x11, 0x6a, 0x1a, 0x73, 0x0e, 0xb6, 0x07, 0xb6, 0x07, 0xed, 0x13, 0xe9, 0x19, 0x4a, 0x1a, 0x4a, 0x1a,
        0x6b, 0x1a, 0x6b, 0x1a, 0x4a, 0x1a, 0x4a, 0x1a, 0x09, 0x1a, 0xe8, 0x19, 0x6f, 0x1c, 0xb2, 0x15, 0xd2, 0x15, 0xd2, 0x15,
        0xb1, 0x0d, 0x71, 0x0d, 0x70, 0x0d, 0x8d, 0x13, 0x6b, 0x22, 0xab, 0x22, 0xac, 0x22, 0xac, 0x22, 0xab, 0x22, 0x8b, 0x22,
        0x8b, 0x22, 0x8b, 0x22, 0xac, 0x22, 0x8b, 0x22, 0x6d, 0x23, 0x92, 0x15, 0x71, 0x15, 0x71, 0x15, 0x71, 0x15, 0x30, 0x15,
        0xf0, 0x14, 0x10, 0x15, 0x0e, 0x14, 0x4b, 0x1a, 0x8b, 0x1a, 0x8b, 0x22, 0x8c, 0x22, 0x8b, 0x22, 0x6b, 0x22, 0x4a, 0x1a,
        0x29, 0x1a, 0xcd, 0x1b, 0xaf, 0x0c, 0x6e, 0x0c, 0x6e, 0x0c, 0x6e, 0x0c, 0x2e, 0x0c, 0x4a, 0x12, 0x4a, 0x12, 0x6b, 0x1a,
        0x6b, 0x1a, 0x2a, 0x1a, 0x8d, 0x1b, 0xf3, 0x0d, 0xb1, 0x0d, 0x55, 0x0f, 0xf7, 0x0f, 0xf7, 0x0f, 0xf7, 0x0f, 0xf6, 0x0f,
        0xd6, 0x07, 0xd7, 0x0f, 0xb2, 0x15, 0x09, 0x1a, 0x2a, 0x1a, 0x67, 0x09, 0xe5, 0x00, 0x05, 0x09, 0x67, 0x09, 0x8f, 0x43,
        0x10, 0x4c, 0xf0, 0x4b, 0x0f, 0x24, 0x2e, 0x0c, 0xed, 0x0b, 0xf1, 0x24, 0xda, 0x87, 0xda, 0x87, 0xda, 0x87, 0xda, 0x87,
        0xda, 0x87, 0xfb, 0x8f, 0x92, 0x2d, 0xcd, 0x0b, 0xee, 0x13, 0x0f, 0x14, 0xee, 0x13, 0x0f, 0x14, 0x0e, 0x14, 0x8d, 0x13,
        0x6b, 0x12, 0x4b, 0x12, 0x6b, 0x1a, 0x25, 0x09, 0x82, 0x00, 0xa2, 0x00, 0x82, 0x00, 0x87, 0x29, 0xcc, 0x52, 0xac, 0x52,
        0xed, 0x5a, 0x4e, 0x6b, 0xf4, 0x9c, 0x36, 0xa5, 0x35, 0xa5, 0x36, 0xad, 0x56, 0xad, 0x56, 0xad, 0x93, 0x94, 0x93, 0x8c,
        0xf5, 0x9c, 0xf8, 0xbd, 0xf8, 0xc5, 0xd7, 0xbd, 0xa7, 0x31, 0xc4, 0x08, 0xc4, 0x10, 0xa3, 0x10, 0xc2, 0x10, 0xc2, 0x10,
        0x61, 0x08, 0x4e, 0x6c, 0x39, 0xb7, 0xd7, 0xae, 0xd7, 0xa6, 0xd7, 0xa6, 0xd7, 0xa6, 0xd7, 0xae, 0xd7, 0xae, 0xd7, 0xae,
        0xd7, 0xae, 0xd7, 0xae, 0xd7, 0xae, 0xd7, 0xae, 0xd7, 0xae, 0xd7, 0xae, 0xd7, 0xae, 0xd7, 0xae, 0xd7, 0xae, 0xd7, 0xae,
        0xd7, 0xae, 0xd7, 0xae, 0xd7, 0xae, 0xd7, 0xae, 0xd7, 0xae, 0xd7, 0xae, 0xd7, 0xae, 0xd7, 0xae, 0xd7, 0xae, 0xd7, 0xae,
        0xd7, 0xae, 0xd7, 0xae, 0xd7, 0xae, 0xd7, 0xae, 0xd7, 0xae, 0xd7, 0xae, 0xd7, 0xae, 0xd7, 0xae, 0xd7, 0xae, 0xd7, 0xae,
        0xd7, 0xae, 0xd7, 0xae, 0xd7, 0xae, 0xd7, 0xae, 0xd7, 0xae, 0xd7, 0xae, 0xd7, 0xae, 0xd7, 0xae, 0xd7, 0xae, 0xd7, 0xae,
        0xf7, 0xae, 0xf7, 0xae, 0xd7, 0xae, 0xd7, 0xae, 0xd7, 0xae, 0xd7, 0xae, 0xf8, 0xb6, 0x10, 0x96, 0x08, 0x7d, 0x29, 0x85,
        0x29, 0x85, 0x29, 0x85, 0x29, 0x85, 0x29, 0x85, 0xea, 0x6c, 0xab, 0x5c, 0xab, 0x5c, 0xab, 0x5c, 0x8b, 0x5c, 0xab, 0x5c,
        0xd7, 0xae, 0xce, 0x8d, 0x6a, 0x85, 0x8b, 0x85, 0x6a, 0x85, 0x49, 0x85, 0x49, 0x85, 0x49, 0x85, 0x49, 0x85, 0x49, 0x85,
        0x29, 0x85, 0x29, 0x85, 0x29, 0x85, 0x29, 0x85, 0x49, 0x85, 0x6a, 0x85, 0x8b, 0x8d, 0x6a, 0x8d, 0x52, 0x9e, 0xf8, 0xae,
        0xd7, 0xae, 0xd7, 0xae, 0xd7, 0xae, 0xd7, 0xae, 0xd7, 0xae, 0xd7, 0xae, 0xd7, 0xae, 0xd7, 0xae, 0xd7, 0xae, 0xd7, 0xae,
        0xd7, 0xae, 0xd7, 0xae, 0xd7, 0xae, 0xd7, 0xae, 0xd7, 0xae, 0xd7, 0xae, 0xd7, 0xae, 0xd7, 0xae, 0xd7, 0xae, 0xd7, 0xae,
        0xd7, 0xae, 0xd7, 0xae, 0xd7, 0xae, 0xd7, 0xae, 0xd7, 0xae, 0xd7, 0xae, 0xd7, 0xae, 0xd7, 0xae, 0xd7, 0xae, 0xd7, 0xae,
        0xd7, 0xae, 0xd7, 0xae, 0xd7, 0xae, 0xd7, 0xae, 0xd7, 0xae, 0xd7, 0xae, 0xd7, 0xae, 0xd7, 0xae, 0xd7, 0xae, 0xd7, 0xae,
        0xd7, 0xae, 0xd7, 0xae, 0xd7, 0xae, 0xd7, 0xae, 0xd7, 0xae, 0xd7, 0xae, 0xd7, 0xae, 0xd7, 0xae, 0xd7, 0xae, 0xd7, 0xae,
        0xd7, 0xae, 0xd7, 0xae, 0xd7, 0xae, 0xd7, 0xae, 0xd7, 0xae, 0xd7, 0xae, 0xd7, 0xae, 0xd7, 0xae, 0xd7, 0xae, 0xd7, 0xae,
        0xd7, 0xae, 0xd7, 0xae, 0xd7, 0xae, 0xd7, 0xae, 0xd7, 0xae, 0xd7, 0xae, 0xd7, 0xae, 0xd7, 0xae, 0xd7, 0xae, 0xd7, 0xa6,
        0xd7, 0xa6, 0xf7, 0xae, 0xf7, 0xae, 0x58, 0xb7, 0x31, 0x85, 0x00, 0x00, 0x00, 0x00, 0x20, 0x00, 0x20, 0x00, 0x00, 0x00,
        0x00, 0x00, 0x00, 0x00, 0x49, 0x12, 0x8b, 0x12, 0x8b, 0x12, 0xab, 0x12, 0xb0, 0x1c, 0x10, 0x15, 0xf0, 0x14, 0xf0, 0x14,
        0x8b, 0x12, 0xea, 0x19, 0x0a, 0x12, 0x6b, 0x1a, 0x30, 0x44, 0x30, 0x44, 0x30, 0x4c, 0x0c, 0x33, 0x06, 0x09, 0x06, 0x09,
        0x06, 0x09, 0xc8, 0x11, 0x6a, 0x1a, 0x73, 0x0e, 0xd6, 0x07, 0xf7, 0x07, 0x0e, 0x14, 0x0a, 0x1a, 0x4a, 0x1a, 0x4b, 0x1a,
        0x6b, 0x1a, 0x6b, 0x1a, 0x6b, 0x22, 0x8b, 0x22, 0xd0, 0x14, 0x91, 0x15, 0x76, 0x0f, 0xf8, 0x07, 0xf7, 0x07, 0xf7, 0x07,
        0xd6, 0x07, 0xb6, 0x07, 0xd6, 0x07, 0x6e, 0x14, 0x2a, 0x1a, 0x8b, 0x1a, 0x8b, 0x1a, 0x8b, 0x1a, 0x6b, 0x1a, 0x6b, 0x1a,
        0x6a, 0x1a, 0x6b, 0x1a, 0x8b, 0x1a, 0x4b, 0x1a, 0x0f, 0x14, 0xf9, 0x0f, 0xf8, 0x07, 0xf8, 0x07, 0xf8, 0x07, 0xf7, 0x07,
        0xb7, 0x07, 0xf7, 0x07, 0xf2, 0x0d, 0x29, 0x1a, 0x4b, 0x1a, 0x6b, 0x1a, 0x6b, 0x1a, 0x4b, 0x1a, 0x4a, 0x1a, 0x2a, 0x1a,
        0xe9, 0x19, 0xb2, 0x0d, 0xd7, 0x07, 0x96, 0x07, 0x96, 0x07, 0xb7, 0x07, 0x36, 0x07, 0xca, 0x12, 0x2a, 0x1a, 0x6b, 0x1a,
        0x8b, 0x1a, 0x2a, 0x22, 0x4f, 0x14, 0xf8, 0x0f, 0xf8, 0x07, 0x15, 0x0f, 0x6f, 0x24, 0x6f, 0x1c, 0x4e, 0x1c, 0x0e, 0x1c,
        0xce, 0x13, 0xcd, 0x13, 0x2c, 0x13, 0x2a, 0x1a, 0x4a, 0x1a, 0x67, 0x09, 0xe5, 0x08, 0x06, 0x09, 0x67, 0x09, 0x6e, 0x43,
        0xd0, 0x43, 0xd0, 0x43, 0x0f, 0x24, 0x4f, 0x0c, 0x2e, 0x04, 0x11, 0x2d, 0xfa, 0x87, 0xda, 0x87, 0xda, 0x7f, 0xda, 0x7f,
        0xda, 0x7f, 0xfa, 0x7f, 0xb0, 0x2c, 0x2b, 0x12, 0x8c, 0x1a, 0x8c, 0x1a, 0x8c, 0x1a, 0x8c, 0x1a, 0xad, 0x1a, 0x8c, 0x1a,
        0x6b, 0x12, 0x4b, 0x12, 0x4b, 0x1a, 0xc3, 0x08, 0x00, 0x00, 0x00, 0x00, 0x00, 0x00, 0x4a, 0x4a, 0x53, 0x84, 0x12, 0x7c,
        0x12, 0x84, 0x33, 0x8c, 0x56, 0xad, 0xd8, 0xbd, 0xd8, 0xbd, 0xf8, 0xc5, 0x18, 0xc6, 0x36, 0xa5, 0xd1, 0x73, 0xd1, 0x73,
        0x93, 0x8c, 0xf8, 0xc5, 0xf8, 0xbd, 0xd7, 0xbd, 0x2a, 0x3a, 0x26, 0x19, 0x47, 0x19, 0xc3, 0x10, 0x00, 0x00, 0x00, 0x00,
        0x00, 0x00, 0xed, 0x5b, 0x38, 0xaf, 0xb7, 0xa6, 0xd7, 0xa6, 0xd7, 0xa6, 0xd7, 0xa6, 0xd7, 0xae, 0xd7, 0xae, 0xd7, 0xae,
        0xd7, 0xae, 0xd7, 0xae, 0xd7, 0xae, 0xd7, 0xae, 0xd7, 0xae, 0xd7, 0xae, 0xd7, 0xae, 0xd7, 0xae, 0xd7, 0xae, 0xd7, 0xae,
        0xd7, 0xae, 0xd7, 0xae, 0xd7, 0xae, 0xd7, 0xae, 0xd7, 0xae, 0xd7, 0xae, 0xd7, 0xae, 0xd7, 0xae, 0xd7, 0xae, 0xd7, 0xae,
        0xd7, 0xae, 0xd7, 0xae, 0xd7, 0xae, 0xd7, 0xae, 0xd7, 0xae, 0xd7, 0xae, 0xd7, 0xae, 0xd7, 0xae, 0xd7, 0xae, 0xd7, 0xae,
        0xd7, 0xae, 0xd7, 0xae, 0xd7, 0xae, 0xd7, 0xae, 0xd7, 0xae, 0xf7, 0xae, 0xf8, 0xae, 0xf8, 0xae, 0xf8, 0xae, 0xf8, 0xae,
        0xf7, 0xae, 0xf8, 0xae, 0xf8, 0xae, 0xf8, 0xae, 0xd8, 0xae, 0xd7, 0xae, 0xf8, 0xae, 0x10, 0x96, 0x08, 0x7d, 0x09, 0x7d,
        0x29, 0x7d, 0x0a, 0x75, 0x0a, 0x75, 0x0a, 0x75, 0xcb, 0x64, 0xab, 0x5c, 0xab, 0x5c, 0x8b, 0x5c, 0x8b, 0x5c, 0xab, 0x5c,
        0xd7, 0xae, 0xac, 0x8d, 0x29, 0x85, 0x49, 0x85, 0x6a, 0x85, 0x6a, 0x85, 0x69, 0x85, 0x49, 0x85, 0x49, 0x85, 0x49, 0x85,
        0x29, 0x85, 0x29, 0x85, 0x29, 0x85, 0x49, 0x85, 0x4a, 0x85, 0x69, 0x85, 0x69, 0x85, 0x48, 0x85, 0x32, 0x9e, 0xf8, 0xae,
        0xd7, 0xae, 0xd7, 0xae, 0xd7, 0xae, 0xd7, 0xae, 0xd7, 0xae, 0xd7, 0xae, 0xd7, 0xae, 0xd7, 0xae, 0xd7, 0xae, 0xd7, 0xae,
        0xd7, 0xae, 0xd7, 0xae, 0xd7, 0xae, 0xd7, 0xae, 0xd7, 0xae, 0xd7, 0xae, 0xd7, 0xae, 0xd7, 0xae, 0xd7, 0xae, 0xd7, 0xae,
        0xd7, 0xae, 0xd7, 0xae, 0xd7, 0xae, 0xd7, 0xae, 0xd7, 0xae, 0xd7, 0xae, 0xd7, 0xae, 0xd7, 0xae, 0xd7, 0xae, 0xd7, 0xae,
        0xd7, 0xae, 0xd7, 0xae, 0xd7, 0xae, 0xd7, 0xae, 0xd7, 0xae, 0xd7, 0xae, 0xd7, 0xae, 0xd7, 0xae, 0xd7, 0xae, 0xd7, 0xae,
        0xd7, 0xae, 0xd7, 0xae, 0xd7, 0xae, 0xd7, 0xae, 0xd7, 0xae, 0xd7, 0xae, 0xd7, 0xae, 0xd7, 0xae, 0xd7, 0xae, 0xd7, 0xae,
        0xd7, 0xae, 0xd7, 0xae, 0xd7, 0xae, 0xd7, 0xae, 0xd7, 0xae, 0xd7, 0xae, 0xd7, 0xae, 0xd7, 0xae, 0xd7, 0xae, 0xd7, 0xae,
        0xd7, 0xae, 0xd7, 0xae, 0xd7, 0xae, 0xd7, 0xae, 0xd7, 0xae, 0xd7, 0xae, 0xd7, 0xae, 0xd7, 0xa6, 0xd7, 0xa6, 0xf7, 0xae,
        0xb3, 0x8d, 0x68, 0x3a, 0x68, 0x3a, 0x68, 0x3a, 0x88, 0x42, 0x6e, 0x6b, 0x6d, 0x6b, 0x6d, 0x73, 0x65, 0x29, 0x00, 0x00,
        0x00, 0x00, 0x20, 0x00, 0x29, 0x1a, 0x6a, 0x1a, 0x6a, 0x1a, 0x8b, 0x1a, 0xd1, 0x24, 0x52, 0x1d, 0x52, 0x1d, 0x32, 0x1d,
        0xcc, 0x1a, 0x0a, 0x1a, 0x2a, 0x12, 0x6b, 0x1a, 0x10, 0x44, 0x10, 0x44, 0xf0, 0x43, 0xec, 0x32, 0xe5, 0x08, 0x06, 0x09,
        0xe5, 0x08, 0xc8, 0x11, 0x4a, 0x1a, 0x73, 0x0e, 0xf6, 0x07, 0xf7, 0x07, 0x2e, 0x14, 0x2a, 0x1a, 0x6b, 0x1a, 0x6b, 0x1a,
        0x6b, 0x1a, 0x6b, 0x1a, 0x6b, 0x22, 0x8b, 0x22, 0xd6, 0x16, 0xf9, 0x0f, 0xf7, 0x07, 0xf7, 0x07, 0xd7, 0x07, 0xb6, 0x07,
        0x96, 0x07, 0x96, 0x07, 0xb7, 0x07, 0x4e, 0x14, 0x2a, 0x1a, 0x8b, 0x1a, 0x8b, 0x1a, 0x8b, 0x1a, 0x8b, 0x1a, 0x6b, 0x1a,
        0x6b, 0x1a, 0x6b, 0x22, 0x8b, 0x1a, 0x6b, 0x22, 0x0e, 0x1c, 0xf7, 0x0f, 0xd6, 0x0f, 0xd6, 0x07, 0xd7, 0x07, 0xd7, 0x07,
        0xb6, 0x07, 0xf7, 0x07, 0xf2, 0x0d, 0x29, 0x1a, 0x6b, 0x1a, 0x6b, 0x1a, 0x6b, 0x1a, 0x6b, 0x1a, 0x8b, 0x22, 0xeb, 0x1a,
        0x6a, 0x1a, 0xd2, 0x0d, 0xf7, 0x07, 0xb6, 0x07, 0xb7, 0x07, 0xf7, 0x07, 0x76, 0x0f, 0x2d, 0x14, 0x6c, 0x13, 0x0c, 0x1b,
        0x6b, 0x22, 0x4a, 0x22, 0x6f, 0x1c, 0xf8, 0x0f, 0xf8, 0x0f, 0xd5, 0x0e, 0x4b, 0x22, 0x2b, 0x22, 0x2a, 0x1a, 0x2a, 0x1a,
        0x2a, 0x1a, 0x4a, 0x12, 0x6b, 0x1a, 0x8b, 0x1a, 0x6b, 0x1a, 0xa8, 0x11, 0x06, 0x09, 0x26, 0x09, 0x67, 0x09, 0x4e, 0x33,
        0x8f, 0x3b, 0x8f, 0x33, 0xef, 0x23, 0x6f, 0x14, 0x4f, 0x0c, 0x52, 0x35, 0xfc, 0x97, 0xfb, 0x87, 0xfb, 0x7f, 0xfa, 0x7f,
        0xfa, 0x77, 0xfb, 0x7f, 0x90, 0x2c, 0x2a, 0x12, 0x8b, 0x1a, 0x8c, 0x1a, 0xac, 0x1a, 0xcd, 0x1a, 0xcd, 0x1a, 0xad, 0x1a,
        0xac, 0x1a, 0x6c, 0x1a, 0x6c, 0x1a, 0xa3, 0x00, 0x00, 0x00, 0x00, 0x00, 0x00, 0x00, 0x4a, 0x42, 0x53, 0x84, 0xf2, 0x7b,
        0xf2, 0x7b, 0x12, 0x84, 0x15, 0xa5, 0xb7, 0xbd, 0xb7, 0xbd, 0xb7, 0xbd, 0xf8, 0xc5, 0x35, 0xa5, 0xd1, 0x73, 0xd1, 0x73,
        0x93, 0x8c, 0xd8, 0xbd, 0xd8, 0xbd, 0xb7, 0xbd, 0x2a, 0x3a, 0x47, 0x19, 0x67, 0x21, 0xe4, 0x10, 0x20, 0x00, 0x20, 0x00,
        0x00, 0x00, 0xed, 0x63, 0x18, 0xaf, 0xb6, 0xa6, 0xd7, 0xa6, 0xd7, 0xa6, 0xd7, 0xa6, 0xd7, 0xae, 0xd7, 0xae, 0xd7, 0xae,
        0xd7, 0xae, 0xd7, 0xae, 0xd7, 0xae, 0xd7, 0xae, 0xd7, 0xae, 0xd7, 0xae, 0xd7, 0xae, 0xd7, 0xae, 0xd7, 0xae, 0xd7, 0xae,
        0xd7, 0xae, 0xd7, 0xae, 0xd7, 0xae, 0xd7, 0xae, 0xd7, 0xae, 0xd7, 0xae, 0xd7, 0xae, 0xd7, 0xae, 0xd7, 0xae, 0xd7, 0xae,
        0xd7, 0xae, 0xd7, 0xae, 0xd7, 0xae, 0xd7, 0xae, 0xd7, 0xae, 0xd7, 0xae, 0xd7, 0xae, 0xd7, 0xae, 0xd7, 0xae, 0xd7, 0xae,
        0xd7, 0xae, 0xd7, 0xae, 0xd7, 0xae, 0xd7, 0xae, 0xd7, 0xae, 0xd7, 0xae, 0x94, 0xa6, 0x94, 0xa6, 0x94, 0xa6, 0x94, 0xa6,
        0x94, 0xa6, 0x94, 0xa6, 0x95, 0xa6, 0xb5, 0xa6, 0xd7, 0xae, 0xd7, 0xa6, 0xf8, 0xae, 0xf0, 0x8d, 0xe8, 0x7c, 0x09, 0x7d,
        0x09, 0x7d, 0x0a, 0x75, 0x0a, 0x75, 0x0a, 0x75, 0xcb, 0x6c, 0xab, 0x5c, 0xab, 0x64, 0xab, 0x5c, 0x8b, 0x5c, 0xab, 0x5c,
        0xd7, 0xae, 0xad, 0x8d, 0x49, 0x85, 0x4a, 0x85, 0x4a, 0x85, 0x6a, 0x85, 0x69, 0x85, 0x49, 0x85, 0x49, 0x85, 0x49, 0x85,
        0x49, 0x85, 0x49, 0x85, 0x49, 0x85, 0x49, 0x85, 0x4a, 0x85, 0x4a, 0x85, 0x49, 0x85, 0x29, 0x85, 0x12, 0x96, 0xb7, 0xa6,
        0xb6, 0xa6, 0xb6, 0xa6, 0xd7, 0xae, 0xd7, 0xae, 0xd7, 0xae, 0xd7, 0xae, 0xd7, 0xae, 0xd7, 0xae, 0xd7, 0xae, 0xd7, 0xae,
        0xd7, 0xae, 0xd7, 0xae, 0xd7, 0xae, 0xd7, 0xae, 0xd7, 0xae, 0xd7, 0xae, 0xd7, 0xae, 0xd7, 0xae, 0xd7, 0xae, 0xd7, 0xae,
        0xd7, 0xae, 0xd7, 0xae, 0xd7, 0xae, 0xd7, 0xae, 0xd7, 0xae, 0xd7, 0xae, 0xd7, 0xae, 0xd7, 0xae, 0xd7, 0xae, 0xd7, 0xae,
        0xd7, 0xae, 0xd7, 0xae, 0xd7, 0xae, 0xd7, 0xae, 0xd7, 0xae, 0xd7, 0xae, 0xd7, 0xae, 0xd7, 0xae, 0xd7, 0xae, 0xd7, 0xae,
        0xd7, 0xae, 0xd7, 0xae, 0xd7, 0xae, 0xd7, 0xae, 0xd7, 0xae, 0xd7, 0xae, 0xd7, 0xae, 0xd7, 0xae, 0xd7, 0xae, 0xd7, 0xae,
        0xd7, 0xae, 0xd7, 0xae, 0xd7, 0xae, 0xd7, 0xae, 0xd7, 0xae, 0xd7, 0xae, 0xd7, 0xae, 0xd7, 0xae, 0xd7, 0xae, 0xd7, 0xae,
        0xd7, 0xae, 0xd7, 0xae, 0xd7, 0xae, 0xd7, 0xae, 0xd7, 0xae, 0xd7, 0xae, 0xd7, 0xa6, 0xd7, 0xa6, 0xd6, 0xa6, 0x17, 0xaf,
        0x31, 0x7d, 0x00, 0x00, 0x00, 0x00, 0x00, 0x00, 0x25, 0x21, 0x5a, 0xce, 0x19, 0xc6, 0x19, 0xc6, 0xf4, 0x9c, 0x11, 0x84,
        0x51, 0x8c, 0xcf, 0x7b, 0xa3, 0x08, 0x62, 0x00, 0x62, 0x00, 0x05, 0x09, 0xd2, 0x2c, 0x53, 0x25, 0x33, 0x25, 0x13, 0x2d,
        0xcd, 0x1a, 0x0b, 0x1a, 0x2b, 0x1a, 0x6b, 0x1a, 0x10, 0x44, 0xf0, 0x43, 0xef, 0x43, 0xcc, 0x32, 0xc5, 0x00, 0x05, 0x09,
        0x05, 0x09, 0xc8, 0x11, 0x6a, 0x1a, 0x93, 0x0e, 0xf7, 0x07, 0xf8, 0x07, 0x4f, 0x14, 0x4b, 0x1a, 0x6b, 0x1a, 0x6b, 0x1a,
        0x4b, 0x1a, 0x6b, 0x1a, 0x6b, 0x22, 0x6a, 0x22, 0xb4, 0x0e, 0xf7, 0x0f, 0xd6, 0x0f, 0xd2, 0x15, 0xd0, 0x14, 0xf0, 0x14,
        0x10, 0x15, 0x51, 0x15, 0x92, 0x15, 0x6d, 0x1b, 0x4a, 0x1a, 0x8b, 0x22, 0x8b, 0x1a, 0x8b, 0x1a, 0x8b, 0x22, 0x8b, 0x1a,
        0x8b, 0x1a, 0x8b, 0x1a, 0x8b, 0x22, 0x6b, 0x22, 0xed, 0x1b, 0xf7, 0x07, 0xd6, 0x07, 0x75, 0x0f, 0xb1, 0x0d, 0x31, 0x0d,
        0x51, 0x0d, 0x31, 0x15, 0x32, 0x16, 0xb3, 0x0e, 0xd4, 0x06, 0x11, 0x15, 0x4b, 0x22, 0x2b, 0x1a, 0x0f, 0x1c, 0x76, 0x07,
        0x35, 0x0f, 0x55, 0x0f, 0xb2, 0x15, 0x72, 0x15, 0x72, 0x15, 0x51, 0x1d, 0xf5, 0x16, 0xd7, 0x07, 0xd8, 0x07, 0xf1, 0x14,
        0x0a, 0x22, 0x2a, 0x22, 0x6f, 0x1c, 0xf8, 0x17, 0xf8, 0x0f, 0xf5, 0x0e, 0x8b, 0x1a, 0x4a, 0x1a, 0x2a, 0x1a, 0x2a, 0x1a,
        0x2a, 0x12, 0x4b, 0x12, 0x6b, 0x1a, 0x8c, 0x1a, 0xac, 0x22, 0xc9, 0x11, 0x26, 0x09, 0x26, 0x09, 0x67, 0x09, 0x2e, 0x33,
        0x8f, 0x3b, 0x6f, 0x3b, 0x4e, 0x23, 0x2d, 0x13, 0x0d, 0x13, 0xef, 0x23, 0x56, 0x4e, 0x35, 0x46, 0x14, 0x3e, 0xf4, 0x3d,
        0xd3, 0x3d, 0xd3, 0x3d, 0x6d, 0x1b, 0x2a, 0x12, 0x4b, 0x1a, 0x8c, 0x1a, 0xac, 0x1a, 0xcd, 0x1a, 0xcd, 0x1a, 0x6b, 0x1a,
        0xc4, 0x08, 0xc3, 0x08, 0xa3, 0x08, 0x25, 0x21, 0x09, 0x42, 0xe9, 0x39, 0xe8, 0x39, 0x4f, 0x6b, 0x73, 0x8c, 0x33, 0x84,
        0x73, 0x8c, 0x36, 0xad, 0x97, 0xb5, 0xb7, 0xbd, 0xb7, 0xbd, 0xb7, 0xbd, 0xd7, 0xbd, 0x15, 0xa5, 0xb1, 0x6b, 0xb1, 0x73,
        0xb0, 0x6b, 0x6b, 0x42, 0x4b, 0x42, 0x4b, 0x42, 0xa8, 0x29, 0x67, 0x21, 0x87, 0x21, 0xe4, 0x10, 0x00, 0x00, 0x00, 0x00,
        0x00, 0x00, 0xcd, 0x63, 0xd7, 0xae, 0x75, 0x9e, 0x76, 0x9e, 0xb6, 0xa6, 0xd7, 0xa6, 0xd7, 0xa6, 0xd7, 0xae, 0xd7, 0xae,
        0xd7, 0xae, 0xd7, 0xae, 0xd7, 0xae, 0xd7, 0xae, 0xd7, 0xae, 0xd7, 0xae, 0xd7, 0xae, 0xd7, 0xae, 0xd7, 0xae, 0xd7, 0xae,
        0xd7, 0xae, 0xd7, 0xae, 0xd7, 0xae, 0xd7, 0xae, 0xd7, 0xae, 0xd7, 0xae, 0xd7, 0xae, 0xd7, 0xae, 0xd7, 0xae, 0xd7, 0xae,
        0xd7, 0xae, 0xd7, 0xae, 0xd7, 0xae, 0xd7, 0xae, 0xd7, 0xae, 0xd7, 0xae, 0xd7, 0xae, 0xd7, 0xae, 0xd7, 0xae, 0xd7, 0xae,
        0xd7, 0xae, 0xd7, 0xae, 0xd7, 0xae, 0xd7, 0xae, 0xd8, 0xae, 0x95, 0xa6, 0x4a, 0x85, 0x49, 0x85, 0x4a, 0x85, 0x6a, 0x85,
        0x6a, 0x85, 0x6a, 0x85, 0x4a, 0x85, 0x8c, 0x8d, 0xb7, 0xa6, 0xd7, 0xa6, 0xd7, 0xae, 0xf0, 0x8d, 0x08, 0x7d, 0x29, 0x7d,
        0x29, 0x7d, 0x0a, 0x75, 0x0a, 0x75, 0x0a, 0x75, 0xcb, 0x6c, 0xab, 0x64, 0xcb, 0x64, 0xea, 0x6c, 0xea, 0x74, 0xea, 0x74,
        0xd8, 0xae, 0xad, 0x8d, 0x49, 0x85, 0x4a, 0x85, 0x4a, 0x85, 0x4a, 0x85, 0x4a, 0x85, 0x4a, 0x85, 0x0a, 0x75, 0xea, 0x6c,
        0xea, 0x6c, 0x2a, 0x7d, 0x69, 0x85, 0x4a, 0x85, 0x4a, 0x85, 0x4a, 0x85, 0x29, 0x85, 0x29, 0x7d, 0x2a, 0x7d, 0x4b, 0x85,
        0x6b, 0x85, 0xad, 0x8d, 0xb6, 0xae, 0xd7, 0xae, 0xd7, 0xae, 0xd7, 0xae, 0xd7, 0xae, 0xd7, 0xae, 0xd7, 0xae, 0xd7, 0xae,
        0xd7, 0xae, 0xd7, 0xae, 0xd7, 0xae, 0xd7, 0xae, 0xd7, 0xae, 0xd7, 0xae, 0xd7, 0xae, 0xd7, 0xae, 0xd7, 0xae, 0xd7, 0xae,
        0xd7, 0xae, 0xd7, 0xae, 0xd7, 0xae, 0xd7, 0xae, 0xd7, 0xae, 0xd7, 0xae, 0xd7, 0xae, 0xd7, 0xae, 0xd7, 0xae, 0xd7, 0xae,
        0xd7, 0xae, 0xd7, 0xae, 0xd7, 0xae, 0xd7, 0xae, 0xd7, 0xae, 0xd7, 0xae, 0xd7, 0xae, 0xd7, 0xae, 0xd7, 0xae, 0xd7, 0xae,
        0xd7, 0xae, 0xd7, 0xae, 0xd7, 0xae, 0xd7, 0xae, 0xd7, 0xae, 0xd7, 0xae, 0xd7, 0xae, 0xd7, 0xae, 0xd7, 0xae, 0xd7, 0xae,
        0xd7, 0xae, 0xd7, 0xae, 0xf7, 0xae, 0xd7, 0xae, 0xd7, 0xae, 0xd7, 0xae, 0xd7, 0xae, 0xd7, 0xae, 0xd7, 0xae, 0xd7, 0xae,
        0xd7, 0xae, 0xd7, 0xae, 0xd7, 0xae, 0xd7, 0xae, 0xd7, 0xae, 0xd7, 0xae, 0xd7, 0xae, 0x18, 0xb7, 0x38, 0xb7, 0x79, 0xbf,
        0x93, 0x8d, 0x00, 0x00, 0x00, 0x00, 0x00, 0x00, 0x25, 0x21, 0xf8, 0xbd, 0xb7, 0xb5, 0x97, 0xb5, 0xb7, 0xb5, 0xb7, 0xbd,
        0xd8, 0xbd, 0x35, 0xa5, 0x41, 0x08, 0x00, 0x00, 0x00, 0x00, 0xa3, 0x00, 0x4e, 0x1b, 0x4e, 0x1b, 0x4e, 0x1b, 0x2d, 0x1b,
        0x6c, 0x1a, 0x2b, 0x1a, 0x2b, 0x12, 0x6b, 0x1a, 0x10, 0x44, 0xef, 0x43, 0xef, 0x43, 0xcc, 0x32, 0xe5, 0x00, 0x06, 0x09,
        0x06, 0x09, 0xe9, 0x11, 0x8b, 0x1a, 0xb4, 0x16, 0xf7, 0x0f, 0xf8, 0x0f, 0x4f, 0x14, 0x4a, 0x1a, 0x6b, 0x1a, 0x6b, 0x1a,
        0x4a, 0x1a, 0x4a, 0x1a, 0x4a, 0x22, 0x2a, 0x22, 0x94, 0x0e, 0xf7, 0x07, 0xb7, 0x0f, 0x8d, 0x1b, 0x89, 0x21, 0xea, 0x21,
        0xe9, 0x21, 0x0a, 0x1a, 0x0a, 0x1a, 0x4a, 0x1a, 0x8b, 0x1a, 0x8b, 0x1a, 0x8b, 0x1a, 0x8b, 0x1a, 0x8b, 0x22, 0x8b, 0x22,
        0x8b, 0x1a, 0x8b, 0x1a, 0x8b, 0x22, 0x4a, 0x22, 0xed, 0x1b, 0xd6, 0x07, 0xb6, 0x07, 0x14, 0x0f, 0x8a, 0x1a, 0xc9, 0x21,
        0x09, 0x1a, 0xa9, 0x21, 0xef, 0x14, 0xf7, 0x07, 0xf9, 0x07, 0x13, 0x0e, 0x4b, 0x1a, 0x2b, 0x1a, 0x8f, 0x1c, 0xf8, 0x0f,
        0xf8, 0x0f, 0x56, 0x17, 0x8b, 0x22, 0x2b, 0x22, 0x4b, 0x22, 0xc9, 0x21, 0xd1, 0x15, 0xf7, 0x07, 0xd8, 0x07, 0xd0, 0x14,
        0xc9, 0x19, 0x09, 0x1a, 0x4f, 0x1c, 0xf8, 0x0f, 0xf8, 0x0f, 0xf5, 0x0e, 0x6a, 0x1a, 0x2a, 0x1a, 0x4f, 0x1c, 0x71, 0x15,
        0x71, 0x0d, 0xb2, 0x0d, 0xd3, 0x0d, 0x50, 0x1c, 0x6c, 0x22, 0xa9, 0x11, 0x26, 0x09, 0x06, 0x09, 0x47, 0x09, 0x0d, 0x33,
        0x4e, 0x33, 0x4e, 0x33, 0x8c, 0x22, 0xea, 0x11, 0xea, 0x11, 0x8c, 0x12, 0x30, 0x1c, 0x2f, 0x14, 0x0f, 0x14, 0xee, 0x1b,
        0xce, 0x13, 0xad, 0x13, 0xab, 0x12, 0x2a, 0x12, 0x4b, 0x12, 0x4a, 0x12, 0x2a, 0x12, 0x4a, 0x1a, 0x6b, 0x1a, 0xc8, 0x11,
        0x00, 0x00, 0x00, 0x00, 0x00, 0x00, 0x4a, 0x4a, 0xb5, 0x94, 0x74, 0x8c, 0xb4, 0x94, 0x97, 0xb5, 0xd7, 0xbd, 0xb7, 0xbd,
        0xb7, 0xbd, 0xd8, 0xbd, 0xb7, 0xbd, 0xb7, 0xbd, 0xb7, 0xbd, 0xb7, 0xbd, 0xb7, 0xbd, 0x56, 0xad, 0xd4, 0x94, 0xd4, 0x9c,
        0x52, 0x8c, 0x46, 0x19, 0xe5, 0x10, 0x05, 0x11, 0x47, 0x19, 0x67, 0x21, 0x67, 0x21, 0x46, 0x19, 0xc4, 0x10, 0xc4, 0x10,
        0xc3, 0x10, 0xc2, 0x10, 0x24, 0x19, 0x03, 0x19, 0x24, 0x19, 0xd3, 0x8d, 0xf7, 0xa6, 0xd7, 0xa6, 0xd7, 0xae, 0xd7, 0xae,
        0xd7, 0xae, 0xd7, 0xae, 0xd7, 0xae, 0xd7, 0xae, 0xd7, 0xae, 0xd7, 0xae, 0xf7, 0xae, 0xd7, 0xae, 0xd7, 0xae, 0xd7, 0xae,
        0xd7, 0xae, 0xd7, 0xae, 0xd7, 0xae, 0xd7, 0xae, 0xd7, 0xae, 0xd7, 0xae, 0xd7, 0xae, 0xd7, 0xae, 0xd7, 0xae, 0xd7, 0xae,
        0xd7, 0xae, 0xd7, 0xae, 0xd7, 0xae, 0xd7, 0xae, 0xd7, 0xae, 0xd7, 0xae, 0xd7, 0xae, 0xd7, 0xae, 0xd7, 0xae, 0xd7, 0xae,
        0xd7, 0xae, 0xd7, 0xae, 0xd7, 0xae, 0xd7, 0xae, 0xd7, 0xa6, 0x95, 0xa6, 0x4a, 0x85, 0x49, 0x85, 0x6a, 0x85, 0x6a, 0x85,
        0x6a, 0x85, 0x6a, 0x85, 0x49, 0x85, 0x8c, 0x8d, 0xd7, 0xae, 0xd7, 0xae, 0xd8, 0xae, 0x10, 0x96, 0x28, 0x7d, 0x49, 0x85,
        0x29, 0x85, 0x2a, 0x75, 0x2a, 0x75, 0x0a, 0x75, 0xeb, 0x6c, 0xcb, 0x64, 0xcb, 0x64, 0x0a, 0x6d, 0x2a, 0x75, 0x0a, 0x75,
        0x8d, 0x8d, 0x6a, 0x85, 0x4a, 0x85, 0x4a, 0x85, 0x2a, 0x85, 0x2a, 0x85, 0x2a, 0x85, 0x2a, 0x85, 0xca, 0x64, 0xcb, 0x5c,
        0xcb, 0x64, 0x2a, 0x7d, 0x69, 0x85, 0x4a, 0x85, 0x4a, 0x85, 0x2a, 0x85, 0x2a, 0x85, 0x2a, 0x7d, 0x09, 0x7d, 0x29, 0x7d,
        0x29, 0x7d, 0x8b, 0x85, 0xb6, 0xae, 0xd7, 0xae, 0xd7, 0xae, 0xd7, 0xae, 0xd7, 0xae, 0xd7, 0xae, 0xd7, 0xae, 0xd7, 0xae,
        0xd7, 0xae, 0xd7, 0xae, 0xd7, 0xae, 0xd7, 0xae, 0xd7, 0xae, 0xd7, 0xae, 0xd7, 0xae, 0xd7, 0xae, 0xd7, 0xae, 0xd7, 0xae,
        0xd7, 0xae, 0xd7, 0xae, 0xd7, 0xae, 0xd7, 0xae, 0xd7, 0xae, 0xd7, 0xae, 0xd7, 0xae, 0xd7, 0xae, 0xd7, 0xae, 0xd7, 0xae,
        0xd7, 0xae, 0xd7, 0xae, 0xd7, 0xae, 0xd7, 0xae, 0xd7, 0xae, 0xd7, 0xae, 0xd7, 0xae, 0xd7, 0xae, 0xd7, 0xae, 0xd7, 0xae,
        0xd7, 0xae, 0xd7, 0xae, 0xd7, 0xae, 0xd7, 0xae, 0xd7, 0xae, 0xd7, 0xae, 0xd7, 0xae, 0xd7, 0xae, 0xd7, 0xae, 0xd7, 0xae,
        0xd7, 0xae, 0xd7, 0xae, 0xd7, 0xae, 0xd7, 0xae, 0xd7, 0xae, 0xd7, 0xae, 0xd7, 0xae, 0xd7, 0xae, 0xd7, 0xae, 0xd7, 0xae,
        0xd7, 0xae, 0xd7, 0xae, 0xd7, 0xae, 0xd7, 0xae, 0xd7, 0xae, 0xd7, 0xae, 0xf8, 0xae, 0x6f, 0x6c, 0xac, 0x5b, 0x2e, 0x6c,
        0x8c, 0x5b, 0xc7, 0x39, 0xe8, 0x39, 0xc7, 0x39, 0xeb, 0x5a, 0x59, 0xce, 0x18, 0xc6, 0xf8, 0xc5, 0x97, 0xb5, 0x76, 0xb5,
        0xb7, 0xb5, 0x15, 0xa5, 0xc3, 0x10, 0x62, 0x08, 0xa2, 0x10, 0x04, 0x19, 0xc8, 0x11, 0xc7, 0x11, 0xa7, 0x11, 0xe9, 0x11,
        0x4b, 0x1a, 0x2a, 0x1a, 0x0a, 0x12, 0x4b, 0x1a, 0xef, 0x43, 0xcf, 0x43, 0xcf, 0x43, 0xcc, 0x32, 0xe5, 0x00, 0x06, 0x09,
        0x06, 0x09, 0xe9, 0x11, 0xac, 0x1a, 0xd4, 0x16, 0xf7, 0x0f, 0xf7, 0x0f, 0x2e, 0x1c, 0x2a, 0x1a, 0x6b, 0x1a, 0x4a, 0x1a,
        0x4a, 0x1a, 0x4a, 0x1a, 0x4a, 0x1a, 0x29, 0x22, 0x73, 0x0e, 0xf7, 0x07, 0xb6, 0x0f, 0xed, 0x13, 0x0a, 0x1a, 0x6b, 0x1a,
        0x8b, 0x1a, 0x8b, 0x1a, 0x8b, 0x1a, 0x8b, 0x1a, 0x8b, 0x1a, 0x8b, 0x1a, 0x8b, 0x1a, 0x8b, 0x22, 0x8b, 0x1a, 0x8b, 0x22,
        0x8b, 0x1a, 0x8b, 0x1a, 0x8b, 0x1a, 0x4a, 0x22, 0xcd, 0x1b, 0xd6, 0x07, 0xb6, 0x07, 0x35, 0x0f, 0xeb, 0x1a, 0x2a, 0x1a,
        0x6a, 0x1a, 0xea, 0x19, 0xef, 0x14, 0xb6, 0x07, 0xd7, 0x07, 0xb2, 0x0d, 0x2a, 0x1a, 0x2a, 0x1a, 0x6f, 0x1c, 0xf8, 0x0f,
        0xf7, 0x17, 0x76, 0x17, 0x0d, 0x1b, 0x8c, 0x22, 0xac, 0x1a, 0x4b, 0x1a, 0xf2, 0x15, 0xf7, 0x07, 0xb8, 0x07, 0xb0, 0x14,
        0xa8, 0x19, 0xc9, 0x19, 0x0e, 0x1c, 0xf7, 0x0f, 0xf7, 0x0f, 0xf5, 0x0e, 0x8b, 0x1a, 0x2a, 0x22, 0x55, 0x16, 0xf9, 0x17,
        0xf8, 0x0f, 0xf9, 0x0f, 0xfa, 0x0f, 0xb3, 0x15, 0x4b, 0x22, 0x88, 0x11, 0x06, 0x09, 0x05, 0x09, 0x06, 0x09, 0xec, 0x32,
        0x2d, 0x33, 0x2d, 0x33, 0x6b, 0x22, 0xc9, 0x11, 0xe9, 0x11, 0x8c, 0x12, 0x30, 0x24, 0x50, 0x24, 0x50, 0x24, 0x30, 0x24,
        0x2f, 0x1c, 0x0f, 0x24, 0xcc, 0x12, 0x2a, 0x12, 0x4b, 0x1a, 0xa8, 0x11, 0x00, 0x00, 0x21, 0x00, 0x41, 0x00, 0x21, 0x00,
        0x00, 0x00, 0x00, 0x00, 0x00, 0x00, 0x4a, 0x42, 0x53, 0x84, 0x12, 0x7c, 0x33, 0x84, 0x77, 0xb5, 0xf8, 0xc5, 0xf8, 0xc5,
        0xd8, 0xc5, 0xd8, 0xbd, 0xd7, 0xbd, 0xb7, 0xbd, 0xb7, 0xbd, 0xb7, 0xbd, 0xb7, 0xbd, 0x97, 0xbd, 0x97, 0xbd, 0x97, 0xbd,
        0x35, 0xad, 0x67, 0x21, 0x05, 0x19, 0x26, 0x19, 0xa3, 0x10, 0xa3, 0x08, 0x82, 0x08, 0xe4, 0x10, 0x46, 0x19, 0x26, 0x19,
        0x26, 0x19, 0x20, 0x00, 0x00, 0x00, 0x00, 0x00, 0x00, 0x00, 0x93, 0x8d, 0xf8, 0xae, 0xd7, 0xae, 0xd7, 0xae, 0xd7, 0xae,
        0xd7, 0xae, 0xd7, 0xae, 0xd7, 0xae, 0xd7, 0xae, 0xd7, 0xae, 0xd7, 0xae, 0xf7, 0xae, 0xd7, 0xae, 0xd7, 0xae, 0xd7, 0xae,
        0xd7, 0xae, 0xd7, 0xae, 0xd7, 0xae, 0xd7, 0xae, 0xd7, 0xae, 0xd7, 0xae, 0xd7, 0xae, 0xd7, 0xae, 0xd7, 0xae, 0xd7, 0xae,
        0xd7, 0xae, 0xd7, 0xae, 0xd7, 0xae, 0xd7, 0xae, 0xd7, 0xae, 0xd7, 0xae, 0xd7, 0xae, 0xd7, 0xae, 0xd7, 0xae, 0xd7, 0xae,
        0xd7, 0xae, 0xd7, 0xae, 0xd7, 0xae, 0xd7, 0xa6, 0xd7, 0xa6, 0x95, 0xa6, 0x4a, 0x85, 0x49, 0x85, 0x6a, 0x85, 0x69, 0x85,
        0x69, 0x85, 0x6a, 0x85, 0x69, 0x85, 0x8c, 0x8d, 0xb6, 0xae, 0xd7, 0xae, 0xd8, 0xb6, 0x11, 0x96, 0x28, 0x7d, 0x49, 0x85,
        0x29, 0x7d, 0x2a, 0x75, 0x2a, 0x75, 0x2a, 0x75, 0xea, 0x6c, 0xcb, 0x64, 0xcb, 0x64, 0x0a, 0x75, 0x2a, 0x75, 0x0a, 0x75,
        0x49, 0x85, 0x49, 0x85, 0x4a, 0x85, 0x2a, 0x85, 0x0a, 0x7d, 0x0a, 0x7d, 0x0a, 0x7d, 0x09, 0x7d, 0xaa, 0x64, 0xaa, 0x5c,
        0xaa, 0x5c, 0x2a, 0x75, 0x49, 0x85, 0x49, 0x85, 0x4a, 0x85, 0x4a, 0x85, 0x4a, 0x85, 0x4a, 0x85, 0x2a, 0x7d, 0x4a, 0x85,
        0x4a, 0x85, 0x8c, 0x85, 0xd7, 0xae, 0xd7, 0xae, 0xd7, 0xae, 0xd7, 0xae, 0xd7, 0xae, 0xd7, 0xae, 0xd7, 0xae, 0xd7, 0xae,
        0xd7, 0xae, 0xd7, 0xae, 0xd7, 0xae, 0xd7, 0xae, 0xd7, 0xae, 0xd7, 0xae, 0xd7, 0xae, 0xd7, 0xae, 0xd7, 0xae, 0xd7, 0xae,
        0xd7, 0xae, 0xd7, 0xae, 0xd7, 0xae, 0xd7, 0xae, 0xd7, 0xae, 0xd7, 0xae, 0xd7, 0xae, 0xd7, 0xae, 0xd7, 0xae, 0xd7, 0xae,
        0xd7, 0xae, 0xd7, 0xae, 0xd7, 0xae, 0xd7, 0xae, 0xd7, 0xae, 0xd7, 0xae, 0xd7, 0xae, 0xd7, 0xae, 0xd7, 0xae, 0xd7, 0xae,
        0xd7, 0xae, 0xd7, 0xae, 0xd7, 0xae, 0xf7, 0xae, 0xd7, 0xae, 0xd7, 0xae, 0xd7, 0xae, 0xd7, 0xae, 0xd7, 0xae, 0xd7, 0xae,
        0xd7, 0xae, 0xd7, 0xae, 0xd7, 0xae, 0xd7, 0xae, 0xd7, 0xae, 0xd7, 0xae, 0xd7, 0xae, 0xd7, 0xae, 0xd7, 0xae, 0xd7, 0xae,
        0xd7, 0xae, 0xd7, 0xae, 0xd7, 0xae, 0xd7, 0xae, 0xd7, 0xae, 0xf7, 0xae, 0xf8, 0xb6, 0xa5, 0x21, 0x00, 0x00, 0x00, 0x00,
        0xe3, 0x18, 0xd8, 0xbd, 0xf8, 0xbd, 0xb7, 0xb5, 0x99, 0xd6, 0xdd, 0xff, 0x9b, 0xff, 0xbb, 0xff, 0x38, 0xce, 0x76, 0xad,
        0xb7, 0xb5, 0x97, 0xb5, 0xf4, 0x9c, 0xd3, 0x9c, 0x35, 0xa5, 0xef, 0x7b, 0x00, 0x00, 0x00, 0x00, 0x00, 0x00, 0x04, 0x09,
        0x2b, 0x1a, 0xea, 0x11, 0xe9, 0x11, 0x2a, 0x1a, 0xaf, 0x43, 0xaf, 0x43, 0xcf, 0x43, 0xcc, 0x32, 0xe5, 0x00, 0x26, 0x09,
        0x26, 0x09, 0xe9, 0x11, 0xac, 0x1a, 0xf4, 0x16, 0xf7, 0x0f, 0xf7, 0x07, 0x0e, 0x14, 0xe9, 0x19, 0x4a, 0x1a, 0x4a, 0x1a,
        0x4a, 0x1a, 0x2a, 0x1a, 0x2a, 0x1a, 0x29, 0x22, 0x73, 0x0e, 0xf7, 0x07, 0xd7, 0x0f, 0x2e, 0x1c, 0x4b, 0x22, 0x8b, 0x22,
        0x8b, 0x1a, 0x8b, 0x1a, 0x8b, 0x1a, 0x8b, 0x1a, 0x8b, 0x1a, 0x8b, 0x1a, 0x8b, 0x22, 0x8b, 0x22, 0x8b, 0x1a, 0x8b, 0x1a,
        0x8b, 0x1a, 0x6b, 0x1a, 0x8b, 0x1a, 0x2a, 0x22, 0xcd, 0x1b, 0xd6, 0x07, 0xd6, 0x07, 0x75, 0x0f, 0x0c, 0x1b, 0x4a, 0x1a,
        0x8b, 0x1a, 0x0a, 0x1a, 0x10, 0x15, 0xb6, 0x07, 0xb7, 0x07, 0x92, 0x0d, 0x09, 0x1a, 0xe9, 0x19, 0x6e, 0x1c, 0xf8, 0x0f,
        0xf7, 0x0f, 0x76, 0x0f, 0x2d, 0x1b, 0x8c, 0x22, 0xac, 0x1a, 0x4b, 0x1a, 0x12, 0x0e, 0xf7, 0x07, 0xb8, 0x07, 0xb0, 0x0c,
        0xa8, 0x19, 0xc8, 0x19, 0xcd, 0x1b, 0xd7, 0x0f, 0xf7, 0x07, 0xf5, 0x0e, 0x8b, 0x22, 0x4b, 0x22, 0x55, 0x16, 0xd8, 0x17,
        0xd7, 0x17, 0xf7, 0x0f, 0xf8, 0x0f, 0x71, 0x15, 0x2b, 0x22, 0x88, 0x11, 0xe5, 0x00, 0xe5, 0x08, 0x05, 0x09, 0xcc, 0x32,
        0x2d, 0x33, 0x2d, 0x33, 0x4b, 0x1a, 0xc8, 0x11, 0xa9, 0x11, 0x6b, 0x1a, 0xef, 0x23, 0x30, 0x24, 0x50, 0x24, 0x50, 0x24,
        0x50, 0x24, 0x50, 0x24, 0xed, 0x1a, 0x2b, 0x12, 0x4b, 0x1a, 0xa7, 0x11, 0x00, 0x00, 0x00, 0x00, 0x00, 0x00, 0x62, 0x08,
        0x09, 0x42, 0x29, 0x42, 0x09, 0x42, 0x4f, 0x6b, 0x53, 0x8c, 0x33, 0x84, 0x33, 0x84, 0x56, 0xad, 0xf8, 0xbd, 0xd7, 0xbd,
        0xd7, 0xbd, 0xd7, 0xbd, 0xb7, 0xbd, 0xb7, 0xbd, 0xb7, 0xbd, 0xb7, 0xbd, 0xb7, 0xbd, 0xb7, 0xbd, 0x97, 0xb5, 0x97, 0xb5,
        0x35, 0xad, 0x67, 0x21, 0xe5, 0x10, 0x05, 0x19, 0x21, 0x00, 0x00, 0x00, 0x00, 0x00, 0x82, 0x08, 0x26, 0x19, 0x26, 0x19,
        0x05, 0x19, 0x20, 0x00, 0x00, 0x00, 0x00, 0x00, 0x40, 0x00, 0xb3, 0x95, 0xf8, 0xb6, 0xd8, 0xae, 0xd7, 0xae, 0xf7, 0xae,
        0xf7, 0xae, 0xd7, 0xae, 0xd7, 0xae, 0xd7, 0xae, 0xd7, 0xae, 0xd7, 0xae, 0xd7, 0xae, 0xd7, 0xae, 0xd7, 0xae, 0xd7, 0xae,
        0xd7, 0xae, 0xd7, 0xae, 0xd7, 0xae, 0xd7, 0xae, 0xd7, 0xae, 0xd7, 0xae, 0xd7, 0xae, 0xd7, 0xae, 0xd7, 0xae, 0xd7, 0xae,
        0xd7, 0xae, 0xd7, 0xae, 0xd7, 0xae, 0xd7, 0xae, 0xd7, 0xae, 0xd7, 0xae, 0xd7, 0xae, 0xd7, 0xae, 0xd7, 0xae, 0xd7, 0xae,
        0xd7, 0xae, 0xd7, 0xae, 0xd7, 0xae, 0xd7, 0xa6, 0xd7, 0xa6, 0x95, 0xa6, 0x4a, 0x85, 0x49, 0x85, 0x49, 0x85, 0x49, 0x85,
        0x49, 0x85, 0x49, 0x85, 0x49, 0x85, 0x4a, 0x85, 0x6c, 0x85, 0x6c, 0x85, 0x6c, 0x85, 0x2b, 0x7d, 0x29, 0x7d, 0x29, 0x7d,
        0x2a, 0x7d, 0x0a, 0x75, 0x0a, 0x75, 0x2a, 0x75, 0x29, 0x7d, 0x29, 0x85, 0x2a, 0x85, 0x0a, 0x75, 0x0a, 0x75, 0x0a, 0x75,
        0x2a, 0x85, 0x2a, 0x85, 0x49, 0x85, 0x29, 0x85, 0x0a, 0x7d, 0x0a, 0x75, 0x0a, 0x75, 0xea, 0x74, 0xcb, 0x6c, 0x0d, 0x7d,
        0x2e, 0x85, 0x6e, 0x95, 0xad, 0x9d, 0x8c, 0x95, 0x6a, 0x85, 0x6a, 0x85, 0x4a, 0x85, 0x4a, 0x85, 0x2a, 0x85, 0x4a, 0x85,
        0x4a, 0x85, 0x6b, 0x85, 0xb7, 0xae, 0xd7, 0xae, 0xd7, 0xae, 0xd7, 0xae, 0xd7, 0xae, 0xd7, 0xae, 0xd7, 0xae, 0xd7, 0xae,
        0xd7, 0xae, 0xd7, 0xae, 0xd7, 0xae, 0xd7, 0xae, 0xd7, 0xae, 0xd7, 0xae, 0xd7, 0xae, 0xd7, 0xae, 0xd7, 0xae, 0xd7, 0xae,
        0xd7, 0xae, 0xd7, 0xae, 0xd7, 0xae, 0xd7, 0xae, 0xd7, 0xae, 0xd7, 0xae, 0xd7, 0xae, 0xd7, 0xae, 0xd7, 0xae, 0xd7, 0xae,
        0xd7, 0xae, 0xd7, 0xae, 0xd7, 0xae, 0xd7, 0xae, 0xd7, 0xae, 0xd7, 0xae, 0xd7, 0xae, 0xd7, 0xae, 0xd7, 0xae, 0xd7, 0xae,
        0xd7, 0xae, 0xd7, 0xae, 0xd7, 0xae, 0xd7, 0xae, 0xd7, 0xae, 0xd7, 0xae, 0xd7, 0xae, 0xf7, 0xae, 0xf7, 0xae, 0xd7, 0xae,
        0xd7, 0xae, 0xd7, 0xae, 0xd7, 0xae, 0xd7, 0xae, 0xd7, 0xae, 0xd7, 0xae, 0xd7, 0xae, 0xd7, 0xae, 0xd7, 0xae, 0xd7, 0xae,
        0xd7, 0xae, 0xd7, 0xae, 0xd7, 0xae, 0xd7, 0xae, 0xd7, 0xae, 0xd7, 0xae, 0xf8, 0xae, 0xe6, 0x29, 0x00, 0x00, 0x00, 0x00,
        0x04, 0x21, 0xf8, 0xbd, 0xf8, 0xbd, 0xb7, 0xb5, 0x99, 0xd6, 0xfd, 0xff, 0xfd, 0xff, 0xfd, 0xff, 0x99, 0xd6, 0x97, 0xb5,
        0xb7, 0xbd, 0xd7, 0xbd, 0xb7, 0xb5, 0xb7, 0xb5, 0xf8, 0xbd, 0x72, 0x8c, 0x00, 0x00, 0x00, 0x00, 0x00, 0x00, 0x83, 0x00,
        0xe9, 0x11, 0xa8, 0x11, 0x88, 0x11, 0xe9, 0x19, 0x6e, 0x3b, 0x8e, 0x3b, 0xaf, 0x43, 0xcc, 0x32, 0xe5, 0x00, 0x26, 0x09,
        0x26, 0x09, 0xea, 0x11, 0x8b, 0x1a, 0xd4, 0x16, 0xf6, 0x0f, 0xf6, 0x07, 0xad, 0x13, 0x88, 0x19, 0xe9, 0x19, 0xe9, 0x19,
        0xe9, 0x19, 0x0a, 0x1a, 0x2a, 0x22, 0x2a, 0x22, 0x94, 0x16, 0xf7, 0x07, 0xf7, 0x0f, 0x4f, 0x14, 0x6b, 0x22, 0x8c, 0x22,
        0x8b, 0x1a, 0x8b, 0x1a, 0x8b, 0x1a, 0x8b, 0x1a, 0x8b, 0x1a, 0x8b, 0x1a, 0x8b, 0x22, 0x8b, 0x1a, 0x6b, 0x1a, 0x6b, 0x1a,
        0x6b, 0x1a, 0x6b, 0x1a, 0x6b, 0x1a, 0x0a, 0x1a, 0xcd, 0x1b, 0xd7, 0x0f, 0xf7, 0x0f, 0x96, 0x17, 0x4d, 0x1b, 0x6b, 0x1a,
        0xab, 0x1a, 0x2b, 0x1a, 0x30, 0x15, 0xd7, 0x07, 0x97, 0x07, 0x92, 0x0d, 0xe9, 0x19, 0xc9, 0x19, 0x2e, 0x1c, 0xf7, 0x07,
        0xf7, 0x0f, 0x76, 0x0f, 0x0c, 0x1b, 0x8c, 0x22, 0xac, 0x1a, 0x6b, 0x1a, 0x33, 0x0e, 0xf7, 0x07, 0xd8, 0x07, 0xb0, 0x14,
        0xa8, 0x19, 0xc8, 0x19, 0xcd, 0x1b, 0xd6, 0x0f, 0xf7, 0x07, 0xf5, 0x0e, 0xab, 0x1a, 0x8c, 0x22, 0x6d, 0x13, 0x8c, 0x13,
        0xb2, 0x1d, 0xf8, 0x0f, 0xf8, 0x07, 0x31, 0x15, 0xea, 0x21, 0x67, 0x09, 0xe5, 0x08, 0xe5, 0x08, 0x06, 0x09, 0xcc, 0x32,
        0x0d, 0x33, 0x2d, 0x33, 0x4b, 0x1a, 0xc9, 0x09, 0xc8, 0x11, 0x2a, 0x12, 0x6e, 0x23, 0xae, 0x23, 0xae, 0x23, 0xae, 0x1b,
        0xce, 0x1b, 0xcf, 0x23, 0xac, 0x12, 0x0a, 0x12, 0x0a, 0x12, 0x67, 0x09, 0x00, 0x00, 0x00, 0x00, 0x00, 0x00, 0xe4, 0x18,
        0x94, 0x8c, 0xb5, 0x94, 0x94, 0x8c, 0x16, 0xa5, 0x97, 0xb5, 0x76, 0xb5, 0x77, 0xb5, 0xb7, 0xb5, 0xd7, 0xbd, 0xd7, 0xbd,
        0xd7, 0xbd, 0xd7, 0xbd, 0xb7, 0xbd, 0xb7, 0xbd, 0xb7, 0xbd, 0xb7, 0xbd, 0xb7, 0xbd, 0xb7, 0xbd, 0x97, 0xb5, 0xb7, 0xbd,
        0x56, 0xad, 0x87, 0x21, 0xe5, 0x10, 0xe5, 0x18, 0x20, 0x00, 0x00, 0x00, 0x00, 0x00, 0x82, 0x08, 0x46, 0x19, 0x26, 0x19,
        0x26, 0x19, 0x21, 0x00, 0x00, 0x00, 0x00, 0x00, 0x41, 0x08, 0xf5, 0x9d, 0x5a, 0xbf, 0x19, 0xbf, 0x39, 0xbf, 0xf8, 0xb6,
        0xf8, 0xae, 0xd7, 0xae, 0xd7, 0xae, 0xd7, 0xae, 0xd7, 0xae, 0xd7, 0xae, 0xd7, 0xae, 0xd7, 0xae, 0xd7, 0xae, 0xd7, 0xae,
        0xd7, 0xae, 0xd7, 0xae, 0xd7, 0xae, 0xd7, 0xae, 0xd7, 0xae, 0xd7, 0xae, 0xd7, 0xae, 0xd7, 0xae, 0xd7, 0xae, 0xd7, 0xae,
        0xd7, 0xae, 0xd7, 0xae, 0xd7, 0xae, 0xd7, 0xae, 0xd7, 0xae, 0xd7, 0xae, 0xd7, 0xae, 0xd7, 0xae, 0xd7, 0xae, 0xd7, 0xae,
        0xd7, 0xae, 0xd8, 0xae, 0x10, 0x9e, 0xad, 0x8d, 0xad, 0x8d, 0x8c, 0x8d, 0x29, 0x85, 0x29, 0x85, 0x29, 0x85, 0x29, 0x85,
        0x49, 0x85, 0x29, 0x85, 0x29, 0x85, 0x29, 0x7d, 0x0a, 0x75, 0x0a, 0x75, 0x0a, 0x75, 0x0a, 0x75, 0x2a, 0x7d, 0x0a, 0x7d,
        0x0a, 0x7d, 0x0a, 0x75, 0x0a, 0x75, 0x2a, 0x75, 0x29, 0x85, 0x49, 0x8d, 0x49, 0x85, 0x0a, 0x75, 0x0a, 0x6d, 0x0a, 0x6d,
        0x2a, 0x7d, 0x0a, 0x7d, 0x0a, 0x7d, 0x0a, 0x7d, 0xeb, 0x6c, 0xeb, 0x64, 0xeb, 0x64, 0xca, 0x5c, 0x2d, 0x85, 0xb7, 0xe6,
        0xb7, 0xe6, 0xd7, 0xe6, 0xd8, 0xee, 0x52, 0xc6, 0x69, 0x85, 0x0b, 0x75, 0xcb, 0x6c, 0xcb, 0x6c, 0x2a, 0x7d, 0x4a, 0x7d,
        0x2a, 0x7d, 0x4b, 0x85, 0x96, 0xa6, 0xb6, 0xae, 0xd6, 0xae, 0xd6, 0xae, 0xd6, 0xae, 0xd7, 0xae, 0xd7, 0xae, 0xd7, 0xae,
        0xd7, 0xae, 0xd7, 0xae, 0xd7, 0xae, 0xd7, 0xae, 0xd7, 0xae, 0xd7, 0xae, 0xd7, 0xae, 0xd7, 0xae, 0xd7, 0xae, 0xd7, 0xae,
        0xd7, 0xae, 0xd7, 0xae, 0xd7, 0xae, 0xd7, 0xae, 0xd7, 0xae, 0xd7, 0xae, 0xd7, 0xae, 0xd7, 0xae, 0xd7, 0xae, 0xd7, 0xae,
        0xd7, 0xae, 0xd7, 0xae, 0xd7, 0xae, 0xd7, 0xae, 0xd7, 0xae, 0xd7, 0xae, 0xd7, 0xae, 0xd7, 0xae, 0xd7, 0xae, 0xd7, 0xae,
        0xd7, 0xae, 0xd7, 0xae, 0xd7, 0xae, 0xd7, 0xae, 0xd7, 0xae, 0xd7, 0xae, 0xd7, 0xae, 0xd7, 0xae, 0xd7, 0xae, 0xd7, 0xae,
        0xd7, 0xae, 0xd7, 0xae, 0xd7, 0xae, 0xd7, 0xae, 0xd7, 0xae, 0xd7, 0xae, 0xd7, 0xae, 0xd7, 0xae, 0xd7, 0xae, 0xd7, 0xae,
        0xd7, 0xae, 0xd7, 0xae, 0xd7, 0xae, 0xd7, 0xae, 0xd7, 0xae, 0xd7, 0xae, 0xf8, 0xae, 0xc6, 0x29, 0x00, 0x00, 0x00, 0x00,
        0xc3, 0x18, 0xcf, 0x7b, 0xcf, 0x7b, 0xae, 0x73, 0x0f, 0x84, 0xb1, 0x94, 0x91, 0x94, 0xb1, 0x94, 0x55, 0xad, 0xd7, 0xbd,
        0xd7, 0xbd, 0xd7, 0xbd, 0x79, 0xce, 0x79, 0xd6, 0x99, 0xd6, 0x75, 0xad, 0x8a, 0x4a, 0x8b, 0x52, 0xab, 0x52, 0x45, 0x29,
        0x21, 0x00, 0x21, 0x00, 0x20, 0x00, 0x82, 0x00, 0x6a, 0x12, 0x6b, 0x1a, 0x8b, 0x1a, 0x0a, 0x1a, 0x06, 0x09, 0x26, 0x09,
        0x26, 0x09, 0x0a, 0x12, 0x8b, 0x1a, 0xd3, 0x0e, 0xf6, 0x07, 0xb5, 0x07, 0xce, 0x0c, 0x6b, 0x13, 0xac, 0x13, 0xac, 0x13,
        0xcd, 0x13, 0xcb, 0x1a, 0x2a, 0x22, 0x6b, 0x22, 0xb5, 0x16, 0xf8, 0x0f, 0xf7, 0x0f, 0x6f, 0x1c, 0x6b, 0x1a, 0xac, 0x1a,
        0xac, 0x1a, 0xac, 0x1a, 0x8b, 0x1a, 0x8b, 0x1a, 0x8b, 0x1a, 0x8b, 0x1a, 0x6b, 0x1a, 0x6b, 0x1a, 0x6b, 0x1a, 0x6b, 0x1a,
        0x6b, 0x1a, 0x6b, 0x1a, 0x6a, 0x1a, 0x09, 0x1a, 0xcd, 0x1b, 0xd7, 0x0f, 0xf7, 0x17, 0xb6, 0x17, 0x8d, 0x1b, 0xac, 0x22,
        0xcc, 0x1a, 0x6b, 0x1a, 0x51, 0x15, 0xf7, 0x07, 0xb7, 0x07, 0xb2, 0x0d, 0xe9, 0x19, 0xc9, 0x19, 0x2e, 0x1c, 0xf7, 0x07,
        0xf6, 0x07, 0x35, 0x0f, 0xec, 0x1a, 0x8b, 0x1a, 0xac, 0x1a, 0x6b, 0x1a, 0x53, 0x0e, 0xf8, 0x07, 0xf8, 0x07, 0xf1, 0x0c,
        0xc9, 0x19, 0xe9, 0x19, 0x0e, 0x14, 0xf6, 0x0f, 0xf6, 0x0f, 0xf5, 0x0e, 0x6b, 0x1a, 0x4b, 0x1a, 0x6b, 0x1a, 0x0a, 0x1a,
        0xf1, 0x1c, 0xf8, 0x07, 0xf8, 0x07, 0x10, 0x15, 0xe9, 0x19, 0x67, 0x09, 0xe5, 0x08, 0x05, 0x09, 0x06, 0x09, 0x2a, 0x1a,
        0x6b, 0x1a, 0x6b, 0x1a, 0x2a, 0x12, 0xe9, 0x11, 0xe9, 0x11, 0xc9, 0x11, 0xe9, 0x09, 0x0a, 0x0a, 0x46, 0x09, 0x21, 0x00,
        0x62, 0x00, 0x62, 0x00, 0x62, 0x00, 0x61, 0x00, 0x21, 0x00, 0xe4, 0x18, 0x0e, 0x63, 0x4f, 0x6b, 0x6f, 0x6b, 0xb0, 0x73,
        0x94, 0x8c, 0x74, 0x8c, 0x53, 0x84, 0x36, 0xa5, 0xd8, 0xbd, 0xb7, 0xbd, 0xb7, 0xbd, 0xb7, 0xbd, 0xb7, 0xbd, 0xd7, 0xbd,
        0xd8, 0xbd, 0xd8, 0xbd, 0xd7, 0xbd, 0xb7, 0xbd, 0x77, 0xb5, 0x56, 0xad, 0x56, 0xad, 0x97, 0xb5, 0xb7, 0xbd, 0xb7, 0xbd,
        0x56, 0xad, 0xa8, 0x29, 0x05, 0x19, 0x05, 0x19, 0xa3, 0x10, 0xa3, 0x10, 0xc3, 0x10, 0x83, 0x08, 0x62, 0x08, 0x62, 0x08,
        0x62, 0x08, 0xc4, 0x10, 0x46, 0x19, 0x67, 0x21, 0xe4, 0x10, 0x06, 0x32, 0x68, 0x3a, 0x88, 0x3a, 0x68, 0x3a, 0xd4, 0x95,
        0x18, 0xb7, 0xd7, 0xae, 0xd7, 0xae, 0xd7, 0xae, 0xd7, 0xae, 0xd7, 0xae, 0xd7, 0xae, 0xd7, 0xae, 0xd7, 0xae, 0xd7, 0xae,
        0xd7, 0xae, 0xd7, 0xae, 0xd7, 0xae, 0xd7, 0xae, 0xd7, 0xae, 0xd7, 0xae, 0xd7, 0xae, 0xd7, 0xae, 0xd7, 0xae, 0xd7, 0xae,
        0xd7, 0xae, 0xd7, 0xae, 0xd7, 0xae, 0xd7, 0xae, 0xd7, 0xae, 0xd7, 0xae, 0xd7, 0xae, 0xd7, 0xae, 0xd7, 0xae, 0xd7, 0xae,
        0xd7, 0xae, 0xf8, 0xae, 0xcd, 0x95, 0x49, 0x85, 0x49, 0x85, 0x49, 0x85, 0x29, 0x85, 0x29, 0x85, 0x29, 0x85, 0x0a, 0x7d,
        0x0a, 0x7d, 0x2a, 0x7d, 0x2a, 0x85, 0x2a, 0x7d, 0x2a, 0x75, 0x2a, 0x7d, 0x2a, 0x75, 0xeb, 0x6c, 0xab, 0x64, 0xcb, 0x64,
        0xcb, 0x64, 0x0a, 0x75, 0x0a, 0x7d, 0x0a, 0x75, 0x29, 0x7d, 0x29, 0x85, 0x29, 0x85, 0x0a, 0x75, 0x0a, 0x75, 0x0a, 0x75,
        0x2a, 0x7d, 0x0a, 0x75, 0x0a, 0x75, 0xea, 0x74, 0xca, 0x64, 0xeb, 0x64, 0xeb, 0x64, 0xca, 0x64, 0x2d, 0x85, 0xb6, 0xe6,
        0x96, 0xe6, 0xb7, 0xe6, 0xd8, 0xee, 0x33, 0xc6, 0x69, 0x7d, 0x0b, 0x75, 0xab, 0x64, 0xab, 0x6c, 0x0a, 0x75, 0x2a, 0x7d,
        0x2a, 0x7d, 0x2a, 0x7d, 0x6b, 0x85, 0x6c, 0x8d, 0x8c, 0x8d, 0x8b, 0x85, 0xce, 0x8d, 0xd7, 0xa6, 0xd7, 0xa6, 0xd7, 0xae,
        0xd7, 0xae, 0xd7, 0xae, 0xd7, 0xae, 0xd7, 0xae, 0xd7, 0xae, 0xd7, 0xae, 0xd7, 0xae, 0xd7, 0xae, 0xd7, 0xae, 0xd7, 0xae,
        0xd7, 0xae, 0xd7, 0xae, 0xd7, 0xae, 0xd7, 0xae, 0xd7, 0xae, 0xd7, 0xae, 0xd7, 0xae, 0xd7, 0xae, 0xf7, 0xae, 0xf7, 0xae,
        0xd7, 0xae, 0xd7, 0xae, 0xd7, 0xae, 0xd7, 0xae, 0xd7, 0xae, 0xd7, 0xae, 0xd7, 0xae, 0xd7, 0xae, 0xd7, 0xae, 0xd7, 0xae,
        0xd7, 0xae, 0xd7, 0xae, 0xd7, 0xae, 0xd7, 0xae, 0xd7, 0xae, 0xd7, 0xae, 0xd7, 0xae, 0xd7, 0xae, 0xd7, 0xae, 0xd7, 0xae,
        0xd7, 0xae, 0xd7, 0xae, 0xd7, 0xae, 0xd7, 0xae, 0xd7, 0xae, 0xd7, 0xae, 0xd7, 0xae, 0xd7, 0xae, 0xd7, 0xae, 0xd7, 0xae,
        0xd7, 0xae, 0xd7, 0xae, 0xd7, 0xae, 0xd7, 0xae, 0xd7, 0xae, 0xf7, 0xae, 0xf7, 0xae, 0xa6, 0x29, 0x00, 0x00, 0x00, 0x00,
        0x20, 0x00, 0x00, 0x00, 0x00, 0x00, 0x00, 0x00, 0x00, 0x00, 0x00, 0x00, 0x00, 0x00, 0x00, 0x00, 0x2d, 0x63, 0x18, 0xc6,
        0xb7, 0xbd, 0xf8, 0xc5, 0x9d, 0xff, 0xbd, 0xff, 0xbc, 0xff, 0x1b, 0xef, 0x97, 0xb5, 0x56, 0xad, 0x97, 0xb5, 0xcb, 0x5a,
        0x00, 0x00, 0x20, 0x00, 0x00, 0x00, 0x61, 0x00, 0x4b, 0x12, 0x6c, 0x12, 0x6c, 0x12, 0x0a, 0x12, 0x27, 0x09, 0x47, 0x09,
        0x47, 0x09, 0x0a, 0x1a, 0x6b, 0x22, 0xb3, 0x0e, 0xf5, 0x07, 0x74, 0x07, 0x74, 0x07, 0x95, 0x07, 0x95, 0x07, 0x96, 0x07,
        0xd7, 0x0f, 0x4f, 0x1c, 0x2a, 0x22, 0x8b, 0x22, 0xd5, 0x16, 0xf7, 0x17, 0xf7, 0x17, 0x2e, 0x1c, 0x4b, 0x1a, 0x8c, 0x1a,
        0xac, 0x1a, 0xac, 0x1a, 0xac, 0x1a, 0x8b, 0x1a, 0x8b, 0x1a, 0x8b, 0x1a, 0x8b, 0x1a, 0x8b, 0x1a, 0x8b, 0x1a, 0x8b, 0x1a,
        0x8b, 0x1a, 0x6b, 0x1a, 0x6b, 0x1a, 0x29, 0x1a, 0xcd, 0x1b, 0xd7, 0x0f, 0xf7, 0x17, 0xb6, 0x17, 0x8d, 0x1b, 0xac, 0x22,
        0xec, 0x1a, 0x8c, 0x1a, 0x51, 0x0d, 0xf7, 0x07, 0xf8, 0x07, 0xf3, 0x0d, 0x29, 0x1a, 0xe9, 0x19, 0x2e, 0x1c, 0xf7, 0x07,
        0xd7, 0x07, 0x15, 0x0f, 0xab, 0x1a, 0x6a, 0x1a, 0x8b, 0x1a, 0x4b, 0x1a, 0x33, 0x0e, 0xf8, 0x0f, 0xf8, 0x07, 0x51, 0x0d,
        0x09, 0x1a, 0x0a, 0x1a, 0x4e, 0x14, 0xf7, 0x0f, 0xd6, 0x0f, 0x75, 0x0f, 0xef, 0x14, 0xcf, 0x14, 0x10, 0x15, 0xaf, 0x14,
        0x32, 0x16, 0xf7, 0x0f, 0xf7, 0x07, 0xf0, 0x14, 0xe9, 0x19, 0x67, 0x09, 0xe5, 0x08, 0x06, 0x09, 0x26, 0x09, 0x2a, 0x1a,
        0x6b, 0x1a, 0x4b, 0x1a, 0x2a, 0x12, 0x0a, 0x12, 0xe9, 0x11, 0xe9, 0x11, 0xc8, 0x11, 0xe9, 0x11, 0xe4, 0x08, 0x00, 0x00,
        0x00, 0x00, 0x00, 0x08, 0x00, 0x08, 0x20, 0x00, 0x00, 0x00, 0x25, 0x21, 0x74, 0x8c, 0x53, 0x8c, 0x74, 0x8c, 0xd5, 0x9c,
        0x77, 0xb5, 0x76, 0xad, 0x56, 0xad, 0x97, 0xb5, 0xd7, 0xbd, 0xd7, 0xbd, 0xb7, 0xbd, 0xb7, 0xbd, 0xd7, 0xbd, 0xd7, 0xbd,
        0xd8, 0xbd, 0xd7, 0xbd, 0xd8, 0xbd, 0xd7, 0xbd, 0x77, 0xad, 0x36, 0xa5, 0x36, 0xad, 0x77, 0xb5, 0xb7, 0xbd, 0xd7, 0xbd,
        0x76, 0xb5, 0xe9, 0x31, 0x46, 0x19, 0x46, 0x19, 0x46, 0x19, 0x26, 0x19, 0x46, 0x19, 0xa3, 0x10, 0x00, 0x00, 0x00, 0x00,
        0x00, 0x00, 0xe4, 0x10, 0xa9, 0x21, 0xc9, 0x29, 0x05, 0x19, 0x00, 0x00, 0x00, 0x00, 0x00, 0x00, 0x00, 0x00, 0x12, 0x85,
        0x18, 0xb7, 0xd7, 0xae, 0xd7, 0xae, 0xd7, 0xae, 0xd7, 0xae, 0xd7, 0xae, 0xd7, 0xae, 0xd7, 0xae, 0xd7, 0xae, 0xd7, 0xae,
        0xd7, 0xae, 0xd7, 0xae, 0xd7, 0xae, 0xd7, 0xae, 0xd7, 0xae, 0xd7, 0xae, 0xd7, 0xae, 0xd7, 0xae, 0xd7, 0xae, 0xd7, 0xae,
        0xd7, 0xae, 0xd7, 0xae, 0xd7, 0xae, 0xd7, 0xae, 0xd7, 0xae, 0xd7, 0xae, 0xd7, 0xae, 0xd7, 0xae, 0xd7, 0xae, 0xd7, 0xae,
        0xf7, 0xae, 0xf8, 0xb6, 0xee, 0x95, 0x69, 0x8d, 0x6a, 0x8d, 0x4a, 0x85, 0x29, 0x85, 0x29, 0x85, 0x29, 0x85, 0xea, 0x74,
        0xea, 0x74, 0x2a, 0x7d, 0x2a, 0x85, 0x2a, 0x7d, 0x2a, 0x75, 0x2a, 0x75, 0x2a, 0x7d, 0xeb, 0x64, 0xab, 0x54, 0xab, 0x5c,
        0xcb, 0x64, 0x2a, 0x7d, 0x2a, 0x7d, 0x2a, 0x7d, 0x0a, 0x7d, 0x0a, 0x7d, 0x0a, 0x7d, 0x0a, 0x7d, 0x0a, 0x75, 0xea, 0x74,
        0x2a, 0x7d, 0x0a, 0x7d, 0xea, 0x7c, 0xea, 0x7c, 0xca, 0x64, 0xca, 0x5c, 0xca, 0x64, 0xaa, 0x5c, 0x2d, 0x85, 0xb6, 0xe6,
        0x96, 0xe6, 0xb7, 0xe6, 0xd8, 0xee, 0x13, 0xbe, 0xe9, 0x74, 0xaa, 0x6c, 0xaa, 0x64, 0xaa, 0x64, 0x0a, 0x75, 0x2a, 0x7d,
        0x2a, 0x7d, 0x2a, 0x7d, 0x29, 0x85, 0x4a, 0x85, 0x4a, 0x85, 0x49, 0x7d, 0x8d, 0x85, 0xd8, 0xae, 0xf8, 0xae, 0xf8, 0xae,
        0xd7, 0xae, 0xd7, 0xae, 0xd7, 0xae, 0xd7, 0xae, 0xd7, 0xae, 0xd7, 0xae, 0xd7, 0xae, 0xd7, 0xae, 0xd7, 0xae, 0xd7, 0xae,
        0xd7, 0xae, 0xd7, 0xae, 0xf7, 0xae, 0xf7, 0xae, 0xf7, 0xae, 0xd7, 0xae, 0xd7, 0xae, 0xd7, 0xae, 0xd7, 0xae, 0xd7, 0xae,
        0xd7, 0xae, 0xd7, 0xae, 0xd7, 0xae, 0xd7, 0xae, 0xd7, 0xae, 0xd7, 0xae, 0xd7, 0xae, 0xd7, 0xae, 0xd7, 0xae, 0xd7, 0xae,
        0xd7, 0xae, 0xd7, 0xae, 0xd7, 0xae, 0xd7, 0xae, 0xd7, 0xae, 0xd7, 0xae, 0xd7, 0xae, 0xd7, 0xae, 0xd7, 0xae, 0xd7, 0xae,
        0xd7, 0xae, 0xd7, 0xae, 0xd7, 0xae, 0xd7, 0xae, 0xd7, 0xae, 0xd7, 0xae, 0xd7, 0xae, 0xd7, 0xae, 0xd7, 0xae, 0xd7, 0xae,
        0xd7, 0xae, 0xd7, 0xae, 0xd7, 0xae, 0xd7, 0xae, 0xd7, 0xae, 0xf7, 0xae, 0xf8, 0xb6, 0x85, 0x21, 0x00, 0x00, 0x00, 0x00,
        0x00, 0x00, 0x00, 0x00, 0x00, 0x00, 0x00, 0x00, 0x00, 0x00, 0x00, 0x00, 0x00, 0x00, 0x00, 0x00, 0x6e, 0x6b, 0x39, 0xc6,
        0xd8, 0xbd, 0x18, 0xc6, 0x7c, 0xf7, 0x9c, 0xff, 0x9c, 0xff, 0x1a, 0xe7, 0xf5, 0xa4, 0xf5, 0x9c, 0x36, 0xad, 0xec, 0x5a,
        0x00, 0x00, 0x00, 0x00, 0x00, 0x00, 0x41, 0x00, 0xcd, 0x12, 0xee, 0x1a, 0xcd, 0x1a, 0x6c, 0x1a, 0x67, 0x09, 0x68, 0x09,
        0x67, 0x09, 0x09, 0x12, 0x2b, 0x1a, 0xb4, 0x16, 0xf7, 0x07, 0xb5, 0x07, 0xb5, 0x07, 0xd5, 0x07, 0xf6, 0x07, 0xf7, 0x07,
        0xf9, 0x0f, 0x70, 0x1c, 0x4a, 0x22, 0x8b, 0x22, 0xd5, 0x1e, 0xf7, 0x17, 0xf7, 0x17, 0xcd, 0x1b, 0xca, 0x21, 0x2b, 0x1a,
        0x4b, 0x1a, 0x4b, 0x1a, 0x4b, 0x1a, 0x6b, 0x1a, 0x8b, 0x1a, 0x8b, 0x1a, 0x8b, 0x1a, 0x8b, 0x1a, 0x8b, 0x1a, 0x8b, 0x1a,
        0x8b, 0x1a, 0x8b, 0x1a, 0x6b, 0x1a, 0x2a, 0x1a, 0xcd, 0x1b, 0xd7, 0x0f, 0xd7, 0x0f, 0xb6, 0x17, 0x2c, 0x23, 0x4b, 0x22,
        0x8c, 0x22, 0x4c, 0x1a, 0x31, 0x15, 0xf8, 0x0f, 0xf8, 0x0f, 0x74, 0x16, 0x6a, 0x1a, 0x09, 0x1a, 0x4e, 0x1c, 0xf7, 0x07,
        0xf6, 0x07, 0xd4, 0x16, 0x29, 0x1a, 0xe9, 0x19, 0x0a, 0x1a, 0xc9, 0x19, 0x12, 0x0e, 0xf8, 0x0f, 0xf9, 0x0f, 0x93, 0x15,
        0x2a, 0x1a, 0x2a, 0x1a, 0x6f, 0x1c, 0xf9, 0x0f, 0xf7, 0x0f, 0xd6, 0x07, 0xf6, 0x07, 0xf7, 0x07, 0xf7, 0x07, 0xf7, 0x0f,
        0xf7, 0x0f, 0xf7, 0x0f, 0xf9, 0x0f, 0x11, 0x15, 0xe9, 0x19, 0x67, 0x11, 0x06, 0x09, 0x26, 0x09, 0x27, 0x09, 0x4b, 0x1a,
        0xad, 0x22, 0x8c, 0x1a, 0x6c, 0x1a, 0x4b, 0x12, 0x2a, 0x12, 0x0a, 0x12, 0xe9, 0x11, 0xe9, 0x11, 0xe4, 0x08, 0x00, 0x00,
        0x00, 0x00, 0x00, 0x00, 0x00, 0x00, 0x00, 0x00, 0x00, 0x00, 0x04, 0x19, 0x33, 0x84, 0x12, 0x7c, 0x12, 0x84, 0x73, 0x8c,
        0xd7, 0xbd, 0xd8, 0xbd, 0xf8, 0xc5, 0xd8, 0xbd, 0xd7, 0xbd, 0xd7, 0xbd, 0xd7, 0xbd, 0xb7, 0xbd, 0xb7, 0xbd, 0xd7, 0xbd,
        0xd7, 0xbd, 0xd7, 0xbd, 0xd8, 0xbd, 0xd8, 0xbd, 0xb7, 0xbd, 0x97, 0xb5, 0x97, 0xb5, 0xb7, 0xbd, 0xf8, 0xc5, 0xf8, 0xc5,
        0xd7, 0xbd, 0xe9, 0x31, 0x47, 0x19, 0x46, 0x19, 0x46, 0x19, 0x26, 0x19, 0x26, 0x19, 0xa3, 0x08, 0x00, 0x00, 0x00, 0x00,
        0x00, 0x00, 0x41, 0x00, 0xc4, 0x10, 0xe5, 0x10, 0x83, 0x08, 0x20, 0x00, 0x40, 0x00, 0x40, 0x00, 0x00, 0x00, 0x11, 0x7d,
        0x18, 0xaf, 0xd7, 0xa6, 0xd7, 0xa6, 0xd7, 0xa6, 0xd7, 0xae, 0xd7, 0xae, 0xd7, 0xae, 0xd7, 0xae, 0xd7, 0xae, 0xd7, 0xae,
        0xd7, 0xae, 0xd7, 0xae, 0xd7, 0xae, 0xd7, 0xae, 0xd7, 0xae, 0xd7, 0xae, 0xd7, 0xae, 0xd7, 0xae, 0xd7, 0xae, 0xd7, 0xae,
        0xd7, 0xae, 0xd7, 0xae, 0xd7, 0xae, 0xd7, 0xae, 0xd7, 0xae, 0xd7, 0xae, 0xd7, 0xae, 0xd7, 0xae, 0xf7, 0xae, 0xf8, 0xae,
        0xf8, 0xb6, 0x19, 0xb7, 0xee, 0x95, 0x69, 0x85, 0x6a, 0x85, 0x4a, 0x85, 0x29, 0x85, 0x29, 0x85, 0x09, 0x85, 0xca, 0x74,
        0xea, 0x74, 0x29, 0x85, 0x49, 0x85, 0x49, 0x85, 0x2a, 0x75, 0x2a, 0x75, 0x2a, 0x7d, 0x0b, 0x6d, 0xab, 0x5c, 0xab, 0x5c,
        0xcb, 0x64, 0x2a, 0x7d, 0x2a, 0x7d, 0x2a, 0x7d, 0x0a, 0x7d, 0x0a, 0x7d, 0x0a, 0x7d, 0x0a, 0x75, 0x0a, 0x75, 0xea, 0x74,
        0x2a, 0x7d, 0xea, 0x6c, 0xaa, 0x64, 0xaa, 0x64, 0x8a, 0x5c, 0x4e, 0x85, 0xf1, 0xb5, 0xd1, 0xad, 0x13, 0xbe, 0xb7, 0xe6,
        0xb7, 0xe6, 0xb7, 0xe6, 0xd8, 0xe6, 0x55, 0xce, 0xb0, 0xad, 0x4f, 0xa5, 0xed, 0x94, 0xee, 0x94, 0x0b, 0x85, 0x2a, 0x7d,
        0x2a, 0x7d, 0x4a, 0x85, 0x4a, 0x85, 0x4a, 0x85, 0x4a, 0x85, 0x2a, 0x85, 0x6b, 0x85, 0x32, 0x96, 0x32, 0x9e, 0x53, 0x9e,
        0xd7, 0xae, 0xd7, 0xae, 0xf7, 0xae, 0xf7, 0xae, 0xd7, 0xae, 0xd7, 0xae, 0xd7, 0xae, 0xd7, 0xae, 0xd7, 0xae, 0xd7, 0xae,
        0xd7, 0xae, 0xd7, 0xae, 0xd7, 0xae, 0xd7, 0xae, 0xf7, 0xae, 0xf7, 0xae, 0xd7, 0xae, 0xd7, 0xae, 0xd7, 0xae, 0xf7, 0xae,
        0xd7, 0xae, 0xd7, 0xae, 0xd7, 0xae, 0xd7, 0xae, 0xd7, 0xae, 0xd7, 0xae, 0xd7, 0xae, 0xd7, 0xae, 0xd7, 0xae, 0xd7, 0xae,
        0xd7, 0xae, 0xd7, 0xae, 0xd7, 0xae, 0xd7, 0xae, 0xd7, 0xae, 0xd7, 0xae, 0xd7, 0xae, 0xd7, 0xae, 0xd7, 0xae, 0xd7, 0xae,
        0xd7, 0xae, 0xd7, 0xae, 0xd7, 0xae, 0xd7, 0xae, 0xf7, 0xae, 0xd7, 0xae, 0xd7, 0xae, 0xd7, 0xae, 0xd7, 0xae, 0xd7, 0xae,
        0xd7, 0xae, 0xd7, 0xae, 0xd7, 0xae, 0xd7, 0xae, 0xd7, 0xae, 0xf8, 0xb6, 0xf8, 0xb6, 0xf0, 0x7c, 0x2e, 0x6c, 0x2e, 0x64,
        0x2e, 0x64, 0x2e, 0x64, 0x2e, 0x64, 0x4f, 0x74, 0x07, 0x3a, 0x00, 0x00, 0x20, 0x00, 0x00, 0x00, 0x51, 0x8c, 0xde, 0xff,
        0x5b, 0xf7, 0x5b, 0xf7, 0x9b, 0xf7, 0x7b, 0xf7, 0x9b, 0xff, 0x5b, 0xf7, 0x79, 0xd6, 0x79, 0xd6, 0x9a, 0xde, 0x96, 0xb5,
        0x4d, 0x6b, 0x4e, 0x6b, 0x6e, 0x6b, 0x0c, 0x63, 0x66, 0x11, 0x46, 0x09, 0x46, 0x09, 0x25, 0x09, 0xa3, 0x08, 0xa3, 0x08,
        0x83, 0x08, 0xe9, 0x11, 0x0a, 0x1a, 0xee, 0x1b, 0xaf, 0x0c, 0x8f, 0x14, 0x91, 0x1d, 0xd2, 0x15, 0xf3, 0x1d, 0xf3, 0x1d,
        0x34, 0x1e, 0xce, 0x23, 0x4b, 0x22, 0x8c, 0x22, 0x15, 0x1f, 0xf7, 0x17, 0xd6, 0x0f, 0x73, 0x16, 0x91, 0x15, 0xd1, 0x0d,
        0xf2, 0x0d, 0xf2, 0x0d, 0x12, 0x0e, 0xce, 0x1b, 0x4b, 0x1a, 0x8b, 0x1a, 0x8b, 0x1a, 0x8b, 0x1a, 0x8b, 0x1a, 0x8b, 0x1a,
        0x8b, 0x1a, 0x8b, 0x1a, 0x8b, 0x1a, 0x4b, 0x22, 0x0e, 0x1c, 0xf7, 0x0f, 0xd7, 0x0f, 0xd7, 0x0f, 0xd1, 0x15, 0x30, 0x15,
        0x51, 0x15, 0x30, 0x15, 0xb3, 0x0e, 0xf8, 0x0f, 0xf9, 0x0f, 0x72, 0x15, 0x4b, 0x1a, 0x2a, 0x1a, 0x6f, 0x1c, 0xf8, 0x0f,
        0xf7, 0x0f, 0x34, 0x0f, 0x0f, 0x0d, 0xce, 0x0c, 0xef, 0x0c, 0xef, 0x0c, 0x14, 0x0f, 0xf8, 0x0f, 0xf9, 0x0f, 0x52, 0x15,
        0x0a, 0x1a, 0x4a, 0x1a, 0x4d, 0x1b, 0xf0, 0x14, 0x93, 0x0e, 0xf7, 0x07, 0xf6, 0x07, 0xf7, 0x07, 0xf7, 0x07, 0xf8, 0x0f,
        0x56, 0x17, 0x30, 0x15, 0x11, 0x15, 0xae, 0x1b, 0x4a, 0x1a, 0x88, 0x11, 0x06, 0x09, 0x27, 0x09, 0x26, 0x09, 0x26, 0x09,
        0x26, 0x11, 0x26, 0x11, 0x05, 0x09, 0x05, 0x09, 0xe4, 0x08, 0xc4, 0x08, 0xc3, 0x08, 0xa3, 0x00, 0xa8, 0x29, 0x8b, 0x4a,
        0x8b, 0x4a, 0x8b, 0x52, 0x8b, 0x52, 0x6e, 0x6b, 0xae, 0x73, 0xf0, 0x83, 0x16, 0xa5, 0xf5, 0x9c, 0xf5, 0x9c, 0x15, 0xa5,
        0xb7, 0xb5, 0xb7, 0xbd, 0xd7, 0xbd, 0xd7, 0xbd, 0xd7, 0xbd, 0xd7, 0xbd, 0xd7, 0xbd, 0xd7, 0xbd, 0xd7, 0xbd, 0xd7, 0xbd,
        0xd8, 0xbd, 0xd8, 0xbd, 0xf8, 0xbd, 0x18, 0xc6, 0xf4, 0x9c, 0xed, 0x5a, 0xed, 0x5a, 0x6f, 0x6b, 0xd0, 0x73, 0xb0, 0x73,
        0x8f, 0x73, 0xa8, 0x29, 0x46, 0x19, 0x46, 0x19, 0x46, 0x19, 0x26, 0x19, 0x46, 0x19, 0xa3, 0x08, 0x00, 0x00, 0x00, 0x00,
        0x00, 0x00, 0x00, 0x00, 0x00, 0x00, 0x20, 0x00, 0x20, 0x00, 0x00, 0x00, 0x00, 0x00, 0x00, 0x00, 0x00, 0x00, 0xf1, 0x7c,
        0xf8, 0xae, 0xb7, 0xa6, 0xd7, 0xa6, 0xd7, 0xa6, 0xd7, 0xae, 0xd7, 0xae, 0xd7, 0xae, 0xd7, 0xae, 0xd7, 0xae, 0xd7, 0xae,
        0xd7, 0xae, 0xd7, 0xae, 0xd7, 0xae, 0xd7, 0xae, 0xd7, 0xae, 0xd7, 0xae, 0xd7, 0xae, 0xd7, 0xae, 0xd7, 0xae, 0xd7, 0xae,
        0xd7, 0xae, 0xd7, 0xae, 0xd7, 0xae, 0xf7, 0xae, 0xd7, 0xae, 0xf7, 0xae, 0xf7, 0xae, 0xf8, 0xae, 0x94, 0xa6, 0xf0, 0x95,
        0x10, 0x96, 0x11, 0x96, 0x8b, 0x8d, 0x49, 0x85, 0x49, 0x85, 0x2a, 0x85, 0xca, 0x6c, 0xaa, 0x6c, 0xaa, 0x6c, 0xab, 0x6c,
        0xea, 0x74, 0xea, 0x74, 0x0a, 0x75, 0x0a, 0x75, 0x2a, 0x75, 0x2a, 0x75, 0x2a, 0x7d, 0x0b, 0x6d, 0xab, 0x5c, 0xab, 0x5c,
        0xcb, 0x64, 0x2a, 0x7d, 0x2a, 0x7d, 0x2a, 0x7d, 0x0a, 0x7d, 0x0a, 0x7d, 0x0a, 0x75, 0x0a, 0x75, 0x0a, 0x75, 0x0a, 0x75,
        0x2a, 0x7d, 0xcb, 0x64, 0xab, 0x54, 0x8b, 0x54, 0x6a, 0x54, 0xf2, 0xad, 0xf8, 0xf6, 0xd7, 0xee, 0xd7, 0xee, 0xb7, 0xe6,
        0xb7, 0xe6, 0xb7, 0xe6, 0xb7, 0xe6, 0xb7, 0xe6, 0xd7, 0xee, 0x55, 0xde, 0x93, 0xcd, 0x93, 0xcd, 0x2d, 0x9d, 0x2a, 0x7d,
        0x4a, 0x85, 0x4a, 0x85, 0x4a, 0x85, 0x4a, 0x85, 0x4a, 0x85, 0x2a, 0x7d, 0x29, 0x7d, 0x29, 0x7d, 0x29, 0x7d, 0x2a, 0x85,
        0xb6, 0xae, 0xf8, 0xae, 0xd7, 0xae, 0xd7, 0xae, 0xd7, 0xae, 0xd7, 0xae, 0xd7, 0xae, 0xd7, 0xae, 0xd7, 0xae, 0xd7, 0xae,
        0xd7, 0xae, 0xd7, 0xae, 0xd7, 0xae, 0xd7, 0xae, 0xf7, 0xae, 0xd7, 0xae, 0xf7, 0xae, 0xf7, 0xae, 0xf7, 0xae, 0xd7, 0xae,
        0xd7, 0xae, 0xd7, 0xae, 0xf7, 0xae, 0xd7, 0xae, 0xd7, 0xae, 0xd7, 0xae, 0xf7, 0xae, 0xd7, 0xae, 0xd7, 0xae, 0xd7, 0xae,
        0xd7, 0xae, 0xd7, 0xae, 0xd7, 0xae, 0xd7, 0xae, 0xd7, 0xae, 0xd7, 0xae, 0xd7, 0xae, 0xd7, 0xae, 0xd7, 0xae, 0xd7, 0xae,
        0xd7, 0xae, 0xd7, 0xae, 0xd7, 0xae, 0xd7, 0xae, 0xd7, 0xae, 0xd7, 0xae, 0xd7, 0xae, 0xd7, 0xae, 0xd7, 0xae, 0xd7, 0xae,
        0xd7, 0xae, 0xd7, 0xae, 0xd7, 0xae, 0xd7, 0xae, 0xd7, 0xae, 0xd7, 0xae, 0xf7, 0xae, 0x38, 0xb7, 0x39, 0xb7, 0x38, 0xb7,
        0x38, 0xaf, 0x59, 0xb7, 0x19, 0xb7, 0x9a, 0xc7, 0x8d, 0x63, 0x00, 0x00, 0x00, 0x00, 0x00, 0x00, 0x91, 0x94, 0xfe, 0xff,
        0x9c, 0xff, 0x9b, 0xff, 0x9b, 0xf7, 0x9b, 0xf7, 0x9c, 0xf7, 0x9c, 0xff, 0xbd, 0xff, 0xbd, 0xff, 0xdd, 0xff, 0x3b, 0xef,
        0xb7, 0xbd, 0xd8, 0xbd, 0xf9, 0xc5, 0x55, 0xad, 0x41, 0x08, 0x00, 0x00, 0x00, 0x00, 0x00, 0x00, 0x00, 0x00, 0x00, 0x00,
        0x00, 0x00, 0xa8, 0x11, 0xe9, 0x11, 0x68, 0x11, 0x47, 0x11, 0xc9, 0x19, 0x4b, 0x22, 0x8c, 0x22, 0xac, 0x22, 0xac, 0x22,
        0xac, 0x22, 0x8c, 0x22, 0x6b, 0x22, 0x8c, 0x22, 0x54, 0x1e, 0x14, 0x1f, 0x95, 0x0f, 0xb5, 0x07, 0xb5, 0x07, 0x95, 0x07,
        0xb5, 0x07, 0xb6, 0x07, 0xf6, 0x0f, 0x6f, 0x14, 0x2a, 0x1a, 0x8b, 0x1a, 0x6b, 0x1a, 0x8b, 0x1a, 0x6b, 0x1a, 0x6b, 0x1a,
        0x6b, 0x1a, 0x6b, 0x1a, 0x8b, 0x1a, 0x6b, 0x22, 0x0e, 0x1c, 0xf7, 0x17, 0xd6, 0x17, 0xf7, 0x07, 0xf7, 0x07, 0xf6, 0x07,
        0xd6, 0x07, 0xf7, 0x07, 0xf4, 0x0e, 0xcf, 0x14, 0x11, 0x15, 0x6d, 0x1b, 0x6b, 0x22, 0x4b, 0x1a, 0x4d, 0x1b, 0xcf, 0x14,
        0x4d, 0x1c, 0x93, 0x0e, 0x95, 0x07, 0x95, 0x07, 0x96, 0x07, 0xf7, 0x07, 0xd6, 0x07, 0xf4, 0x16, 0xd6, 0x16, 0x70, 0x14,
        0x2a, 0x1a, 0x6a, 0x1a, 0x4a, 0x1a, 0xc8, 0x19, 0x8d, 0x13, 0x54, 0x16, 0x33, 0x16, 0x33, 0x16, 0x54, 0x16, 0x74, 0x16,
        0x52, 0x1d, 0x2a, 0x1a, 0x2a, 0x1a, 0x6b, 0x1a, 0x8b, 0x1a, 0xa9, 0x11, 0x26, 0x09, 0x06, 0x09, 0x05, 0x09, 0x00, 0x00,
        0x00, 0x00, 0x00, 0x00, 0x00, 0x00, 0x00, 0x00, 0x00, 0x00, 0x00, 0x00, 0x00, 0x00, 0x00, 0x00, 0x6b, 0x4a, 0x94, 0x8c,
        0x53, 0x84, 0x73, 0x84, 0x73, 0x84, 0xd8, 0xbd, 0x59, 0xce, 0x19, 0xc6, 0xd8, 0xbd, 0xd7, 0xbd, 0xb7, 0xbd, 0xb7, 0xbd,
        0xb7, 0xbd, 0xb7, 0xbd, 0xb7, 0xbd, 0xd7, 0xbd, 0xd7, 0xbd, 0xd7, 0xbd, 0xd8, 0xbd, 0xd8, 0xbd, 0xd8, 0xbd, 0xd8, 0xbd,
        0xd8, 0xbd, 0xd8, 0xbd, 0xf8, 0xc5, 0x39, 0xce, 0x31, 0x84, 0xe5, 0x08, 0x06, 0x11, 0x05, 0x11, 0x05, 0x11, 0x06, 0x11,
        0x26, 0x11, 0x46, 0x19, 0x46, 0x19, 0x46, 0x19, 0x46, 0x19, 0x26, 0x19, 0x46, 0x19, 0xc4, 0x10, 0x20, 0x00, 0x21, 0x00,
        0x21, 0x00, 0x20, 0x00, 0x20, 0x00, 0x20, 0x00, 0x41, 0x08, 0x27, 0x32, 0x88, 0x42, 0x68, 0x3a, 0x47, 0x3a, 0xb3, 0x8d,
        0xf7, 0xa6, 0xd7, 0xa6, 0xd7, 0xa6, 0xd7, 0xae, 0xd7, 0xae, 0xd7, 0xae, 0xd7, 0xae, 0xd7, 0xae, 0xd7, 0xae, 0xd7, 0xae,
        0xd7, 0xae, 0xd7, 0xae, 0xd7, 0xae, 0xd7, 0xae, 0xd7, 0xae, 0xd7, 0xae, 0xd7, 0xae, 0xd7, 0xae, 0xd7, 0xae, 0xd7, 0xae,
        0xd7, 0xae, 0xd7, 0xae, 0xd7, 0xae, 0xd7, 0xae, 0xd7, 0xae, 0xd7, 0xae, 0xd7, 0xae, 0x18, 0xb7, 0x32, 0x96, 0x09, 0x75,
        0x29, 0x7d, 0x09, 0x75, 0x29, 0x85, 0x29, 0x85, 0x29, 0x85, 0x09, 0x7d, 0x6b, 0x5c, 0x4b, 0x54, 0x6b, 0x54, 0xaa, 0x64,
        0xca, 0x6c, 0xcb, 0x6c, 0xcb, 0x6c, 0xeb, 0x6c, 0x2a, 0x7d, 0x2a, 0x75, 0x2a, 0x7d, 0xeb, 0x6c, 0x8b, 0x5c, 0xab, 0x5c,
        0xcb, 0x5c, 0x2a, 0x75, 0x2a, 0x75, 0x2a, 0x75, 0x2a, 0x75, 0x2a, 0x7d, 0x0a, 0x7d, 0x0a, 0x75, 0x0a, 0x75, 0x2a, 0x75,
        0x2a, 0x7d, 0xcb, 0x64, 0xab, 0x5c, 0xab, 0x5c, 0x8a, 0x54, 0xd2, 0xad, 0xb7, 0xee, 0xb7, 0xe6, 0xb7, 0xe6, 0xb7, 0xe6,
        0xb7, 0xe6, 0xb7, 0xe6, 0xb7, 0xe6, 0xb7, 0xe6, 0xb6, 0xe6, 0x55, 0xde, 0x73, 0xc5, 0x93, 0xcd, 0x4e, 0x9d, 0x4a, 0x85,
        0x4a, 0x85, 0x4a, 0x85, 0x4a, 0x85, 0x4a, 0x85, 0x2a, 0x85, 0x2a, 0x85, 0x4a, 0x85, 0x4a, 0x85, 0x49, 0x85, 0x6a, 0x85,
        0xb6, 0xae, 0xf8, 0xae, 0xd7, 0xae, 0xd7, 0xae, 0xd7, 0xae, 0xd7, 0xae, 0xd7, 0xae, 0xd7, 0xae, 0xd7, 0xae, 0xf7, 0xae,
        0xd7, 0xae, 0xf7, 0xae, 0xf7, 0xae, 0xf7, 0xae, 0xd7, 0xae, 0xd7, 0xae, 0xd7, 0xae, 0xd7, 0xae, 0xd7, 0xae, 0xd7, 0xae,
        0xd7, 0xae, 0xf7, 0xae, 0xd7, 0xae, 0xd7, 0xae, 0xd7, 0xae, 0xd7, 0xae, 0xf7, 0xae, 0xd7, 0xae, 0xd7, 0xae, 0xd7, 0xae,
        0xd7, 0xae, 0xd7, 0xae, 0xd7, 0xae, 0xd7, 0xae, 0xd7, 0xae, 0xd7, 0xae, 0xd7, 0xae, 0xd7, 0xae, 0xd7, 0xae, 0xd7, 0xae,
        0xd7, 0xae, 0xd7, 0xae, 0xd7, 0xae, 0xd7, 0xae, 0xd7, 0xae, 0xd7, 0xae, 0xd7, 0xae, 0xd7, 0xae, 0xd7, 0xae, 0xd7, 0xae,
        0xd7, 0xae, 0xd7, 0xae, 0xd7, 0xae, 0xd7, 0xae, 0xd7, 0xae, 0xd7, 0xae, 0xd7, 0xae, 0xd7, 0xae, 0xd7, 0xae, 0x18, 0xaf,
        0x55, 0x9e, 0x88, 0x3a, 0x27, 0x32, 0x27, 0x3a, 0xe7, 0x39, 0x8d, 0x73, 0x8d, 0x73, 0x4c, 0x6b, 0x17, 0xc6, 0xdd, 0xff,
        0x9c, 0xf7, 0x9c, 0xf7, 0x9c, 0xf7, 0x9c, 0xf7, 0x9c, 0xff, 0x9c, 0xff, 0x9c, 0xff, 0xbc, 0xff, 0xbc, 0xff, 0xfa, 0xe6,
        0x36, 0xad, 0x56, 0xad, 0x77, 0xb5, 0xf4, 0xa4, 0x41, 0x08, 0x00, 0x00, 0x00, 0x00, 0x00, 0x00, 0x00, 0x00, 0x00, 0x00,
        0x00, 0x00, 0x88, 0x11, 0xe9, 0x11, 0xa8, 0x11, 0xa8, 0x11, 0x2a, 0x1a, 0xac, 0x22, 0xcc, 0x22, 0xcd, 0x22, 0xcd, 0x22,
        0xcc, 0x22, 0xac, 0x22, 0x6b, 0x22, 0x6b, 0x22, 0x8c, 0x1a, 0x8a, 0x1a, 0x53, 0x0e, 0xf6, 0x07, 0xb5, 0x07, 0xb5, 0x07,
        0xb5, 0x07, 0xb5, 0x07, 0xf6, 0x0f, 0x2e, 0x14, 0x0a, 0x1a, 0x6b, 0x1a, 0x6b, 0x1a, 0x6b, 0x1a, 0x6b, 0x1a, 0x6b, 0x1a,
        0x6b, 0x1a, 0x6b, 0x1a, 0x8b, 0x1a, 0x4b, 0x22, 0x0e, 0x1c, 0xf8, 0x17, 0xd6, 0x17, 0xf6, 0x0f, 0xf6, 0x07, 0xf5, 0x07,
        0xd5, 0x07, 0xd7, 0x07, 0xd2, 0x0d, 0xe8, 0x19, 0x2a, 0x1a, 0x6b, 0x1a, 0x8b, 0x1a, 0x6b, 0x1a, 0x2a, 0x1a, 0xc9, 0x19,
        0xa8, 0x19, 0xf2, 0x15, 0xd6, 0x07, 0xb5, 0x07, 0xb6, 0x07, 0xf8, 0x07, 0x96, 0x0f, 0x0b, 0x13, 0x6a, 0x1a, 0x6b, 0x1a,
        0x4b, 0x1a, 0x4a, 0x1a, 0x2a, 0x1a, 0x09, 0x12, 0x09, 0x12, 0x09, 0x12, 0xe9, 0x11, 0x09, 0x12, 0x2a, 0x1a, 0x4a, 0x12,
        0x6b, 0x12, 0x6b, 0x1a, 0x8b, 0x1a, 0x8c, 0x1a, 0x8c, 0x22, 0xa9, 0x11, 0x26, 0x09, 0x06, 0x09, 0xe5, 0x08, 0x00, 0x00,
        0x00, 0x00, 0x00, 0x00, 0x00, 0x00, 0x00, 0x00, 0x00, 0x00, 0x00, 0x00, 0x00, 0x00, 0x00, 0x00, 0x2a, 0x42, 0x33, 0x7c,
        0xf2, 0x7b, 0xf2, 0x7b, 0xf1, 0x7b, 0x76, 0xad, 0xd8, 0xbd, 0xb7, 0xbd, 0xb7, 0xbd, 0xb7, 0xbd, 0xb7, 0xbd, 0xb7, 0xbd,
        0xb7, 0xbd, 0xb7, 0xbd, 0xd7, 0xbd, 0xd7, 0xbd, 0xd7, 0xbd, 0xd7, 0xbd, 0xd8, 0xbd, 0xf8, 0xc5, 0xf8, 0xc5, 0xf8, 0xc5,
        0xf8, 0xc5, 0xf8, 0xc5, 0xf8, 0xc5, 0x39, 0xce, 0x32, 0x84, 0x26, 0x19, 0x46, 0x21, 0x46, 0x19, 0x46, 0x19, 0x46, 0x19,
        0x46, 0x19, 0x46, 0x19, 0x46, 0x19, 0x46, 0x19, 0x46, 0x19, 0x46, 0x19, 0x46, 0x19, 0x46, 0x19, 0x46, 0x19, 0x46, 0x19,
        0x46, 0x21, 0x82, 0x08, 0x20, 0x00, 0x00, 0x00, 0x81, 0x08, 0x36, 0x9e, 0x59, 0xbf, 0x18, 0xb7, 0x18, 0xaf, 0xd7, 0xa6,
        0xb7, 0xa6, 0xd7, 0xa6, 0xd7, 0xae, 0xd7, 0xae, 0xd7, 0xae, 0xd7, 0xae, 0xd7, 0xae, 0xd7, 0xae, 0xd7, 0xae, 0xd7, 0xae,
        0xd7, 0xae, 0xd7, 0xae, 0xd7, 0xae, 0xd7, 0xae, 0xd7, 0xae, 0xd7, 0xae, 0xd7, 0xae, 0xf7, 0xae, 0xd7, 0xae, 0xd7, 0xae,
        0xd7, 0xae, 0xd7, 0xae, 0xd7, 0xae, 0xd7, 0xae, 0xd7, 0xae, 0xd7, 0xae, 0xd7, 0xae, 0xf8, 0xae, 0x32, 0x96, 0x09, 0x7d,
        0x2a, 0x7d, 0x0a, 0x7d, 0x29, 0x7d, 0x29, 0x85, 0x29, 0x85, 0x09, 0x7d, 0x6a, 0x5c, 0x6b, 0x54, 0x6b, 0x54, 0xaa, 0x64,
        0xca, 0x6c, 0xca, 0x6c, 0xcb, 0x6c, 0xea, 0x6c, 0x2a, 0x7d, 0x2a, 0x75, 0x2a, 0x7d, 0xeb, 0x6c, 0x8b, 0x5c, 0x8b, 0x5c,
        0xab, 0x5c, 0x2a, 0x75, 0x2a, 0x75, 0x2a, 0x75, 0x2a, 0x7d, 0x2a, 0x7d, 0x2a, 0x7d, 0x2a, 0x75, 0x2a, 0x75, 0x2a, 0x7d,
        0x2a, 0x7d, 0xcb, 0x64, 0xab, 0x5c, 0xab, 0x5c, 0x6a, 0x54, 0xd1, 0xad, 0xb7, 0xe6, 0x96, 0xe6, 0xb7, 0xe6, 0xb7, 0xe6,
        0xb7, 0xe6, 0xb7, 0xe6, 0xb7, 0xe6, 0xb7, 0xe6, 0xb6, 0xe6, 0x56, 0xde, 0x93, 0xcd, 0x94, 0xcd, 0x4e, 0x9d, 0x4a, 0x7d,
        0x4a, 0x85, 0x4a, 0x85, 0x4a, 0x85, 0x4a, 0x85, 0x4a, 0x85, 0x4a, 0x85, 0x4a, 0x85, 0x4a, 0x85, 0x49, 0x85, 0x6b, 0x85,
        0xb6, 0xae, 0xf8, 0xae, 0xd7, 0xae, 0xd7, 0xae, 0xd7, 0xae, 0xf7, 0xae, 0xd7, 0xae, 0xd7, 0xae, 0xd7, 0xae, 0xd7, 0xae,
        0xf8, 0xae, 0xf8, 0xae, 0xf8, 0xae, 0xf8, 0xae, 0xf8, 0xae, 0xd7, 0xae, 0xd7, 0xa6, 0xd7, 0xae, 0xf8, 0xae, 0xf8, 0xae,
        0xf7, 0xae, 0xf7, 0xae, 0xd7, 0xae, 0xd7, 0xae, 0xd7, 0xae, 0xd7, 0xae, 0xf7, 0xae, 0xd7, 0xae, 0xd7, 0xae, 0xd7, 0xae,
        0xd7, 0xae, 0xd7, 0xae, 0xd7, 0xae, 0xd7, 0xae, 0xd7, 0xae, 0xd7, 0xae, 0xd7, 0xae, 0xd7, 0xae, 0xd7, 0xae, 0xd7, 0xae,
        0xd7, 0xae, 0xd7, 0xae, 0xd7, 0xae, 0xd7, 0xae, 0xd7, 0xae, 0xd7, 0xae, 0xd7, 0xae, 0xd7, 0xae, 0xd7, 0xae, 0xd7, 0xae,
        0xd7, 0xae, 0xd7, 0xae, 0xd7, 0xae, 0xd7, 0xae, 0xd7, 0xae, 0xd7, 0xae, 0xd7, 0xae, 0xd7, 0xae, 0xd7, 0xae, 0xf7, 0xae,
        0x14, 0x96, 0x40, 0x00, 0x00, 0x00, 0x00, 0x00, 0x85, 0x31, 0xff, 0xff, 0xff, 0xff, 0xfe, 0xff, 0xdd, 0xff, 0x9c, 0xff,
        0x9c, 0xff, 0x9c, 0xff, 0x9c, 0xff, 0x9c, 0xff, 0x9c, 0xff, 0x9c, 0xff, 0x9c, 0xff, 0x9c, 0xff, 0xbc, 0xff, 0x1a, 0xe7,
        0x97, 0xb5, 0x97, 0xb5, 0xd7, 0xbd, 0x55, 0xad, 0x45, 0x29, 0xe3, 0x20, 0xe3, 0x20, 0x04, 0x21, 0x04, 0x21, 0x24, 0x21,
        0x04, 0x21, 0x67, 0x11, 0x87, 0x11, 0x66, 0x11, 0x46, 0x11, 0xc8, 0x19, 0x2a, 0x1a, 0x4a, 0x1a, 0x6b, 0x1a, 0x6b, 0x1a,
        0x6b, 0x22, 0x4b, 0x22, 0x6b, 0x1a, 0x6b, 0x1a, 0x4b, 0x1a, 0x2a, 0x1a, 0xee, 0x1b, 0xef, 0x14, 0xcf, 0x14, 0xcf, 0x14,
        0xcf, 0x14, 0xaf, 0x14, 0xcf, 0x14, 0x0c, 0x1b, 0x2a, 0x1a, 0x6a, 0x1a, 0x6b, 0x1a, 0x6b, 0x1a, 0x6b, 0x1a, 0x6b, 0x1a,
        0x6b, 0x1a, 0x6b, 0x1a, 0x8b, 0x1a, 0x6b, 0x22, 0xce, 0x1b, 0x16, 0x17, 0x15, 0x17, 0xf5, 0x16, 0xd4, 0x0e, 0xb3, 0x0e,
        0x93, 0x0e, 0xb4, 0x0e, 0x11, 0x15, 0x29, 0x1a, 0x6a, 0x1a, 0x6a, 0x1a, 0x4a, 0x1a, 0x4a, 0x1a, 0x4a, 0x1a, 0x29, 0x1a,
        0x09, 0x1a, 0x6f, 0x14, 0xb1, 0x0d, 0xb1, 0x0d, 0xb2, 0x0d, 0x12, 0x0e, 0xb2, 0x15, 0xab, 0x1a, 0x4b, 0x1a, 0x4a, 0x1a,
        0x2a, 0x1a, 0x2a, 0x1a, 0x09, 0x1a, 0xe8, 0x11, 0xa8, 0x11, 0xc8, 0x11, 0xe8, 0x11, 0xe8, 0x11, 0xe9, 0x11, 0xe9, 0x11,
        0xe8, 0x11, 0xe8, 0x11, 0xe8, 0x11, 0x09, 0x1a, 0x2a, 0x1a, 0x87, 0x11, 0xe5, 0x08, 0xe5, 0x08, 0xc4, 0x08, 0xa3, 0x10,
        0xc3, 0x18, 0xc3, 0x18, 0xe4, 0x20, 0x04, 0x21, 0x04, 0x21, 0x24, 0x21, 0x45, 0x29, 0x24, 0x21, 0xed, 0x5a, 0x94, 0x8c,
        0x33, 0x84, 0x33, 0x84, 0x33, 0x84, 0x76, 0xad, 0xb7, 0xbd, 0xb7, 0xbd, 0xb7, 0xbd, 0xb7, 0xbd, 0xd7, 0xbd, 0xb7, 0xbd,
        0xb7, 0xbd, 0xb7, 0xbd, 0xb7, 0xbd, 0xd7, 0xbd, 0xd7, 0xbd, 0xb7, 0xbd, 0xb7, 0xbd, 0x15, 0xa5, 0x14, 0xa5, 0x15, 0xa5,
        0x35, 0xad, 0x76, 0xb5, 0xf8, 0xc5, 0x39, 0xce, 0x52, 0x84, 0x26, 0x19, 0x67, 0x21, 0x47, 0x21, 0x47, 0x19, 0x46, 0x19,
        0x46, 0x19, 0x46, 0x19, 0x46, 0x19, 0x46, 0x19, 0x46, 0x19, 0x46, 0x19, 0x46, 0x19, 0x46, 0x19, 0x67, 0x21, 0x67, 0x21,
        0x67, 0x21, 0x82, 0x08, 0x20, 0x00, 0x00, 0x00, 0x61, 0x08, 0xd4, 0x95, 0xf8, 0xae, 0xb7, 0xa6, 0xb7, 0xa6, 0xb7, 0xa6,
        0xd7, 0xa6, 0xd7, 0xae, 0xd7, 0xae, 0xd7, 0xae, 0xd7, 0xae, 0xd7, 0xae, 0xd7, 0xae, 0xd7, 0xae, 0xd7, 0xae, 0xd7, 0xae,
        0xd7, 0xae, 0xd7, 0xae, 0xd7, 0xae, 0xd7, 0xae, 0xd7, 0xae, 0xd7, 0xae, 0xd7, 0xae, 0xd7, 0xae, 0xd7, 0xae, 0xd7, 0xae,
        0xd7, 0xae, 0xd7, 0xae, 0xd7, 0xae, 0xd7, 0xae, 0xd7, 0xae, 0xd7, 0xae, 0xd7, 0xa6, 0xf8, 0xae, 0x32, 0x96, 0x09, 0x7d,
        0x2a, 0x7d, 0x2a, 0x7d, 0x49, 0x85, 0x29, 0x85, 0x49, 0x85, 0x09, 0x7d, 0x8a, 0x5c, 0x6b, 0x54, 0x6b, 0x54, 0xaa, 0x64,
        0xca, 0x6c, 0xcb, 0x6c, 0xab, 0x64, 0xcb, 0x64, 0xca, 0x6c, 0xcb, 0x6c, 0xca, 0x6c, 0xcb, 0x64, 0xab, 0x64, 0xab, 0x64,
        0xcb, 0x64, 0x0a, 0x75, 0x2a, 0x75, 0x2a, 0x75, 0x2a, 0x75, 0x2a, 0x75, 0x2a, 0x75, 0x2a, 0x7d, 0x2a, 0x7d, 0x2a, 0x7d,
        0x2a, 0x7d, 0xcb, 0x64, 0xab, 0x5c, 0x8b, 0x5c, 0x6a, 0x54, 0xd1, 0xad, 0xb7, 0xe6, 0x96, 0xe6, 0xb7, 0xe6, 0xb7, 0xe6,
        0xb7, 0xe6, 0xb7, 0xe6, 0xb7, 0xe6, 0xb7, 0xe6, 0xb7, 0xe6, 0x76, 0xde, 0x94, 0xcd, 0xb4, 0xcd, 0x4e, 0x9d, 0x4a, 0x7d,
        0x4a, 0x7d, 0x2a, 0x7d, 0xcb, 0x64, 0xab, 0x64, 0xea, 0x6c, 0x4a, 0x85, 0x4a, 0x85, 0x4a, 0x85, 0x49, 0x7d, 0x4a, 0x85,
        0xb6, 0xae, 0xf8, 0xae, 0xf7, 0xae, 0xd7, 0xae, 0xd7, 0xae, 0xd7, 0xae, 0xf7, 0xae, 0xd7, 0xae, 0xd7, 0xae, 0xd7, 0xae,
        0xb5, 0xa6, 0xce, 0x8d, 0xce, 0x95, 0xce, 0x95, 0xce, 0x8d, 0xcd, 0x8d, 0xcd, 0x8d, 0xcd, 0x8d, 0xce, 0x8d, 0xef, 0x95,
        0xd7, 0xae, 0xf8, 0xae, 0xf7, 0xae, 0xd7, 0xae, 0xd7, 0xae, 0xd7, 0xae, 0xd7, 0xae, 0xd7, 0xae, 0xd7, 0xae, 0xd7, 0xae,
        0xd7, 0xae, 0xd7, 0xae, 0xd7, 0xae, 0xd7, 0xae, 0xd7, 0xae, 0xd7, 0xae, 0xd7, 0xae, 0xd7, 0xae, 0xd7, 0xae, 0xd7, 0xae,
        0xd7, 0xae, 0xd7, 0xae, 0xd7, 0xae, 0xd7, 0xae, 0xd7, 0xae, 0xd7, 0xae, 0xd7, 0xae, 0xd7, 0xae, 0xd7, 0xae, 0xd7, 0xae,
        0xd7, 0xae, 0xf7, 0xae, 0xd7, 0xae, 0xd7, 0xae, 0xd7, 0xae, 0xd7, 0xae, 0xd7, 0xa6, 0xd7, 0xa6, 0xb6, 0xa6, 0xf7, 0xa6,
        0xd3, 0x8d, 0x61, 0x00, 0x00, 0x00, 0x00, 0x00, 0x86, 0x31, 0xbd, 0xf7, 0xbd, 0xf7, 0x9d, 0xf7, 0xbc, 0xff, 0x9c, 0xff,
        0x9c, 0xff, 0x9c, 0xff, 0x9c, 0xff, 0x9c, 0xf7, 0x9c, 0xf7, 0x9c, 0xff, 0x9c, 0xff, 0x9c, 0xff, 0x9c, 0xff, 0x7b, 0xf7,
        0x7b, 0xf7, 0x7b, 0xf7, 0x9c, 0xff, 0x3b, 0xef, 0x76, 0xad, 0x56, 0xad, 0x35, 0xad, 0x35, 0xad, 0x55, 0xad, 0x96, 0xb5,
        0x14, 0xa5, 0x82, 0x10, 0x00, 0x00, 0x00, 0x00, 0x00, 0x00, 0x00, 0x00, 0x21, 0x00, 0x41, 0x00, 0x41, 0x08, 0x61, 0x08,
        0x41, 0x08, 0xc3, 0x08, 0x6b, 0x1a, 0x4b, 0x1a, 0x4a, 0x1a, 0x4a, 0x1a, 0x0a, 0x1a, 0xe9, 0x19, 0x2a, 0x1a, 0x2a, 0x1a,
        0x2a, 0x1a, 0x09, 0x1a, 0x09, 0x12, 0x2a, 0x1a, 0x6a, 0x1a, 0x6b, 0x1a, 0x6b, 0x1a, 0x6b, 0x1a, 0x6b, 0x1a, 0x6b, 0x1a,
        0x6b, 0x1a, 0x6b, 0x1a, 0x8b, 0x1a, 0xab, 0x22, 0xac, 0x1a, 0xcc, 0x1a, 0xcc, 0x1a, 0x8b, 0x1a, 0x4a, 0x1a, 0x2a, 0x1a,
        0x2a, 0x1a, 0x29, 0x12, 0x29, 0x12, 0x2a, 0x1a, 0x4a, 0x1a, 0x4a, 0x1a, 0x4a, 0x1a, 0x4a, 0x1a, 0x4a, 0x1a, 0x2a, 0x1a,
        0x2a, 0x1a, 0x09, 0x12, 0xe9, 0x11, 0x0a, 0x12, 0x2a, 0x1a, 0x4a, 0x1a, 0x4a, 0x12, 0x6b, 0x12, 0x4b, 0x1a, 0x2a, 0x1a,
        0x2a, 0x1a, 0x09, 0x1a, 0x09, 0x1a, 0x87, 0x11, 0x00, 0x00, 0x20, 0x00, 0x21, 0x00, 0x41, 0x00, 0x41, 0x08, 0x21, 0x00,
        0x00, 0x00, 0x00, 0x00, 0x00, 0x00, 0x20, 0x00, 0x20, 0x00, 0x20, 0x00, 0x20, 0x00, 0x00, 0x00, 0x20, 0x00, 0xb0, 0x73,
        0xb4, 0x9c, 0xb4, 0x94, 0x56, 0xad, 0x97, 0xb5, 0x97, 0xb5, 0xd8, 0xbd, 0xf8, 0xbd, 0xf8, 0xbd, 0xd8, 0xbd, 0xb7, 0xbd,
        0x97, 0xb5, 0x97, 0xb5, 0x97, 0xb5, 0xb7, 0xbd, 0xb7, 0xbd, 0xb7, 0xbd, 0xd7, 0xbd, 0xd7, 0xbd, 0xd7, 0xbd, 0xd7, 0xbd,
        0xd7, 0xbd, 0xd7, 0xbd, 0xd7, 0xbd, 0xb7, 0xbd, 0xb7, 0xbd, 0xb7, 0xbd, 0x96, 0xb5, 0x4a, 0x3a, 0xa8, 0x29, 0xc9, 0x31,
        0x88, 0x21, 0xac, 0x4a, 0xd8, 0xbd, 0xf8, 0xc5, 0x32, 0x84, 0x26, 0x19, 0x67, 0x21, 0x67, 0x21, 0x66, 0x21, 0x46, 0x21,
        0x46, 0x19, 0x66, 0x19, 0x46, 0x19, 0x46, 0x19, 0x66, 0x21, 0x46, 0x19, 0x46, 0x21, 0x66, 0x21, 0x67, 0x21, 0x67, 0x21,
        0x67, 0x21, 0x62, 0x08, 0x00, 0x00, 0x00, 0x00, 0x41, 0x00, 0xb3, 0x8d, 0xd7, 0xa6, 0xb6, 0xa6, 0xb6, 0xa6, 0xb7, 0xa6,
        0xd7, 0xa6, 0xd7, 0xae, 0xd7, 0xae, 0xd7, 0xae, 0xd7, 0xae, 0xd7, 0xae, 0xd7, 0xae, 0xd7, 0xae, 0xd7, 0xae, 0xd7, 0xae,
        0xd7, 0xae, 0xd7, 0xae, 0xd7, 0xae, 0xd7, 0xae, 0xd7, 0xae, 0xd7, 0xae, 0xd7, 0xae, 0xd7, 0xae, 0xd7, 0xae, 0xd7, 0xae,
        0xd7, 0xae, 0xd7, 0xae, 0xd7, 0xae, 0xd7, 0xae, 0xd7, 0xae, 0xd7, 0xae, 0xd7, 0xae, 0xf8, 0xae, 0x32, 0x96, 0x09, 0x7d,
        0x2a, 0x7d, 0x2a, 0x7d, 0x2a, 0x7d, 0x2a, 0x7d, 0x2a, 0x7d, 0x0a, 0x75, 0x8b, 0x5c, 0x8b, 0x5c, 0x8b, 0x5c, 0x8b, 0x5c,
        0x8b, 0x5c, 0x8b, 0x5c, 0x8b, 0x5c, 0xab, 0x64, 0xcb, 0x6c, 0xcb, 0x6c, 0xcb, 0x6c, 0xea, 0x6c, 0x2a, 0x7d, 0x2a, 0x7d,
        0x0a, 0x7d, 0x0a, 0x75, 0x2a, 0x75, 0x2a, 0x7d, 0xca, 0x64, 0x8b, 0x5c, 0x8b, 0x5c, 0xab, 0x5c, 0xab, 0x5c, 0xab, 0x5c,
        0xcb, 0x64, 0xab, 0x64, 0xab, 0x5c, 0x8b, 0x5c, 0x6a, 0x54, 0xf2, 0xad, 0xb7, 0xee, 0xb7, 0xe6, 0xb7, 0xe6, 0xb7, 0xe6,
        0xb7, 0xe6, 0xb7, 0xe6, 0xb7, 0xe6, 0xb7, 0xe6, 0xb7, 0xe6, 0x76, 0xde, 0xb4, 0xcd, 0xb4, 0xcd, 0x4e, 0x95, 0x2a, 0x75,
        0x4a, 0x7d, 0x2a, 0x7d, 0xab, 0x5c, 0x8b, 0x5c, 0xab, 0x64, 0x2a, 0x85, 0x2a, 0x85, 0x2a, 0x7d, 0x29, 0x7d, 0x4a, 0x85,
        0xb6, 0xae, 0xf8, 0xb6, 0xf7, 0xae, 0xd7, 0xae, 0xd7, 0xae, 0xd7, 0xae, 0xd7, 0xae, 0xd7, 0xae, 0xd7, 0xae, 0xd7, 0xae,
        0x74, 0x9e, 0x09, 0x7d, 0x29, 0x7d, 0x29, 0x85, 0x49, 0x85, 0x29, 0x85, 0x29, 0x85, 0x29, 0x7d, 0x29, 0x7d, 0x4a, 0x85,
        0xd7, 0xae, 0xf8, 0xae, 0xf7, 0xae, 0xd7, 0xae, 0xf7, 0xae, 0xf7, 0xae, 0xf7, 0xae, 0xd7, 0xae, 0xf7, 0xae, 0xf7, 0xae,
        0xd7, 0xae, 0xd7, 0xae, 0xd7, 0xae, 0xd7, 0xae, 0xd7, 0xae, 0xd7, 0xae, 0xd7, 0xae, 0xd7, 0xae, 0xd7, 0xae, 0xd7, 0xae,
        0xd7, 0xae, 0xd7, 0xae, 0xd7, 0xae, 0xd7, 0xae, 0xd7, 0xae, 0xd7, 0xae, 0xd7, 0xae, 0xd7, 0xae, 0xd7, 0xae, 0xd7, 0xae,
        0xd7, 0xae, 0xd7, 0xae, 0xd7, 0xae, 0xd7, 0xae, 0xd7, 0xae, 0xd7, 0xa6, 0xd7, 0xa6, 0xf7, 0xae, 0x17, 0xaf, 0x38, 0xaf,
        0xf4, 0x95, 0x40, 0x00, 0x00, 0x00, 0x00, 0x00, 0x86, 0x31, 0xbd, 0xff, 0xbd, 0xff, 0xbc, 0xff, 0x9c, 0xff, 0x9c, 0xff,
        0x9c, 0xff, 0x9c, 0xff, 0x9c, 0xff, 0x9c, 0xff, 0x9c, 0xff, 0x9c, 0xff, 0x9c, 0xff, 0x9c, 0xff, 0x9c, 0xff, 0x9c, 0xff,
        0x9c, 0xff, 0x9c, 0xff, 0xdd, 0xff, 0x3b, 0xef, 0x97, 0xb5, 0x97, 0xb5, 0x76, 0xb5, 0x76, 0xb5, 0x76, 0xb5, 0xb7, 0xbd,
        0x55, 0xad, 0xa2, 0x10, 0x00, 0x00, 0x00, 0x00, 0x00, 0x00, 0x00, 0x00, 0x00, 0x00, 0x20, 0x00, 0x20, 0x00, 0x40, 0x00,
        0x00, 0x00, 0x82, 0x08, 0x4b, 0x1a, 0x2a, 0x1a, 0x2a, 0x1a, 0x2a, 0x1a, 0x4a, 0x1a, 0x4a, 0x1a, 0x8b, 0x1a, 0x8b, 0x1a,
        0x8b, 0x1a, 0x6a, 0x1a, 0x4a, 0x1a, 0x4a, 0x1a, 0x4a, 0x1a, 0x6b, 0x1a, 0x6b, 0x1a, 0x6b, 0x1a, 0x8b, 0x1a, 0x8b, 0x1a,
        0x8b, 0x1a, 0x8b, 0x1a, 0x8b, 0x1a, 0x8b, 0x1a, 0x8b, 0x1a, 0x8b, 0x1a, 0x6b, 0x1a, 0x4a, 0x1a, 0x4a, 0x12, 0x29, 0x12,
        0x09, 0x12, 0x09, 0x12, 0x09, 0x1a, 0x29, 0x1a, 0x2a, 0x1a, 0x2a, 0x1a, 0x2a, 0x1a, 0x4a, 0x1a, 0x4a, 0x1a, 0x4a, 0x1a,
        0x4a, 0x1a, 0x4a, 0x1a, 0x6b, 0x12, 0x6b, 0x12, 0x8b, 0x1a, 0x6b, 0x1a, 0x6b, 0x1a, 0x4b, 0x1a, 0x4a, 0x1a, 0x2a, 0x1a,
        0x0a, 0x1a, 0x09, 0x1a, 0x09, 0x1a, 0x66, 0x11, 0x00, 0x00, 0x00, 0x00, 0x00, 0x00, 0x20, 0x00, 0x20, 0x00, 0x00, 0x00,
        0x00, 0x00, 0x00, 0x00, 0x00, 0x00, 0x00, 0x00, 0x00, 0x00, 0x00, 0x00, 0x20, 0x00, 0x20, 0x00, 0x41, 0x08, 0x32, 0x84,
        0x16, 0xa5, 0xf5, 0xa4, 0x97, 0xb5, 0xb7, 0xbd, 0xd8, 0xbd, 0xf8, 0xc5, 0x18, 0xc6, 0xf8, 0xc5, 0xf8, 0xc5, 0xd8, 0xbd,
        0xd7, 0xbd, 0xb7, 0xbd, 0xb7, 0xbd, 0xb7, 0xbd, 0xb7, 0xbd, 0xd7, 0xbd, 0xd7, 0xbd, 0xd7, 0xbd, 0xd8, 0xbd, 0xd8, 0xbd,
        0xd7, 0xbd, 0xd7, 0xbd, 0xd7, 0xbd, 0xb7, 0xbd, 0xb7, 0xbd, 0xb7, 0xbd, 0x76, 0xb5, 0x2a, 0x3a, 0x88, 0x29, 0xa8, 0x29,
        0x47, 0x19, 0x8b, 0x4a, 0xb7, 0xbd, 0xd7, 0xbd, 0x11, 0x84, 0x26, 0x11, 0x67, 0x21, 0x67, 0x21, 0x67, 0x21, 0x67, 0x21,
        0x67, 0x21, 0x66, 0x19, 0x67, 0x21, 0x66, 0x19, 0x66, 0x21, 0x66, 0x21, 0x66, 0x21, 0x67, 0x21, 0x67, 0x21, 0x67, 0x21,
        0x67, 0x21, 0x61, 0x08, 0x00, 0x00, 0x00, 0x00, 0x20, 0x00, 0xd4, 0x8d, 0x39, 0xb7, 0x18, 0xaf, 0xf7, 0xae, 0xb7, 0xa6,
        0xd7, 0xa6, 0xd7, 0xae, 0xd7, 0xae, 0xd7, 0xae, 0xf7, 0xae, 0xf7, 0xae, 0xd7, 0xae, 0xd7, 0xae, 0xd7, 0xae, 0xd7, 0xae,
        0xd7, 0xae, 0xd7, 0xae, 0xd7, 0xae, 0xd7, 0xae, 0xd7, 0xae, 0xf7, 0xae, 0xd7, 0xae, 0xd7, 0xae, 0xd7, 0xae, 0xd7, 0xae,
        0xd7, 0xae, 0xd7, 0xae, 0xd7, 0xae, 0xd7, 0xae, 0xf7, 0xae, 0xd7, 0xae, 0xf7, 0xae, 0xf8, 0xb6, 0x31, 0x96, 0x09, 0x75,
        0x0a, 0x7d, 0x2a, 0x7d, 0x2a, 0x7d, 0x2a, 0x75, 0x4a, 0x75, 0x0a, 0x75, 0x8b, 0x54, 0x8b, 0x5c, 0x8b, 0x5c, 0x8b, 0x5c,
        0x8b, 0x5c, 0x8b, 0x5c, 0x8b, 0x5c, 0xcb, 0x64, 0x2a, 0x7d, 0x2a, 0x75, 0x2a, 0x7d, 0x0a, 0x7d, 0x0a, 0x7d, 0x2a, 0x7d,
        0x2a, 0x7d, 0x0a, 0x7d, 0x2a, 0x7d, 0x2a, 0x7d, 0xca, 0x64, 0x8b, 0x54, 0x8b, 0x54, 0x8b, 0x54, 0x8b, 0x54, 0x6b, 0x54,
        0x8b, 0x5c, 0x8b, 0x54, 0x6b, 0x5c, 0x8b, 0x5c, 0x6a, 0x54, 0xf2, 0xad, 0xd8, 0xee, 0xb7, 0xe6, 0xb7, 0xe6, 0xb7, 0xe6,
        0xb7, 0xe6, 0xb7, 0xe6, 0xb7, 0xe6, 0xb7, 0xe6, 0xb7, 0xe6, 0x96, 0xe6, 0xb4, 0xcd, 0xb4, 0xcd, 0x4e, 0x95, 0x2a, 0x75,
        0x2a, 0x7d, 0x2a, 0x7d, 0xab, 0x5c, 0x8b, 0x5c, 0xab, 0x64, 0x2a, 0x85, 0x2a, 0x85, 0x2a, 0x7d, 0x29, 0x7d, 0x4a, 0x85,
        0xb6, 0xa6, 0xf8, 0xb6, 0xd7, 0xae, 0xd7, 0xae, 0xd7, 0xae, 0xd7, 0xae, 0xd7, 0xae, 0xd7, 0xae, 0xf8, 0xae, 0xd8, 0xae,
        0x74, 0x9e, 0x29, 0x7d, 0x29, 0x7d, 0x4a, 0x85, 0x4a, 0x85, 0x4a, 0x85, 0x4a, 0x85, 0x4a, 0x85, 0x49, 0x85, 0x6b, 0x85,
        0xb7, 0xae, 0xf8, 0xae, 0xd7, 0xae, 0xf7, 0xae, 0xf7, 0xae, 0xf7, 0xae, 0xf7, 0xae, 0xd7, 0xae, 0xd7, 0xae, 0xd7, 0xae,
        0xd7, 0xae, 0xd7, 0xae, 0xd7, 0xae, 0xd7, 0xae, 0xd7, 0xae, 0xd7, 0xae, 0xd7, 0xae, 0xd7, 0xae, 0xd7, 0xae, 0xd7, 0xae,
        0xd7, 0xae, 0xd7, 0xae, 0xd7, 0xae, 0xd7, 0xae, 0xd7, 0xae, 0xd7, 0xae, 0xd7, 0xae, 0xd7, 0xae, 0xd7, 0xae, 0xd7, 0xae,
        0xd7, 0xae, 0xd7, 0xae, 0xd7, 0xae, 0xd7, 0xae, 0xd7, 0xae, 0xd7, 0xae, 0x18, 0xaf, 0xd0, 0x74, 0xa9, 0x42, 0xa9, 0x42,
        0x47, 0x3a, 0x20, 0x00, 0x20, 0x00, 0x00, 0x00, 0x85, 0x31, 0x9d, 0xf7, 0xbd, 0xff, 0x9c, 0xff, 0x9c, 0xf7, 0x9c, 0xf7,
        0x9c, 0xff, 0x9c, 0xff, 0xbd, 0xff, 0xbc, 0xff, 0xbc, 0xff, 0x9c, 0xff, 0x9c, 0xff, 0x9c, 0xff, 0x9c, 0xff, 0x9c, 0xff,
        0x9c, 0xf7, 0x9c, 0xff, 0xbd, 0xff, 0x3b, 0xef, 0x56, 0xad, 0x56, 0xad, 0x36, 0xad, 0x35, 0xad, 0x56, 0xb5, 0x96, 0xbd,
        0x35, 0xad, 0x62, 0x08, 0x00, 0x00, 0x00, 0x00, 0x00, 0x00, 0x00, 0x00, 0x00, 0x00, 0x00, 0x00, 0x00, 0x00, 0x00, 0x00,
        0x00, 0x00, 0x41, 0x00, 0x6b, 0x1a, 0x6b, 0x1a, 0x2a, 0x1a, 0x4a, 0x1a, 0x4a, 0x1a, 0x6a, 0x1a, 0x8b, 0x1a, 0xac, 0x1a,
        0xac, 0x1a, 0x8b, 0x1a, 0x6b, 0x1a, 0x8b, 0x1a, 0x8b, 0x1a, 0x8b, 0x1a, 0x8b, 0x1a, 0xab, 0x1a, 0xab, 0x1a, 0xac, 0x1a,
        0xab, 0x1a, 0x8b, 0x1a, 0x8b, 0x1a, 0x8b, 0x1a, 0x8b, 0x1a, 0x8b, 0x1a, 0x8b, 0x1a, 0x8b, 0x1a, 0x6a, 0x1a, 0x4a, 0x1a,
        0x4a, 0x1a, 0x2a, 0x12, 0x2a, 0x1a, 0x2a, 0x1a, 0x2a, 0x1a, 0x2a, 0x1a, 0x4a, 0x1a, 0x4a, 0x1a, 0x6b, 0x1a, 0x6b, 0x1a,
        0x8b, 0x1a, 0x8b, 0x1a, 0x8b, 0x1a, 0x8c, 0x1a, 0x8c, 0x1a, 0x8b, 0x1a, 0x6b, 0x1a, 0x4a, 0x1a, 0x2a, 0x1a, 0x29, 0x1a,
        0x09, 0x12, 0x2a, 0x1a, 0x2a, 0x1a, 0x87, 0x11, 0x00, 0x00, 0x00, 0x00, 0x00, 0x00, 0x00, 0x00, 0x00, 0x00, 0x00, 0x00,
        0x00, 0x00, 0x00, 0x00, 0x00, 0x00, 0x00, 0x00, 0x00, 0x00, 0x00, 0x00, 0x00, 0x00, 0x00, 0x00, 0x20, 0x00, 0x32, 0x84,
        0x36, 0xa5, 0xf5, 0xa4, 0x77, 0xb5, 0x97, 0xb5, 0x97, 0xb5, 0xd7, 0xbd, 0xf8, 0xc5, 0xf8, 0xc5, 0xd8, 0xbd, 0xd8, 0xbd,
        0xd7, 0xbd, 0xb7, 0xbd, 0xb7, 0xbd, 0xb7, 0xbd, 0xd7, 0xbd, 0xd7, 0xbd, 0xd7, 0xbd, 0xd7, 0xbd, 0xd7, 0xbd, 0xd8, 0xbd,
        0xd8, 0xbd, 0xd8, 0xbd, 0xb7, 0xbd, 0xb7, 0xbd, 0xb7, 0xbd, 0xb7, 0xbd, 0x76, 0xb5, 0x0a, 0x3a, 0x87, 0x21, 0xa8, 0x29,
        0x46, 0x19, 0x8b, 0x4a, 0xb7, 0xbd, 0xd8, 0xc5, 0x11, 0x84, 0x06, 0x11, 0x67, 0x21, 0x67, 0x21, 0x47, 0x19, 0x47, 0x19,
        0x67, 0x21, 0x67, 0x21, 0x67, 0x21, 0x67, 0x21, 0x66, 0x21, 0x67, 0x21, 0x66, 0x21, 0x67, 0x19, 0x67, 0x21, 0x67, 0x21,
        0x46, 0x19, 0x41, 0x08, 0x00, 0x00, 0x00, 0x00, 0x00, 0x00, 0x07, 0x32, 0xc9, 0x42, 0xc9, 0x42, 0xac, 0x5b, 0xd7, 0xa6,
        0xd7, 0xa6, 0xd7, 0xae, 0xd7, 0xae, 0xd7, 0xae, 0xd7, 0xae, 0xf7, 0xae, 0xf7, 0xae, 0xf7, 0xae, 0xd7, 0xae, 0xd7, 0xae,
        0xd7, 0xae, 0xd7, 0xae, 0xf8, 0xae, 0xf8, 0xae, 0xf8, 0xae, 0xf8, 0xae, 0xf8, 0xae, 0xf8, 0xae, 0xf8, 0xae, 0xf8, 0xae,
        0xd7, 0xae, 0xd7, 0xae, 0xd7, 0xae, 0xd7, 0xae, 0xd7, 0xae, 0xf7, 0xae, 0xf7, 0xae, 0xf8, 0xae, 0x31, 0x96, 0xe9, 0x74,
        0x0a, 0x7d, 0x0a, 0x7d, 0x2a, 0x7d, 0x2a, 0x7d, 0x2a, 0x7d, 0x0a, 0x75, 0x8b, 0x54, 0x8b, 0x54, 0x8b, 0x54, 0x8b, 0x54,
        0x8b, 0x5c, 0x8b, 0x5c, 0x8b, 0x54, 0xcb, 0x64, 0x2a, 0x7d, 0x2a, 0x7d, 0x2a, 0x7d, 0x0a, 0x7d, 0x2a, 0x7d, 0x2a, 0x7d,
        0x2a, 0x7d, 0x2a, 0x7d, 0x2a, 0x7d, 0x2a, 0x7d, 0xcb, 0x64, 0x8b, 0x54, 0x8b, 0x54, 0x8b, 0x54, 0x8b, 0x54, 0x8b, 0x54,
        0xed, 0x74, 0xed, 0x74, 0xed, 0x74, 0x0d, 0x75, 0xed, 0x74, 0x34, 0xbe, 0xd8, 0xee, 0xb7, 0xe6, 0xb7, 0xe6, 0xb7, 0xe6,
        0xb7, 0xe6, 0xb7, 0xe6, 0xb7, 0xe6, 0xb7, 0xe6, 0xb7, 0xe6, 0x97, 0xe6, 0xb4, 0xcd, 0xd4, 0xd5, 0x2e, 0x95, 0x2a, 0x75,
        0x2a, 0x75, 0x0a, 0x75, 0x8b, 0x5c, 0x8b, 0x5c, 0xab, 0x64, 0xea, 0x74, 0x2a, 0x7d, 0x4a, 0x85, 0x4a, 0x85, 0x4b, 0x85,
        0x96, 0xa6, 0xd8, 0xae, 0xd7, 0xae, 0xd7, 0xae, 0xf7, 0xae, 0xf7, 0xae, 0xd7, 0xae, 0x95, 0xa6, 0x73, 0x9e, 0x54, 0x9e,
        0x11, 0x96, 0x09, 0x7d, 0x29, 0x7d, 0x4a, 0x85, 0x4a, 0x85, 0x4a, 0x85, 0x4a, 0x85, 0x6a, 0x85, 0x49, 0x85, 0x6b, 0x85,
        0xd7, 0xae, 0xf8, 0xae, 0xf8, 0xae, 0xf8, 0xae, 0xf7, 0xae, 0xf7, 0xae, 0xf7, 0xae, 0xd7, 0xae, 0xd7, 0xae, 0xd7, 0xae,
        0xd7, 0xae, 0xd7, 0xae, 0xd7, 0xae, 0xd7, 0xae, 0xd7, 0xae, 0xd7, 0xae, 0xd7, 0xae, 0xd7, 0xae, 0xd7, 0xae, 0xd7, 0xae,
        0xd7, 0xae, 0xd7, 0xae, 0xd7, 0xae, 0xd7, 0xae, 0xd7, 0xae, 0xd7, 0xae, 0xd7, 0xae, 0xd7, 0xae, 0xd7, 0xae, 0xd7, 0xae,
        0xd7, 0xae, 0xd7, 0xae, 0xf7, 0xae, 0xd7, 0xae, 0xf7, 0xae, 0xd7, 0xae, 0x59, 0xb7, 0x2a, 0x4b, 0x00, 0x00, 0x00, 0x00,
        0x00, 0x00, 0x89, 0x52, 0xf6, 0xc5, 0xd5, 0xbd, 0x37, 0xc6, 0x9c, 0xff, 0xbd, 0xff, 0xbc, 0xff, 0x9c, 0xff, 0x9c, 0xf7,
        0x9c, 0xff, 0x7c, 0xf7, 0x9a, 0xd6, 0x79, 0xd6, 0x79, 0xd6, 0xfa, 0xe6, 0xbc, 0xff, 0x9c, 0xff, 0x9c, 0xff, 0x9c, 0xff,
        0x9c, 0xff, 0x9c, 0xff, 0xbc, 0xff, 0x7c, 0xf7, 0x99, 0xde, 0x99, 0xd6, 0x99, 0xd6, 0x99, 0xde, 0xb9, 0xde, 0xfa, 0xe6,
        0xba, 0xde, 0xef, 0x7b, 0x6e, 0x73, 0x6e, 0x73, 0x6e, 0x6b, 0x6d, 0x73, 0x8e, 0x73, 0x8e, 0x73, 0xae, 0x73, 0xae, 0x73,
        0xaf, 0x7b, 0xcb, 0x52, 0xc3, 0x08, 0xc3, 0x08, 0xc3, 0x08, 0xc3, 0x08, 0xc3, 0x08, 0xc3, 0x08, 0xe4, 0x08, 0x04, 0x09,
        0x04, 0x09, 0xe4, 0x08, 0xe4, 0x08, 0xe4, 0x08, 0xe4, 0x08, 0x04, 0x09, 0x04, 0x09, 0x04, 0x09, 0x04, 0x09, 0x04, 0x09,
        0xe4, 0x08, 0xe4, 0x08, 0xe4, 0x08, 0xc4, 0x08, 0xc3, 0x08, 0xc3, 0x08, 0xe4, 0x08, 0xe4, 0x08, 0xe4, 0x08, 0xc3, 0x08,
        0xc3, 0x08, 0xc3, 0x08, 0xc3, 0x08, 0xc3, 0x08, 0xc3, 0x08, 0xc3, 0x08, 0xc3, 0x08, 0xe4, 0x08, 0xe4, 0x08, 0x04, 0x09,
        0x04, 0x09, 0x05, 0x09, 0x05, 0x09, 0x05, 0x09, 0xe4, 0x08, 0xe4, 0x08, 0xc3, 0x08, 0xa3, 0x08, 0xa3, 0x08, 0xa3, 0x08,
        0xa3, 0x00, 0xc3, 0x00, 0xc3, 0x08, 0x25, 0x11, 0xab, 0x52, 0xcc, 0x5a, 0xcc, 0x5a, 0xed, 0x5a, 0x0d, 0x5b, 0xec, 0x5a,
        0xcc, 0x5a, 0xcc, 0x5a, 0x0d, 0x63, 0x2d, 0x6b, 0x4d, 0x6b, 0x6e, 0x6b, 0x8e, 0x73, 0x8e, 0x73, 0xaf, 0x73, 0x76, 0xad,
        0xb7, 0xbd, 0x97, 0xb5, 0x99, 0xd6, 0xda, 0xde, 0xda, 0xde, 0x99, 0xd6, 0xd8, 0xbd, 0xf8, 0xc5, 0xd8, 0xbd, 0xd8, 0xbd,
        0xd8, 0xbd, 0xd7, 0xbd, 0xd7, 0xbd, 0xd7, 0xbd, 0xd7, 0xbd, 0xd7, 0xbd, 0xd8, 0xbd, 0xd8, 0xbd, 0xd8, 0xbd, 0xd8, 0xbd,
        0xd7, 0xbd, 0xd7, 0xbd, 0xd8, 0xbd, 0xd8, 0xbd, 0xd8, 0xbd, 0xd8, 0xbd, 0x97, 0xb5, 0x0a, 0x3a, 0x67, 0x21, 0x87, 0x29,
        0x67, 0x21, 0xc8, 0x31, 0x8b, 0x4a, 0xac, 0x52, 0x4a, 0x42, 0x26, 0x19, 0x46, 0x19, 0x47, 0x21, 0x47, 0x21, 0x67, 0x21,
        0x67, 0x21, 0x67, 0x21, 0x67, 0x21, 0x67, 0x21, 0x67, 0x21, 0x67, 0x21, 0x67, 0x21, 0x67, 0x19, 0x67, 0x21, 0x67, 0x21,
        0x46, 0x19, 0x05, 0x19, 0xe4, 0x10, 0xe4, 0x10, 0x62, 0x08, 0x00, 0x00, 0x00, 0x00, 0x00, 0x00, 0x24, 0x19, 0xf7, 0xae,
        0xd7, 0xae, 0xf7, 0xae, 0xd7, 0xae, 0xf8, 0xae, 0xf7, 0xae, 0xd7, 0xae, 0xf7, 0xae, 0xf7, 0xae, 0xd7, 0xae, 0xd7, 0xae,
        0xd7, 0xae, 0xd8, 0xae, 0xb5, 0xa6, 0x73, 0x9e, 0x74, 0x9e, 0x74, 0x9e, 0x74, 0x9e, 0x74, 0x9e, 0x74, 0x9e, 0x94, 0xa6,
        0xd7, 0xae, 0xd7, 0xae, 0xf7, 0xae, 0xd7, 0xae, 0xd7, 0xae, 0xd7, 0xae, 0xd7, 0xae, 0xf8, 0xae, 0x11, 0x96, 0xc9, 0x6c,
        0xea, 0x74, 0x0a, 0x75, 0x2a, 0x7d, 0x2a, 0x7d, 0x2a, 0x7d, 0x0a, 0x75, 0xcb, 0x64, 0xcb, 0x64, 0xcb, 0x64, 0xab, 0x5c,
        0x8b, 0x54, 0xcb, 0x64, 0xcb, 0x64, 0x0a, 0x6d, 0x4a, 0x7d, 0x2a, 0x7d, 0x2a, 0x7d, 0x2a, 0x7d, 0x2a, 0x7d, 0x2a, 0x7d,
        0x2a, 0x7d, 0xeb, 0x6c, 0xcb, 0x6c, 0xeb, 0x6c, 0xab, 0x5c, 0x8b, 0x54, 0x8b, 0x5c, 0x8b, 0x5c, 0x8b, 0x5c, 0x8b, 0x5c,
        0xb6, 0xe6, 0x96, 0xde, 0x96, 0xe6, 0xb6, 0xe6, 0xd7, 0xe6, 0xd7, 0xe6, 0xd7, 0xe6, 0xd7, 0xe6, 0xb7, 0xe6, 0xb7, 0xe6,
        0xb7, 0xe6, 0xb7, 0xe6, 0xb7, 0xe6, 0xb7, 0xe6, 0xd7, 0xe6, 0x96, 0xe6, 0xb4, 0xcd, 0xb4, 0xcd, 0x2d, 0x95, 0x0a, 0x75,
        0x0a, 0x75, 0xea, 0x74, 0x8b, 0x5c, 0x8b, 0x5c, 0x8b, 0x54, 0x8b, 0x54, 0x0a, 0x6d, 0x6a, 0x8d, 0x6a, 0x85, 0x6b, 0x85,
        0x96, 0xa6, 0xd7, 0xae, 0xd7, 0xae, 0xd7, 0xae, 0xf7, 0xae, 0xf7, 0xae, 0xf8, 0xae, 0xef, 0x95, 0x48, 0x85, 0x49, 0x85,
        0x29, 0x85, 0x29, 0x85, 0x29, 0x85, 0x2a, 0x85, 0x4a, 0x85, 0x4a, 0x85, 0x49, 0x85, 0x69, 0x85, 0x49, 0x85, 0x6b, 0x85,
        0x95, 0xa6, 0xb6, 0xa6, 0xb6, 0xae, 0xf8, 0xae, 0xf7, 0xae, 0xd7, 0xae, 0xd7, 0xae, 0xd7, 0xae, 0xf7, 0xae, 0xd7, 0xae,
        0xd7, 0xae, 0xf7, 0xae, 0xd7, 0xae, 0xd7, 0xae, 0xd7, 0xae, 0xd7, 0xae, 0xd7, 0xae, 0xd7, 0xae, 0xd7, 0xae, 0xd7, 0xae,
        0xd7, 0xae, 0xd7, 0xae, 0xd7, 0xae, 0xd7, 0xae, 0xd7, 0xae, 0xd7, 0xae, 0xd7, 0xae, 0xd7, 0xae, 0xd7, 0xae, 0xd7, 0xae,
        0xd7, 0xae, 0xd7, 0xae, 0xf7, 0xae, 0xf8, 0xae, 0x18, 0xb7, 0x18, 0xb7, 0x7a, 0xc7, 0x4b, 0x53, 0x00, 0x00, 0x20, 0x00,
        0x00, 0x00, 0x6c, 0x6b, 0xfd, 0xff, 0xbc, 0xff, 0xbc, 0xff, 0x9c, 0xff, 0xbc, 0xff, 0xbd, 0xff, 0x9c, 0xff, 0x9c, 0xff,
        0x9c, 0xff, 0x5b, 0xf7, 0xd8, 0xbd, 0x97, 0xb5, 0x97, 0xb5, 0x99, 0xde, 0xbc, 0xff, 0x9c, 0xff, 0x9c, 0xff, 0x9c, 0xff,
        0x9c, 0xff, 0x9c, 0xff, 0x9c, 0xff, 0x9c, 0xff, 0xbc, 0xff, 0xbc, 0xff, 0xbc, 0xff, 0xbc, 0xff, 0xbc, 0xff, 0xdd, 0xff,
        0xdd, 0xff, 0x59, 0xce, 0xf8, 0xc5, 0xf8, 0xc5, 0xf8, 0xc5, 0xf8, 0xc5, 0xf8, 0xc5, 0xf8, 0xc5, 0x18, 0xc6, 0x18, 0xc6,
        0x39, 0xce, 0x93, 0x94, 0x00, 0x00, 0x00, 0x00, 0x00, 0x00, 0x00, 0x00, 0x00, 0x00, 0x00, 0x00, 0x00, 0x00, 0x00, 0x00,
        0x00, 0x00, 0x00, 0x00, 0x00, 0x00, 0x00, 0x00, 0x00, 0x00, 0x00, 0x00, 0x00, 0x00, 0x00, 0x00, 0x00, 0x00, 0x00, 0x00,
        0x00, 0x00, 0x00, 0x00, 0x00, 0x00, 0x00, 0x00, 0x00, 0x00, 0x00, 0x00, 0x00, 0x00, 0x00, 0x00, 0x00, 0x00, 0x00, 0x00,
        0x00, 0x00, 0x00, 0x00, 0x00, 0x00, 0x00, 0x00, 0x00, 0x00, 0x00, 0x00, 0x00, 0x00, 0x00, 0x00, 0x00, 0x00, 0x00, 0x00,
        0x00, 0x00, 0x00, 0x00, 0x00, 0x00, 0x00, 0x00, 0x00, 0x00, 0x00, 0x00, 0x00, 0x00, 0x00, 0x00, 0x00, 0x00, 0x00, 0x00,
        0x00, 0x00, 0x00, 0x00, 0x00, 0x00, 0xe4, 0x18, 0xb4, 0x94, 0xd5, 0x94, 0xd5, 0x94, 0xf5, 0x9c, 0xd5, 0x9c, 0xd5, 0x94,
        0xb5, 0x94, 0xd5, 0x9c, 0x57, 0xad, 0x97, 0xb5, 0x97, 0xb5, 0xb8, 0xbd, 0xd8, 0xbd, 0xf8, 0xc5, 0x19, 0xc6, 0x19, 0xc6,
        0x18, 0xc6, 0xf8, 0xc5, 0x7c, 0xf7, 0xdd, 0xff, 0xdd, 0xff, 0x3b, 0xef, 0xd8, 0xbd, 0xf8, 0xbd, 0xf8, 0xc5, 0xd8, 0xbd,
        0xd8, 0xbd, 0xd8, 0xbd, 0xd7, 0xbd, 0xd8, 0xbd, 0xd8, 0xbd, 0xd8, 0xbd, 0xd8, 0xbd, 0xd8, 0xbd, 0xd8, 0xbd, 0xd8, 0xbd,
        0xd8, 0xbd, 0xd8, 0xbd, 0xd8, 0xbd, 0xd8, 0xbd, 0xd8, 0xbd, 0xd8, 0xbd, 0x97, 0xb5, 0x0a, 0x3a, 0x67, 0x21, 0x87, 0x29,
        0x87, 0x29, 0x67, 0x21, 0x67, 0x21, 0x67, 0x21, 0x67, 0x21, 0x46, 0x21, 0x46, 0x21, 0x46, 0x21, 0x46, 0x21, 0x46, 0x21,
        0x46, 0x21, 0x67, 0x21, 0x67, 0x21, 0x67, 0x21, 0x66, 0x21, 0x66, 0x21, 0x67, 0x21, 0x67, 0x21, 0x67, 0x21, 0x47, 0x21,
        0x46, 0x19, 0x46, 0x19, 0x46, 0x19, 0x46, 0x19, 0xc3, 0x10, 0x00, 0x00, 0x00, 0x00, 0x00, 0x00, 0x85, 0x29, 0x18, 0xb7,
        0xf8, 0xb6, 0xf8, 0xb6, 0xf8, 0xae, 0xf8, 0xae, 0xf8, 0xae, 0xd8, 0xae, 0xd7, 0xae, 0xf7, 0xae, 0xd7, 0xae, 0xd7, 0xae,
        0xd7, 0xae, 0xf8, 0xae, 0x0f, 0x96, 0x28, 0x85, 0x29, 0x85, 0x49, 0x85, 0x49, 0x85, 0x49, 0x85, 0x29, 0x85, 0x6c, 0x8d,
        0xd7, 0xae, 0xf7, 0xae, 0xd7, 0xae, 0xf7, 0xae, 0xf7, 0xae, 0xd7, 0xae, 0xd7, 0xa6, 0xf7, 0xae, 0xd1, 0x85, 0xaa, 0x5c,
        0xcb, 0x64, 0xeb, 0x64, 0x2a, 0x7d, 0x2a, 0x7d, 0x2a, 0x7d, 0x2a, 0x7d, 0x2a, 0x7d, 0x2a, 0x7d, 0x2a, 0x7d, 0xcb, 0x64,
        0x8b, 0x54, 0x0a, 0x6d, 0x4a, 0x7d, 0x2a, 0x7d, 0x2a, 0x75, 0x2a, 0x75, 0x0a, 0x75, 0x2a, 0x7d, 0x2a, 0x7d, 0x2a, 0x7d,
        0x2a, 0x7d, 0x8b, 0x5c, 0x8b, 0x54, 0x8b, 0x54, 0x8b, 0x5c, 0x8b, 0x5c, 0x8b, 0x5c, 0x8b, 0x5c, 0x8b, 0x54, 0xab, 0x54,
        0xb7, 0xe6, 0xb7, 0xe6, 0xb7, 0xe6, 0xb7, 0xe6, 0xd7, 0xee, 0xd7, 0xe6, 0xb7, 0xe6, 0xb7, 0xe6, 0xb7, 0xe6, 0xb7, 0xe6,
        0xb7, 0xe6, 0xb7, 0xe6, 0xb7, 0xe6, 0xb7, 0xe6, 0xb7, 0xe6, 0x97, 0xe6, 0xb4, 0xcd, 0xb4, 0xd5, 0x2d, 0x8d, 0x0a, 0x6d,
        0x0a, 0x75, 0xea, 0x6c, 0x8b, 0x5c, 0x8b, 0x54, 0xab, 0x54, 0xab, 0x54, 0x2b, 0x6d, 0x6a, 0x8d, 0x6a, 0x85, 0x6a, 0x85,
        0x96, 0xa6, 0xd8, 0xae, 0xd7, 0xae, 0xf7, 0xae, 0xf7, 0xae, 0xf8, 0xae, 0x19, 0xb7, 0x10, 0x9e, 0x49, 0x85, 0x4a, 0x85,
        0x4a, 0x85, 0x2a, 0x85, 0x2a, 0x85, 0x49, 0x85, 0x49, 0x85, 0x49, 0x85, 0x49, 0x85, 0x69, 0x85, 0x69, 0x85, 0x49, 0x85,
        0x4a, 0x85, 0x49, 0x85, 0x6b, 0x85, 0xd7, 0xae, 0xf8, 0xae, 0xd7, 0xae, 0xd7, 0xae, 0xd7, 0xae, 0xf7, 0xae, 0xf7, 0xae,
        0xd7, 0xae, 0xd7, 0xae, 0xd7, 0xae, 0xd7, 0xae, 0xd7, 0xae, 0xd7, 0xae, 0xd7, 0xae, 0xd7, 0xae, 0xd7, 0xae, 0xd7, 0xae,
        0xd7, 0xae, 0xd7, 0xae, 0xd7, 0xae, 0xd7, 0xae, 0xd7, 0xae, 0xd7, 0xae, 0xd7, 0xae, 0xd7, 0xae, 0xd7, 0xae, 0xd7, 0xae,
        0xd7, 0xae, 0xd7, 0xae, 0xf8, 0xae, 0xd7, 0xae, 0x35, 0x9e, 0xf5, 0x9d, 0x36, 0xa6, 0xea, 0x52, 0x61, 0x08, 0x82, 0x10,
        0x41, 0x08, 0xae, 0x7b, 0xdc, 0xff, 0x7b, 0xf7, 0x7b, 0xf7, 0x9c, 0xf7, 0x9c, 0xf7, 0xbd, 0xff, 0x9c, 0xff, 0x9c, 0xff,
        0x9b, 0xf7, 0x3a, 0xef, 0xb7, 0xbd, 0x97, 0xb5, 0x97, 0xb5, 0x79, 0xd6, 0xbc, 0xff, 0x9c, 0xff, 0x9c, 0xff, 0x9c, 0xff,
        0x9c, 0xff, 0x9c, 0xff, 0x9c, 0xff, 0x9c, 0xff, 0x9c, 0xff, 0x9c, 0xf7, 0x9c, 0xff, 0x9c, 0xff, 0x9c, 0xff, 0xbc, 0xff,
        0x9c, 0xff, 0xd8, 0xbd, 0x77, 0xb5, 0x97, 0xb5, 0x97, 0xb5, 0xb7, 0xbd, 0x97, 0xb5, 0x97, 0xb5, 0x97, 0xb5, 0x97, 0xb5,
        0xb7, 0xbd, 0x52, 0x8c, 0x00, 0x00, 0x00, 0x00, 0x00, 0x00, 0x00, 0x00, 0x00, 0x00, 0x00, 0x00, 0x00, 0x00, 0x00, 0x00,
        0x00, 0x00, 0x00, 0x00, 0x00, 0x00, 0x00, 0x00, 0x00, 0x00, 0x00, 0x00, 0x00, 0x00, 0x00, 0x00, 0x00, 0x00, 0x00, 0x00,
        0x00, 0x00, 0x00, 0x00, 0x00, 0x00, 0x00, 0x00, 0x00, 0x00, 0x00, 0x00, 0x00, 0x00, 0x00, 0x00, 0x00, 0x00, 0x00, 0x00,
        0x00, 0x00, 0x00, 0x00, 0x00, 0x00, 0x00, 0x00, 0x00, 0x00, 0x00, 0x00, 0x00, 0x00, 0x00, 0x00, 0x00, 0x00, 0x00, 0x00,
        0x00, 0x00, 0x00, 0x00, 0x00, 0x00, 0x00, 0x00, 0x00, 0x00, 0x00, 0x00, 0x00, 0x00, 0x00, 0x00, 0x00, 0x00, 0x00, 0x00,
        0x00, 0x00, 0x00, 0x00, 0x00, 0x00, 0xa3, 0x10, 0x53, 0x84, 0x94, 0x8c, 0x94, 0x8c, 0x94, 0x8c, 0x93, 0x8c, 0x73, 0x8c,
        0x53, 0x8c, 0x53, 0x8c, 0x15, 0xa5, 0x36, 0xad, 0x36, 0xad, 0x56, 0xad, 0x76, 0xb5, 0x97, 0xb5, 0xd7, 0xbd, 0xf8, 0xc5,
        0xf8, 0xbd, 0xd8, 0xbd, 0x5b, 0xef, 0xbc, 0xff, 0xbc, 0xff, 0x1b, 0xef, 0xb7, 0xbd, 0xd8, 0xbd, 0xd8, 0xbd, 0xf8, 0xbd,
        0xd8, 0xbd, 0xd8, 0xbd, 0xd8, 0xbd, 0xd8, 0xbd, 0xd8, 0xbd, 0xd8, 0xbd, 0xd8, 0xbd, 0xd8, 0xbd, 0xd8, 0xbd, 0xd8, 0xbd,
        0xd8, 0xbd, 0xd8, 0xbd, 0xd8, 0xbd, 0xd8, 0xbd, 0xd8, 0xc5, 0xf8, 0xc5, 0xd7, 0xbd, 0x2a, 0x3a, 0x87, 0x21, 0x88, 0x29,
        0x87, 0x29, 0x87, 0x29, 0x87, 0x29, 0x88, 0x29, 0x87, 0x29, 0x67, 0x21, 0x67, 0x21, 0x46, 0x21, 0x46, 0x21, 0x46, 0x21,
        0x46, 0x21, 0x46, 0x19, 0x46, 0x19, 0x46, 0x19, 0x66, 0x19, 0x46, 0x19, 0x66, 0x21, 0x67, 0x21, 0x66, 0x21, 0x67, 0x19,
        0x66, 0x19, 0x46, 0x19, 0x46, 0x19, 0x67, 0x21, 0xa3, 0x10, 0x00, 0x00, 0x20, 0x00, 0x00, 0x00, 0x85, 0x29, 0xd8, 0xb6,
        0xb7, 0xae, 0xb7, 0xb6, 0xd8, 0xb6, 0xf8, 0xb6, 0xf8, 0xae, 0xf8, 0xae, 0xd7, 0xae, 0xd7, 0xae, 0xd7, 0xae, 0xd7, 0xae,
        0xd8, 0xae, 0xf8, 0xae, 0x10, 0x96, 0x29, 0x85, 0x4a, 0x85, 0x4a, 0x85, 0x4a, 0x85, 0x29, 0x85, 0x09, 0x7d, 0x6b, 0x85,
        0xd7, 0xa6, 0xf7, 0xae, 0xf8, 0xae, 0xf8, 0xae, 0xf8, 0xae, 0xf8, 0xae, 0xf7, 0xae, 0x18, 0xb7, 0xf2, 0x8d, 0xcb, 0x5c,
        0xeb, 0x64, 0xeb, 0x64, 0x2a, 0x7d, 0x29, 0x7d, 0x2a, 0x7d, 0x2a, 0x7d, 0x0a, 0x75, 0x2a, 0x75, 0x2a, 0x75, 0xcb, 0x64,
        0x8b, 0x54, 0x0a, 0x75, 0x4a, 0x7d, 0x2a, 0x7d, 0x2a, 0x7d, 0x0a, 0x75, 0x0a, 0x7d, 0x2a, 0x7d, 0x2a, 0x7d, 0x2a, 0x7d,
        0x2a, 0x7d, 0xab, 0x5c, 0x8b, 0x5c, 0x8b, 0x5c, 0x8b, 0x5c, 0x8b, 0x5c, 0x8b, 0x5c, 0x8b, 0x54, 0x8b, 0x54, 0xab, 0x54,
        0xb7, 0xe6, 0xb7, 0xe6, 0xb7, 0xe6, 0xb7, 0xe6, 0xb7, 0xe6, 0xb7, 0xe6, 0xb7, 0xe6, 0xb7, 0xe6, 0xb7, 0xe6, 0xb7, 0xe6,
        0xb7, 0xe6, 0xb7, 0xe6, 0xb7, 0xe6, 0xb7, 0xe6, 0xb7, 0xe6, 0x76, 0xde, 0x93, 0xcd, 0xb4, 0xcd, 0x4d, 0x95, 0x29, 0x7d,
        0x2a, 0x7d, 0x0a, 0x7d, 0xcb, 0x64, 0xcb, 0x64, 0xcb, 0x64, 0xeb, 0x64, 0x0b, 0x75, 0x4a, 0x85, 0x2a, 0x7d, 0x2a, 0x7d,
        0x12, 0x96, 0x54, 0x9e, 0x53, 0x9e, 0x53, 0x9e, 0x74, 0x9e, 0x74, 0x9e, 0x95, 0xa6, 0xce, 0x95, 0x4a, 0x85, 0x4a, 0x8d,
        0x4a, 0x85, 0x2a, 0x85, 0x2a, 0x85, 0x2a, 0x85, 0x2a, 0x7d, 0x29, 0x7d, 0x49, 0x7d, 0x69, 0x85, 0x69, 0x85, 0x49, 0x85,
        0x49, 0x85, 0x29, 0x85, 0x4a, 0x85, 0xd7, 0xa6, 0xf7, 0xae, 0xd7, 0xae, 0xd7, 0xae, 0xd7, 0xae, 0xd7, 0xae, 0xd7, 0xae,
        0xd7, 0xae, 0xd7, 0xae, 0xd7, 0xae, 0xd7, 0xae, 0xd7, 0xae, 0xd7, 0xae, 0xd7, 0xae, 0xd7, 0xae, 0xd7, 0xae, 0xd7, 0xae,
        0xd7, 0xae, 0xd7, 0xae, 0xd7, 0xae, 0xd7, 0xae, 0xd7, 0xae, 0xd7, 0xae, 0xd7, 0xae, 0xd7, 0xae, 0xd7, 0xae, 0xd7, 0xae,
        0xd7, 0xae, 0xd7, 0xae, 0x18, 0xb7, 0x35, 0x9e, 0xe3, 0x10, 0x61, 0x08, 0x40, 0x00, 0x29, 0x42, 0xd4, 0x9c, 0x93, 0x94,
        0x72, 0x8c, 0xba, 0xd6, 0xdc, 0xff, 0xbc, 0xff, 0x3a, 0xef, 0xf8, 0xc5, 0x18, 0xc6, 0x38, 0xc6, 0x18, 0xc6, 0xd8, 0xbd,
        0xb7, 0xbd, 0x97, 0xbd, 0x38, 0xce, 0x79, 0xd6, 0x79, 0xd6, 0xfa, 0xe6, 0x9c, 0xff, 0x9c, 0xff, 0x9c, 0xff, 0x9c, 0xf7,
        0x9c, 0xff, 0x9c, 0xff, 0x9c, 0xff, 0x9c, 0xff, 0x9c, 0xff, 0x9c, 0xff, 0x9c, 0xff, 0x9c, 0xff, 0x9c, 0xff, 0xbc, 0xff,
        0x9c, 0xf7, 0x18, 0xc6, 0xb7, 0xbd, 0xd7, 0xbd, 0xd7, 0xbd, 0xf8, 0xc5, 0xf8, 0xc5, 0xd8, 0xbd, 0xd7, 0xbd, 0x96, 0xb5,
        0x97, 0xb5, 0x93, 0x94, 0x45, 0x29, 0x45, 0x29, 0x65, 0x29, 0x66, 0x31, 0x86, 0x31, 0x86, 0x31, 0x86, 0x31, 0x86, 0x31,
        0x86, 0x31, 0x66, 0x31, 0x66, 0x29, 0x66, 0x31, 0x66, 0x29, 0x66, 0x29, 0x66, 0x31, 0x86, 0x31, 0x66, 0x31, 0x86, 0x31,
        0x86, 0x31, 0x66, 0x31, 0x66, 0x31, 0x66, 0x29, 0x66, 0x29, 0x66, 0x29, 0x66, 0x29, 0x66, 0x29, 0x66, 0x31, 0x86, 0x31,
        0x86, 0x31, 0x86, 0x31, 0x86, 0x31, 0x86, 0x31, 0x86, 0x31, 0x86, 0x31, 0x86, 0x31, 0x86, 0x31, 0x86, 0x31, 0x86, 0x31,
        0x86, 0x31, 0x86, 0x31, 0x86, 0x31, 0x86, 0x31, 0x66, 0x31, 0x66, 0x29, 0x66, 0x29, 0x66, 0x29, 0x65, 0x29, 0x66, 0x29,
        0x86, 0x31, 0x86, 0x31, 0x86, 0x31, 0x08, 0x42, 0xd4, 0x9c, 0xf5, 0x9c, 0xd4, 0x9c, 0xd4, 0x94, 0xd4, 0x9c, 0xd4, 0x9c,
        0xd4, 0x9c, 0xd5, 0x9c, 0x56, 0xad, 0x97, 0xb5, 0x97, 0xb5, 0x96, 0xb5, 0x97, 0xb5, 0xb7, 0xbd, 0xd7, 0xbd, 0xd8, 0xbd,
        0xd8, 0xbd, 0xb7, 0xbd, 0x3b, 0xef, 0x9c, 0xff, 0xbc, 0xff, 0x3b, 0xef, 0x59, 0xce, 0x59, 0xce, 0x59, 0xce, 0xf8, 0xc5,
        0xd8, 0xbd, 0xd8, 0xbd, 0xd8, 0xbd, 0xd8, 0xbd, 0xd8, 0xbd, 0xf8, 0xbd, 0xf8, 0xbd, 0xd8, 0xbd, 0xd8, 0xbd, 0xd8, 0xbd,
        0xd8, 0xbd, 0xd7, 0xbd, 0xd8, 0xbd, 0xd8, 0xbd, 0xf8, 0xc5, 0x18, 0xc6, 0xd8, 0xbd, 0x2a, 0x3a, 0x88, 0x29, 0xa8, 0x29,
        0x87, 0x21, 0x87, 0x21, 0x87, 0x29, 0x87, 0x29, 0x87, 0x29, 0x67, 0x21, 0x67, 0x21, 0x67, 0x21, 0x46, 0x21, 0x46, 0x21,
        0x46, 0x21, 0x66, 0x21, 0x66, 0x21, 0x66, 0x21, 0x46, 0x19, 0x46, 0x21, 0x46, 0x21, 0x67, 0x21, 0x66, 0x21, 0x67, 0x21,
        0x67, 0x21, 0x67, 0x21, 0x67, 0x21, 0x67, 0x21, 0x46, 0x19, 0xc3, 0x10, 0xa3, 0x10, 0xa3, 0x10, 0xc3, 0x10, 0x23, 0x19,
        0x44, 0x21, 0x24, 0x19, 0x73, 0x8d, 0x39, 0xbf, 0xf8, 0xb6, 0xf8, 0xae, 0xd7, 0xae, 0xd7, 0xa6, 0xd7, 0xa6, 0x94, 0x9e,
        0x74, 0x9e, 0x95, 0xa6, 0xce, 0x95, 0x29, 0x85, 0x4a, 0x85, 0x4a, 0x85, 0x4a, 0x85, 0x2a, 0x85, 0x29, 0x7d, 0x6b, 0x85,
        0x53, 0x9e, 0x74, 0x9e, 0x94, 0xa6, 0x95, 0xa6, 0x95, 0xa6, 0x75, 0x9e, 0x74, 0x9e, 0x95, 0xa6, 0xd1, 0x85, 0xeb, 0x64,
        0xeb, 0x64, 0xeb, 0x64, 0x2a, 0x7d, 0x49, 0x7d, 0x29, 0x7d, 0x2a, 0x7d, 0x2a, 0x7d, 0x2a, 0x75, 0x2a, 0x75, 0xcb, 0x64,
        0x8b, 0x54, 0x0a, 0x6d, 0x2a, 0x75, 0x0a, 0x75, 0xea, 0x6c, 0xea, 0x6c, 0xea, 0x6c, 0x0a, 0x75, 0x0a, 0x7d, 0x0a, 0x75,
        0x0a, 0x75, 0x8b, 0x5c, 0x8b, 0x5c, 0x8b, 0x5c, 0x8b, 0x54, 0x8b, 0x5c, 0x8b, 0x5c, 0xab, 0x5c, 0xab, 0x5c, 0xab, 0x5c,
        0xb7, 0xe6, 0xb7, 0xe6, 0xb7, 0xe6, 0xb7, 0xe6, 0xb7, 0xe6, 0xb7, 0xe6, 0xb7, 0xe6, 0xb7, 0xe6, 0xb7, 0xe6, 0xb7, 0xe6,
        0xb7, 0xe6, 0xb7, 0xe6, 0xb7, 0xe6, 0xb7, 0xe6, 0xd7, 0xe6, 0x76, 0xe6, 0x93, 0xcd, 0x93, 0xcd, 0x8d, 0xad, 0x69, 0x95,
        0x6a, 0x9d, 0x69, 0x95, 0x2a, 0x7d, 0x2a, 0x7d, 0x4a, 0x85, 0x4a, 0x85, 0x2a, 0x75, 0xeb, 0x6c, 0xcb, 0x64, 0xcb, 0x6c,
        0xca, 0x6c, 0xea, 0x6c, 0xea, 0x6c, 0xea, 0x6c, 0x0a, 0x75, 0x0a, 0x75, 0x0a, 0x75, 0x2a, 0x85, 0x6a, 0x8d, 0x6a, 0x85,
        0x4a, 0x85, 0x2a, 0x7d, 0x2a, 0x7d, 0x0a, 0x75, 0xcb, 0x5c, 0xcb, 0x5c, 0xeb, 0x6c, 0x6a, 0x85, 0x69, 0x85, 0x6a, 0x85,
        0x6a, 0x85, 0x49, 0x85, 0x6b, 0x85, 0xd7, 0xa6, 0xf8, 0xae, 0xd7, 0xae, 0xd7, 0xae, 0xd7, 0xae, 0xd7, 0xae, 0xd7, 0xae,
        0xd7, 0xae, 0xd7, 0xae, 0xd7, 0xae, 0xd7, 0xae, 0xd7, 0xae, 0xd7, 0xae, 0xd7, 0xae, 0xd7, 0xae, 0xd7, 0xae, 0xd7, 0xae,
        0xd7, 0xae, 0xd7, 0xae, 0xd7, 0xae, 0xd7, 0xae, 0xd7, 0xae, 0xd7, 0xae, 0xd7, 0xae, 0xd7, 0xae, 0xd7, 0xae, 0xd7, 0xae,
        0xd7, 0xae, 0xd7, 0xae, 0x18, 0xaf, 0x15, 0x96, 0x61, 0x08, 0x00, 0x00, 0x00, 0x00, 0x49, 0x4a, 0x76, 0xad, 0x15, 0xa5,
        0x15, 0xa5, 0x7c, 0xef, 0xdd, 0xff, 0xdd, 0xff, 0x1b, 0xe7, 0x97, 0xb5, 0xb7, 0xbd, 0xb7, 0xbd, 0x97, 0xb5, 0x56, 0xad,
        0x36, 0xa5, 0x36, 0xad, 0x3b, 0xef, 0x9c, 0xff, 0x9c, 0xff, 0x9c, 0xff, 0x9c, 0xff, 0x9c, 0xff, 0x9c, 0xff, 0x9c, 0xff,
        0x9c, 0xff, 0x9c, 0xff, 0x9c, 0xff, 0x9c, 0xff, 0x9c, 0xff, 0x9c, 0xff, 0x9c, 0xff, 0x9c, 0xff, 0x9c, 0xff, 0x9c, 0xff,
        0x9b, 0xff, 0x7b, 0xf7, 0x7b, 0xf7, 0x5b, 0xf7, 0x7b, 0xf7, 0x7b, 0xf7, 0x7c, 0xf7, 0x7c, 0xf7, 0x7c, 0xf7, 0x18, 0xce,
        0x97, 0xb5, 0x97, 0xb5, 0x97, 0xbd, 0xb7, 0xbd, 0xd8, 0xbd, 0xf8, 0xc5, 0xf8, 0xc5, 0x18, 0xc6, 0x18, 0xc6, 0xf8, 0xc5,
        0xf8, 0xc5, 0xf8, 0xc5, 0xd8, 0xbd, 0xd8, 0xbd, 0xd8, 0xbd, 0xd8, 0xbd, 0xd8, 0xbd, 0xf8, 0xbd, 0xf8, 0xbd, 0xf8, 0xbd,
        0xf8, 0xbd, 0xd8, 0xbd, 0xd8, 0xbd, 0xf8, 0xbd, 0xd8, 0xbd, 0xd8, 0xbd, 0xd8, 0xbd, 0xd8, 0xbd, 0xd8, 0xbd, 0xd8, 0xbd,
        0xf8, 0xbd, 0xf8, 0xc5, 0xf8, 0xc5, 0xf8, 0xc5, 0xf8, 0xc5, 0xf8, 0xc5, 0xf9, 0xc5, 0xf8, 0xc5, 0xf8, 0xc5, 0xf8, 0xc5,
        0xf8, 0xc5, 0xf8, 0xc5, 0xf8, 0xc5, 0xf8, 0xc5, 0xd8, 0xbd, 0xd8, 0xbd, 0xb8, 0xbd, 0xb8, 0xbd, 0xd8, 0xbd, 0xf8, 0xbd,
        0x18, 0xc6, 0x19, 0xc6, 0x39, 0xc6, 0x18, 0xc6, 0x18, 0xc6, 0xf8, 0xc5, 0xd8, 0xbd, 0x18, 0xc6, 0x3b, 0xef, 0x5b, 0xf7,
        0x7c, 0xf7, 0x7c, 0xf7, 0x7c, 0xf7, 0x7c, 0xf7, 0x5b, 0xf7, 0x5b, 0xef, 0x3b, 0xef, 0x5b, 0xf7, 0xb9, 0xde, 0xd7, 0xbd,
        0xd7, 0xbd, 0xd8, 0xbd, 0x5b, 0xf7, 0x9b, 0xff, 0x9b, 0xff, 0x9b, 0xff, 0x9c, 0xff, 0xbc, 0xff, 0x9c, 0xf7, 0x18, 0xc6,
        0xd8, 0xbd, 0xd7, 0xbd, 0xd8, 0xbd, 0xd7, 0xbd, 0xd8, 0xbd, 0xd8, 0xbd, 0xd8, 0xbd, 0xd8, 0xbd, 0xd8, 0xbd, 0xd8, 0xbd,
        0xd8, 0xbd, 0xd7, 0xbd, 0xd8, 0xbd, 0xd8, 0xbd, 0xf8, 0xc5, 0x18, 0xc6, 0xd7, 0xbd, 0xe9, 0x31, 0x67, 0x21, 0x88, 0x29,
        0x87, 0x21, 0x67, 0x21, 0x67, 0x21, 0x67, 0x21, 0x67, 0x21, 0x67, 0x21, 0x67, 0x21, 0x67, 0x21, 0x66, 0x21, 0x46, 0x19,
        0xa7, 0x29, 0xe8, 0x31, 0xe8, 0x31, 0xc8, 0x29, 0x46, 0x19, 0x67, 0x21, 0x67, 0x21, 0x67, 0x21, 0x66, 0x21, 0x67, 0x21,
        0x67, 0x21, 0x67, 0x21, 0x67, 0x21, 0x87, 0x21, 0x87, 0x21, 0x05, 0x19, 0xe4, 0x10, 0x05, 0x19, 0xa3, 0x10, 0x00, 0x00,
        0x00, 0x00, 0x00, 0x00, 0x32, 0x85, 0x59, 0xbf, 0xf8, 0xae, 0xf7, 0xae, 0xd7, 0xa6, 0xd7, 0xa6, 0xd7, 0xa6, 0x8b, 0x85,
        0x29, 0x7d, 0x49, 0x85, 0x4a, 0x85, 0x4a, 0x85, 0x4a, 0x85, 0x4a, 0x85, 0x4a, 0x85, 0x4a, 0x85, 0x4a, 0x85, 0x4a, 0x85,
        0x49, 0x7d, 0x49, 0x85, 0x4a, 0x85, 0x4a, 0x85, 0x2b, 0x7d, 0x0c, 0x65, 0xec, 0x6c, 0xeb, 0x6c, 0xeb, 0x64, 0xeb, 0x64,
        0xeb, 0x64, 0xeb, 0x64, 0x2a, 0x7d, 0x49, 0x7d, 0x49, 0x7d, 0x49, 0x7d, 0x2a, 0x7d, 0x2a, 0x7d, 0x29, 0x7d, 0xea, 0x6c,
        0xcb, 0x64, 0xea, 0x6c, 0xea, 0x74, 0xca, 0x6c, 0x6b, 0x54, 0x8b, 0x5c, 0x6b, 0x54, 0xab, 0x64, 0xea, 0x6c, 0xeb, 0x6c,
        0xcb, 0x6c, 0x8b, 0x5c, 0x8b, 0x5c, 0x8b, 0x5c, 0x8b, 0x54, 0x8b, 0x54, 0x8b, 0x5c, 0xcb, 0x64, 0xcb, 0x64, 0xcb, 0x64,
        0xb7, 0xe6, 0xb7, 0xe6, 0xb7, 0xe6, 0xb7, 0xe6, 0xb7, 0xe6, 0xb7, 0xe6, 0xb7, 0xe6, 0xb7, 0xe6, 0xb7, 0xe6, 0xb7, 0xe6,
        0xb7, 0xe6, 0xb7, 0xe6, 0xb7, 0xe6, 0xb7, 0xe6, 0xd7, 0xe6, 0x76, 0xe6, 0x93, 0xcd, 0x93, 0xcd, 0x6c, 0xa5, 0x69, 0x95,
        0x8a, 0x95, 0x6a, 0x95, 0x4a, 0x85, 0x4a, 0x85, 0x4a, 0x85, 0x2a, 0x7d, 0x0a, 0x75, 0xeb, 0x6c, 0xcb, 0x64, 0xcb, 0x6c,
        0xeb, 0x6c, 0xeb, 0x6c, 0xeb, 0x6c, 0xeb, 0x74, 0x0b, 0x75, 0x0b, 0x75, 0x0a, 0x75, 0x2a, 0x7d, 0x6a, 0x8d, 0x6a, 0x85,
        0x4a, 0x85, 0x2a, 0x7d, 0x2a, 0x7d, 0x0a, 0x75, 0xcb, 0x64, 0xcb, 0x5c, 0x0b, 0x65, 0x6a, 0x85, 0x6a, 0x85, 0x4a, 0x85,
        0x4a, 0x85, 0x49, 0x85, 0x6b, 0x85, 0xd6, 0xa6, 0xf8, 0xae, 0xf7, 0xae, 0xf7, 0xae, 0xf7, 0xae, 0xf7, 0xae, 0xf7, 0xae,
        0xd7, 0xae, 0xd7, 0xae, 0xd7, 0xae, 0xd7, 0xae, 0xd7, 0xae, 0xd7, 0xae, 0xd7, 0xae, 0xd7, 0xae, 0xd7, 0xae, 0xd7, 0xae,
        0xd7, 0xae, 0xd7, 0xae, 0xd7, 0xae, 0xd7, 0xae, 0xd7, 0xae, 0xd7, 0xae, 0xd7, 0xae, 0xd7, 0xae, 0xd7, 0xae, 0xf7, 0xae,
        0xf7, 0xae, 0xd7, 0xae, 0xf8, 0xae, 0xf4, 0x95, 0x61, 0x08, 0x00, 0x00, 0x00, 0x00, 0x29, 0x4a, 0x15, 0xa5, 0xf4, 0x9c,
        0x14, 0xa5, 0x3c, 0xe7, 0xde, 0xff, 0xfe, 0xff, 0x5c, 0xef, 0x18, 0xc6, 0x39, 0xc6, 0x39, 0xc6, 0xb7, 0xbd, 0x76, 0xad,
        0x56, 0xad, 0x36, 0xad, 0x1a, 0xef, 0x9c, 0xff, 0x9c, 0xff, 0x9c, 0xf7, 0x9c, 0xff, 0x9c, 0xff, 0x9c, 0xff, 0x9c, 0xff,
        0x9c, 0xff, 0x9c, 0xff, 0x9c, 0xff, 0x9c, 0xff, 0x9c, 0xff, 0x9c, 0xf7, 0x9c, 0xff, 0x9c, 0xff, 0x9c, 0xff, 0x9c, 0xff,
        0x9c, 0xff, 0x9b, 0xf7, 0x9b, 0xf7, 0x9b, 0xf7, 0x9c, 0xff, 0x9c, 0xff, 0x9c, 0xff, 0x9c, 0xff, 0xbc, 0xff, 0x59, 0xce,
        0xb7, 0xb5, 0xb7, 0xb5, 0x97, 0xb5, 0x97, 0xb5, 0xb7, 0xbd, 0xd8, 0xbd, 0xf8, 0xbd, 0xf8, 0xc5, 0xf8, 0xc5, 0xd8, 0xbd,
        0xd8, 0xbd, 0xd8, 0xbd, 0xd8, 0xbd, 0xd8, 0xbd, 0xd8, 0xbd, 0xd8, 0xbd, 0xd8, 0xbd, 0xd8, 0xbd, 0xd8, 0xbd, 0xd8, 0xbd,
        0xd8, 0xbd, 0xd8, 0xbd, 0xd8, 0xbd, 0xd8, 0xbd, 0xd8, 0xbd, 0xd8, 0xbd, 0xd8, 0xbd, 0xd8, 0xbd, 0xd8, 0xbd, 0xd8, 0xbd,
        0xd8, 0xbd, 0xd8, 0xbd, 0xd8, 0xbd, 0xd8, 0xbd, 0xd8, 0xbd, 0xd8, 0xbd, 0xd8, 0xbd, 0xd8, 0xbd, 0xb7, 0xbd, 0xb7, 0xbd,
        0xb7, 0xbd, 0xd7, 0xbd, 0xd8, 0xbd, 0xf8, 0xbd, 0xd8, 0xbd, 0xd8, 0xbd, 0xd8, 0xbd, 0xd7, 0xbd, 0xd7, 0xbd, 0xd8, 0xbd,
        0xf8, 0xbd, 0xf8, 0xc5, 0xf8, 0xc5, 0xf8, 0xc5, 0xd8, 0xbd, 0xd8, 0xbd, 0xb7, 0xbd, 0xf8, 0xc5, 0x7b, 0xf7, 0x9b, 0xff,
        0xbc, 0xff, 0xbc, 0xff, 0xbc, 0xff, 0x9c, 0xff, 0x9c, 0xff, 0x9b, 0xff, 0x9b, 0xff, 0x9b, 0xff, 0xfa, 0xe6, 0xd7, 0xbd,
        0xf8, 0xbd, 0x18, 0xc6, 0x7c, 0xf7, 0x9c, 0xff, 0x9c, 0xff, 0x9b, 0xff, 0x7c, 0xf7, 0x9c, 0xff, 0x7b, 0xf7, 0xf8, 0xc5,
        0xb7, 0xbd, 0xb7, 0xbd, 0xb7, 0xbd, 0xb7, 0xbd, 0xd7, 0xbd, 0xd7, 0xbd, 0xd7, 0xbd, 0xd8, 0xbd, 0xd8, 0xbd, 0xd7, 0xbd,
        0xd7, 0xbd, 0xb7, 0xbd, 0xd7, 0xbd, 0xd7, 0xbd, 0xd8, 0xbd, 0xf8, 0xc5, 0xd7, 0xbd, 0xd0, 0x73, 0xec, 0x5a, 0xa8, 0x29,
        0x87, 0x21, 0x67, 0x21, 0x67, 0x21, 0x67, 0x21, 0x67, 0x21, 0x67, 0x21, 0x67, 0x21, 0x67, 0x21, 0x46, 0x21, 0x46, 0x19,
        0xa8, 0x29, 0xe8, 0x31, 0x09, 0x32, 0xc8, 0x29, 0x67, 0x21, 0x67, 0x21, 0x67, 0x21, 0x67, 0x21, 0x66, 0x21, 0x66, 0x21,
        0x67, 0x21, 0x67, 0x21, 0x67, 0x21, 0x87, 0x21, 0x87, 0x21, 0xe5, 0x10, 0xc4, 0x10, 0xe4, 0x10, 0x83, 0x08, 0x00, 0x00,
        0x20, 0x00, 0x00, 0x00, 0x53, 0x8d, 0x7a, 0xbf, 0x18, 0xb7, 0xf8, 0xae, 0xd7, 0xa6, 0xd6, 0xa6, 0xd6, 0xa6, 0x6b, 0x85,
        0x09, 0x7d, 0x2a, 0x85, 0x2a, 0x85, 0x4a, 0x85, 0x4a, 0x85, 0x4a, 0x85, 0x4a, 0x85, 0x4a, 0x85, 0x4a, 0x85, 0x4a, 0x85,
        0x4a, 0x85, 0x4a, 0x85, 0x4a, 0x7d, 0x4a, 0x85, 0x2a, 0x7d, 0xec, 0x64, 0xeb, 0x6c, 0xeb, 0x6c, 0xeb, 0x64, 0xcb, 0x64,
        0xcb, 0x64, 0xeb, 0x64, 0x2a, 0x7d, 0x49, 0x7d, 0x4a, 0x7d, 0x49, 0x7d, 0x2a, 0x7d, 0x2a, 0x7d, 0x2a, 0x7d, 0xea, 0x6c,
        0xea, 0x6c, 0xea, 0x6c, 0xea, 0x74, 0xca, 0x64, 0x6b, 0x54, 0x8b, 0x54, 0x8b, 0x54, 0xcb, 0x64, 0xea, 0x6c, 0xea, 0x6c,
        0xcb, 0x64, 0x8b, 0x5c, 0x8b, 0x5c, 0x6b, 0x5c, 0x6b, 0x5c, 0x8b, 0x54, 0x8b, 0x5c, 0xab, 0x64, 0xab, 0x64, 0xcb, 0x64,
        0xb7, 0xe6, 0xb7, 0xe6, 0xb7, 0xe6, 0xb7, 0xe6, 0xb7, 0xe6, 0xb7, 0xe6, 0xb7, 0xe6, 0xb7, 0xe6, 0xb7, 0xe6, 0xb7, 0xe6,
        0xb7, 0xe6, 0xb7, 0xe6, 0xb7, 0xe6, 0xb7, 0xe6, 0xd7, 0xe6, 0x76, 0xe6, 0x93, 0xcd, 0x93, 0xcd, 0x6c, 0xa5, 0x69, 0x95,
        0x8a, 0x9d, 0x8a, 0x95, 0x4a, 0x85, 0x4a, 0x85, 0x4a, 0x85, 0x4a, 0x85, 0x0a, 0x75, 0xeb, 0x6c, 0xeb, 0x6c, 0xeb, 0x6c,
        0xeb, 0x6c, 0xeb, 0x74, 0xeb, 0x74, 0xeb, 0x74, 0x0b, 0x75, 0x0b, 0x75, 0x0b, 0x75, 0x4a, 0x85, 0x6a, 0x8d, 0x6a, 0x8d,
        0x4a, 0x85, 0x2a, 0x75, 0x2a, 0x75, 0x0a, 0x75, 0xcb, 0x64, 0xcb, 0x5c, 0xeb, 0x6c, 0x6a, 0x85, 0x4a, 0x85, 0x4a, 0x85,
        0x4a, 0x85, 0x29, 0x85, 0x6b, 0x85, 0xd7, 0xae, 0x19, 0xb7, 0x19, 0xb7, 0x19, 0xb7, 0x19, 0xb7, 0x18, 0xb7, 0x18, 0xb7,
        0xf8, 0xae, 0xd7, 0xae, 0xd7, 0xae, 0xd7, 0xae, 0xf7, 0xae, 0xf7, 0xae, 0xd7, 0xae, 0xf7, 0xae, 0xd7, 0xae, 0xd7, 0xae,
        0xd7, 0xae, 0xd7, 0xae, 0xd7, 0xae, 0xd7, 0xae, 0xd7, 0xae, 0xd7, 0xae, 0xd7, 0xae, 0xd7, 0xae, 0xd7, 0xae, 0xd7, 0xae,
        0xd7, 0xae, 0xf8, 0xae, 0x18, 0xb7, 0x15, 0x9e, 0x61, 0x08, 0x00, 0x00, 0x00, 0x00, 0x61, 0x08, 0x04, 0x21, 0x04, 0x21,
        0x25, 0x21, 0xc7, 0x39, 0x28, 0x42, 0x28, 0x4a, 0x08, 0x42, 0xc7, 0x39, 0xe8, 0x41, 0x08, 0x42, 0x31, 0x84, 0xb7, 0xb5,
        0x56, 0xad, 0x56, 0xad, 0x1b, 0xe7, 0x9c, 0xff, 0x9c, 0xff, 0x9c, 0xff, 0x9c, 0xff, 0x9c, 0xff, 0x9c, 0xff, 0x9c, 0xff,
        0x9c, 0xff, 0x9c, 0xff, 0x9c, 0xff, 0x9c, 0xf7, 0x9c, 0xff, 0x9c, 0xf7, 0x9c, 0xff, 0x9c, 0xff, 0x9c, 0xff, 0x9c, 0xff,
        0x9c, 0xff, 0x9c, 0xff, 0x9c, 0xff, 0x9c, 0xff, 0x9c, 0xff, 0x9c, 0xff, 0x9c, 0xff, 0x9d, 0xff, 0xbd, 0xff, 0x79, 0xce,
        0xd8, 0xbd, 0xb7, 0xbd, 0xb7, 0xbd, 0x97, 0xb5, 0xb7, 0xbd, 0xd7, 0xbd, 0xd8, 0xbd, 0xd8, 0xbd, 0xd8, 0xbd, 0xd7, 0xbd,
        0xb7, 0xbd, 0xb7, 0xbd, 0xb7, 0xbd, 0xd7, 0xbd, 0xd8, 0xbd, 0xd8, 0xbd, 0xd8, 0xbd, 0xd8, 0xbd, 0xd8, 0xbd, 0xd7, 0xbd,
        0xd8, 0xbd, 0xd8, 0xbd, 0xd8, 0xbd, 0xd8, 0xbd, 0xd8, 0xbd, 0xd8, 0xbd, 0xd8, 0xbd, 0xf8, 0xc5, 0xf8, 0xc5, 0xd8, 0xbd,
        0xd8, 0xbd, 0xd8, 0xbd, 0xd8, 0xbd, 0xd8, 0xbd, 0xd8, 0xbd, 0xd8, 0xbd, 0xb8, 0xbd, 0xb7, 0xbd, 0x97, 0xb5, 0x77, 0xb5,
        0x77, 0xb5, 0x97, 0xb5, 0xb7, 0xbd, 0xd8, 0xbd, 0xd8, 0xbd, 0xd8, 0xbd, 0xd8, 0xbd, 0xf8, 0xbd, 0xd8, 0xbd, 0xd8, 0xbd,
        0xd8, 0xbd, 0xd8, 0xbd, 0xd8, 0xbd, 0xd8, 0xbd, 0xd7, 0xbd, 0xd7, 0xbd, 0xb7, 0xbd, 0xf8, 0xc5, 0x5b, 0xf7, 0x9b, 0xff,
        0x9c, 0xff, 0x9c, 0xff, 0xbc, 0xff, 0x9c, 0xff, 0x9c, 0xff, 0x9c, 0xf7, 0x7b, 0xf7, 0x9b, 0xff, 0xda, 0xde, 0xf8, 0xbd,
        0x18, 0xc6, 0x59, 0xce, 0x9c, 0xf7, 0x9c, 0xff, 0x9c, 0xff, 0x9c, 0xff, 0x9c, 0xff, 0x7b, 0xff, 0x5b, 0xf7, 0xd7, 0xbd,
        0xb7, 0xbd, 0xb7, 0xbd, 0x97, 0xb5, 0x97, 0xb5, 0xb7, 0xbd, 0xb7, 0xbd, 0xd7, 0xbd, 0xd8, 0xbd, 0xd7, 0xbd, 0xd7, 0xbd,
        0xd8, 0xc5, 0xf8, 0xc5, 0xf8, 0xc5, 0xd7, 0xbd, 0xb7, 0xbd, 0xb7, 0xbd, 0xb7, 0xb5, 0xf8, 0xc5, 0xf4, 0xa4, 0xa8, 0x29,
        0x87, 0x21, 0x67, 0x21, 0x67, 0x21, 0x67, 0x21, 0x67, 0x21, 0x67, 0x21, 0x67, 0x21, 0x47, 0x21, 0x46, 0x19, 0x46, 0x19,
        0xa7, 0x29, 0xe9, 0x31, 0x09, 0x3a, 0xe8, 0x31, 0x67, 0x21, 0x67, 0x21, 0x67, 0x21, 0x67, 0x21, 0x67, 0x21, 0x46, 0x21,
        0x66, 0x21, 0x46, 0x21, 0x47, 0x21, 0x67, 0x21, 0x88, 0x21, 0xe5, 0x10, 0xa4, 0x08, 0xc5, 0x08, 0x83, 0x08, 0x00, 0x00,
        0x20, 0x00, 0x00, 0x00, 0xd1, 0x7c, 0xb7, 0xae, 0x56, 0xa6, 0x96, 0xa6, 0xd7, 0xae, 0xd7, 0xa6, 0xd6, 0xa6, 0x6c, 0x85,
        0x09, 0x7d, 0x2a, 0x85, 0x4a, 0x85, 0x4a, 0x85, 0x4a, 0x85, 0x4a, 0x85, 0x6a, 0x85, 0x4a, 0x85, 0x4a, 0x85, 0x4a, 0x85,
        0x4a, 0x85, 0x4a, 0x85, 0x4a, 0x85, 0x4a, 0x85, 0x2b, 0x7d, 0xec, 0x64, 0xeb, 0x64, 0xeb, 0x64, 0xeb, 0x64, 0xeb, 0x64,
        0xcb, 0x64, 0xeb, 0x6c, 0x2a, 0x7d, 0x49, 0x7d, 0x49, 0x7d, 0x2a, 0x7d, 0x29, 0x7d, 0x29, 0x7d, 0x2a, 0x7d, 0xea, 0x74,
        0xeb, 0x6c, 0xea, 0x6c, 0xea, 0x6c, 0xcb, 0x64, 0x8b, 0x54, 0x8b, 0x54, 0x8b, 0x54, 0xcb, 0x64, 0xea, 0x6c, 0xea, 0x6c,
        0xab, 0x64, 0x6b, 0x5c, 0x6b, 0x5c, 0x6b, 0x5c, 0x6b, 0x54, 0x6b, 0x54, 0x6b, 0x54, 0xab, 0x5c, 0xab, 0x5c, 0xab, 0x5c,
        0xb7, 0xe6, 0xd7, 0xe6, 0xd8, 0xee, 0xd8, 0xee, 0xd7, 0xee, 0xb7, 0xe6, 0xb7, 0xe6, 0xb7, 0xe6, 0xb7, 0xe6, 0xb7, 0xe6,
        0xb7, 0xe6, 0xb7, 0xe6, 0xb7, 0xe6, 0xb7, 0xe6, 0xd7, 0xe6, 0x96, 0xe6, 0x93, 0xcd, 0x93, 0xcd, 0x6d, 0xa5, 0x49, 0x8d,
        0x6a, 0x95, 0x6a, 0x8d, 0x4a, 0x85, 0x4a, 0x85, 0x4a, 0x85, 0x4a, 0x85, 0xeb, 0x64, 0xab, 0x5c, 0xab, 0x5c, 0xab, 0x5c,
        0xab, 0x5c, 0xab, 0x64, 0xab, 0x64, 0xcb, 0x6c, 0x0b, 0x7d, 0x0b, 0x7d, 0x2a, 0x7d, 0x0b, 0x75, 0x0b, 0x6d, 0x0b, 0x75,
        0x0b, 0x75, 0x2a, 0x7d, 0x2a, 0x7d, 0x0a, 0x75, 0xcb, 0x64, 0xcb, 0x64, 0xeb, 0x64, 0x0b, 0x75, 0x0b, 0x75, 0x0b, 0x75,
        0x4a, 0x85, 0x2a, 0x85, 0x4a, 0x85, 0x11, 0x96, 0x32, 0x9e, 0x52, 0x9e, 0x52, 0x9e, 0x52, 0x9e, 0x52, 0x9e, 0x32, 0x9e,
        0x95, 0xae, 0xf8, 0xae, 0xd7, 0xae, 0xf7, 0xae, 0xf7, 0xae, 0xf7, 0xae, 0xd7, 0xae, 0xf7, 0xae, 0xf7, 0xae, 0xd7, 0xae,
        0xd7, 0xae, 0xf7, 0xae, 0xd7, 0xae, 0xd7, 0xae, 0xd7, 0xae, 0xd7, 0xae, 0xd7, 0xae, 0xd7, 0xae, 0xd7, 0xae, 0xd7, 0xae,
        0xd7, 0xae, 0xf8, 0xae, 0x18, 0xb7, 0x35, 0x9e, 0x81, 0x08, 0x00, 0x00, 0x00, 0x00, 0x00, 0x00, 0x00, 0x00, 0x00, 0x00,
        0x00, 0x00, 0x00, 0x00, 0x00, 0x00, 0x00, 0x00, 0x00, 0x00, 0x00, 0x00, 0x00, 0x00, 0x00, 0x00, 0xaf, 0x7b, 0x7a, 0xce,
        0xf8, 0xc5, 0x18, 0xc6, 0x7c, 0xf7, 0x9c, 0xff, 0x9c, 0xff, 0x9c, 0xff, 0x9c, 0xff, 0x9c, 0xff, 0x9c, 0xff, 0x9c, 0xff,
        0x9c, 0xff, 0x9c, 0xf7, 0x9c, 0xff, 0x9c, 0xff, 0x9c, 0xf7, 0x9c, 0xff, 0x9c, 0xff, 0x9c, 0xff, 0x9c, 0xff, 0x9c, 0xff,
        0x9c, 0xf7, 0x79, 0xd6, 0x59, 0xce, 0x7c, 0xf7, 0xbd, 0xff, 0x9c, 0xff, 0x9c, 0xff, 0x9c, 0xf7, 0xbc, 0xff, 0x79, 0xce,
        0xd8, 0xbd, 0xd8, 0xbd, 0xf8, 0xc5, 0xda, 0xde, 0xfa, 0xe6, 0xfb, 0xe6, 0x1b, 0xe7, 0xfb, 0xe6, 0xfa, 0xe6, 0xda, 0xe6,
        0xb9, 0xde, 0x18, 0xc6, 0xf8, 0xc5, 0x18, 0xc6, 0xf8, 0xc5, 0xd8, 0xbd, 0xd8, 0xbd, 0xd8, 0xbd, 0xd8, 0xbd, 0xd8, 0xbd,
        0xd8, 0xbd, 0xd8, 0xbd, 0xd8, 0xbd, 0xd8, 0xbd, 0xd8, 0xbd, 0xd8, 0xbd, 0xf8, 0xbd, 0xf8, 0xc5, 0xf8, 0xbd, 0xf8, 0xc5,
        0xd8, 0xbd, 0xd8, 0xbd, 0xd8, 0xbd, 0xd8, 0xbd, 0xd8, 0xbd, 0xf8, 0xc5, 0xf8, 0xc5, 0xd8, 0xbd, 0x38, 0xce, 0x99, 0xde,
        0x99, 0xde, 0xb9, 0xde, 0xda, 0xde, 0xfa, 0xe6, 0xfb, 0xe6, 0x1b, 0xe7, 0x59, 0xce, 0xd8, 0xbd, 0xd8, 0xbd, 0xf8, 0xc5,
        0xf8, 0xc5, 0xd7, 0xbd, 0xb7, 0xbd, 0xb7, 0xbd, 0xd7, 0xbd, 0xd7, 0xbd, 0xb7, 0xbd, 0xf8, 0xc5, 0x7b, 0xf7, 0x9c, 0xff,
        0x9c, 0xff, 0x9c, 0xff, 0x9c, 0xff, 0x9c, 0xff, 0x9c, 0xff, 0x9c, 0xff, 0x7b, 0xf7, 0x7b, 0xff, 0x3b, 0xef, 0xfa, 0xe6,
        0x1a, 0xe7, 0x1b, 0xef, 0x9c, 0xff, 0x9c, 0xff, 0x9c, 0xff, 0x9c, 0xff, 0x9c, 0xff, 0x9b, 0xff, 0x3b, 0xef, 0xd4, 0x9c,
        0x94, 0x94, 0xb4, 0x94, 0x36, 0xad, 0xb7, 0xbd, 0xb7, 0xbd, 0xb7, 0xbd, 0xb7, 0xbd, 0xd7, 0xbd, 0xd7, 0xbd, 0xd7, 0xbd,
        0xb0, 0x73, 0x2e, 0x63, 0x4e, 0x63, 0x72, 0x8c, 0xb7, 0xbd, 0x97, 0xb5, 0x76, 0xb5, 0x97, 0xb5, 0x93, 0x94, 0x88, 0x29,
        0x87, 0x21, 0x67, 0x21, 0x67, 0x21, 0x67, 0x21, 0x67, 0x21, 0x67, 0x21, 0x67, 0x21, 0x67, 0x21, 0x87, 0x21, 0x67, 0x21,
        0xc8, 0x31, 0x09, 0x32, 0x09, 0x3a, 0x09, 0x3a, 0xe9, 0x31, 0x09, 0x32, 0xe8, 0x31, 0xa8, 0x29, 0xa8, 0x29, 0x87, 0x29,
        0x87, 0x29, 0xf4, 0x2b, 0xfa, 0x24, 0xf9, 0x2c, 0x3a, 0x2d, 0x58, 0x1c, 0xb7, 0x13, 0xf8, 0x13, 0x54, 0x13, 0x82, 0x08,
        0xa2, 0x10, 0xa3, 0x10, 0xa2, 0x10, 0xc2, 0x10, 0xa2, 0x10, 0x86, 0x42, 0xed, 0x8d, 0xad, 0x8d, 0xce, 0x8d, 0x4a, 0x85,
        0x29, 0x85, 0x2a, 0x85, 0x4a, 0x85, 0x4a, 0x85, 0x4a, 0x85, 0x4a, 0x85, 0x0b, 0x75, 0x2a, 0x75, 0x4a, 0x85, 0x4a, 0x85,
        0x2b, 0x75, 0x4b, 0x7d, 0x4a, 0x7d, 0x4a, 0x7d, 0x2a, 0x7d, 0x0b, 0x75, 0x2b, 0x75, 0x2b, 0x75, 0xeb, 0x6c, 0xab, 0x5c,
        0xab, 0x5c, 0xab, 0x5c, 0x2a, 0x7d, 0x4a, 0x7d, 0x2a, 0x7d, 0x2a, 0x7d, 0x2a, 0x7d, 0x2a, 0x7d, 0x2a, 0x7d, 0xcb, 0x6c,
        0x8b, 0x5c, 0x8b, 0x5c, 0x8b, 0x5c, 0x8b, 0x5c, 0x8b, 0x5c, 0x8b, 0x5c, 0xab, 0x5c, 0xab, 0x5c, 0xab, 0x5c, 0xab, 0x5c,
        0x8b, 0x5c, 0x8b, 0x5c, 0x8b, 0x5c, 0x6b, 0x5c, 0x8b, 0x5c, 0x8b, 0x5c, 0x8b, 0x5c, 0xeb, 0x6c, 0xea, 0x74, 0xeb, 0x74,
        0xed, 0x74, 0xee, 0x74, 0x0e, 0x75, 0x0e, 0x75, 0xed, 0x6c, 0x13, 0xbe, 0xd7, 0xee, 0xb7, 0xe6, 0xb7, 0xe6, 0xb7, 0xe6,
        0xb7, 0xe6, 0xb7, 0xe6, 0xb7, 0xe6, 0xb7, 0xe6, 0xd7, 0xe6, 0x96, 0xe6, 0xb4, 0xcd, 0xb4, 0xd5, 0x2d, 0x8d, 0xca, 0x64,
        0xeb, 0x6c, 0xeb, 0x74, 0x4a, 0x85, 0x6a, 0x85, 0x4a, 0x85, 0x4a, 0x85, 0xcb, 0x64, 0x8b, 0x54, 0x8b, 0x5c, 0x8b, 0x5c,
        0x8b, 0x5c, 0x8b, 0x5c, 0x6b, 0x5c, 0xab, 0x64, 0x0a, 0x7d, 0x0a, 0x75, 0x2a, 0x7d, 0xeb, 0x6c, 0xeb, 0x64, 0xeb, 0x64,
        0xeb, 0x6c, 0x4a, 0x7d, 0x4a, 0x85, 0x2a, 0x7d, 0xeb, 0x6c, 0xeb, 0x64, 0xeb, 0x64, 0xeb, 0x6c, 0xeb, 0x6c, 0x0b, 0x6d,
        0x4a, 0x85, 0x4a, 0x85, 0x2a, 0x85, 0x29, 0x7d, 0x29, 0x85, 0x49, 0x85, 0x49, 0x85, 0x49, 0x85, 0x49, 0x85, 0x28, 0x85,
        0x12, 0x9e, 0xf8, 0xb6, 0xd7, 0xae, 0xf7, 0xae, 0xd7, 0xae, 0xf7, 0xae, 0xd7, 0xae, 0xd7, 0xae, 0xd7, 0xae, 0xd7, 0xae,
        0xd7, 0xae, 0xd7, 0xae, 0xd7, 0xae, 0xd7, 0xae, 0xd7, 0xae, 0xd7, 0xae, 0xd7, 0xae, 0xd7, 0xae, 0xd7, 0xae, 0xd7, 0xae,
        0xd7, 0xae, 0xd7, 0xae, 0x18, 0xb7, 0x35, 0xa6, 0xa2, 0x08, 0x20, 0x00, 0x40, 0x00, 0x20, 0x00, 0x20, 0x00, 0x20, 0x00,
        0x00, 0x00, 0x00, 0x00, 0x00, 0x00, 0x00, 0x00, 0x00, 0x00, 0x00, 0x00, 0x00, 0x00, 0x00, 0x00, 0xf0, 0x83, 0x9a, 0xd6,
        0x39, 0xce, 0x59, 0xce, 0x9c, 0xf7, 0x9c, 0xff, 0x9c, 0xff, 0x9c, 0xff, 0x9c, 0xff, 0x9c, 0xff, 0x9c, 0xff, 0x9c, 0xff,
        0x9c, 0xff, 0x9c, 0xff, 0x9c, 0xff, 0x9c, 0xff, 0x9c, 0xff, 0x9c, 0xff, 0x9c, 0xff, 0x9c, 0xff, 0x9c, 0xff, 0xbc, 0xff,
        0x7c, 0xf7, 0xf8, 0xc5, 0xf8, 0xc5, 0x7c, 0xf7, 0xbd, 0xff, 0x9c, 0xff, 0x9c, 0xff, 0x9c, 0xf7, 0x9c, 0xff, 0x59, 0xce,
        0xd8, 0xbd, 0xd8, 0xbd, 0x18, 0xc6, 0x9c, 0xff, 0xbd, 0xff, 0xbd, 0xff, 0xbd, 0xff, 0xbc, 0xff, 0x9c, 0xff, 0x9b, 0xff,
        0x7b, 0xff, 0x99, 0xde, 0x38, 0xce, 0x58, 0xce, 0xf8, 0xc5, 0xb8, 0xbd, 0xd8, 0xbd, 0xb8, 0xbd, 0xd7, 0xbd, 0xd8, 0xbd,
        0xd8, 0xbd, 0xd8, 0xbd, 0xd8, 0xbd, 0xd8, 0xbd, 0xd8, 0xbd, 0xd8, 0xbd, 0xd8, 0xbd, 0xd8, 0xbd, 0xd8, 0xbd, 0xd8, 0xbd,
        0xd8, 0xbd, 0xd8, 0xbd, 0xd8, 0xbd, 0xd8, 0xbd, 0xb8, 0xbd, 0xf8, 0xc5, 0xf8, 0xc5, 0xd8, 0xbd, 0xda, 0xe6, 0xbb, 0xff,
        0x9b, 0xff, 0xbb, 0xff, 0xbc, 0xff, 0xbc, 0xff, 0xbd, 0xff, 0xfd, 0xff, 0xba, 0xde, 0xd8, 0xbd, 0xf8, 0xbd, 0xf8, 0xc5,
        0xf8, 0xc5, 0xb7, 0xbd, 0xb7, 0xbd, 0xb7, 0xbd, 0xb7, 0xbd, 0xd7, 0xbd, 0xb7, 0xbd, 0xf8, 0xc5, 0x7b, 0xf7, 0x9c, 0xff,
        0xbc, 0xff, 0xbc, 0xff, 0x9c, 0xff, 0x9c, 0xff, 0x9c, 0xff, 0x9c, 0xff, 0x9c, 0xff, 0x9b, 0xff, 0x9b, 0xff, 0x9c, 0xff,
        0x9c, 0xff, 0x9c, 0xff, 0x9c, 0xff, 0x9c, 0xff, 0x9c, 0xff, 0x9c, 0xff, 0x9c, 0xff, 0x9c, 0xff, 0x5b, 0xef, 0x73, 0x8c,
        0x12, 0x7c, 0x33, 0x84, 0x15, 0xa5, 0xb7, 0xbd, 0xb7, 0xbd, 0xb7, 0xbd, 0xb7, 0xbd, 0xb7, 0xbd, 0xd8, 0xbd, 0xd7, 0xbd,
        0xcc, 0x52, 0x09, 0x3a, 0xe9, 0x31, 0xd0, 0x73, 0xf8, 0xc5, 0x97, 0xb5, 0x76, 0xb5, 0x97, 0xb5, 0x93, 0x94, 0x67, 0x21,
        0x87, 0x21, 0x67, 0x21, 0x67, 0x21, 0x47, 0x21, 0x67, 0x21, 0x67, 0x21, 0x67, 0x21, 0x87, 0x29, 0xa7, 0x29, 0xa7, 0x29,
        0xe8, 0x31, 0x09, 0x3a, 0x09, 0x3a, 0x29, 0x3a, 0x29, 0x3a, 0x29, 0x42, 0x09, 0x3a, 0xc8, 0x29, 0xa8, 0x29, 0xa8, 0x29,
        0x87, 0x29, 0xf9, 0x2c, 0x3f, 0x26, 0xff, 0x2d, 0x1f, 0x36, 0x1c, 0x1d, 0x7c, 0x0c, 0x9d, 0x14, 0xd8, 0x13, 0xe4, 0x10,
        0xe4, 0x10, 0xe4, 0x10, 0x00, 0x00, 0x00, 0x00, 0x00, 0x00, 0xe3, 0x29, 0x09, 0x7d, 0xe8, 0x74, 0xe8, 0x7c, 0x29, 0x7d,
        0x2a, 0x85, 0x4a, 0x85, 0x4a, 0x85, 0x4a, 0x85, 0x6a, 0x85, 0x4a, 0x85, 0xeb, 0x64, 0x0b, 0x6d, 0x4a, 0x85, 0x4a, 0x7d,
        0x2b, 0x6d, 0x2b, 0x75, 0x4a, 0x7d, 0x4a, 0x7d, 0x4a, 0x7d, 0x4a, 0x7d, 0x4a, 0x7d, 0x6a, 0x85, 0xeb, 0x6c, 0x8b, 0x54,
        0x8b, 0x54, 0x8b, 0x54, 0x0a, 0x75, 0x2a, 0x7d, 0x0a, 0x7d, 0x2a, 0x7d, 0x2a, 0x7d, 0x2a, 0x7d, 0x2a, 0x7d, 0xab, 0x64,
        0x6b, 0x54, 0x6b, 0x5c, 0x6b, 0x5c, 0x8b, 0x5c, 0x8b, 0x5c, 0x8b, 0x5c, 0x8b, 0x5c, 0x8b, 0x5c, 0x8b, 0x5c, 0x8b, 0x54,
        0x8b, 0x54, 0x8b, 0x5c, 0x8b, 0x54, 0x8b, 0x5c, 0x8b, 0x5c, 0xab, 0x5c, 0xab, 0x64, 0x0a, 0x7d, 0x2a, 0x7d, 0x2a, 0x7d,
        0x4b, 0x54, 0x6b, 0x54, 0x8b, 0x54, 0x8b, 0x54, 0x6a, 0x44, 0xf2, 0xad, 0xf8, 0xee, 0xd7, 0xe6, 0xb7, 0xe6, 0xb7, 0xe6,
        0xb7, 0xe6, 0xb7, 0xe6, 0xb7, 0xe6, 0xb7, 0xe6, 0xd7, 0xe6, 0x97, 0xe6, 0xd4, 0xd5, 0xd4, 0xd5, 0x2e, 0x8d, 0xea, 0x64,
        0xeb, 0x6c, 0x0b, 0x6d, 0x4a, 0x85, 0x4a, 0x85, 0x4a, 0x85, 0x4a, 0x85, 0xcb, 0x64, 0x8b, 0x54, 0x8b, 0x5c, 0x8b, 0x5c,
        0x8b, 0x54, 0x8b, 0x54, 0x6b, 0x54, 0xab, 0x64, 0x0a, 0x75, 0x0a, 0x75, 0x2a, 0x75, 0xeb, 0x6c, 0xeb, 0x64, 0xeb, 0x64,
        0xeb, 0x6c, 0x4a, 0x7d, 0x4a, 0x85, 0x2a, 0x7d, 0xeb, 0x6c, 0xeb, 0x64, 0xeb, 0x64, 0xeb, 0x6c, 0xeb, 0x6c, 0x0b, 0x6d,
        0x4a, 0x85, 0x4a, 0x85, 0x4a, 0x85, 0x4a, 0x85, 0x4a, 0x85, 0x4a, 0x85, 0x6a, 0x85, 0x6a, 0x85, 0x6a, 0x85, 0x49, 0x85,
        0x11, 0x9e, 0xf9, 0xb6, 0xf8, 0xae, 0xf8, 0xae, 0xd7, 0xae, 0xf7, 0xae, 0xd7, 0xae, 0xd7, 0xae, 0xd7, 0xae, 0xd7, 0xae,
        0xd7, 0xae, 0xd7, 0xae, 0xd7, 0xae, 0xf7, 0xae, 0xd7, 0xae, 0xd7, 0xae, 0xd7, 0xae, 0xd7, 0xae, 0xd7, 0xae, 0xd7, 0xae,
        0xd7, 0xae, 0xd7, 0xae, 0xf8, 0xae, 0xb7, 0xae, 0x92, 0x8d, 0x93, 0x8d, 0x93, 0x8d, 0x72, 0x8d, 0x72, 0x8d, 0x52, 0x85,
        0x31, 0x85, 0x10, 0x7d, 0xf0, 0x7c, 0x51, 0x85, 0x47, 0x3a, 0x00, 0x00, 0x00, 0x00, 0x00, 0x00, 0xcf, 0x7b, 0x59, 0xce,
        0x18, 0xc6, 0x59, 0xce, 0x9c, 0xf7, 0xbc, 0xff, 0x9c, 0xff, 0x9c, 0xff, 0x9c, 0xff, 0x9c, 0xff, 0x9c, 0xff, 0x9c, 0xff,
        0x9c, 0xff, 0x9c, 0xff, 0x9c, 0xff, 0x9c, 0xff, 0x9c, 0xff, 0x9c, 0xf7, 0x9c, 0xff, 0x9c, 0xff, 0x9c, 0xff, 0xbc, 0xff,
        0x7c, 0xf7, 0xf8, 0xc5, 0xd8, 0xbd, 0x7c, 0xf7, 0xbd, 0xff, 0x9c, 0xff, 0x9c, 0xff, 0x7b, 0xf7, 0x7b, 0xff, 0x38, 0xce,
        0x97, 0xb5, 0xb7, 0xbd, 0xf8, 0xc5, 0x9c, 0xf7, 0xbd, 0xff, 0x9c, 0xff, 0x9c, 0xff, 0x9c, 0xff, 0x9c, 0xf7, 0x7b, 0xff,
        0x7b, 0xf7, 0xda, 0xe6, 0x99, 0xde, 0x99, 0xde, 0x59, 0xce, 0x39, 0xce, 0x59, 0xce, 0x59, 0xce, 0x59, 0xce, 0x59, 0xce,
        0x59, 0xce, 0x59, 0xce, 0x59, 0xce, 0x59, 0xce, 0x39, 0xce, 0x59, 0xce, 0x59, 0xce, 0x39, 0xce, 0x39, 0xce, 0x39, 0xce,
        0x59, 0xce, 0x59, 0xce, 0x39, 0xce, 0x39, 0xce, 0x39, 0xce, 0x59, 0xce, 0x59, 0xce, 0x38, 0xce, 0xfa, 0xe6, 0x9b, 0xff,
        0x9b, 0xff, 0x9b, 0xff, 0x9b, 0xff, 0xbc, 0xff, 0xbd, 0xff, 0xdd, 0xff, 0x9a, 0xd6, 0xd8, 0xbd, 0xf8, 0xc5, 0xf8, 0xc5,
        0xf8, 0xc5, 0xb7, 0xbd, 0x97, 0xb5, 0x97, 0xb5, 0xb7, 0xbd, 0xd7, 0xbd, 0xd8, 0xbd, 0x18, 0xce, 0xbd, 0xff, 0xdd, 0xff,
        0xbd, 0xff, 0xbd, 0xff, 0xbc, 0xff, 0x9c, 0xff, 0x9c, 0xff, 0x9c, 0xff, 0x9c, 0xff, 0x9c, 0xff, 0x9c, 0xff, 0x9c, 0xff,
        0x9c, 0xff, 0x9c, 0xff, 0x9c, 0xff, 0x9c, 0xff, 0x9c, 0xff, 0x9b, 0xff, 0x9c, 0xff, 0x9c, 0xff, 0x5b, 0xef, 0x93, 0x8c,
        0x53, 0x84, 0x53, 0x8c, 0x56, 0xad, 0xd7, 0xbd, 0xb7, 0xbd, 0xb7, 0xbd, 0xb7, 0xbd, 0xd8, 0xbd, 0xf8, 0xbd, 0xd7, 0xbd,
        0xcc, 0x52, 0x2a, 0x3a, 0x09, 0x3a, 0xaf, 0x73, 0x76, 0xb5, 0x15, 0xa5, 0xf4, 0xa4, 0x15, 0xa5, 0x31, 0x84, 0x87, 0x21,
        0x87, 0x21, 0x67, 0x21, 0x46, 0x21, 0x47, 0x21, 0x67, 0x21, 0x67, 0x21, 0x67, 0x21, 0x87, 0x21, 0xa7, 0x29, 0x87, 0x29,
        0xe8, 0x31, 0x09, 0x3a, 0x29, 0x3a, 0x29, 0x3a, 0x29, 0x3a, 0x29, 0x3a, 0x09, 0x3a, 0xa8, 0x29, 0x87, 0x29, 0x66, 0x29,
        0x25, 0x29, 0x97, 0x24, 0x3f, 0x26, 0x1f, 0x26, 0x1f, 0x2e, 0xfc, 0x1c, 0x5b, 0x0c, 0x9c, 0x14, 0xd8, 0x1b, 0xe4, 0x10,
        0xe4, 0x10, 0xa3, 0x10, 0x00, 0x00, 0x00, 0x00, 0x00, 0x00, 0x04, 0x32, 0x4a, 0x85, 0x09, 0x7d, 0x29, 0x7d, 0x29, 0x85,
        0x49, 0x85, 0x6a, 0x85, 0x6a, 0x85, 0x6a, 0x85, 0x6a, 0x85, 0x4a, 0x85, 0xeb, 0x6c, 0x0b, 0x75, 0x4a, 0x85, 0x4a, 0x7d,
        0x0b, 0x6d, 0x2b, 0x75, 0x4a, 0x7d, 0x4a, 0x7d, 0x4a, 0x7d, 0x6a, 0x85, 0x6a, 0x85, 0x6a, 0x85, 0x0b, 0x6d, 0x8b, 0x54,
        0x8b, 0x54, 0xab, 0x54, 0x2a, 0x75, 0x2a, 0x7d, 0x0a, 0x7d, 0x2a, 0x7d, 0x2a, 0x7d, 0x2a, 0x7d, 0x2a, 0x7d, 0xab, 0x64,
        0x6b, 0x54, 0x8b, 0x5c, 0x6b, 0x5c, 0x8b, 0x5c, 0x8b, 0x5c, 0x8b, 0x5c, 0x8b, 0x5c, 0x8b, 0x5c, 0x8b, 0x54, 0x8b, 0x54,
        0x8b, 0x5c, 0x8b, 0x54, 0x8b, 0x54, 0x8b, 0x54, 0xab, 0x5c, 0xab, 0x5c, 0xab, 0x64, 0x2a, 0x7d, 0x2a, 0x7d, 0x2a, 0x7d,
        0x6b, 0x54, 0x6b, 0x54, 0x8b, 0x54, 0x8b, 0x54, 0x6b, 0x4c, 0xf3, 0xad, 0xf8, 0xee, 0xd7, 0xe6, 0xb7, 0xe6, 0xb7, 0xe6,
        0xb7, 0xe6, 0xb7, 0xe6, 0xb7, 0xe6, 0xb7, 0xe6, 0xd7, 0xe6, 0x97, 0xe6, 0xd5, 0xd5, 0xd5, 0xd5, 0x2e, 0x8d, 0xeb, 0x64,
        0xeb, 0x6c, 0xeb, 0x6c, 0xea, 0x6c, 0xea, 0x74, 0xea, 0x74, 0xea, 0x74, 0xab, 0x5c, 0x8b, 0x54, 0x8b, 0x5c, 0xab, 0x5c,
        0xca, 0x64, 0xca, 0x64, 0xca, 0x64, 0xea, 0x6c, 0x2a, 0x7d, 0x2a, 0x7d, 0x2a, 0x7d, 0xeb, 0x6c, 0xcb, 0x64, 0xcb, 0x64,
        0xeb, 0x64, 0x2a, 0x7d, 0x2a, 0x7d, 0x2a, 0x7d, 0x0b, 0x75, 0x0b, 0x75, 0x0b, 0x75, 0x0b, 0x75, 0x0b, 0x75, 0x0b, 0x75,
        0x2a, 0x7d, 0x2a, 0x7d, 0x2a, 0x7d, 0x4a, 0x85, 0x4a, 0x85, 0x4a, 0x85, 0x4a, 0x85, 0x49, 0x85, 0x49, 0x85, 0x29, 0x85,
        0x8d, 0x8d, 0x11, 0x96, 0x10, 0x96, 0x52, 0x9e, 0xd7, 0xae, 0xd7, 0xae, 0xd7, 0xae, 0xd7, 0xae, 0xd7, 0xae, 0xd7, 0xae,
        0xd7, 0xae, 0xd7, 0xae, 0xd7, 0xae, 0xd7, 0xae, 0xd7, 0xae, 0xd7, 0xae, 0xf7, 0xae, 0xd7, 0xae, 0xd7, 0xae, 0xd7, 0xae,
        0xd7, 0xae, 0xd7, 0xae, 0xd7, 0xae, 0xf7, 0xae, 0x18, 0xb7, 0x18, 0xb7, 0x18, 0xb7, 0x18, 0xb7, 0x18, 0xb7, 0x18, 0xb7,
        0x18, 0xaf, 0xf7, 0xae, 0xf7, 0xa6, 0x58, 0xb7, 0x0a, 0x4b, 0x00, 0x00, 0x00, 0x00, 0x00, 0x00, 0x50, 0x8c, 0x5c, 0xf7,
        0x3b, 0xef, 0x5b, 0xef, 0xbc, 0xff, 0xbc, 0xff, 0x9c, 0xff, 0x9c, 0xff, 0x9c, 0xff, 0x9c, 0xff, 0x9c, 0xff, 0x9c, 0xff,
        0x9c, 0xff, 0x9c, 0xff, 0x9c, 0xff, 0x9c, 0xff, 0x9c, 0xff, 0x9c, 0xff, 0xbc, 0xff, 0x3b, 0xef, 0x59, 0xce, 0x59, 0xce,
        0x38, 0xce, 0x79, 0xd6, 0xda, 0xde, 0x9c, 0xf7, 0xbd, 0xff, 0x9c, 0xff, 0x9c, 0xff, 0x9c, 0xff, 0x9b, 0xff, 0xfa, 0xe6,
        0xba, 0xde, 0xda, 0xde, 0xfa, 0xe6, 0x9c, 0xf7, 0xbc, 0xff, 0x9c, 0xff, 0x9c, 0xff, 0x9c, 0xff, 0x9c, 0xff, 0x9b, 0xff,
        0x9b, 0xff, 0x7b, 0xff, 0x7b, 0xff, 0x9c, 0xff, 0x9c, 0xff, 0xbc, 0xff, 0x9c, 0xff, 0xbc, 0xff, 0x9c, 0xff, 0x9c, 0xff,
        0x9c, 0xff, 0x9c, 0xff, 0xbc, 0xff, 0x9c, 0xff, 0x9c, 0xff, 0x9c, 0xff, 0x9c, 0xff, 0x9c, 0xff, 0x9c, 0xff, 0x9c, 0xff,
        0x9c, 0xff, 0x9c, 0xff, 0x9c, 0xff, 0x9c, 0xff, 0x9c, 0xff, 0x9c, 0xff, 0x9b, 0xff, 0x7b, 0xf7, 0x7b, 0xf7, 0x9b, 0xff,
        0x9b, 0xf7, 0x9b, 0xff, 0x5b, 0xf7, 0xb9, 0xde, 0xba, 0xde, 0xba, 0xde, 0x39, 0xce, 0xd8, 0xbd, 0xf8, 0xbd, 0x18, 0xc6,
        0xfa, 0xe6, 0xfa, 0xe6, 0xda, 0xde, 0xb9, 0xde, 0xf8, 0xc5, 0xd8, 0xbd, 0xf8, 0xc5, 0x18, 0xc6, 0xba, 0xde, 0xba, 0xde,
        0x1b, 0xe7, 0xbd, 0xff, 0x9c, 0xff, 0x9c, 0xff, 0x9c, 0xff, 0x9c, 0xff, 0x9c, 0xff, 0x9c, 0xff, 0x9c, 0xff, 0x9c, 0xff,
        0x9c, 0xff, 0x9c, 0xff, 0x9c, 0xff, 0x9c, 0xff, 0x9b, 0xff, 0x9b, 0xff, 0x9c, 0xff, 0x9c, 0xff, 0x7c, 0xf7, 0x56, 0xad,
        0x15, 0xa5, 0xf5, 0xa4, 0xd4, 0x9c, 0xb4, 0x94, 0x93, 0x94, 0xd4, 0x9c, 0x97, 0xb5, 0xd8, 0xbd, 0xf8, 0xc5, 0xb7, 0xb5,
        0x4b, 0x42, 0xe9, 0x31, 0xe9, 0x31, 0x09, 0x3a, 0x4a, 0x42, 0x29, 0x3a, 0xe9, 0x31, 0xe9, 0x31, 0xc8, 0x29, 0x87, 0x21,
        0x67, 0x21, 0x67, 0x21, 0x46, 0x21, 0x46, 0x19, 0x87, 0x21, 0x87, 0x29, 0x87, 0x29, 0xa8, 0x29, 0xa8, 0x29, 0xa7, 0x29,
        0xe8, 0x31, 0x09, 0x3a, 0x29, 0x3a, 0x29, 0x3a, 0x49, 0x3a, 0x4a, 0x3a, 0x29, 0x3a, 0xc8, 0x31, 0x2a, 0x32, 0x34, 0x2c,
        0x14, 0x34, 0x7b, 0x25, 0x19, 0x25, 0x96, 0x34, 0xb7, 0x34, 0xd4, 0x23, 0x54, 0x13, 0x95, 0x1b, 0x12, 0x1b, 0x67, 0x21,
        0x87, 0x21, 0x66, 0x21, 0x21, 0x00, 0x00, 0x00, 0x00, 0x00, 0x83, 0x21, 0xa8, 0x74, 0x88, 0x6c, 0x88, 0x74, 0x29, 0x85,
        0x69, 0x85, 0x69, 0x85, 0x4a, 0x7d, 0x4a, 0x75, 0x4a, 0x7d, 0x2a, 0x75, 0xcb, 0x64, 0xeb, 0x6c, 0x0b, 0x75, 0xeb, 0x6c,
        0xcb, 0x64, 0x0b, 0x75, 0x4a, 0x7d, 0x4a, 0x7d, 0x2a, 0x7d, 0x2a, 0x75, 0x2a, 0x75, 0x4a, 0x7d, 0xeb, 0x6c, 0xab, 0x5c,
        0xab, 0x5c, 0xab, 0x5c, 0xea, 0x6c, 0xea, 0x6c, 0xca, 0x6c, 0xea, 0x74, 0x2a, 0x7d, 0x2a, 0x7d, 0x2a, 0x7d, 0xcb, 0x6c,
        0x8b, 0x5c, 0x8b, 0x5c, 0x8b, 0x5c, 0x8b, 0x5c, 0x8b, 0x5c, 0x8b, 0x5c, 0x8b, 0x5c, 0x8b, 0x5c, 0x8b, 0x5c, 0x8b, 0x54,
        0x8b, 0x5c, 0xab, 0x5c, 0xab, 0x5c, 0x8b, 0x5c, 0xab, 0x5c, 0xab, 0x5c, 0xab, 0x5c, 0xea, 0x74, 0x0a, 0x75, 0x0a, 0x75,
        0x8b, 0x54, 0x8b, 0x54, 0x6b, 0x54, 0x6b, 0x54, 0x4a, 0x4c, 0xd2, 0xad, 0xd8, 0xee, 0xb7, 0xe6, 0xb7, 0xe6, 0xb7, 0xe6,
        0xb7, 0xe6, 0xb7, 0xe6, 0xb7, 0xe6, 0xb7, 0xe6, 0xb7, 0xe6, 0x97, 0xe6, 0xd5, 0xd5, 0xd5, 0xd5, 0x0e, 0x85, 0xab, 0x5c,
        0xab, 0x5c, 0xab, 0x5c, 0x8b, 0x5c, 0x6b, 0x5c, 0x6b, 0x54, 0x6b, 0x54, 0x6b, 0x5c, 0x8b, 0x5c, 0x8b, 0x5c, 0xab, 0x5c,
        0x2a, 0x75, 0x4a, 0x7d, 0x4a, 0x7d, 0x4a, 0x7d, 0x2a, 0x7d, 0x2a, 0x7d, 0x2a, 0x7d, 0xcb, 0x64, 0x8b, 0x54, 0x8b, 0x5c,
        0xab, 0x5c, 0x0b, 0x75, 0xea, 0x74, 0x0a, 0x75, 0x2a, 0x85, 0x2a, 0x7d, 0x2a, 0x7d, 0x2a, 0x7d, 0x2a, 0x7d, 0x2a, 0x7d,
        0x0b, 0x75, 0x0b, 0x75, 0x2a, 0x75, 0x4a, 0x7d, 0x4a, 0x85, 0x4a, 0x7d, 0x4a, 0x85, 0x49, 0x85, 0x29, 0x85, 0x29, 0x85,
        0x09, 0x7d, 0x08, 0x7d, 0xe7, 0x74, 0xcd, 0x8d, 0xf8, 0xae, 0xd7, 0xae, 0xd7, 0xae, 0xd7, 0xae, 0xd7, 0xae, 0xd7, 0xae,
        0xd7, 0xae, 0xd7, 0xae, 0xd7, 0xae, 0xd7, 0xae, 0xf7, 0xae, 0xd7, 0xae, 0xf7, 0xae, 0xd7, 0xae, 0xd7, 0xae, 0xd7, 0xae,
        0xd7, 0xae, 0xd7, 0xae, 0xd7, 0xae, 0xd7, 0xa6, 0xd7, 0xa6, 0xd7, 0xae, 0xd7, 0xae, 0xd7, 0xae, 0xd7, 0xae, 0xd7, 0xae,
        0xb7, 0xae, 0xb7, 0xa6, 0x96, 0xa6, 0x17, 0xaf, 0x0a, 0x43, 0x00, 0x00, 0x00, 0x00, 0x00, 0x00, 0xb1, 0x9c, 0xfd, 0xff,
        0xbc, 0xff, 0xbc, 0xff, 0x9c, 0xff, 0xbc, 0xff, 0x9c, 0xff, 0x9c, 0xf7, 0x9c, 0xff, 0x9c, 0xff, 0x9c, 0xf7, 0x9c, 0xff,
        0x9c, 0xff, 0x9c, 0xff, 0x9c, 0xff, 0x9c, 0xff, 0x9c, 0xff, 0x9c, 0xff, 0xbc, 0xff, 0xda, 0xe6, 0xb7, 0xb5, 0xb7, 0xb5,
        0x76, 0xb5, 0xfa, 0xe6, 0xdc, 0xff, 0x9c, 0xff, 0x9c, 0xff, 0x9c, 0xff, 0x9c, 0xff, 0x9c, 0xff, 0x9c, 0xff, 0x9c, 0xff,
        0x9c, 0xff, 0x9c, 0xff, 0x9c, 0xff, 0x9c, 0xff, 0x9c, 0xff, 0x9c, 0xff, 0x9c, 0xff, 0x9c, 0xff, 0x9c, 0xff, 0x9c, 0xff,
        0x9c, 0xff, 0x9c, 0xff, 0x9c, 0xff, 0x9c, 0xff, 0x9c, 0xff, 0x9c, 0xff, 0x9c, 0xff, 0xbc, 0xff, 0xbc, 0xff, 0x9c, 0xff,
        0x9c, 0xff, 0x9c, 0xff, 0x9c, 0xff, 0x9c, 0xff, 0x9c, 0xff, 0x9c, 0xff, 0x9c, 0xff, 0x9c, 0xff, 0x9c, 0xff, 0x9c, 0xff,
        0x9c, 0xf7, 0x9c, 0xff, 0x9c, 0xff, 0x9c, 0xff, 0x9c, 0xff, 0x9c, 0xff, 0x9c, 0xff, 0x9c, 0xff, 0x9c, 0xff, 0x9b, 0xff,
        0x9b, 0xff, 0x9b, 0xff, 0x1a, 0xef, 0xb7, 0xb5, 0xd8, 0xbd, 0xd8, 0xbd, 0xd8, 0xbd, 0xd8, 0xbd, 0xd8, 0xbd, 0x39, 0xce,
        0xbc, 0xff, 0xbc, 0xff, 0xbc, 0xff, 0x9c, 0xf7, 0x38, 0xce, 0xf8, 0xc5, 0xf8, 0xc5, 0xf8, 0xc5, 0xf8, 0xc5, 0xd8, 0xbd,
        0x79, 0xd6, 0xbc, 0xff, 0x9c, 0xff, 0x9c, 0xff, 0x9c, 0xff, 0x9c, 0xff, 0x9c, 0xff, 0x9c, 0xff, 0x9c, 0xff, 0x9c, 0xff,
        0x9c, 0xff, 0x9c, 0xff, 0x9c, 0xff, 0x9c, 0xff, 0x9c, 0xff, 0x9c, 0xff, 0x9c, 0xff, 0x9c, 0xff, 0x9c, 0xf7, 0xf8, 0xc5,
        0x97, 0xb5, 0x96, 0xb5, 0x93, 0x8c, 0xf1, 0x7b, 0xf1, 0x7b, 0x32, 0x84, 0x97, 0xb5, 0xb7, 0xbd, 0xf8, 0xbd, 0x97, 0xb5,
        0x09, 0x3a, 0xa8, 0x29, 0xa8, 0x29, 0xc8, 0x29, 0xe9, 0x31, 0xe8, 0x31, 0xc8, 0x31, 0xa7, 0x29, 0x87, 0x21, 0x87, 0x29,
        0x67, 0x21, 0x46, 0x21, 0x46, 0x19, 0x46, 0x19, 0xa8, 0x29, 0xc8, 0x31, 0xc8, 0x31, 0xe8, 0x31, 0xc8, 0x29, 0xc8, 0x31,
        0x09, 0x3a, 0x29, 0x3a, 0x29, 0x3a, 0x29, 0x3a, 0x29, 0x3a, 0x2a, 0x3a, 0x4a, 0x3a, 0x09, 0x3a, 0x0e, 0x3b, 0xbf, 0x36,
        0x9f, 0x36, 0x5e, 0x36, 0x6c, 0x2a, 0x87, 0x31, 0xa8, 0x31, 0x87, 0x29, 0x87, 0x29, 0xa8, 0x29, 0xc8, 0x29, 0x09, 0x2a,
        0x09, 0x32, 0xe9, 0x31, 0x41, 0x08, 0x00, 0x00, 0x00, 0x00, 0x00, 0x00, 0x60, 0x08, 0x60, 0x08, 0xc1, 0x10, 0xc8, 0x74,
        0x8a, 0x8d, 0x89, 0x85, 0x4a, 0x75, 0x0b, 0x6d, 0x0b, 0x6d, 0x0b, 0x6d, 0xcb, 0x64, 0xab, 0x5c, 0xab, 0x5c, 0x8b, 0x5c,
        0xab, 0x5c, 0x0b, 0x75, 0x4a, 0x85, 0x4a, 0x85, 0x0a, 0x75, 0xcb, 0x5c, 0xcb, 0x64, 0xcb, 0x64, 0xeb, 0x6c, 0x0a, 0x75,
        0x0a, 0x75, 0xea, 0x74, 0x8b, 0x54, 0x6b, 0x54, 0x6b, 0x54, 0xab, 0x5c, 0x2a, 0x7d, 0x2a, 0x7d, 0x0a, 0x75, 0xcb, 0x6c,
        0xab, 0x64, 0xab, 0x64, 0xab, 0x64, 0x8b, 0x5c, 0x8b, 0x5c, 0x8b, 0x5c, 0x8b, 0x5c, 0x8b, 0x5c, 0x8b, 0x5c, 0x8b, 0x5c,
        0x8b, 0x5c, 0xab, 0x64, 0xcb, 0x64, 0xcb, 0x64, 0xab, 0x5c, 0x8b, 0x5c, 0xab, 0x5c, 0x8b, 0x5c, 0x8b, 0x5c, 0x8b, 0x5c,
        0x8b, 0x54, 0x8b, 0x54, 0x8b, 0x54, 0x6b, 0x54, 0x4a, 0x4c, 0xd2, 0xa5, 0xb7, 0xee, 0xb7, 0xe6, 0xb7, 0xe6, 0xb7, 0xe6,
        0xb7, 0xe6, 0xb7, 0xe6, 0xb7, 0xe6, 0xb7, 0xe6, 0xb7, 0xe6, 0x76, 0xde, 0xd5, 0xd5, 0xd5, 0xd5, 0x0f, 0x85, 0xab, 0x5c,
        0xab, 0x5c, 0xab, 0x5c, 0x8b, 0x5c, 0x8b, 0x5c, 0x6b, 0x5c, 0x6b, 0x5c, 0x6b, 0x5c, 0x8b, 0x5c, 0x8b, 0x5c, 0x8b, 0x5c,
        0x2b, 0x75, 0x4a, 0x7d, 0x4a, 0x7d, 0x4a, 0x7d, 0x4a, 0x7d, 0x2a, 0x7d, 0x2a, 0x7d, 0xcb, 0x64, 0x8b, 0x54, 0x8b, 0x5c,
        0x8b, 0x5c, 0xeb, 0x6c, 0xeb, 0x6c, 0xea, 0x6c, 0x2a, 0x7d, 0x2a, 0x7d, 0x2a, 0x7d, 0x2a, 0x7d, 0x2a, 0x7d, 0x2a, 0x7d,
        0x2a, 0x75, 0x2a, 0x75, 0x2a, 0x75, 0x4a, 0x7d, 0x6a, 0x7d, 0x4a, 0x7d, 0x4a, 0x85, 0x49, 0x85, 0x49, 0x85, 0x29, 0x7d,
        0x09, 0x7d, 0x09, 0x7d, 0x09, 0x7d, 0xae, 0x8d, 0x54, 0x9e, 0x74, 0xa6, 0xb6, 0xae, 0xd8, 0xae, 0xd7, 0xae, 0xd7, 0xae,
        0xd7, 0xae, 0xd7, 0xae, 0xd7, 0xae, 0xd7, 0xae, 0xd7, 0xae, 0xf7, 0xae, 0xd7, 0xae, 0xd7, 0xae, 0xf7, 0xae, 0xd7, 0xae,
        0xd7, 0xae, 0xd7, 0xae, 0xd7, 0xae, 0xd7, 0xae, 0xd7, 0xae, 0xd7, 0xae, 0xd7, 0xae, 0xd7, 0xae, 0xd7, 0xae, 0xb7, 0xae,
        0xf8, 0xae, 0x18, 0xb7, 0xf8, 0xae, 0x59, 0xbf, 0x4b, 0x53, 0x00, 0x00, 0x00, 0x00, 0x00, 0x00, 0xb2, 0x9c, 0xfd, 0xff,
        0x9b, 0xff, 0x9c, 0xff, 0x9c, 0xff, 0x9c, 0xff, 0x9c, 0xff, 0x9c, 0xff, 0x9c, 0xff, 0x9c, 0xff, 0x9c, 0xf7, 0x9c, 0xff,
        0x9c, 0xff, 0x9c, 0xff, 0x9c, 0xff, 0x9c, 0xff, 0xbc, 0xff, 0xbc, 0xff, 0xdd, 0xff, 0x1b, 0xe7, 0xd7, 0xbd, 0xd7, 0xbd,
        0xb7, 0xbd, 0xb9, 0xde, 0x9b, 0xff, 0x9c, 0xf7, 0x9c, 0xff, 0x9c, 0xff, 0x9c, 0xff, 0x9c, 0xff, 0x9c, 0xff, 0x9c, 0xff,
        0x9c, 0xff, 0x7b, 0xf7, 0x9b, 0xff, 0x9b, 0xff, 0x9b, 0xff, 0x9b, 0xff, 0x9b, 0xff, 0x9b, 0xff, 0x9c, 0xff, 0x9c, 0xff,
        0x9c, 0xff, 0x9c, 0xff, 0x9c, 0xff, 0x9c, 0xff, 0x9c, 0xff, 0x9c, 0xff, 0x9c, 0xff, 0xbc, 0xff, 0x9c, 0xff, 0x9c, 0xff,
        0x9c, 0xff, 0x9c, 0xff, 0x9c, 0xff, 0x9c, 0xff, 0x9c, 0xff, 0x9c, 0xff, 0x9c, 0xff, 0x9c, 0xff, 0x9c, 0xff, 0x9c, 0xff,
        0x9c, 0xff, 0x9c, 0xff, 0x9c, 0xff, 0x9c, 0xff, 0x9c, 0xff, 0x9c, 0xff, 0x9c, 0xff, 0x9c, 0xff, 0x9c, 0xff, 0x9c, 0xff,
        0x9c, 0xff, 0x9b, 0xff, 0xfa, 0xe6, 0xb7, 0xbd, 0xd7, 0xbd, 0xd8, 0xbd, 0xb7, 0xbd, 0x97, 0xb5, 0x97, 0xb5, 0x18, 0xc6,
        0x9c, 0xff, 0x9c, 0xff, 0xbd, 0xff, 0x9c, 0xf7, 0x39, 0xce, 0xf8, 0xc5, 0xf8, 0xc5, 0xf8, 0xbd, 0xf8, 0xc5, 0xd8, 0xbd,
        0x79, 0xd6, 0x9c, 0xff, 0x9b, 0xff, 0x9c, 0xff, 0x9c, 0xff, 0x9c, 0xff, 0x9c, 0xff, 0x9c, 0xff, 0x9c, 0xff, 0x9c, 0xff,
        0x9c, 0xff, 0x9c, 0xff, 0x9c, 0xff, 0x9c, 0xff, 0x5b, 0xef, 0x7c, 0xf7, 0x9c, 0xff, 0x9b, 0xff, 0x7b, 0xf7, 0xb7, 0xbd,
        0x56, 0xad, 0x76, 0xb5, 0xb4, 0x94, 0x52, 0x84, 0x52, 0x84, 0x52, 0x8c, 0x56, 0xad, 0x97, 0xb5, 0xb7, 0xbd, 0x97, 0xb5,
        0x09, 0x32, 0x67, 0x21, 0x87, 0x21, 0xa8, 0x29, 0xe9, 0x31, 0xe9, 0x31, 0xe9, 0x31, 0xa8, 0x29, 0x87, 0x29, 0x87, 0x29,
        0x67, 0x21, 0x46, 0x19, 0x46, 0x19, 0x26, 0x19, 0xc8, 0x29, 0xe8, 0x31, 0xe8, 0x31, 0xe8, 0x31, 0xa8, 0x29, 0xa8, 0x29,
        0x09, 0x32, 0x29, 0x3a, 0x29, 0x3a, 0x29, 0x3a, 0x29, 0x3a, 0x4a, 0x3a, 0x4a, 0x3a, 0x09, 0x3a, 0x0e, 0x43, 0x7f, 0x3e,
        0x5f, 0x3e, 0x5e, 0x3e, 0x8c, 0x2a, 0xa7, 0x29, 0xc8, 0x29, 0xa7, 0x21, 0x87, 0x21, 0xc8, 0x29, 0xc9, 0x29, 0xe9, 0x29,
        0xe9, 0x31, 0xe9, 0x31, 0x62, 0x08, 0x00, 0x00, 0x00, 0x00, 0x00, 0x00, 0x00, 0x00, 0x00, 0x00, 0x60, 0x08, 0xc8, 0x74,
        0xaa, 0x8d, 0x69, 0x85, 0x2a, 0x75, 0x0b, 0x65, 0x0b, 0x6d, 0xeb, 0x6c, 0xac, 0x64, 0xab, 0x5c, 0x8b, 0x5c, 0x8b, 0x5c,
        0xcb, 0x64, 0x0b, 0x75, 0x4a, 0x7d, 0x4a, 0x7d, 0x0a, 0x6d, 0xcb, 0x5c, 0xcb, 0x5c, 0xcb, 0x5c, 0xeb, 0x6c, 0x0a, 0x75,
        0xea, 0x74, 0xea, 0x74, 0x8b, 0x5c, 0x6b, 0x54, 0x6b, 0x54, 0xab, 0x5c, 0x2a, 0x7d, 0x2a, 0x7d, 0x2a, 0x75, 0xea, 0x6c,
        0xcb, 0x64, 0xcb, 0x64, 0xab, 0x64, 0x8b, 0x64, 0x6b, 0x5c, 0x8b, 0x5c, 0x8b, 0x5c, 0x8b, 0x5c, 0x8b, 0x5c, 0x8b, 0x5c,
        0x8b, 0x5c, 0xab, 0x64, 0xab, 0x64, 0xab, 0x64, 0xab, 0x5c, 0x8b, 0x5c, 0xab, 0x5c, 0x8b, 0x5c, 0x8b, 0x5c, 0x8b, 0x5c,
        0xab, 0x54, 0xab, 0x5c, 0xab, 0x54, 0x8c, 0x54, 0x6b, 0x4c, 0xd2, 0xad, 0xb7, 0xee, 0x96, 0xe6, 0x96, 0xe6, 0xb7, 0xe6,
        0xb7, 0xe6, 0xb7, 0xe6, 0xb7, 0xe6, 0xb7, 0xe6, 0xb7, 0xe6, 0x76, 0xde, 0xb4, 0xcd, 0xb5, 0xd5, 0xef, 0x84, 0xab, 0x5c,
        0xab, 0x5c, 0xab, 0x5c, 0x8b, 0x5c, 0x8b, 0x5c, 0x8b, 0x5c, 0x6b, 0x5c, 0x6b, 0x5c, 0x6b, 0x5c, 0x8b, 0x5c, 0x8b, 0x5c,
        0xab, 0x5c, 0xcb, 0x64, 0xcb, 0x64, 0x0b, 0x75, 0x4a, 0x85, 0x4a, 0x85, 0x4a, 0x85, 0xcb, 0x64, 0x6b, 0x5c, 0x8b, 0x5c,
        0x8b, 0x5c, 0x8b, 0x5c, 0x6b, 0x5c, 0x8b, 0x5c, 0x0b, 0x75, 0x0a, 0x75, 0x0a, 0x75, 0x2a, 0x7d, 0x2a, 0x7d, 0x0a, 0x7d,
        0xcb, 0x5c, 0xcb, 0x64, 0xcb, 0x64, 0x2a, 0x7d, 0x4a, 0x7d, 0x4a, 0x7d, 0x2a, 0x7d, 0x49, 0x85, 0x49, 0x85, 0x29, 0x7d,
        0x2a, 0x7d, 0x2a, 0x7d, 0x09, 0x7d, 0x29, 0x7d, 0x29, 0x7d, 0x29, 0x7d, 0x10, 0x9e, 0xf8, 0xb6, 0xd7, 0xae, 0xd7, 0xae,
        0xd7, 0xae, 0xd7, 0xae, 0xd7, 0xae, 0xd7, 0xae, 0xd7, 0xae, 0xd7, 0xae, 0xf7, 0xae, 0xf7, 0xae, 0xf7, 0xae, 0xd7, 0xae,
        0xd7, 0xae, 0xd7, 0xae, 0xd7, 0xae, 0xd7, 0xae, 0xd7, 0xae, 0xd7, 0xae, 0xd7, 0xa6, 0xd7, 0xa6, 0xd7, 0xae, 0xf7, 0xae,
        0x15, 0x9e, 0xd0, 0x7c, 0xf1, 0x7c, 0x12, 0x85, 0xa9, 0x42, 0x04, 0x21, 0x24, 0x21, 0xc3, 0x18, 0x33, 0xa5, 0xdd, 0xff,
        0x9b, 0xff, 0x9c, 0xff, 0x9c, 0xff, 0x9c, 0xff, 0x9c, 0xff, 0x9c, 0xff, 0x9c, 0xff, 0x9c, 0xff, 0x9c, 0xf7, 0x9c, 0xff,
        0x9c, 0xf7, 0x9c, 0xf7, 0x9c, 0xff, 0x7c, 0xf7, 0xfa, 0xe6, 0xfb, 0xe6, 0x1b, 0xe7, 0x9a, 0xd6, 0xf8, 0xbd, 0xd8, 0xbd,
        0xb7, 0xbd, 0xb9, 0xde, 0x9b, 0xff, 0x9b, 0xf7, 0x9c, 0xff, 0x9c, 0xff, 0x9c, 0xff, 0x9c, 0xff, 0x9c, 0xff, 0x9c, 0xff,
        0x9c, 0xff, 0x9c, 0xff, 0x5b, 0xf7, 0x99, 0xd6, 0x79, 0xd6, 0x59, 0xce, 0x3b, 0xef, 0x9c, 0xff, 0x9c, 0xff, 0x9c, 0xff,
        0x9c, 0xff, 0x9c, 0xff, 0x9c, 0xff, 0x9c, 0xff, 0x9c, 0xff, 0x9c, 0xff, 0x9c, 0xff, 0x9c, 0xff, 0x9c, 0xff, 0x9c, 0xff,
        0x9c, 0xff, 0x9c, 0xff, 0x9c, 0xff, 0x9c, 0xff, 0x9c, 0xff, 0x9c, 0xff, 0x9c, 0xff, 0x9c, 0xff, 0x9c, 0xff, 0x9c, 0xff,
        0x9c, 0xff, 0x9c, 0xff, 0x9c, 0xff, 0x9c, 0xff, 0x9c, 0xff, 0x9c, 0xff, 0x9c, 0xff, 0x9c, 0xff, 0x9c, 0xff, 0x9c, 0xff,
        0x9c, 0xff, 0xbc, 0xff, 0xda, 0xe6, 0xb7, 0xbd, 0xb7, 0xbd, 0xb7, 0xbd, 0xd8, 0xc5, 0xf8, 0xc5, 0x18, 0xc6, 0x79, 0xd6,
        0x9c, 0xf7, 0xbc, 0xff, 0xbd, 0xff, 0x9d, 0xf7, 0x79, 0xd6, 0x39, 0xc6, 0x39, 0xc6, 0x18, 0xc6, 0xd8, 0xbd, 0xb7, 0xb5,
        0x58, 0xce, 0x9b, 0xff, 0x9b, 0xff, 0x9c, 0xf7, 0x9c, 0xff, 0x9c, 0xff, 0x9c, 0xff, 0x9c, 0xff, 0x9c, 0xff, 0x9c, 0xff,
        0x9c, 0xff, 0x9c, 0xff, 0x9c, 0xff, 0x9c, 0xf7, 0x58, 0xc6, 0x1b, 0xe7, 0xbc, 0xff, 0x7b, 0xf7, 0x5b, 0xf7, 0xb7, 0xbd,
        0x56, 0xad, 0x56, 0xb5, 0xd4, 0x9c, 0x93, 0x94, 0x94, 0x94, 0x52, 0x8c, 0xac, 0x52, 0x8b, 0x4a, 0xac, 0x52, 0xcd, 0x5a,
        0xa8, 0x29, 0x67, 0x21, 0x67, 0x21, 0xa8, 0x29, 0xe9, 0x31, 0xe9, 0x31, 0xe9, 0x31, 0xa8, 0x29, 0x87, 0x29, 0x87, 0x29,
        0x67, 0x21, 0x46, 0x19, 0x46, 0x19, 0x26, 0x19, 0xc8, 0x31, 0x09, 0x3a, 0x09, 0x3a, 0xe8, 0x31, 0xa8, 0x29, 0xa8, 0x29,
        0x09, 0x3a, 0x2a, 0x3a, 0x29, 0x3a, 0x29, 0x3a, 0x29, 0x3a, 0x29, 0x3a, 0x4a, 0x3a, 0x29, 0x3a, 0x2e, 0x43, 0x7f, 0x46,
        0x7f, 0x3e, 0x5e, 0x3e, 0x8c, 0x2a, 0xa7, 0x29, 0xa7, 0x29, 0x46, 0x21, 0x46, 0x21, 0x66, 0x21, 0x87, 0x29, 0xc8, 0x29,
        0xc9, 0x29, 0xc8, 0x29, 0x46, 0x19, 0x05, 0x11, 0x25, 0x19, 0x82, 0x10, 0x00, 0x00, 0x20, 0x00, 0x80, 0x08, 0xc9, 0x74,
        0x8a, 0x8d, 0x69, 0x85, 0x0a, 0x6d, 0xcb, 0x5c, 0xcb, 0x64, 0xcc, 0x64, 0xac, 0x5c, 0x8c, 0x5c, 0x8b, 0x5c, 0x8b, 0x5c,
        0xab, 0x5c, 0xab, 0x5c, 0xcb, 0x64, 0xcb, 0x64, 0xcb, 0x64, 0xab, 0x5c, 0xab, 0x5c, 0x8b, 0x5c, 0xcb, 0x64, 0x0b, 0x75,
        0x0a, 0x75, 0xea, 0x74, 0x8b, 0x5c, 0x6b, 0x54, 0x6b, 0x54, 0x8b, 0x5c, 0xab, 0x5c, 0xab, 0x5c, 0xaa, 0x64, 0xcb, 0x64,
        0xca, 0x6c, 0xca, 0x64, 0xcb, 0x64, 0xab, 0x5c, 0x6b, 0x54, 0x6b, 0x5c, 0x6b, 0x54, 0x6b, 0x54, 0x8b, 0x5c, 0x6b, 0x5c,
        0x8b, 0x5c, 0xab, 0x64, 0xab, 0x64, 0xab, 0x64, 0xab, 0x5c, 0xab, 0x5c, 0xab, 0x5c, 0xab, 0x5c, 0xab, 0x5c, 0x8b, 0x5c,
        0xab, 0x54, 0xab, 0x54, 0xac, 0x54, 0xac, 0x54, 0x8b, 0x4c, 0xd3, 0xad, 0xb7, 0xee, 0x96, 0xe6, 0x96, 0xe6, 0x96, 0xe6,
        0xb7, 0xe6, 0xb7, 0xe6, 0xb7, 0xe6, 0xb6, 0xe6, 0xb6, 0xe6, 0x56, 0xde, 0x94, 0xcd, 0x94, 0xd5, 0xce, 0x7c, 0x8b, 0x54,
        0x8b, 0x5c, 0xab, 0x5c, 0xab, 0x5c, 0x8b, 0x5c, 0x6b, 0x54, 0x6b, 0x54, 0x4b, 0x54, 0x6b, 0x54, 0x6b, 0x54, 0x8b, 0x54,
        0xab, 0x5c, 0xab, 0x5c, 0xab, 0x5c, 0x0b, 0x6d, 0x6a, 0x85, 0x4a, 0x85, 0x4a, 0x85, 0xcb, 0x64, 0x8b, 0x5c, 0x8b, 0x5c,
        0x6b, 0x5c, 0x6b, 0x54, 0x6b, 0x54, 0x8b, 0x5c, 0xeb, 0x6c, 0xeb, 0x6c, 0xeb, 0x6c, 0x2a, 0x7d, 0x4a, 0x7d, 0x2a, 0x75,
        0xab, 0x5c, 0xab, 0x5c, 0xab, 0x5c, 0x2a, 0x75, 0x2a, 0x7d, 0x2a, 0x7d, 0x2a, 0x75, 0x49, 0x7d, 0x49, 0x7d, 0x29, 0x7d,
        0x2a, 0x7d, 0x2a, 0x7d, 0x2a, 0x7d, 0x2a, 0x7d, 0x4a, 0x85, 0x29, 0x85, 0xf0, 0x9d, 0xf9, 0xb6, 0xd7, 0xae, 0xd7, 0xae,
        0xd7, 0xa6, 0xd7, 0xa6, 0xd7, 0xae, 0xd7, 0xae, 0xd7, 0xae, 0xd7, 0xae, 0xf8, 0xae, 0xf8, 0xb6, 0xf8, 0xb6, 0xf8, 0xb6,
        0xf8, 0xae, 0xf8, 0xae, 0xd7, 0xae, 0xd7, 0xae, 0xd7, 0xae, 0xd7, 0xae, 0xd7, 0xae, 0xd7, 0xa6, 0xd7, 0xa6, 0x38, 0xb7,
        0x4e, 0x6c, 0x00, 0x00, 0x00, 0x00, 0x00, 0x00, 0x25, 0x29, 0x76, 0xad, 0x35, 0xa5, 0xd4, 0x9c, 0xba, 0xde, 0xbc, 0xff,
        0x7b, 0xf7, 0x9b, 0xff, 0x9c, 0xff, 0x9c, 0xff, 0x9c, 0xff, 0x9c, 0xff, 0x9c, 0xff, 0x9c, 0xff, 0x9c, 0xff, 0x9c, 0xff,
        0x9c, 0xff, 0x9c, 0xff, 0x9c, 0xff, 0x7c, 0xf7, 0x18, 0xc6, 0xf8, 0xc5, 0xf8, 0xbd, 0xf8, 0xbd, 0xd8, 0xbd, 0xd8, 0xbd,
        0xb7, 0xbd, 0xda, 0xde, 0x9c, 0xff, 0x7b, 0xf7, 0x9c, 0xff, 0x9c, 0xff, 0x9c, 0xff, 0x9c, 0xff, 0x9c, 0xff, 0x9c, 0xff,
        0x9c, 0xff, 0x9c, 0xff, 0x5b, 0xf7, 0xf8, 0xbd, 0xb7, 0xb5, 0xb7, 0xb5, 0x1a, 0xe7, 0xbc, 0xff, 0x9c, 0xff, 0x9c, 0xff,
        0x9c, 0xff, 0x9c, 0xff, 0x9c, 0xff, 0x9c, 0xff, 0x9c, 0xff, 0x9c, 0xff, 0x9c, 0xff, 0x9c, 0xff, 0x9c, 0xff, 0x9c, 0xff,
        0x9c, 0xff, 0x9c, 0xff, 0x9c, 0xff, 0x9c, 0xff, 0x9c, 0xff, 0x9c, 0xff, 0x9c, 0xff, 0x9c, 0xff, 0x9c, 0xff, 0x9c, 0xff,
        0x9c, 0xff, 0x9c, 0xff, 0x9c, 0xff, 0x9c, 0xff, 0x9c, 0xff, 0x9c, 0xff, 0x9c, 0xff, 0x9c, 0xff, 0xbc, 0xff, 0xbd, 0xff,
        0xbd, 0xff, 0xbd, 0xff, 0xda, 0xde, 0xb7, 0xbd, 0xd8, 0xbd, 0xb7, 0xbd, 0xb9, 0xde, 0x7b, 0xff, 0x7b, 0xf7, 0x9b, 0xf7,
        0x9c, 0xf7, 0x9c, 0xff, 0x9c, 0xff, 0x9c, 0xff, 0x9c, 0xff, 0x9c, 0xf7, 0x9c, 0xff, 0xda, 0xe6, 0xb7, 0xb5, 0x97, 0xb5,
        0x38, 0xce, 0x9b, 0xff, 0x9b, 0xff, 0x9c, 0xff, 0x9c, 0xff, 0x9c, 0xff, 0x9c, 0xff, 0x9c, 0xff, 0x9c, 0xff, 0x9c, 0xff,
        0x9c, 0xff, 0x9c, 0xff, 0xbc, 0xff, 0x9c, 0xf7, 0x59, 0xce, 0x3b, 0xef, 0xdd, 0xff, 0x9c, 0xff, 0x5b, 0xf7, 0xb7, 0xbd,
        0x56, 0xad, 0x76, 0xb5, 0x15, 0xa5, 0xd5, 0x9c, 0xf5, 0x9c, 0x93, 0x94, 0xc8, 0x31, 0x67, 0x21, 0x87, 0x29, 0x67, 0x21,
        0x46, 0x21, 0x67, 0x21, 0x67, 0x21, 0xa8, 0x29, 0x09, 0x3a, 0x09, 0x3a, 0xe9, 0x31, 0xa8, 0x29, 0xa8, 0x29, 0x87, 0x29,
        0x46, 0x21, 0x26, 0x19, 0x26, 0x19, 0x26, 0x19, 0xc8, 0x31, 0x09, 0x3a, 0x09, 0x3a, 0xe8, 0x31, 0xa8, 0x29, 0xa8, 0x29,
        0x09, 0x3a, 0x4a, 0x3a, 0x29, 0x3a, 0x29, 0x3a, 0x29, 0x3a, 0x29, 0x3a, 0x4a, 0x3a, 0x29, 0x3a, 0x2e, 0x43, 0x9f, 0x4e,
        0x7f, 0x46, 0x5e, 0x3e, 0x8c, 0x2a, 0x87, 0x29, 0xe9, 0x29, 0x10, 0x23, 0x11, 0x23, 0x51, 0x23, 0xef, 0x22, 0xa7, 0x29,
        0xa8, 0x29, 0xa8, 0x29, 0x46, 0x21, 0x26, 0x19, 0x47, 0x19, 0xa3, 0x10, 0x20, 0x00, 0x20, 0x00, 0x81, 0x08, 0xa8, 0x74,
        0x8a, 0x85, 0x29, 0x85, 0xca, 0x6c, 0x8b, 0x5c, 0xab, 0x5c, 0xab, 0x5c, 0x8b, 0x5c, 0x8b, 0x5c, 0x8c, 0x5c, 0xab, 0x5c,
        0xab, 0x5c, 0xab, 0x5c, 0xab, 0x5c, 0xab, 0x5c, 0xab, 0x5c, 0xab, 0x5c, 0x8b, 0x5c, 0x8b, 0x54, 0xcb, 0x64, 0x0a, 0x75,
        0x0a, 0x6d, 0xea, 0x6c, 0x8b, 0x54, 0x6b, 0x54, 0x6b, 0x54, 0x6b, 0x54, 0x8b, 0x54, 0x8b, 0x54, 0x8b, 0x54, 0xcb, 0x64,
        0xea, 0x6c, 0xca, 0x6c, 0xcb, 0x6c, 0x8b, 0x5c, 0x6b, 0x54, 0x6b, 0x54, 0x6b, 0x54, 0x6b, 0x54, 0x6b, 0x54, 0x4b, 0x54,
        0x6b, 0x5c, 0xab, 0x64, 0xab, 0x64, 0xab, 0x64, 0xab, 0x5c, 0xab, 0x5c, 0xab, 0x5c, 0xab, 0x54, 0xab, 0x54, 0x8b, 0x54,
        0xab, 0x5c, 0xcb, 0x64, 0x2b, 0x75, 0x2c, 0x75, 0x2b, 0x6d, 0x11, 0xb6, 0x94, 0xde, 0x74, 0xd6, 0x95, 0xde, 0x96, 0xe6,
        0x97, 0xe6, 0xb7, 0xe6, 0xb7, 0xe6, 0xb7, 0xe6, 0xb7, 0xe6, 0x55, 0xde, 0xb1, 0xc5, 0xb1, 0xc5, 0xec, 0x7c, 0xaa, 0x5c,
        0x8b, 0x5c, 0xab, 0x5c, 0xab, 0x5c, 0xab, 0x5c, 0xca, 0x6c, 0xca, 0x6c, 0xaa, 0x6c, 0xca, 0x6c, 0xca, 0x6c, 0xea, 0x6c,
        0xab, 0x5c, 0xab, 0x5c, 0xab, 0x5c, 0xcb, 0x64, 0x2a, 0x7d, 0x2a, 0x75, 0x0a, 0x75, 0xab, 0x64, 0x8b, 0x5c, 0x8b, 0x5c,
        0x6b, 0x54, 0x6b, 0x54, 0x6b, 0x54, 0x8b, 0x5c, 0x0a, 0x75, 0x2a, 0x7d, 0x2a, 0x7d, 0x6a, 0x85, 0x69, 0x8d, 0x0a, 0x75,
        0x8b, 0x5c, 0x8b, 0x5c, 0x8b, 0x5c, 0xea, 0x6c, 0x0a, 0x75, 0xea, 0x74, 0x2a, 0x7d, 0x69, 0x8d, 0x69, 0x8d, 0x69, 0x8d,
        0x29, 0x85, 0x2a, 0x7d, 0x29, 0x7d, 0x4a, 0x85, 0x4a, 0x85, 0x49, 0x85, 0xce, 0x95, 0x94, 0xa6, 0x73, 0xa6, 0x73, 0xa6,
        0x95, 0xa6, 0xb7, 0xa6, 0xb7, 0xae, 0xb7, 0xae, 0xd7, 0xae, 0xb7, 0xae, 0x94, 0xae, 0xb4, 0xae, 0xb4, 0xae, 0xb4, 0xae,
        0xb4, 0xae, 0xd6, 0xb6, 0xd7, 0xb6, 0xd7, 0xae, 0xd7, 0xae, 0xd7, 0xae, 0x94, 0xae, 0x73, 0xa6, 0x73, 0xa6, 0xf5, 0xae,
        0x2d, 0x64, 0x00, 0x00, 0x00, 0x00, 0x00, 0x00, 0x25, 0x21, 0x55, 0xa5, 0x35, 0xa5, 0xf4, 0x9c, 0xfa, 0xde, 0xbc, 0xff,
        0x9b, 0xff, 0x9b, 0xff, 0x1a, 0xef, 0xfa, 0xe6, 0x1a, 0xef, 0x3b, 0xef, 0x9c, 0xff, 0x9c, 0xff, 0x9c, 0xff, 0x9c, 0xff,
        0x9c, 0xff, 0x9c, 0xff, 0x9c, 0xff, 0x7c, 0xf7, 0x18, 0xc6, 0xf8, 0xbd, 0xf8, 0xbd, 0xd8, 0xbd, 0x18, 0xc6, 0x38, 0xce,
        0x38, 0xce, 0x1b, 0xe7, 0x9c, 0xff, 0x9c, 0xff, 0x9c, 0xff, 0x9c, 0xff, 0x9c, 0xff, 0x9c, 0xff, 0x9c, 0xff, 0x9c, 0xff,
        0x9c, 0xf7, 0x9c, 0xff, 0x7b, 0xf7, 0x18, 0xc6, 0xd8, 0xbd, 0xd8, 0xbd, 0x1b, 0xef, 0xbc, 0xff, 0x9c, 0xff, 0x9c, 0xff,
        0x9c, 0xff, 0x9c, 0xff, 0x9c, 0xff, 0x9c, 0xff, 0x9c, 0xff, 0x9c, 0xff, 0x9c, 0xff, 0x9c, 0xff, 0x9c, 0xff, 0x9c, 0xff,
        0x9c, 0xff, 0x9c, 0xff, 0x9c, 0xff, 0x9c, 0xff, 0x9c, 0xff, 0x9c, 0xff, 0x9c, 0xff, 0x9c, 0xff, 0x9c, 0xff, 0x9c, 0xff,
        0x9c, 0xff, 0x9c, 0xff, 0x9c, 0xff, 0x9c, 0xff, 0x9c, 0xff, 0x9c, 0xff, 0x9c, 0xff, 0xbc, 0xff, 0xbc, 0xff, 0x7c, 0xf7,
        0x7c, 0xf7, 0x9c, 0xf7, 0xda, 0xde, 0xd8, 0xbd, 0xf8, 0xc5, 0xd8, 0xbd, 0xda, 0xe6, 0x9b, 0xff, 0x9b, 0xff, 0x9b, 0xff,
        0x9c, 0xff, 0x9c, 0xff, 0x9c, 0xff, 0x9c, 0xff, 0xbc, 0xff, 0x9c, 0xff, 0xbc, 0xff, 0xda, 0xe6, 0x97, 0xb5, 0x97, 0xb5,
        0x38, 0xce, 0x9b, 0xff, 0x9b, 0xff, 0x9c, 0xff, 0x9c, 0xff, 0x9c, 0xff, 0x9c, 0xff, 0x9c, 0xff, 0x9c, 0xff, 0x9c, 0xff,
        0x9c, 0xff, 0x9c, 0xff, 0xbc, 0xff, 0x7c, 0xf7, 0x75, 0xad, 0xf7, 0xbd, 0x58, 0xce, 0xd9, 0xde, 0x9c, 0xf7, 0xd7, 0xbd,
        0x97, 0xb5, 0xb7, 0xbd, 0xd4, 0x9c, 0x73, 0x8c, 0x93, 0x94, 0x31, 0x84, 0xc8, 0x31, 0x87, 0x21, 0x87, 0x29, 0x87, 0x21,
        0x46, 0x21, 0x67, 0x21, 0x67, 0x21, 0x87, 0x29, 0xc8, 0x31, 0xc8, 0x31, 0xc8, 0x29, 0xc8, 0x29, 0xa8, 0x29, 0xa8, 0x29,
        0x87, 0x29, 0x87, 0x21, 0x87, 0x29, 0x87, 0x29, 0xe8, 0x31, 0x09, 0x3a, 0x29, 0x3a, 0x09, 0x32, 0xe8, 0x31, 0xe9, 0x31,
        0x29, 0x3a, 0x4a, 0x3a, 0x29, 0x3a, 0x29, 0x3a, 0x29, 0x3a, 0x29, 0x3a, 0x29, 0x3a, 0x09, 0x3a, 0x0e, 0x43, 0x9f, 0x4e,
        0x7f, 0x46, 0x7e, 0x3e, 0xac, 0x32, 0xa7, 0x31, 0x2a, 0x32, 0x9a, 0x1c, 0xbb, 0x14, 0xfc, 0x14, 0x36, 0x1c, 0x66, 0x29,
        0x87, 0x29, 0x87, 0x29, 0x46, 0x21, 0x25, 0x19, 0x46, 0x21, 0xa3, 0x10, 0x00, 0x00, 0x20, 0x00, 0x81, 0x08, 0xe9, 0x7c,
        0xaa, 0x8d, 0x49, 0x85, 0x0a, 0x75, 0xab, 0x64, 0xcb, 0x6c, 0xcb, 0x6c, 0xcb, 0x6c, 0xcb, 0x6c, 0xab, 0x64, 0xab, 0x5c,
        0xab, 0x5c, 0xab, 0x5c, 0xab, 0x5c, 0xab, 0x5c, 0xab, 0x5c, 0xcb, 0x64, 0xca, 0x64, 0xaa, 0x64, 0x0a, 0x75, 0x4a, 0x7d,
        0x4a, 0x7d, 0x4a, 0x7d, 0xca, 0x64, 0xaa, 0x64, 0xaa, 0x64, 0xab, 0x64, 0x8b, 0x54, 0x8b, 0x5c, 0x8b, 0x5c, 0xab, 0x5c,
        0xca, 0x64, 0xab, 0x64, 0x8b, 0x64, 0x8b, 0x5c, 0x8a, 0x5c, 0x8a, 0x5c, 0x8a, 0x64, 0xaa, 0x64, 0xca, 0x6c, 0xca, 0x6c,
        0xca, 0x6c, 0xab, 0x5c, 0xab, 0x5c, 0xab, 0x5c, 0xab, 0x5c, 0xab, 0x5c, 0xcb, 0x5c, 0x0a, 0x6d, 0x0a, 0x6d, 0x0a, 0x6d,
        0x8c, 0x54, 0x0b, 0x6d, 0x2b, 0xae, 0x2b, 0xae, 0x0b, 0xae, 0x4d, 0xb6, 0x6f, 0xbe, 0x6e, 0xbe, 0x93, 0xd6, 0x96, 0xe6,
        0x97, 0xe6, 0xb7, 0xe6, 0xb7, 0xe6, 0xb7, 0xe6, 0xb7, 0xe6, 0x73, 0xd6, 0xca, 0xa5, 0xe9, 0x9d, 0x4a, 0x7d, 0xea, 0x6c,
        0xaa, 0x64, 0x8b, 0x5c, 0x8b, 0x5c, 0xcb, 0x64, 0xe9, 0xa5, 0xe9, 0xa5, 0xc9, 0xa5, 0xc9, 0xa5, 0xe9, 0xa5, 0xc9, 0x9d,
        0xab, 0x5c, 0x8b, 0x5c, 0x8b, 0x5c, 0x8b, 0x5c, 0xab, 0x5c, 0xab, 0x5c, 0x8b, 0x5c, 0x8b, 0x5c, 0x8b, 0x5c, 0x8b, 0x5c,
        0x8b, 0x54, 0x6b, 0x54, 0x6b, 0x54, 0x6b, 0x54, 0xa9, 0x95, 0x09, 0xae, 0xe9, 0xa5, 0xe9, 0xa5, 0xe9, 0xa5, 0x0a, 0x7d,
        0x6b, 0x54, 0x8b, 0x5c, 0x8b, 0x5c, 0xab, 0x5c, 0xab, 0x5c, 0x8b, 0x5c, 0x2a, 0x85, 0x09, 0xae, 0xe9, 0xa5, 0xe9, 0xa5,
        0x4a, 0x85, 0x2a, 0x7d, 0x4a, 0x7d, 0x2a, 0x7d, 0x4a, 0x7d, 0x4a, 0x7d, 0x69, 0x8d, 0xa9, 0x95, 0xa9, 0x95, 0x89, 0x95,
        0x10, 0x9e, 0xd8, 0xae, 0xb7, 0xae, 0xb7, 0xa6, 0xb7, 0xa6, 0xb5, 0xae, 0x0b, 0xa6, 0xea, 0x9d, 0xea, 0x9d, 0xeb, 0x9d,
        0xeb, 0xa5, 0x92, 0xae, 0xf8, 0xb6, 0xd7, 0xb6, 0xf7, 0xb6, 0xd7, 0xb6, 0xec, 0xa5, 0x88, 0x95, 0xec, 0x9d, 0xd3, 0xb6,
        0x4c, 0x6c, 0x00, 0x00, 0x00, 0x00, 0x00, 0x00, 0x04, 0x21, 0xd7, 0xbd, 0xf7, 0xbd, 0xb6, 0xb5, 0x1b, 0xe7, 0xbc, 0xff,
        0x9b, 0xff, 0x9b, 0xff, 0x38, 0xc6, 0x97, 0xb5, 0xb7, 0xb5, 0x18, 0xc6, 0x9c, 0xf7, 0x9c, 0xff, 0x9c, 0xf7, 0x9c, 0xff,
        0x9c, 0xff, 0x9c, 0xff, 0x9c, 0xff, 0x5b, 0xef, 0xd8, 0xbd, 0xb7, 0xbd, 0xb7, 0xbd, 0xb7, 0xbd, 0x1a, 0xef, 0x9c, 0xff,
        0x9c, 0xff, 0x9c, 0xff, 0x9c, 0xff, 0x9c, 0xf7, 0x9c, 0xff, 0x9c, 0xff, 0x9c, 0xff, 0x9c, 0xff, 0x9c, 0xff, 0x9c, 0xff,
        0x9c, 0xff, 0xbc, 0xff, 0x5b, 0xef, 0xf8, 0xc5, 0xf8, 0xc5, 0xd8, 0xbd, 0x1b, 0xef, 0xbc, 0xff, 0x9c, 0xff, 0x9c, 0xff,
        0x9c, 0xff, 0x9c, 0xff, 0x9c, 0xff, 0x9c, 0xff, 0x9c, 0xff, 0x9c, 0xff, 0x9c, 0xff, 0x9c, 0xff, 0x9c, 0xff, 0x9c, 0xff,
        0x9c, 0xff, 0x9c, 0xff, 0x9c, 0xff, 0x9c, 0xff, 0x9c, 0xff, 0x9c, 0xff, 0x9c, 0xff, 0x9c, 0xff, 0x9c, 0xff, 0x9c, 0xff,
        0x9c, 0xff, 0x9c, 0xff, 0x9c, 0xff, 0x9c, 0xff, 0x9c, 0xff, 0x9c, 0xff, 0x9c, 0xff, 0xbc, 0xff, 0x7c, 0xf7, 0x18, 0xc6,
        0x18, 0xc6, 0x39, 0xc6, 0x39, 0xc6, 0xf8, 0xc5, 0xf8, 0xc5, 0xd8, 0xbd, 0xda, 0xde, 0x9c, 0xff, 0x9b, 0xf7, 0x9c, 0xff,
        0x9c, 0xff, 0x9c, 0xff, 0x9c, 0xff, 0x9c, 0xff, 0x9c, 0xff, 0x9b, 0xff, 0x9b, 0xff, 0xd9, 0xde, 0x97, 0xb5, 0xb7, 0xb5,
        0x59, 0xd6, 0xbc, 0xff, 0x9c, 0xff, 0x9c, 0xff, 0x9c, 0xff, 0x9c, 0xff, 0x9c, 0xff, 0x9c, 0xff, 0x9c, 0xff, 0x9c, 0xff,
        0x9c, 0xff, 0x9c, 0xff, 0xbc, 0xff, 0x1a, 0xe7, 0x2a, 0x3a, 0xe9, 0x31, 0xc8, 0x29, 0x72, 0x84, 0xfe, 0xff, 0xd7, 0xbd,
        0xb7, 0xbd, 0xf8, 0xc5, 0x4e, 0x63, 0x0a, 0x32, 0x4a, 0x42, 0x2a, 0x3a, 0xa8, 0x29, 0x87, 0x29, 0x87, 0x29, 0x87, 0x29,
        0x47, 0x21, 0x46, 0x19, 0x46, 0x19, 0x67, 0x21, 0x87, 0x29, 0x87, 0x21, 0x87, 0x29, 0xe8, 0x31, 0xe8, 0x31, 0xe8, 0x31,
        0x09, 0x3a, 0x29, 0x3a, 0x09, 0x3a, 0x09, 0x3a, 0x29, 0x3a, 0x29, 0x3a, 0x29, 0x3a, 0x29, 0x3a, 0x29, 0x3a, 0x29, 0x3a,
        0x29, 0x3a, 0x29, 0x3a, 0x29, 0x3a, 0x29, 0x3a, 0x29, 0x3a, 0x29, 0x3a, 0x8c, 0x3a, 0x6b, 0x3a, 0x50, 0x43, 0x9f, 0x46,
        0xbf, 0x4e, 0x9f, 0x46, 0xee, 0x32, 0xc8, 0x31, 0x4c, 0x32, 0x9b, 0x14, 0xbb, 0x14, 0xbb, 0x14, 0xf5, 0x1b, 0x67, 0x29,
        0x87, 0x29, 0xa7, 0x29, 0x46, 0x21, 0x26, 0x19, 0x67, 0x21, 0xa3, 0x10, 0x00, 0x00, 0x20, 0x00, 0x60, 0x08, 0xc7, 0x63,
        0x47, 0x74, 0x06, 0x6c, 0x27, 0x74, 0x69, 0x95, 0x8a, 0x95, 0x8a, 0x95, 0xea, 0xa5, 0xea, 0xa5, 0x0b, 0x75, 0xcc, 0x64,
        0xac, 0x5c, 0xac, 0x5c, 0xab, 0x5c, 0xab, 0x5c, 0xeb, 0x6c, 0x2a, 0x7d, 0x2a, 0x7d, 0x4a, 0x85, 0xa9, 0x9d, 0xea, 0xa5,
        0x0a, 0xa6, 0xea, 0xa5, 0x8a, 0x8d, 0x69, 0x8d, 0x69, 0x8d, 0x0a, 0x7d, 0x8b, 0x54, 0x8b, 0x54, 0x8b, 0x5c, 0x8b, 0x54,
        0x8b, 0x54, 0x6b, 0x54, 0x4b, 0x54, 0x8a, 0x64, 0x29, 0x8d, 0x29, 0x85, 0x29, 0x85, 0xa9, 0x9d, 0xe9, 0xad, 0x09, 0xae,
        0xca, 0x9d, 0xab, 0x64, 0xab, 0x5c, 0xab, 0x5c, 0xab, 0x5c, 0xab, 0x5c, 0xea, 0x64, 0x0a, 0xa6, 0x0a, 0xae, 0x0a, 0xae,
        0x8b, 0x54, 0x0b, 0x6d, 0x0b, 0xa6, 0xea, 0xa5, 0xea, 0x9d, 0x2d, 0xb6, 0x6f, 0xbe, 0x4e, 0xbe, 0x93, 0xd6, 0x97, 0xe6,
        0xb7, 0xe6, 0xb7, 0xe6, 0xb7, 0xe6, 0xd7, 0xe6, 0xd8, 0xee, 0x94, 0xd6, 0xea, 0xa5, 0xe9, 0xa5, 0x4a, 0x85, 0xea, 0x6c,
        0x8b, 0x5c, 0x8b, 0x54, 0x8b, 0x54, 0xcb, 0x64, 0xe9, 0xa5, 0xe9, 0xa5, 0xe9, 0xa5, 0xe9, 0xa5, 0xe9, 0xa5, 0xc9, 0x9d,
        0x8b, 0x5c, 0x8b, 0x54, 0x8b, 0x5c, 0x8b, 0x5c, 0x8b, 0x5c, 0x8b, 0x5c, 0x8b, 0x54, 0x8b, 0x54, 0x8b, 0x54, 0x8b, 0x54,
        0x8b, 0x54, 0x8b, 0x54, 0x6b, 0x54, 0x4a, 0x54, 0x8a, 0x95, 0x09, 0xae, 0xe9, 0xa5, 0xe9, 0xa5, 0xe9, 0xa5, 0x0a, 0x75,
        0x6b, 0x54, 0x8b, 0x5c, 0x8b, 0x5c, 0xab, 0x5c, 0xab, 0x5c, 0xab, 0x5c, 0x2a, 0x7d, 0x09, 0xae, 0x09, 0xa6, 0xe9, 0xa5,
        0x4a, 0x85, 0x4a, 0x7d, 0x4a, 0x7d, 0x4a, 0x7d, 0x2a, 0x7d, 0x29, 0x7d, 0x49, 0x85, 0xa9, 0x95, 0xa9, 0x95, 0x88, 0x95,
        0x10, 0x9e, 0xd8, 0xae, 0xb7, 0xa6, 0xb7, 0xa6, 0xb6, 0xa6, 0xb5, 0xa6, 0xeb, 0x9d, 0xca, 0x9d, 0xca, 0x9d, 0xca, 0x9d,
        0xeb, 0xa5, 0x72, 0xae, 0xf8, 0xae, 0xd7, 0xb6, 0xf7, 0xb6, 0xd7, 0xb6, 0x0c, 0xa6, 0xa8, 0x9d, 0x0d, 0xa6, 0x16, 0xbf,
        0x8d, 0x74, 0x00, 0x00, 0x00, 0x00, 0x00, 0x00, 0x24, 0x21, 0x5b, 0xef, 0xbd, 0xff, 0xbc, 0xff, 0xbd, 0xff, 0xbd, 0xff,
        0x9c, 0xff, 0x9b, 0xff, 0x38, 0xce, 0x97, 0xb5, 0x97, 0xb5, 0xf8, 0xc5, 0x7b, 0xf7, 0x9c, 0xff, 0x9c, 0xff, 0x9c, 0xff,
        0x9c, 0xff, 0x9c, 0xff, 0x9c, 0xff, 0x3b, 0xef, 0xb7, 0xbd, 0xb7, 0xbd, 0xb7, 0xbd, 0xb7, 0xbd, 0x5b, 0xef, 0xbc, 0xff,
        0xbd, 0xff, 0xbc, 0xff, 0x9c, 0xf7, 0x9b, 0xf7, 0x9b, 0xf7, 0x9b, 0xff, 0x9b, 0xff, 0x9c, 0xff, 0x9c, 0xf7, 0x9c, 0xff,
        0x9c, 0xf7, 0xbc, 0xff, 0x5c, 0xf7, 0xf8, 0xc5, 0xf8, 0xc5, 0xf8, 0xbd, 0x1b, 0xef, 0xbc, 0xff, 0x9c, 0xff, 0x9c, 0xff,
        0x9c, 0xff, 0x9c, 0xff, 0x9c, 0xff, 0x9c, 0xff, 0x9c, 0xff, 0x9c, 0xff, 0x9c, 0xff, 0x9c, 0xff, 0x9c, 0xff, 0x9c, 0xff,
        0x9c, 0xff, 0x9c, 0xff, 0x9c, 0xff, 0x9c, 0xff, 0x9c, 0xff, 0x9c, 0xff, 0x9c, 0xff, 0x9c, 0xff, 0x9c, 0xff, 0x9c, 0xff,
        0x9c, 0xff, 0x9c, 0xff, 0x9c, 0xff, 0x9c, 0xff, 0x9c, 0xff, 0x9c, 0xff, 0x9c, 0xff, 0xbc, 0xff, 0x5b, 0xf7, 0xf8, 0xc5,
        0xf8, 0xc5, 0x18, 0xc6, 0x19, 0xc6, 0x9a, 0xd6, 0xba, 0xde, 0xba, 0xde, 0x5b, 0xef, 0xbc, 0xff, 0x9c, 0xf7, 0x9c, 0xff,
        0x9c, 0xff, 0x9c, 0xf7, 0x9c, 0xff, 0x9c, 0xff, 0x9c, 0xff, 0x9b, 0xf7, 0x9c, 0xff, 0xda, 0xe6, 0xb7, 0xbd, 0xb7, 0xbd,
        0x79, 0xd6, 0xbd, 0xff, 0x9c, 0xff, 0x9c, 0xff, 0x9c, 0xff, 0x9c, 0xff, 0x9c, 0xff, 0x9c, 0xff, 0x9c, 0xff, 0x9c, 0xff,
        0x9c, 0xff, 0x9b, 0xff, 0x9b, 0xff, 0xfa, 0xe6, 0x2a, 0x3a, 0xe9, 0x31, 0xc8, 0x29, 0x92, 0x8c, 0xfe, 0xff, 0xf8, 0xc5,
        0xd7, 0xbd, 0x18, 0xc6, 0x4e, 0x63, 0xe9, 0x31, 0x2a, 0x3a, 0x09, 0x3a, 0xa8, 0x29, 0x88, 0x29, 0xa7, 0x29, 0x87, 0x29,
        0x46, 0x19, 0x46, 0x19, 0x46, 0x19, 0x67, 0x21, 0x87, 0x21, 0x87, 0x21, 0x87, 0x21, 0xe8, 0x31, 0xe8, 0x31, 0xe8, 0x31,
        0x09, 0x3a, 0x29, 0x3a, 0x29, 0x3a, 0x29, 0x3a, 0x29, 0x3a, 0x29, 0x3a, 0x29, 0x3a, 0x29, 0x3a, 0x29, 0x3a, 0x29, 0x3a,
        0x29, 0x3a, 0x29, 0x3a, 0x29, 0x3a, 0x49, 0x3a, 0x29, 0x3a, 0x09, 0x3a, 0x79, 0x35, 0x3d, 0x36, 0x1d, 0x3e, 0x7a, 0x3d,
        0xba, 0x3d, 0xdc, 0x35, 0xee, 0x32, 0x09, 0x3a, 0x8c, 0x32, 0xdb, 0x14, 0xdc, 0x14, 0xdc, 0x14, 0xf6, 0x13, 0x87, 0x29,
        0xa8, 0x29, 0xa8, 0x29, 0x67, 0x21, 0x47, 0x21, 0x67, 0x21, 0xa3, 0x10, 0x00, 0x00, 0x20, 0x00, 0x20, 0x00, 0x20, 0x00,
        0x20, 0x00, 0x00, 0x00, 0xa1, 0x10, 0x49, 0x8d, 0xaa, 0x9d, 0xaa, 0x95, 0xea, 0xa5, 0x0b, 0xa6, 0x2b, 0x7d, 0xcc, 0x5c,
        0xac, 0x5c, 0x8c, 0x5c, 0x8b, 0x5c, 0x8b, 0x5c, 0xcb, 0x64, 0x2a, 0x7d, 0x4a, 0x7d, 0x6a, 0x85, 0xca, 0x9d, 0xea, 0xa5,
        0xea, 0xa5, 0xea, 0xa5, 0x89, 0x8d, 0x69, 0x8d, 0x89, 0x8d, 0x2a, 0x7d, 0x8b, 0x54, 0x8b, 0x54, 0x8b, 0x54, 0x8b, 0x54,
        0x8b, 0x54, 0x8b, 0x54, 0x4b, 0x54, 0x8a, 0x64, 0x29, 0x8d, 0x29, 0x85, 0x29, 0x85, 0xa9, 0x9d, 0x09, 0xae, 0x09, 0xae,
        0xc9, 0x9d, 0x8a, 0x5c, 0x8b, 0x5c, 0x8b, 0x5c, 0x8b, 0x5c, 0xab, 0x5c, 0xeb, 0x64, 0x0a, 0xa6, 0x2a, 0xae, 0x2a, 0xae,
        0x8b, 0x54, 0xeb, 0x6c, 0xea, 0xa5, 0xea, 0x9d, 0xc9, 0x9d, 0x0c, 0xae, 0x4e, 0xbe, 0x2d, 0xbe, 0x72, 0xce, 0xb6, 0xe6,
        0xb6, 0xe6, 0xb7, 0xe6, 0xd7, 0xe6, 0xb7, 0xe6, 0xd7, 0xe6, 0x94, 0xd6, 0xea, 0xa5, 0x0a, 0xa6, 0x6a, 0x85, 0xea, 0x6c,
        0x8a, 0x5c, 0x6b, 0x5c, 0x6b, 0x54, 0xab, 0x64, 0xe9, 0xa5, 0x09, 0xa6, 0xe9, 0xa5, 0xe9, 0xa5, 0xe9, 0xa5, 0xea, 0x9d,
        0xab, 0x64, 0xab, 0x5c, 0xab, 0x5c, 0xab, 0x5c, 0x8a, 0x5c, 0x6a, 0x5c, 0x6a, 0x5c, 0x8a, 0x5c, 0x8a, 0x5c, 0xaa, 0x5c,
        0xab, 0x5c, 0xab, 0x5c, 0xab, 0x5c, 0x8a, 0x5c, 0x8a, 0x95, 0x09, 0xa6, 0xe9, 0xa5, 0xe9, 0xa5, 0xe9, 0xa5, 0x0a, 0x75,
        0x6b, 0x5c, 0x8b, 0x5c, 0x8b, 0x5c, 0xab, 0x5c, 0xca, 0x64, 0xab, 0x5c, 0x4a, 0x85, 0x0a, 0xae, 0x0a, 0xa6, 0x0a, 0xa6,
        0x6a, 0x85, 0x4a, 0x7d, 0x4a, 0x7d, 0x4a, 0x7d, 0x4a, 0x7d, 0x29, 0x7d, 0x49, 0x85, 0xa9, 0x95, 0xa9, 0x95, 0x88, 0x95,
        0x0f, 0x9e, 0xb7, 0xae, 0xb6, 0xae, 0xb6, 0xa6, 0xb6, 0xa6, 0x95, 0xa6, 0xea, 0x9d, 0xc9, 0x9d, 0xca, 0x9d, 0xca, 0x9d,
        0xea, 0xa5, 0x72, 0xae, 0xd7, 0xb6, 0xd7, 0xb6, 0xd7, 0xb6, 0xb6, 0xb6, 0xeb, 0xa5, 0xc9, 0x9d, 0x0d, 0xa6, 0xf5, 0xbe,
        0x8d, 0x74, 0x00, 0x00, 0x00, 0x00, 0x00, 0x00, 0x45, 0x29, 0x5b, 0xef, 0xbc, 0xff, 0xbc, 0xff, 0x9c, 0xff, 0x7c, 0xf7,
        0x7c, 0xf7, 0x7b, 0xf7, 0x18, 0xc6, 0x97, 0xb5, 0x97, 0xb5, 0xd7, 0xbd, 0x7b, 0xf7, 0x9b, 0xff, 0x9b, 0xff, 0x9c, 0xff,
        0x9c, 0xff, 0x9c, 0xff, 0x9c, 0xff, 0x3b, 0xef, 0xd7, 0xbd, 0xb7, 0xbd, 0xb7, 0xbd, 0xf8, 0xc5, 0x1b, 0xe7, 0x3b, 0xef,
        0x3b, 0xef, 0x5c, 0xf7, 0x9c, 0xff, 0x7b, 0xf7, 0x7b, 0xf7, 0x7b, 0xff, 0x7b, 0xff, 0x9b, 0xff, 0x9c, 0xf7, 0x9c, 0xf7,
        0x9c, 0xff, 0xbc, 0xff, 0x5c, 0xf7, 0x18, 0xc6, 0xf8, 0xc5, 0xf8, 0xc5, 0x3b, 0xef, 0xbc, 0xff, 0x9c, 0xff, 0x9c, 0xff,
        0x9c, 0xff, 0x9c, 0xff, 0x9c, 0xff, 0x9c, 0xff, 0x9c, 0xff, 0x9c, 0xff, 0x9c, 0xff, 0x9c, 0xff, 0x9c, 0xff, 0x9c, 0xff,
        0x9c, 0xff, 0x9c, 0xff, 0x9c, 0xff, 0x9c, 0xff, 0x9c, 0xff, 0x9c, 0xff, 0x9c, 0xff, 0x9c, 0xff, 0x9c, 0xff, 0x9c, 0xff,
        0x9c, 0xff, 0x9c, 0xff, 0x9c, 0xff, 0x9c, 0xff, 0x9c, 0xff, 0x9c, 0xff, 0x9c, 0xff, 0x9b, 0xff, 0x3b, 0xef, 0xd8, 0xbd,
        0xd8, 0xbd, 0xf8, 0xc5, 0x18, 0xc6, 0x3b, 0xef, 0xbd, 0xff, 0xbd, 0xff, 0x9c, 0xff, 0x9c, 0xff, 0x9c, 0xff, 0x9c, 0xff,
        0x9c, 0xff, 0x9c, 0xff, 0x9c, 0xff, 0x9c, 0xff, 0x9c, 0xff, 0x9c, 0xf7, 0x9c, 0xff, 0xfb, 0xe6, 0xf8, 0xbd, 0xd8, 0xbd,
        0x9a, 0xd6, 0xbd, 0xff, 0xbc, 0xff, 0xbc, 0xff, 0x9c, 0xff, 0x9c, 0xff, 0x9c, 0xff, 0x9c, 0xff, 0x9c, 0xff, 0x9c, 0xff,
        0x9b, 0xff, 0x7b, 0xff, 0x9b, 0xff, 0xf9, 0xe6, 0x2a, 0x3a, 0xe9, 0x31, 0xc8, 0x31, 0x72, 0x8c, 0x9c, 0xf7, 0xd7, 0xbd,
        0xb7, 0xbd, 0xf8, 0xc5, 0x2d, 0x63, 0xc9, 0x31, 0x09, 0x32, 0xe9, 0x31, 0xa8, 0x29, 0x88, 0x29, 0xa8, 0x29, 0x87, 0x29,
        0x46, 0x19, 0x26, 0x19, 0x26, 0x19, 0x46, 0x19, 0x67, 0x21, 0x67, 0x21, 0x87, 0x21, 0xc8, 0x31, 0xe8, 0x31, 0xe8, 0x31,
        0x09, 0x3a, 0x29, 0x3a, 0x29, 0x3a, 0x29, 0x3a, 0x29, 0x3a, 0x29, 0x3a, 0x29, 0x3a, 0x29, 0x3a, 0x29, 0x3a, 0x29, 0x3a,
        0x29, 0x3a, 0x29, 0x3a, 0x4a, 0x3a, 0x6a, 0x3a, 0x6a, 0x42, 0x29, 0x42, 0x9a, 0x3d, 0x9f, 0x3e, 0x9f, 0x3e, 0x2e, 0x3b,
        0x2a, 0x42, 0x6b, 0x3a, 0x4a, 0x3a, 0x29, 0x3a, 0x8d, 0x32, 0xfb, 0x14, 0xfc, 0x14, 0xfc, 0x14, 0x16, 0x14, 0xa8, 0x29,
        0xc8, 0x31, 0xc8, 0x31, 0xa8, 0x29, 0x87, 0x29, 0xa7, 0x29, 0x26, 0x19, 0xe5, 0x10, 0xe5, 0x10, 0xc4, 0x10, 0x00, 0x00,
        0x00, 0x00, 0x00, 0x00, 0xa1, 0x10, 0x49, 0x8d, 0xaa, 0x9d, 0xaa, 0x9d, 0xea, 0xa5, 0x0b, 0xa6, 0x2c, 0x7d, 0xcc, 0x64,
        0xab, 0x5c, 0x8b, 0x5c, 0x8b, 0x5c, 0x6b, 0x5c, 0xca, 0x6c, 0x2a, 0x85, 0x4a, 0x85, 0x6a, 0x85, 0xca, 0x9d, 0xea, 0xa5,
        0xea, 0xa5, 0xea, 0xa5, 0x89, 0x8d, 0x89, 0x8d, 0x89, 0x8d, 0x4a, 0x7d, 0xab, 0x5c, 0xab, 0x5c, 0xab, 0x5c, 0xab, 0x5c,
        0xab, 0x5c, 0xab, 0x5c, 0x6b, 0x54, 0xca, 0x6c, 0x49, 0x8d, 0x29, 0x85, 0x49, 0x8d, 0xa9, 0x9d, 0x09, 0xae, 0x09, 0xae,
        0xa9, 0x9d, 0x8a, 0x5c, 0x8a, 0x5c, 0x8a, 0x5c, 0x8a, 0x5c, 0xab, 0x5c, 0xea, 0x6c, 0x0a, 0xa6, 0x0a, 0xae, 0x2a, 0xae,
        0xaa, 0x95, 0xaa, 0x9d, 0xe9, 0xa5, 0xea, 0xa5, 0xea, 0xa5, 0xea, 0xa5, 0xea, 0xa5, 0xea, 0xa5, 0x0b, 0xae, 0x0c, 0xae,
        0x0d, 0xb6, 0x0d, 0xb6, 0x2d, 0xb6, 0x2c, 0xb6, 0x2d, 0xb6, 0x2c, 0xae, 0x0a, 0xa6, 0x0a, 0xa6, 0xca, 0x9d, 0xca, 0x9d,
        0xa9, 0x9d, 0xa9, 0x95, 0x89, 0x95, 0xaa, 0x9d, 0xe9, 0xa5, 0xe9, 0xa5, 0xe9, 0xa5, 0xe9, 0xa5, 0xea, 0xa5, 0xea, 0xa5,
        0xca, 0x9d, 0xca, 0x9d, 0xaa, 0x95, 0xaa, 0x95, 0xa9, 0x95, 0xa9, 0x95, 0xa9, 0x95, 0xa9, 0x95, 0xa9, 0x95, 0xca, 0x95,
        0xca, 0x9d, 0xca, 0x9d, 0xca, 0x9d, 0xaa, 0x9d, 0xe9, 0xa5, 0xe9, 0xa5, 0xe9, 0xa5, 0xe9, 0xa5, 0xe9, 0xa5, 0xc9, 0x9d,
        0xaa, 0x9d, 0xaa, 0x9d, 0xaa, 0x95, 0xaa, 0x95, 0xaa, 0x95, 0xaa, 0x9d, 0xea, 0xa5, 0x0a, 0xae, 0x0a, 0xa6, 0x0a, 0xa6,
        0xea, 0xa5, 0xea, 0x9d, 0xea, 0x9d, 0xca, 0x9d, 0xc9, 0x9d, 0xc9, 0x9d, 0xc9, 0x9d, 0xc9, 0x9d, 0xc9, 0x9d, 0xc9, 0x9d,
        0xea, 0xa5, 0x0c, 0xa6, 0x2c, 0xa6, 0x0c, 0xa6, 0x0c, 0xa6, 0xec, 0xa5, 0xea, 0xa5, 0xe9, 0x9d, 0xea, 0xa5, 0xea, 0xa5,
        0xea, 0xa5, 0x0b, 0xa6, 0x0d, 0xa6, 0x0d, 0xa6, 0x0d, 0xa6, 0x0c, 0xa6, 0xeb, 0xa5, 0xea, 0xa5, 0xeb, 0xa5, 0x8d, 0xb6,
        0xe7, 0x6b, 0x00, 0x00, 0x00, 0x00, 0x00, 0x00, 0x45, 0x29, 0x5b, 0xef, 0x9b, 0xff, 0xbb, 0xff, 0x1b, 0xe7, 0xf8, 0xbd,
        0x18, 0xc6, 0x18, 0xc6, 0xf4, 0x9c, 0x33, 0x84, 0x32, 0x84, 0x93, 0x94, 0x5b, 0xf7, 0x9b, 0xff, 0x9b, 0xff, 0x9c, 0xff,
        0x9c, 0xff, 0x9c, 0xff, 0xbc, 0xff, 0x5c, 0xf7, 0xf8, 0xc5, 0xf8, 0xbd, 0xf8, 0xc5, 0xda, 0xe6, 0x59, 0xce, 0xd8, 0xbd,
        0xd8, 0xbd, 0x79, 0xd6, 0x9b, 0xff, 0x7b, 0xf7, 0x79, 0xd6, 0x39, 0xce, 0x7b, 0xf7, 0x9c, 0xff, 0x9c, 0xff, 0x9c, 0xff,
        0x9c, 0xff, 0xbc, 0xff, 0x7c, 0xf7, 0x18, 0xc6, 0x18, 0xc6, 0x18, 0xc6, 0x3b, 0xef, 0xbc, 0xff, 0x9c, 0xff, 0x9c, 0xff,
        0x9c, 0xff, 0x9c, 0xff, 0x9c, 0xff, 0x9c, 0xff, 0x9c, 0xff, 0x9c, 0xff, 0x9c, 0xff, 0x9c, 0xff, 0x9c, 0xff, 0x9c, 0xff,
        0x9c, 0xff, 0x9c, 0xff, 0x9c, 0xff, 0x9c, 0xff, 0x9c, 0xff, 0x9c, 0xff, 0x9c, 0xff, 0x9c, 0xff, 0x9c, 0xff, 0x9c, 0xff,
        0x9c, 0xff, 0x9c, 0xff, 0x9c, 0xff, 0x9c, 0xff, 0x9c, 0xf7, 0x9c, 0xff, 0x9c, 0xf7, 0x9b, 0xff, 0x3b, 0xef, 0xb7, 0xbd,
        0xd7, 0xbd, 0xd8, 0xbd, 0xf8, 0xc5, 0xba, 0xde, 0x7c, 0xf7, 0xbc, 0xff, 0x9c, 0xff, 0x9c, 0xff, 0x9c, 0xff, 0x9c, 0xff,
        0x9c, 0xff, 0x9c, 0xff, 0x9c, 0xff, 0x9c, 0xff, 0x9c, 0xff, 0x9c, 0xff, 0x9c, 0xff, 0x9c, 0xf7, 0x7c, 0xf7, 0x7c, 0xf7,
        0x9c, 0xf7, 0xbc, 0xff, 0x9c, 0xff, 0x9c, 0xff, 0x9c, 0xff, 0x9c, 0xff, 0x9c, 0xff, 0x9c, 0xff, 0x9c, 0xff, 0x9b, 0xff,
        0x9b, 0xf7, 0x7b, 0xff, 0x9b, 0xff, 0xf9, 0xe6, 0x4a, 0x42, 0x09, 0x3a, 0x09, 0x3a, 0x2a, 0x3a, 0x2d, 0x5b, 0x14, 0xa5,
        0xf4, 0xa4, 0xf4, 0xa4, 0x8b, 0x4a, 0x67, 0x21, 0x87, 0x29, 0x87, 0x29, 0xa8, 0x29, 0xa8, 0x29, 0xa7, 0x29, 0x87, 0x29,
        0xc8, 0x29, 0xc8, 0x29, 0xc8, 0x31, 0x87, 0x29, 0x67, 0x21, 0x87, 0x21, 0x87, 0x29, 0xc8, 0x31, 0xe8, 0x31, 0xe8, 0x31,
        0x09, 0x3a, 0x29, 0x3a, 0x29, 0x3a, 0x29, 0x3a, 0x29, 0x3a, 0x29, 0x3a, 0x29, 0x3a, 0x29, 0x3a, 0x29, 0x3a, 0x29, 0x3a,
        0x29, 0x3a, 0xe8, 0x39, 0x0e, 0x3b, 0xfc, 0x45, 0xbb, 0x45, 0x9a, 0x45, 0x3e, 0x3e, 0x7f, 0x46, 0x7e, 0x46, 0x0e, 0x3b,
        0x29, 0x3a, 0x29, 0x3a, 0x2a, 0x3a, 0x09, 0x3a, 0xad, 0x3a, 0xdd, 0x2d, 0xfe, 0x35, 0x1f, 0x36, 0x39, 0x35, 0xc8, 0x31,
        0xe9, 0x31, 0xe9, 0x31, 0xe8, 0x31, 0xe8, 0x31, 0xe8, 0x31, 0x67, 0x21, 0x26, 0x19, 0x26, 0x19, 0x05, 0x19, 0x00, 0x00,
        0x00, 0x00, 0x00, 0x00, 0xa1, 0x10, 0x49, 0x8d, 0xc9, 0x9d, 0xca, 0x9d, 0xea, 0xa5, 0x0a, 0xa6, 0xca, 0x9d, 0xaa, 0x95,
        0x8a, 0x95, 0x8a, 0x95, 0x89, 0x95, 0x89, 0x95, 0xa9, 0x95, 0xc9, 0x9d, 0xca, 0x9d, 0xca, 0x9d, 0xea, 0xa5, 0xea, 0xa5,
        0xea, 0xa5, 0xe9, 0xa5, 0xca, 0x9d, 0xea, 0xa5, 0xea, 0xa5, 0xea, 0x9d, 0xcb, 0x9d, 0xcb, 0x9d, 0xca, 0x9d, 0xca, 0x9d,
        0xca, 0x9d, 0xca, 0x9d, 0xaa, 0x9d, 0xa9, 0x9d, 0xc9, 0x9d, 0xc9, 0x9d, 0xc9, 0x9d, 0xea, 0xa5, 0x09, 0xa6, 0x09, 0xa6,
        0xe9, 0xa5, 0xa9, 0x95, 0xa9, 0x95, 0x89, 0x95, 0x89, 0x95, 0xa9, 0x95, 0xaa, 0x9d, 0xea, 0xa5, 0x0a, 0xa6, 0x0a, 0xae,
        0xe9, 0xa5, 0xe9, 0xa5, 0xe9, 0xa5, 0xea, 0xa5, 0xea, 0xa5, 0xea, 0xa5, 0xe9, 0xa5, 0xea, 0xa5, 0xe9, 0xa5, 0xe9, 0xa5,
        0xea, 0xa5, 0xea, 0xa5, 0xea, 0xa5, 0xe9, 0xa5, 0xe9, 0xa5, 0xe9, 0xa5, 0xea, 0xa5, 0x0a, 0xa6, 0x0a, 0xa6, 0x0a, 0xae,
        0x09, 0xae, 0x09, 0xa6, 0xe9, 0xa5, 0xe9, 0xa5, 0xe9, 0xa5, 0xe9, 0xa5, 0xe9, 0xa5, 0xe9, 0xa5, 0xea, 0xa5, 0xea, 0xa5,
        0x0a, 0xa6, 0x0a, 0xa6, 0x09, 0xa6, 0xe9, 0xa5, 0xe9, 0xa5, 0xe9, 0xa5, 0xe9, 0xa5, 0xe9, 0xa5, 0xe9, 0xa5, 0x09, 0xa6,
        0x0a, 0xae, 0x0a, 0xae, 0x0a, 0xae, 0x09, 0xae, 0x09, 0xa6, 0xe9, 0xa5, 0xe9, 0xa5, 0xe9, 0xa5, 0x0a, 0xa6, 0x0a, 0xa6,
        0x09, 0xae, 0x09, 0xae, 0x09, 0xa6, 0xe9, 0xa5, 0xe9, 0xa5, 0xe9, 0xa5, 0xe9, 0xa5, 0x0a, 0xa6, 0x0a, 0xa6, 0x0a, 0xa6,
        0x0a, 0xae, 0x0a, 0xa6, 0x0a, 0xa6, 0xea, 0xa5, 0xe9, 0xa5, 0xe9, 0xa5, 0xe9, 0xa5, 0xe9, 0xa5, 0xe9, 0xa5, 0xea, 0xa5,
        0xe9, 0xa5, 0xe9, 0xa5, 0xe9, 0xa5, 0xe9, 0xa5, 0xe9, 0xa5, 0xe9, 0xa5, 0xea, 0xa5, 0xea, 0xa5, 0xea, 0xa5, 0xea, 0xa5,
        0xea, 0xa5, 0xea, 0xa5, 0xc9, 0xa5, 0xc9, 0x9d, 0xc9, 0x9d, 0xc9, 0xa5, 0xea, 0xa5, 0xea, 0xa5, 0x0a, 0xa6, 0x6b, 0xb6,
        0x06, 0x6c, 0x00, 0x00, 0x00, 0x00, 0x00, 0x00, 0x44, 0x29, 0x3b, 0xef, 0x9b, 0xff, 0xbb, 0xff, 0xfa, 0xe6, 0xd8, 0xbd,
        0xf8, 0xbd, 0x18, 0xbe, 0xd5, 0x9c, 0x32, 0x84, 0x12, 0x7c, 0x73, 0x8c, 0x7b, 0xf7, 0x9b, 0xff, 0x9b, 0xff, 0x9c, 0xff,
        0x9c, 0xff, 0x9c, 0xff, 0xbc, 0xff, 0x5c, 0xf7, 0xf8, 0xbd, 0xf8, 0xc5, 0xf8, 0xc5, 0x1b, 0xe7, 0x59, 0xce, 0xb7, 0xbd,
        0xb7, 0xb5, 0x59, 0xd6, 0x9b, 0xff, 0x9b, 0xff, 0x59, 0xce, 0xf8, 0xbd, 0x9c, 0xff, 0x9c, 0xff, 0x9c, 0xff, 0x9c, 0xff,
        0x9c, 0xff, 0xbc, 0xff, 0x7c, 0xf7, 0x19, 0xc6, 0x18, 0xc6, 0xf8, 0xc5, 0x3b, 0xef, 0xbc, 0xff, 0x9c, 0xff, 0x9c, 0xff,
        0x9c, 0xff, 0x9c, 0xff, 0x9c, 0xff, 0x9c, 0xff, 0x9c, 0xff, 0x9c, 0xff, 0x9c, 0xff, 0x9c, 0xff, 0x9c, 0xff, 0x9c, 0xff,
        0x9c, 0xff, 0x9c, 0xff, 0x9c, 0xff, 0x9c, 0xff, 0x9c, 0xff, 0x9c, 0xff, 0x9c, 0xff, 0x9c, 0xff, 0x9c, 0xff, 0x9c, 0xff,
        0x9c, 0xff, 0x9c, 0xff, 0x9c, 0xff, 0x9c, 0xff, 0x9c, 0xff, 0xbc, 0xff, 0x9c, 0xff, 0x9c, 0xff, 0x3b, 0xef, 0xb7, 0xbd,
        0xb7, 0xbd, 0xd8, 0xbd, 0xd8, 0xbd, 0x79, 0xce, 0x7c, 0xf7, 0xbc, 0xff, 0x9c, 0xff, 0x9c, 0xff, 0x9c, 0xff, 0x9c, 0xff,
        0x9c, 0xff, 0x9c, 0xff, 0x9c, 0xff, 0x9c, 0xff, 0x9c, 0xff, 0x9c, 0xff, 0x9c, 0xff, 0x9c, 0xff, 0xbc, 0xff, 0xbc, 0xff,
        0xbc, 0xff, 0x9c, 0xff, 0x9c, 0xff, 0x9c, 0xff, 0x9c, 0xff, 0x9c, 0xff, 0x9c, 0xff, 0x9b, 0xff, 0x9b, 0xff, 0x9b, 0xf7,
        0x9b, 0xf7, 0x9b, 0xff, 0xbc, 0xff, 0x1a, 0xe7, 0x6b, 0x42, 0x0a, 0x3a, 0x2a, 0x3a, 0xe9, 0x31, 0x6a, 0x42, 0xd4, 0x9c,
        0xb3, 0x9c, 0x93, 0x94, 0x4a, 0x42, 0x46, 0x19, 0x87, 0x21, 0x87, 0x21, 0xa8, 0x29, 0xa8, 0x29, 0xa8, 0x29, 0xa8, 0x29,
        0xe9, 0x31, 0xe9, 0x39, 0xe9, 0x39, 0xa7, 0x29, 0x66, 0x21, 0x87, 0x21, 0xa7, 0x29, 0xc8, 0x31, 0xc8, 0x31, 0xe8, 0x31,
        0x09, 0x3a, 0x29, 0x3a, 0x29, 0x3a, 0x29, 0x3a, 0x29, 0x3a, 0x29, 0x3a, 0x29, 0x3a, 0x29, 0x3a, 0x29, 0x3a, 0x29, 0x3a,
        0x29, 0x3a, 0xe8, 0x39, 0x4f, 0x3b, 0x9f, 0x46, 0x9f, 0x46, 0x9f, 0x46, 0x7f, 0x46, 0xbf, 0x46, 0x7f, 0x46, 0xee, 0x3a,
        0x09, 0x3a, 0x29, 0x3a, 0x29, 0x3a, 0x09, 0x3a, 0xad, 0x3a, 0x1e, 0x36, 0x3f, 0x36, 0x7f, 0x3e, 0x7a, 0x3d, 0xe9, 0x31,
        0xe9, 0x31, 0xe9, 0x31, 0xe8, 0x31, 0xe8, 0x31, 0xe8, 0x31, 0x67, 0x21, 0x05, 0x19, 0x05, 0x19, 0x05, 0x19, 0x00, 0x00,
        0x00, 0x00, 0x00, 0x00, 0xa1, 0x10, 0x89, 0x9d, 0x0a, 0xa6, 0x0a, 0xa6, 0xea, 0xa5, 0xea, 0xa5, 0xea, 0xa5, 0xe9, 0xa5,
        0xe9, 0xa5, 0xc9, 0xa5, 0xc9, 0xa5, 0xe9, 0xa5, 0xe9, 0xa5, 0xea, 0xa5, 0x0a, 0xa6, 0x0a, 0xa6, 0xea, 0xa5, 0xea, 0xa5,
        0xea, 0xa5, 0xe9, 0xa5, 0xe9, 0xa5, 0xe9, 0xa5, 0xea, 0xa5, 0x0a, 0xa6, 0x0a, 0xae, 0x0a, 0xae, 0x0a, 0xae, 0x0a, 0xae,
        0x0a, 0xae, 0x0a, 0xae, 0x0a, 0xae, 0x09, 0xa6, 0x0a, 0xa6, 0x09, 0xa6, 0x09, 0xa6, 0x0a, 0xa6, 0x0a, 0xa6, 0x0a, 0xa6,
        0x0a, 0xa6, 0x09, 0xa6, 0x09, 0xae, 0xe9, 0xa5, 0xe9, 0xa5, 0xe9, 0xa5, 0xe9, 0xa5, 0xea, 0xa5, 0xea, 0xa5, 0xea, 0xa5,
        0xe9, 0xa5, 0xc9, 0xa5, 0xc9, 0xa5, 0xea, 0xa5, 0xea, 0xa5, 0xea, 0xa5, 0xea, 0xa5, 0xea, 0xa5, 0xea, 0xa5, 0xea, 0xa5,
        0xea, 0xa5, 0xea, 0xa5, 0xea, 0xa5, 0xea, 0xa5, 0xea, 0xa5, 0xca, 0x9d, 0xca, 0x9d, 0xea, 0xa5, 0xea, 0xa5, 0xea, 0xa5,
        0xca, 0xa5, 0xea, 0xa5, 0x0a, 0xa6, 0xe9, 0xa5, 0xe9, 0xa5, 0xe9, 0xa5, 0xe9, 0xa5, 0xe9, 0xa5, 0xe9, 0xa5, 0xe9, 0xa5,
        0xea, 0xa5, 0xe9, 0xa5, 0xe9, 0xa5, 0xe9, 0xa5, 0xe9, 0xa5, 0xea, 0xa5, 0xe9, 0xa5, 0xe9, 0xa5, 0xe9, 0xa5, 0xea, 0xa5,
        0x0a, 0xa6, 0x09, 0xa6, 0x09, 0xa6, 0xe9, 0xa5, 0xc9, 0x9d, 0xc9, 0x9d, 0xc9, 0x9d, 0xca, 0x9d, 0xca, 0x9d, 0xea, 0xa5,
        0x0a, 0xa6, 0xe9, 0xa5, 0xe9, 0xa5, 0xea, 0xa5, 0xe9, 0xa5, 0xe9, 0xa5, 0xe9, 0xa5, 0xe9, 0xa5, 0xe9, 0xa5, 0x09, 0xa6,
        0xe9, 0xa5, 0xe9, 0xa5, 0xe9, 0xa5, 0xe9, 0xa5, 0xe9, 0xa5, 0xe9, 0xa5, 0xe9, 0xa5, 0xe9, 0xa5, 0xea, 0xa5, 0x0a, 0xa6,
        0xea, 0xa5, 0xea, 0xa5, 0xe9, 0xa5, 0xe9, 0xa5, 0xea, 0xa5, 0xea, 0xa5, 0xea, 0xa5, 0xea, 0xa5, 0xea, 0xa5, 0xea, 0xa5,
        0xea, 0xa5, 0xea, 0xa5, 0xca, 0x9d, 0xca, 0x9d, 0xca, 0x9d, 0xca, 0x9d, 0xca, 0x9d, 0xea, 0xa5, 0xea, 0xa5, 0x6b, 0xb6,
        0x06, 0x6c, 0x00, 0x00, 0x00, 0x00, 0x00, 0x00, 0x44, 0x29, 0x3b, 0xef, 0x9b, 0xff, 0x9b, 0xff, 0x58, 0xce, 0xb3, 0x94,
        0xd4, 0x9c, 0x14, 0xa5, 0x93, 0x94, 0x53, 0x8c, 0x32, 0x84, 0xb3, 0x94, 0x9c, 0xf7, 0x9c, 0xff, 0x9c, 0xff, 0x9c, 0xff,
        0x9c, 0xff, 0x9c, 0xff, 0xbc, 0xff, 0x7c, 0xf7, 0x59, 0xce, 0x59, 0xce, 0x59, 0xce, 0x1b, 0xe7, 0x18, 0xc6, 0x97, 0xb5,
        0x97, 0xb5, 0x18, 0xc6, 0x1a, 0xef, 0x1a, 0xef, 0x59, 0xce, 0x19, 0xc6, 0xbd, 0xff, 0xbd, 0xff, 0xbc, 0xff, 0x9c, 0xff,
        0x9c, 0xff, 0xbc, 0xff, 0x7c, 0xf7, 0x18, 0xc6, 0xf8, 0xc5, 0xf8, 0xbd, 0x1b, 0xef, 0x9c, 0xff, 0x9c, 0xff, 0x9c, 0xff,
        0x9c, 0xff, 0x9c, 0xff, 0x9c, 0xff, 0x9c, 0xff, 0x9c, 0xff, 0x9c, 0xff, 0x9c, 0xff, 0x9c, 0xff, 0x9c, 0xff, 0x9c, 0xff,
        0x9c, 0xff, 0x9c, 0xff, 0x9c, 0xff, 0x9c, 0xff, 0x9c, 0xff, 0x9c, 0xff, 0x9c, 0xff, 0x9c, 0xff, 0x9c, 0xff, 0x9c, 0xff,
        0x9c, 0xff, 0x9c, 0xf7, 0x7c, 0xf7, 0x7c, 0xf7, 0x5c, 0xf7, 0x5b, 0xef, 0x5b, 0xef, 0x5b, 0xf7, 0xfa, 0xe6, 0xb7, 0xbd,
        0xd8, 0xbd, 0xd8, 0xbd, 0x18, 0xc6, 0x99, 0xd6, 0x7c, 0xf7, 0x9c, 0xff, 0x9c, 0xff, 0x9c, 0xff, 0x9c, 0xff, 0x9c, 0xff,
        0x9c, 0xff, 0x9c, 0xff, 0x9c, 0xff, 0x9c, 0xff, 0x9c, 0xff, 0x9c, 0xff, 0x9c, 0xff, 0x9c, 0xff, 0x9c, 0xff, 0x9c, 0xff,
        0x9c, 0xff, 0x9c, 0xff, 0x9c, 0xff, 0x9c, 0xff, 0x9c, 0xff, 0x9c, 0xff, 0x9b, 0xff, 0x9b, 0xff, 0x9b, 0xff, 0x9c, 0xff,
        0x9c, 0xf7, 0x9c, 0xff, 0xbd, 0xff, 0x1a, 0xe7, 0x6b, 0x42, 0x0a, 0x3a, 0x09, 0x3a, 0xe8, 0x31, 0x4a, 0x42, 0x31, 0x84,
        0x11, 0x84, 0x31, 0x84, 0x4a, 0x42, 0x67, 0x21, 0x87, 0x29, 0x88, 0x29, 0xa8, 0x29, 0xa8, 0x29, 0xa8, 0x29, 0xc8, 0x29,
        0x09, 0x3a, 0x09, 0x3a, 0x09, 0x3a, 0xc8, 0x29, 0x87, 0x21, 0x87, 0x29, 0xa8, 0x29, 0xe8, 0x31, 0xe8, 0x31, 0xe9, 0x31,
        0x09, 0x3a, 0x29, 0x3a, 0x29, 0x3a, 0x29, 0x3a, 0x29, 0x3a, 0x29, 0x3a, 0x29, 0x3a, 0x29, 0x3a, 0x29, 0x3a, 0x29, 0x3a,
        0x29, 0x3a, 0xe8, 0x39, 0x4f, 0x33, 0x9f, 0x3e, 0x7f, 0x46, 0x9f, 0x46, 0xfc, 0x4d, 0x38, 0x4d, 0x38, 0x45, 0xac, 0x3a,
        0x09, 0x3a, 0x09, 0x3a, 0x09, 0x3a, 0xe8, 0x39, 0xad, 0x3a, 0x1e, 0x36, 0x3e, 0x3e, 0x7f, 0x3e, 0x7a, 0x3d, 0xe9, 0x31,
        0xe9, 0x31, 0xe9, 0x31, 0xe8, 0x31, 0xe8, 0x31, 0xe8, 0x31, 0x67, 0x21, 0x26, 0x19, 0x26, 0x19, 0x05, 0x19, 0x62, 0x08,
        0x41, 0x08, 0x41, 0x00, 0x40, 0x08, 0xc4, 0x4a, 0x05, 0x53, 0xc5, 0x4a, 0xa8, 0x84, 0xea, 0xa5, 0xc9, 0xa5, 0xc9, 0xa5,
        0xca, 0xa5, 0xca, 0xa5, 0xca, 0xa5, 0xea, 0xa5, 0xca, 0x9d, 0xca, 0x9d, 0xca, 0x9d, 0xea, 0x9d, 0xea, 0xa5, 0xea, 0xa5,
        0xea, 0xa5, 0xe9, 0xa5, 0xe9, 0xa5, 0xe9, 0xa5, 0xea, 0xa5, 0xea, 0xa5, 0xea, 0xa5, 0xea, 0xa5, 0xea, 0xa5, 0x0a, 0xa6,
        0x0a, 0xa6, 0xea, 0xa5, 0xe9, 0xa5, 0xe9, 0xa5, 0xe9, 0xa5, 0xe9, 0x9d, 0xea, 0x9d, 0xea, 0xa5, 0x0a, 0xa6, 0x0a, 0xae,
        0x0a, 0xa6, 0x0a, 0xa6, 0x0a, 0xa6, 0xea, 0xa5, 0xc9, 0xa5, 0xc9, 0x9d, 0xe9, 0xa5, 0xea, 0xa5, 0xea, 0xa5, 0xea, 0xa5,
        0xea, 0xa5, 0xc9, 0xa5, 0xc9, 0x9d, 0xc9, 0x9d, 0xea, 0xa5, 0xea, 0xa5, 0x0a, 0xa6, 0x0a, 0xa6, 0x0a, 0xa6, 0x0a, 0xa6,
        0xea, 0xa5, 0xea, 0xa5, 0xea, 0xa5, 0xea, 0xa5, 0xea, 0xa5, 0xa9, 0x95, 0x89, 0x95, 0x89, 0x95, 0xc9, 0xa5, 0xca, 0x9d,
        0x89, 0x8d, 0xca, 0x9d, 0x0a, 0xae, 0x0a, 0xa6, 0xea, 0xa5, 0xea, 0xa5, 0xea, 0xa5, 0xea, 0xa5, 0xea, 0xa5, 0xe9, 0xa5,
        0xea, 0xa5, 0xea, 0xa5, 0xea, 0xa5, 0xea, 0xa5, 0xe9, 0xa5, 0xea, 0xa5, 0xe9, 0xa5, 0xea, 0xa5, 0xea, 0xa5, 0xea, 0xa5,
        0xea, 0xa5, 0xea, 0xa5, 0xe9, 0xa5, 0xe9, 0xa5, 0x89, 0x8d, 0x49, 0x85, 0x69, 0x85, 0x69, 0x8d, 0x69, 0x8d, 0xca, 0x9d,
        0x0a, 0xa6, 0x09, 0xa6, 0xe9, 0xa5, 0xea, 0xa5, 0xe9, 0xa5, 0xe9, 0xa5, 0xe9, 0xa5, 0xe9, 0xa5, 0xe9, 0xa5, 0xe9, 0xa5,
        0xe9, 0xa5, 0xe9, 0xa5, 0xe9, 0xa5, 0xe9, 0xa5, 0xe9, 0xa5, 0xe9, 0xa5, 0xe9, 0xa5, 0xe9, 0xa5, 0xea, 0xa5, 0x0a, 0xa6,
        0x0a, 0xa6, 0x0a, 0xa6, 0x09, 0xa6, 0x09, 0xa6, 0xea, 0xa5, 0x8a, 0x8d, 0xea, 0xa5, 0x0a, 0xa6, 0xea, 0xa5, 0xea, 0xa5,
        0xea, 0xa5, 0xca, 0x9d, 0x89, 0x95, 0x69, 0x8d, 0x89, 0x95, 0xc9, 0x9d, 0xc9, 0x9d, 0xca, 0xa5, 0xea, 0xa5, 0x6a, 0xb6,
        0x06, 0x6c, 0x00, 0x00, 0x20, 0x00, 0x00, 0x00, 0x65, 0x29, 0xda, 0xde, 0xb9, 0xde, 0x1b, 0xe7, 0x30, 0x84, 0x20, 0x00,
        0x61, 0x08, 0x41, 0x08, 0xab, 0x52, 0xb4, 0x94, 0x53, 0x8c, 0xb4, 0x94, 0x9c, 0xff, 0xbd, 0xff, 0x9c, 0xff, 0x9c, 0xff,
        0x9c, 0xff, 0x9c, 0xff, 0x9c, 0xff, 0xbc, 0xff, 0xbd, 0xff, 0xbc, 0xff, 0x9c, 0xff, 0x9b, 0xf7, 0xf7, 0xc5, 0x77, 0xb5,
        0x97, 0xb5, 0x97, 0xb5, 0xb7, 0xbd, 0xd7, 0xbd, 0xd8, 0xbd, 0x59, 0xce, 0xbd, 0xff, 0xbd, 0xff, 0xbc, 0xff, 0x9c, 0xff,
        0x9c, 0xff, 0xbc, 0xff, 0x5b, 0xf7, 0xf8, 0xc5, 0xd8, 0xbd, 0xd8, 0xbd, 0x1b, 0xef, 0x9c, 0xff, 0x9c, 0xff, 0x9c, 0xff,
        0x9c, 0xff, 0x9c, 0xff, 0x9c, 0xff, 0x9c, 0xff, 0x9c, 0xff, 0x9c, 0xff, 0x9c, 0xff, 0x9c, 0xff, 0x9c, 0xff, 0x9c, 0xff,
        0x9c, 0xff, 0x9c, 0xff, 0x9c, 0xff, 0x9c, 0xff, 0x9c, 0xff, 0x9c, 0xff, 0x9c, 0xff, 0x9c, 0xff, 0x9c, 0xff, 0x9c, 0xff,
        0x9c, 0xff, 0x7c, 0xf7, 0x3b, 0xef, 0x1b, 0xe7, 0xba, 0xde, 0x18, 0xc6, 0xf8, 0xbd, 0xd8, 0xbd, 0xd7, 0xbd, 0xb7, 0xbd,
        0xd8, 0xbd, 0xd8, 0xbd, 0xfa, 0xe6, 0xbc, 0xff, 0x9c, 0xff, 0x9c, 0xff, 0x9c, 0xff, 0x9c, 0xff, 0x9c, 0xff, 0x9c, 0xff,
        0x9c, 0xff, 0x9c, 0xff, 0x9c, 0xff, 0x9c, 0xff, 0x9c, 0xff, 0x9c, 0xff, 0x9c, 0xff, 0x9c, 0xff, 0x9c, 0xff, 0x9c, 0xff,
        0x9c, 0xff, 0x9c, 0xff, 0x9c, 0xff, 0x9c, 0xff, 0x9c, 0xff, 0x9c, 0xff, 0x9b, 0xff, 0x9b, 0xff, 0x9c, 0xff, 0x9c, 0xff,
        0x9c, 0xff, 0xbc, 0xff, 0xdd, 0xff, 0x1a, 0xe7, 0x6b, 0x42, 0x09, 0x3a, 0xe9, 0x31, 0xc8, 0x31, 0xe9, 0x31, 0xac, 0x52,
        0xac, 0x52, 0xac, 0x52, 0x09, 0x3a, 0xa7, 0x29, 0xa8, 0x29, 0xc8, 0x31, 0xc8, 0x31, 0xc8, 0x31, 0xc8, 0x31, 0xe8, 0x31,
        0x29, 0x3a, 0x09, 0x3a, 0x09, 0x3a, 0x09, 0x3a, 0x09, 0x3a, 0x29, 0x3a, 0x29, 0x3a, 0x09, 0x3a, 0x09, 0x3a, 0x09, 0x3a,
        0x09, 0x3a, 0x29, 0x3a, 0x09, 0x3a, 0x09, 0x3a, 0x29, 0x3a, 0x29, 0x3a, 0x29, 0x3a, 0x29, 0x3a, 0x29, 0x3a, 0x29, 0x3a,
        0x29, 0x3a, 0xe8, 0x39, 0x4f, 0x3b, 0x9f, 0x3e, 0x7f, 0x46, 0xbf, 0x46, 0x74, 0x44, 0xe9, 0x39, 0x2a, 0x3a, 0x29, 0x3a,
        0x29, 0x3a, 0x09, 0x3a, 0x09, 0x3a, 0xe8, 0x31, 0xad, 0x3a, 0x1e, 0x3e, 0x3e, 0x3e, 0x7f, 0x46, 0x7a, 0x3d, 0xe9, 0x31,
        0xe9, 0x31, 0xe8, 0x31, 0xe8, 0x31, 0xe8, 0x31, 0xe8, 0x31, 0x87, 0x29, 0x46, 0x19, 0x46, 0x19, 0x46, 0x19, 0x46, 0x19,
        0x26, 0x19, 0x05, 0x19, 0x00, 0x00, 0x00, 0x00, 0x00, 0x00, 0x00, 0x00, 0x66, 0x5b, 0x0a, 0xae, 0xc9, 0xa5, 0xea, 0xa5,
        0xea, 0xa5, 0xea, 0xa5, 0xea, 0xa5, 0xea, 0xa5, 0x8a, 0x95, 0x69, 0x8d, 0x69, 0x8d, 0x89, 0x8d, 0xca, 0x9d, 0xea, 0xa5,
        0xea, 0xa5, 0xea, 0xa5, 0xe9, 0xa5, 0xe9, 0xa5, 0xe9, 0xa5, 0xe9, 0xa5, 0xe9, 0xa5, 0xe9, 0xa5, 0xea, 0xa5, 0xea, 0xa5,
        0xe9, 0xa5, 0xe9, 0xa5, 0xea, 0xa5, 0xc9, 0x9d, 0x89, 0x8d, 0x89, 0x8d, 0x89, 0x8d, 0xc9, 0x9d, 0x0a, 0xa6, 0x0a, 0xa6,
        0x0a, 0xa6, 0x0a, 0xa6, 0x0a, 0xa6, 0x0a, 0xa6, 0xa9, 0x95, 0x69, 0x8d, 0x89, 0x95, 0xea, 0xa5, 0xea, 0xa5, 0xea, 0xa5,
        0xe9, 0xa5, 0xc9, 0xa5, 0xc9, 0x9d, 0xea, 0xa5, 0xea, 0xa5, 0x0a, 0xae, 0x0a, 0xae, 0x0a, 0xae, 0x0a, 0xae, 0x0a, 0xae,
        0x0a, 0xae, 0xea, 0xa5, 0xea, 0xa5, 0xea, 0xa5, 0xea, 0xa5, 0xa9, 0x95, 0x89, 0x95, 0x89, 0x95, 0xc9, 0xa5, 0xc9, 0xa5,
        0x89, 0x8d, 0xca, 0x9d, 0x0a, 0xae, 0x0a, 0xae, 0x0a, 0xae, 0x0a, 0xae, 0x0a, 0xae, 0x0a, 0xa6, 0xea, 0xa5, 0xe9, 0xa5,
        0xea, 0xa5, 0x0a, 0xae, 0x0a, 0xae, 0xea, 0xa5, 0xe9, 0xa5, 0xea, 0xa5, 0xea, 0xa5, 0xea, 0xa5, 0x0a, 0xa6, 0x0a, 0xa6,
        0x0a, 0xa6, 0x0a, 0xa6, 0x09, 0xa6, 0x09, 0xa6, 0x89, 0x95, 0x49, 0x85, 0x69, 0x85, 0x89, 0x8d, 0x89, 0x8d, 0xea, 0x9d,
        0x0a, 0xae, 0x0a, 0xa6, 0x0a, 0xae, 0x0a, 0xae, 0xe9, 0xa5, 0xe9, 0xa5, 0xe9, 0xa5, 0xe9, 0xa5, 0xe9, 0xa5, 0xe9, 0xa5,
        0xe9, 0xa5, 0xe9, 0xa5, 0xe9, 0xa5, 0xe9, 0xa5, 0xe9, 0xa5, 0xe9, 0xa5, 0xe9, 0xa5, 0x0a, 0xa6, 0x0a, 0xae, 0x0a, 0xae,
        0x0a, 0xae, 0x0a, 0xae, 0x0a, 0xae, 0x0a, 0xae, 0xea, 0xa5, 0x8a, 0x95, 0xea, 0xa5, 0x0b, 0xae, 0x0a, 0xa6, 0xea, 0xa5,
        0xe9, 0xa5, 0xc9, 0x9d, 0x89, 0x95, 0x69, 0x8d, 0x89, 0x95, 0xc9, 0xa5, 0xc9, 0xa5, 0xca, 0xa5, 0xea, 0xa5, 0x4a, 0xb6,
        0xe6, 0x6b, 0x00, 0x00, 0x20, 0x00, 0x00, 0x00, 0x65, 0x29, 0x9a, 0xd6, 0x59, 0xce, 0xdb, 0xde, 0x10, 0x84, 0x00, 0x00,
        0x20, 0x00, 0x00, 0x00, 0x49, 0x42, 0x94, 0x94, 0x52, 0x84, 0xd4, 0x94, 0x9c, 0xff, 0xbd, 0xff, 0x9c, 0xff, 0x9c, 0xff,
        0x9c, 0xff, 0x9c, 0xff, 0x9c, 0xff, 0x9c, 0xff, 0x9c, 0xff, 0x9c, 0xff, 0x9b, 0xff, 0x9b, 0xf7, 0xf7, 0xc5, 0x77, 0xb5,
        0x97, 0xb5, 0x97, 0xb5, 0xb7, 0xbd, 0xd8, 0xbd, 0xd8, 0xbd, 0x59, 0xce, 0xbd, 0xff, 0xbc, 0xff, 0x9c, 0xff, 0x9c, 0xff,
        0x9c, 0xff, 0xbc, 0xff, 0x5b, 0xef, 0xf8, 0xc5, 0xd8, 0xbd, 0xd8, 0xbd, 0x1b, 0xef, 0xbc, 0xff, 0xbc, 0xff, 0xbc, 0xff,
        0x9c, 0xff, 0x9c, 0xff, 0x9c, 0xff, 0x9c, 0xff, 0x9c, 0xff, 0x9c, 0xff, 0x9c, 0xff, 0x9c, 0xff, 0x9c, 0xff, 0x9c, 0xff,
        0x9c, 0xff, 0x9c, 0xff, 0x9c, 0xff, 0x9c, 0xff, 0x9c, 0xff, 0x9c, 0xff, 0x9c, 0xff, 0x9c, 0xff, 0x9c, 0xff, 0x9c, 0xff,
        0x9b, 0xff, 0x7b, 0xf7, 0x3b, 0xef, 0x3b, 0xef, 0xba, 0xde, 0x18, 0xc6, 0xf8, 0xbd, 0xd8, 0xbd, 0xb8, 0xbd, 0xb8, 0xbd,
        0xd8, 0xbd, 0xd8, 0xbd, 0xfb, 0xe6, 0xbc, 0xff, 0x9c, 0xff, 0x9c, 0xff, 0x9c, 0xff, 0x9c, 0xff, 0x9c, 0xff, 0x9c, 0xff,
        0x9c, 0xff, 0x9c, 0xff, 0x9c, 0xff, 0x9c, 0xff, 0xbc, 0xff, 0x9c, 0xff, 0x9c, 0xff, 0x9c, 0xff, 0x9c, 0xff, 0x9c, 0xff,
        0x9c, 0xff, 0x9c, 0xff, 0x9c, 0xff, 0x9c, 0xff, 0x9b, 0xff, 0xbc, 0xff, 0xbc, 0xff, 0xbc, 0xff, 0xbc, 0xff, 0x9c, 0xff,
        0xbc, 0xff, 0xbc, 0xff, 0xde, 0xff, 0x3b, 0xe7, 0x6b, 0x42, 0xe9, 0x31, 0xc8, 0x31, 0xa8, 0x29, 0xe9, 0x31, 0xac, 0x52,
        0xab, 0x4a, 0xab, 0x52, 0x09, 0x3a, 0x87, 0x29, 0xa8, 0x29, 0xa8, 0x29, 0xc8, 0x31, 0xc8, 0x31, 0xc8, 0x31, 0xe8, 0x31,
        0x29, 0x3a, 0x29, 0x3a, 0x29, 0x3a, 0x29, 0x3a, 0x29, 0x3a, 0x29, 0x3a, 0x29, 0x3a, 0x29, 0x3a, 0x09, 0x3a, 0x29, 0x3a,
        0x29, 0x3a, 0x09, 0x3a, 0x09, 0x3a, 0x29, 0x3a, 0x29, 0x3a, 0x29, 0x3a, 0x29, 0x3a, 0x29, 0x3a, 0x29, 0x3a, 0x29, 0x3a,
        0x29, 0x3a, 0xe8, 0x39, 0x4f, 0x33, 0x9f, 0x3e, 0x5e, 0x3e, 0xbf, 0x3e, 0x75, 0x3c, 0x09, 0x3a, 0x4a, 0x3a, 0x2a, 0x3a,
        0x29, 0x3a, 0x09, 0x3a, 0x09, 0x3a, 0xe8, 0x39, 0xcd, 0x3a, 0x1e, 0x3e, 0x3e, 0x3e, 0x7f, 0x3e, 0x79, 0x35, 0xc8, 0x31,
        0xc8, 0x31, 0xe8, 0x31, 0xe8, 0x31, 0xe8, 0x31, 0xe8, 0x31, 0x87, 0x29, 0x47, 0x21, 0x47, 0x21, 0x47, 0x21, 0x47, 0x19,
        0x67, 0x21, 0x26, 0x19, 0x20, 0x00, 0x00, 0x00, 0x20, 0x00, 0x00, 0x00, 0x86, 0x63, 0x0a, 0xae, 0xea, 0xa5, 0xea, 0xa5,
        0xea, 0xa5, 0xea, 0xa5, 0x0a, 0xa6, 0x0a, 0xa6, 0xaa, 0x95, 0x89, 0x8d, 0x89, 0x8d, 0x89, 0x8d, 0xea, 0xa5, 0x0a, 0xa6,
        0x0a, 0xa6, 0x0a, 0xa6, 0xea, 0xa5, 0xea, 0xa5, 0xe9, 0xa5, 0xe9, 0xa5, 0xe9, 0xa5, 0xe9, 0xa5, 0xe9, 0xa5, 0xe9, 0xa5,
        0xe9, 0xa5, 0xe9, 0xa5, 0xea, 0xa5, 0xc9, 0x9d, 0x89, 0x8d, 0x89, 0x8d, 0x89, 0x8d, 0xc9, 0x9d, 0x0a, 0xa6, 0x0a, 0xa6,
        0x09, 0xa6, 0x0a, 0xae, 0x0a, 0xae, 0x0a, 0xae, 0xaa, 0x95, 0x89, 0x8d, 0xa9, 0x95, 0xe9, 0xa5, 0xe9, 0xa5, 0xe9, 0xa5,
        0xc9, 0xa5, 0xa9, 0x95, 0x69, 0x8d, 0x89, 0x8d, 0xaa, 0x95, 0xaa, 0x95, 0xaa, 0x95, 0xaa, 0x95, 0xaa, 0x95, 0xaa, 0x95,
        0xaa, 0x95, 0xca, 0x9d, 0xea, 0xa5, 0xea, 0xa5, 0xc9, 0xa5, 0x49, 0x85, 0x09, 0x85, 0x09, 0x85, 0x28, 0x8d, 0x49, 0x8d,
        0x69, 0x85, 0xaa, 0x95, 0xca, 0x9d, 0xca, 0x9d, 0xa9, 0x95, 0xaa, 0x95, 0xaa, 0x95, 0x8a, 0x95, 0x89, 0x8d, 0x89, 0x8d,
        0x89, 0x95, 0x89, 0x95, 0x89, 0x95, 0xa9, 0x9d, 0x0a, 0xa6, 0x0a, 0xa6, 0x0a, 0xa6, 0x0a, 0xa6, 0x0a, 0xa6, 0x0a, 0xa6,
        0x0a, 0xa6, 0xa9, 0x95, 0x89, 0x95, 0x89, 0x95, 0x69, 0x85, 0x49, 0x7d, 0x49, 0x85, 0x69, 0x85, 0x69, 0x85, 0x89, 0x8d,
        0xaa, 0x95, 0xaa, 0x95, 0xa9, 0x95, 0xa9, 0x95, 0x89, 0x95, 0x69, 0x8d, 0x89, 0x95, 0xe9, 0xa5, 0xe9, 0xa5, 0xe9, 0xa5,
        0xe9, 0xa5, 0xe9, 0xa5, 0xc9, 0x9d, 0x69, 0x8d, 0x69, 0x8d, 0x69, 0x8d, 0x69, 0x8d, 0x89, 0x95, 0xa9, 0x95, 0xa9, 0x95,
        0xa9, 0x95, 0xe9, 0x9d, 0xe9, 0x9d, 0xe9, 0x9d, 0xca, 0x9d, 0x6a, 0x85, 0xaa, 0x95, 0xaa, 0x95, 0xaa, 0x95, 0x89, 0x8d,
        0x69, 0x8d, 0x69, 0x8d, 0x49, 0x85, 0x29, 0x85, 0x49, 0x8d, 0x89, 0x95, 0x89, 0x95, 0x89, 0x8d, 0x69, 0x8d, 0xca, 0x95,
        0x65, 0x5b, 0x00, 0x00, 0x00, 0x00, 0x00, 0x00, 0x45, 0x29, 0xf8, 0xbd, 0xd8, 0xbd, 0x39, 0xc6, 0xcf, 0x7b, 0x00, 0x00,
        0x20, 0x00, 0x00, 0x00, 0x29, 0x42, 0x53, 0x8c, 0x12, 0x84, 0xb4, 0x94, 0x9c, 0xff, 0xbd, 0xff, 0xbc, 0xff, 0x9c, 0xff,
        0x9c, 0xff, 0x9c, 0xff, 0x9c, 0xff, 0x9c, 0xff, 0x9c, 0xff, 0x9b, 0xff, 0x9b, 0xff, 0x7b, 0xf7, 0xf7, 0xc5, 0x97, 0xb5,
        0xb7, 0xbd, 0xb7, 0xbd, 0xd7, 0xbd, 0xd8, 0xbd, 0xd8, 0xbd, 0x39, 0xce, 0x9c, 0xff, 0x9c, 0xff, 0x9c, 0xff, 0x9c, 0xff,
        0x9c, 0xff, 0x9c, 0xff, 0x3b, 0xef, 0xf8, 0xbd, 0xd8, 0xbd, 0xd8, 0xbd, 0x59, 0xce, 0x99, 0xde, 0x99, 0xde, 0xfa, 0xe6,
        0x9c, 0xff, 0x9c, 0xff, 0x9c, 0xff, 0x9c, 0xff, 0x9c, 0xff, 0x9c, 0xff, 0x9c, 0xff, 0x9c, 0xff, 0x9c, 0xff, 0x9c, 0xff,
        0x9c, 0xff, 0x9c, 0xff, 0x9c, 0xff, 0x9c, 0xff, 0x9c, 0xff, 0x9c, 0xff, 0x9c, 0xff, 0x9c, 0xff, 0x9c, 0xff, 0x9b, 0xf7,
        0x7b, 0xff, 0xda, 0xe6, 0x9a, 0xd6, 0xba, 0xde, 0x9a, 0xd6, 0x39, 0xce, 0xd8, 0xbd, 0xd8, 0xbd, 0xd8, 0xbd, 0xf8, 0xc5,
        0x18, 0xc6, 0x18, 0xc6, 0x1b, 0xe7, 0xbc, 0xff, 0x9c, 0xff, 0x9c, 0xff, 0x9c, 0xff, 0x9c, 0xff, 0x9c, 0xff, 0x9c, 0xff,
        0x9c, 0xff, 0x9c, 0xff, 0x9c, 0xff, 0x9c, 0xff, 0x9c, 0xff, 0x9c, 0xff, 0x9c, 0xff, 0x9c, 0xff, 0x9c, 0xff, 0x9c, 0xff,
        0x9c, 0xff, 0x9c, 0xff, 0x9c, 0xff, 0x9c, 0xff, 0x9b, 0xff, 0xb9, 0xde, 0x99, 0xd6, 0x99, 0xd6, 0x3b, 0xef, 0xbd, 0xff,
        0xbc, 0xff, 0xbc, 0xff, 0x5c, 0xef, 0x79, 0xce, 0xac, 0x52, 0xe9, 0x31, 0xc8, 0x31, 0xa8, 0x29, 0xe9, 0x31, 0x8b, 0x4a,
        0x8b, 0x4a, 0x8b, 0x4a, 0x29, 0x3a, 0xe8, 0x31, 0xe8, 0x31, 0xe9, 0x31, 0x09, 0x32, 0xe9, 0x31, 0xe9, 0x31, 0x09, 0x3a,
        0x29, 0x3a, 0x29, 0x3a, 0x29, 0x3a, 0x29, 0x3a, 0x29, 0x3a, 0x29, 0x3a, 0x29, 0x3a, 0x29, 0x3a, 0x29, 0x3a, 0x29, 0x3a,
        0x09, 0x3a, 0x29, 0x3a, 0x29, 0x3a, 0x29, 0x3a, 0x29, 0x3a, 0x29, 0x3a, 0x29, 0x3a, 0x29, 0x3a, 0x29, 0x3a, 0x29, 0x3a,
        0x29, 0x3a, 0xe8, 0x39, 0x2f, 0x33, 0x9f, 0x36, 0x5e, 0x3e, 0x9f, 0x3e, 0x55, 0x3c, 0xe8, 0x39, 0x2a, 0x3a, 0x2a, 0x3a,
        0x29, 0x3a, 0x29, 0x3a, 0x29, 0x3a, 0x09, 0x3a, 0xee, 0x3a, 0x3e, 0x3e, 0x5e, 0x3e, 0x7f, 0x3e, 0x79, 0x35, 0xa7, 0x29,
        0xc8, 0x31, 0xc8, 0x31, 0xe8, 0x31, 0xe8, 0x31, 0xe8, 0x31, 0xa7, 0x29, 0x67, 0x21, 0x67, 0x21, 0x67, 0x21, 0x67, 0x21,
        0x67, 0x21, 0x26, 0x19, 0x20, 0x00, 0x00, 0x00, 0x00, 0x00, 0x00, 0x00, 0x86, 0x63, 0x0a, 0xae, 0xca, 0xa5, 0xca, 0x9d,
        0xaa, 0x95, 0xaa, 0x95, 0xaa, 0x95, 0xaa, 0x95, 0x69, 0x85, 0x49, 0x85, 0x49, 0x85, 0x49, 0x85, 0x89, 0x8d, 0xca, 0x95,
        0xca, 0x95, 0xca, 0x9d, 0x0a, 0xa6, 0x0a, 0xa6, 0xe9, 0xa5, 0xc9, 0x9d, 0x69, 0x8d, 0x69, 0x8d, 0x69, 0x8d, 0x49, 0x8d,
        0x69, 0x8d, 0x69, 0x8d, 0x89, 0x8d, 0x89, 0x8d, 0x89, 0x8d, 0x89, 0x8d, 0x69, 0x8d, 0x89, 0x8d, 0x89, 0x95, 0x89, 0x95,
        0x89, 0x95, 0x89, 0x8d, 0xa9, 0x95, 0xaa, 0x95, 0x69, 0x85, 0x69, 0x85, 0x69, 0x8d, 0xe9, 0x9d, 0xc9, 0x9d, 0xc9, 0x9d,
        0xc9, 0x9d, 0x89, 0x8d, 0x09, 0x75, 0x29, 0x7d, 0x29, 0x7d, 0x29, 0x75, 0x29, 0x7d, 0x29, 0x7d, 0x29, 0x7d, 0x29, 0x7d,
        0x29, 0x75, 0x89, 0x8d, 0x0a, 0xa6, 0xea, 0xa5, 0xc9, 0x9d, 0x09, 0x7d, 0xc8, 0x74, 0xc8, 0x74, 0xc8, 0x74, 0xe8, 0x74,
        0x29, 0x7d, 0x29, 0x7d, 0x28, 0x7d, 0x29, 0x7d, 0x29, 0x75, 0x29, 0x75, 0x49, 0x75, 0x29, 0x7d, 0x29, 0x75, 0x09, 0x75,
        0x09, 0x75, 0x09, 0x75, 0x08, 0x75, 0x49, 0x85, 0x0a, 0xa6, 0x0a, 0xa6, 0x0a, 0xa6, 0xea, 0xa5, 0x0a, 0xa6, 0x0a, 0xa6,
        0x0a, 0xa6, 0x49, 0x7d, 0x29, 0x75, 0x29, 0x7d, 0x29, 0x7d, 0x29, 0x7d, 0x29, 0x7d, 0x49, 0x7d, 0x49, 0x7d, 0x49, 0x7d,
        0x49, 0x7d, 0x49, 0x7d, 0x29, 0x7d, 0x29, 0x7d, 0x09, 0x75, 0xe9, 0x74, 0x49, 0x85, 0xe9, 0xa5, 0xe9, 0xa5, 0xe9, 0xa5,
        0xe9, 0xa5, 0xe9, 0xa5, 0xa9, 0x95, 0xe9, 0x74, 0xe8, 0x74, 0x08, 0x75, 0x08, 0x75, 0x29, 0x75, 0x29, 0x7d, 0x29, 0x7d,
        0x49, 0x7d, 0x69, 0x85, 0x69, 0x85, 0x69, 0x85, 0x49, 0x85, 0x49, 0x7d, 0x49, 0x7d, 0x49, 0x7d, 0x29, 0x7d, 0x09, 0x75,
        0x09, 0x75, 0x09, 0x75, 0x09, 0x75, 0x09, 0x75, 0x29, 0x7d, 0x69, 0x8d, 0x49, 0x85, 0x29, 0x75, 0x09, 0x75, 0x49, 0x7d,
        0x05, 0x43, 0x00, 0x00, 0x00, 0x00, 0x00, 0x00, 0x24, 0x21, 0x56, 0xad, 0x77, 0xad, 0xb7, 0xb5, 0x8f, 0x73, 0x00, 0x00,
        0x20, 0x00, 0x00, 0x00, 0x29, 0x42, 0x53, 0x84, 0xf2, 0x7b, 0x93, 0x94, 0x9c, 0xf7, 0xbd, 0xff, 0xbc, 0xff, 0x9c, 0xff,
        0x9c, 0xff, 0x9c, 0xff, 0x9c, 0xff, 0x9c, 0xff, 0x9c, 0xff, 0x9b, 0xff, 0x9b, 0xff, 0x9c, 0xff, 0x18, 0xc6, 0xb7, 0xb5,
        0xd7, 0xbd, 0xb7, 0xbd, 0xb7, 0xb5, 0xb7, 0xb5, 0x97, 0xb5, 0x18, 0xc6, 0xbc, 0xff, 0x9c, 0xff, 0x9c, 0xff, 0x9c, 0xff,
        0x9c, 0xff, 0x9c, 0xff, 0x3b, 0xef, 0xd7, 0xbd, 0xb7, 0xb5, 0xb7, 0xb5, 0xb7, 0xb5, 0xb7, 0xbd, 0xb7, 0xb5, 0xba, 0xde,
        0xbc, 0xff, 0x9c, 0xff, 0x9c, 0xff, 0x9c, 0xff, 0x9c, 0xff, 0x9c, 0xff, 0x9c, 0xff, 0x9c, 0xff, 0x9c, 0xff, 0x9c, 0xff,
        0x9c, 0xff, 0x9c, 0xff, 0x9c, 0xff, 0x9c, 0xff, 0x9c, 0xff, 0x9c, 0xff, 0x9c, 0xff, 0x9c, 0xff, 0x9c, 0xff, 0x9b, 0xff,
        0x7b, 0xff, 0xd7, 0xbd, 0x77, 0xad, 0xb7, 0xb5, 0xf8, 0xbd, 0xf8, 0xc5, 0xb7, 0xbd, 0x97, 0xb5, 0x18, 0xc6, 0x5b, 0xf7,
        0x5b, 0xf7, 0x7b, 0xf7, 0x9c, 0xf7, 0x9c, 0xff, 0x9c, 0xff, 0x9c, 0xff, 0x9c, 0xff, 0x9c, 0xff, 0x9c, 0xff, 0x9c, 0xff,
        0x9c, 0xff, 0x9c, 0xff, 0x9c, 0xff, 0x9c, 0xff, 0x9c, 0xff, 0x9c, 0xff, 0x9c, 0xff, 0x9c, 0xff, 0x9c, 0xff, 0x9c, 0xff,
        0x9c, 0xff, 0x9c, 0xff, 0x9c, 0xff, 0x9c, 0xff, 0xbc, 0xff, 0xd7, 0xbd, 0x35, 0xa5, 0x35, 0xad, 0x99, 0xd6, 0xdd, 0xff,
        0xbd, 0xff, 0xbc, 0xff, 0xcf, 0x73, 0x4a, 0x42, 0x6a, 0x42, 0xe9, 0x31, 0xc8, 0x31, 0xc8, 0x31, 0xc8, 0x31, 0x4a, 0x3a,
        0x4a, 0x3a, 0x29, 0x3a, 0x29, 0x3a, 0x29, 0x3a, 0x29, 0x3a, 0x29, 0x3a, 0x29, 0x3a, 0x29, 0x3a, 0x29, 0x3a, 0x29, 0x3a,
        0x29, 0x3a, 0x29, 0x3a, 0x29, 0x3a, 0x29, 0x3a, 0x29, 0x3a, 0x29, 0x3a, 0x29, 0x3a, 0x29, 0x3a, 0x29, 0x3a, 0x29, 0x3a,
        0x09, 0x3a, 0x29, 0x3a, 0x29, 0x3a, 0x29, 0x3a, 0x2a, 0x3a, 0x2a, 0x3a, 0x29, 0x3a, 0x29, 0x3a, 0x29, 0x3a, 0x29, 0x3a,
        0x29, 0x3a, 0xe8, 0x39, 0x2f, 0x33, 0x7f, 0x36, 0x5f, 0x3e, 0x9f, 0x3e, 0x54, 0x3c, 0xc8, 0x39, 0x29, 0x3a, 0x29, 0x3a,
        0x2a, 0x3a, 0x2a, 0x3a, 0x29, 0x3a, 0x09, 0x3a, 0xee, 0x3a, 0x3e, 0x3e, 0x5e, 0x3e, 0x7f, 0x36, 0x59, 0x35, 0xa7, 0x29,
        0xc8, 0x31, 0xe8, 0x31, 0xe8, 0x31, 0xe8, 0x31, 0xe8, 0x31, 0xa8, 0x29, 0x67, 0x21, 0x67, 0x21, 0x67, 0x21, 0x67, 0x21,
        0x67, 0x21, 0x46, 0x19, 0x41, 0x00, 0x20, 0x00, 0x20, 0x00, 0x20, 0x00, 0xe1, 0x18, 0x82, 0x29, 0x82, 0x29, 0xc8, 0x74,
        0x89, 0x85, 0x49, 0x7d, 0x29, 0x7d, 0x29, 0x7d, 0x29, 0x7d, 0x29, 0x7d, 0x29, 0x7d, 0x29, 0x7d, 0x49, 0x7d, 0x69, 0x85,
        0x89, 0x85, 0x89, 0x8d, 0x0a, 0xa6, 0x0a, 0xa6, 0xe9, 0xa5, 0xa9, 0x95, 0xc9, 0x74, 0xe9, 0x74, 0xe9, 0x74, 0xc8, 0x74,
        0xe8, 0x74, 0x09, 0x75, 0x29, 0x75, 0x49, 0x7d, 0x89, 0x8d, 0x89, 0x85, 0x69, 0x85, 0x49, 0x7d, 0x08, 0x7d, 0x09, 0x7d,
        0x09, 0x7d, 0x08, 0x75, 0x29, 0x75, 0x29, 0x75, 0x29, 0x7d, 0x29, 0x75, 0x49, 0x7d, 0xc9, 0x9d, 0xc9, 0x9d, 0xc9, 0x9d,
        0xc9, 0x9d, 0x89, 0x8d, 0x09, 0x75, 0x29, 0x7d, 0x29, 0x7d, 0x29, 0x7d, 0x29, 0x7d, 0x29, 0x7d, 0x29, 0x7d, 0x29, 0x7d,
        0x28, 0x75, 0xa9, 0x8d, 0x0a, 0xa6, 0x0a, 0xa6, 0xea, 0xa5, 0x29, 0x7d, 0x09, 0x75, 0x09, 0x75, 0x09, 0x75, 0x09, 0x7d,
        0x69, 0x8d, 0x69, 0x8d, 0x69, 0x8d, 0x49, 0x85, 0x09, 0x75, 0x29, 0x75, 0x29, 0x7d, 0x29, 0x7d, 0x29, 0x7d, 0x29, 0x75,
        0x29, 0x7d, 0x29, 0x7d, 0x09, 0x75, 0x49, 0x85, 0x09, 0xae, 0x0a, 0xae, 0x0a, 0xa6, 0x0a, 0xa6, 0x0a, 0xa6, 0x0a, 0xae,
        0x0a, 0xae, 0x69, 0x85, 0x49, 0x7d, 0x49, 0x7d, 0x29, 0x7d, 0x29, 0x7d, 0x29, 0x7d, 0x29, 0x7d, 0x29, 0x7d, 0x29, 0x7d,
        0x29, 0x7d, 0x29, 0x7d, 0x29, 0x7d, 0x09, 0x75, 0x09, 0x75, 0xe9, 0x74, 0x49, 0x85, 0xe9, 0xa5, 0x0a, 0xa6, 0x0a, 0xa6,
        0x0a, 0xa6, 0x0a, 0xae, 0xc9, 0x9d, 0x29, 0x7d, 0x29, 0x7d, 0x29, 0x7d, 0x28, 0x7d, 0x29, 0x7d, 0x29, 0x7d, 0x29, 0x7d,
        0x29, 0x7d, 0x49, 0x7d, 0x49, 0x7d, 0x49, 0x7d, 0x49, 0x7d, 0x29, 0x7d, 0x29, 0x7d, 0x29, 0x7d, 0x29, 0x7d, 0x29, 0x7d,
        0x29, 0x7d, 0x29, 0x7d, 0x29, 0x7d, 0x29, 0x7d, 0x49, 0x7d, 0x89, 0x8d, 0x69, 0x85, 0x49, 0x7d, 0x29, 0x7d, 0x49, 0x7d,
        0x25, 0x4b, 0x00, 0x00, 0x00, 0x00, 0x00, 0x00, 0x24, 0x21, 0x56, 0xad, 0x36, 0xa5, 0x56, 0xad, 0x6e, 0x6b, 0x00, 0x00,
        0x20, 0x00, 0x00, 0x00, 0x29, 0x42, 0x53, 0x84, 0xf2, 0x7b, 0x73, 0x8c, 0x7b, 0xf7, 0xbc, 0xff, 0x9c, 0xff, 0x9c, 0xff,
        0x9c, 0xff, 0x9c, 0xff, 0x9c, 0xff, 0x9c, 0xff, 0x9c, 0xff, 0x9c, 0xff, 0x9c, 0xff, 0x9c, 0xff, 0x1b, 0xe7, 0xfa, 0xde,
        0xfb, 0xe6, 0x79, 0xce, 0xb7, 0xb5, 0xb7, 0xb5, 0x97, 0xb5, 0xf8, 0xc5, 0xbc, 0xff, 0x9c, 0xff, 0x9c, 0xff, 0x9c, 0xff,
        0x9c, 0xff, 0x9c, 0xff, 0x5b, 0xf7, 0x99, 0xd6, 0x79, 0xd6, 0x59, 0xce, 0xd8, 0xbd, 0xd8, 0xbd, 0xd8, 0xbd, 0xda, 0xe6,
        0x9c, 0xff, 0x9c, 0xff, 0x9c, 0xff, 0x9c, 0xff, 0x9c, 0xff, 0x9c, 0xff, 0x9c, 0xff, 0x9c, 0xff, 0x9c, 0xff, 0x9c, 0xff,
        0x9c, 0xff, 0x9c, 0xff, 0x9c, 0xff, 0x9c, 0xff, 0x9c, 0xff, 0x9c, 0xff, 0x9c, 0xff, 0x9c, 0xff, 0x9c, 0xf7, 0x7b, 0xf7,
        0x7b, 0xf7, 0xf8, 0xc5, 0x77, 0xb5, 0x18, 0xc6, 0x59, 0xd6, 0xd8, 0xbd, 0xb7, 0xbd, 0x97, 0xb5, 0x18, 0xc6, 0x9b, 0xff,
        0x9b, 0xff, 0x9b, 0xff, 0x9c, 0xff, 0x9c, 0xff, 0x9c, 0xff, 0x9c, 0xff, 0x9c, 0xff, 0x9c, 0xff, 0x9c, 0xff, 0x9c, 0xff,
        0x9c, 0xff, 0x9c, 0xff, 0x9c, 0xff, 0x9c, 0xff, 0x9c, 0xff, 0x9c, 0xff, 0x9c, 0xff, 0x9c, 0xff, 0x9c, 0xff, 0x9c, 0xff,
        0x9c, 0xff, 0x9c, 0xff, 0x9c, 0xff, 0x9c, 0xff, 0xbd, 0xff, 0x18, 0xc6, 0x76, 0xad, 0x76, 0xad, 0xba, 0xde, 0xdd, 0xff,
        0x9c, 0xf7, 0x9c, 0xff, 0xec, 0x52, 0xa8, 0x29, 0xe9, 0x31, 0xe9, 0x31, 0xe9, 0x31, 0xe8, 0x31, 0xe8, 0x31, 0x4a, 0x42,
        0x4a, 0x42, 0x4a, 0x42, 0x4a, 0x3a, 0x49, 0x3a, 0x29, 0x3a, 0x29, 0x3a, 0x29, 0x3a, 0x29, 0x3a, 0x29, 0x3a, 0x29, 0x3a,
        0x29, 0x3a, 0x29, 0x3a, 0x29, 0x3a, 0x29, 0x3a, 0x29, 0x3a, 0x29, 0x3a, 0x29, 0x3a, 0x29, 0x3a, 0x29, 0x3a, 0x29, 0x3a,
        0x09, 0x3a, 0x09, 0x3a, 0x09, 0x3a, 0x2a, 0x3a, 0x4a, 0x42, 0x4a, 0x3a, 0x4a, 0x3a, 0x29, 0x3a, 0x29, 0x3a, 0x29, 0x3a,
        0x29, 0x3a, 0xe8, 0x39, 0x2f, 0x33, 0x9f, 0x3e, 0x5e, 0x3e, 0x9f, 0x3e, 0x54, 0x3c, 0xc8, 0x39, 0x29, 0x3a, 0x29, 0x3a,
        0x29, 0x3a, 0x2a, 0x3a, 0x2a, 0x3a, 0x09, 0x3a, 0xcd, 0x3a, 0x3e, 0x36, 0x3e, 0x36, 0x7f, 0x2e, 0x79, 0x2d, 0xa7, 0x31,
        0xc8, 0x31, 0xe8, 0x31, 0xe8, 0x31, 0xe8, 0x31, 0x09, 0x3a, 0xc8, 0x29, 0x87, 0x21, 0x87, 0x21, 0x67, 0x21, 0x47, 0x21,
        0x67, 0x21, 0x67, 0x21, 0x46, 0x19, 0x26, 0x19, 0x26, 0x19, 0x62, 0x08, 0x00, 0x00, 0x00, 0x00, 0x40, 0x00, 0x88, 0x6c,
        0x69, 0x85, 0x29, 0x7d, 0x29, 0x7d, 0x29, 0x7d, 0x09, 0x7d, 0x09, 0x75, 0x09, 0x75, 0x09, 0x7d, 0x29, 0x7d, 0x69, 0x85,
        0x89, 0x85, 0x89, 0x8d, 0x0a, 0xae, 0x0a, 0xae, 0x09, 0xae, 0xa9, 0x9d, 0x09, 0x75, 0x09, 0x75, 0x09, 0x75, 0x09, 0x75,
        0x09, 0x75, 0x29, 0x75, 0x29, 0x7d, 0x69, 0x85, 0xa9, 0x95, 0xa9, 0x8d, 0x89, 0x8d, 0x49, 0x85, 0x28, 0x7d, 0x29, 0x7d,
        0x29, 0x7d, 0x29, 0x75, 0x29, 0x7d, 0x29, 0x7d, 0x29, 0x7d, 0x29, 0x7d, 0x49, 0x85, 0xea, 0x9d, 0xea, 0xa5, 0xca, 0x9d,
        0x89, 0x8d, 0x49, 0x85, 0x09, 0x75, 0x09, 0x75, 0x09, 0x75, 0x09, 0x75, 0x09, 0x75, 0x09, 0x75, 0x09, 0x75, 0x09, 0x7d,
        0x09, 0x75, 0x69, 0x85, 0xa9, 0x95, 0xaa, 0x95, 0xa9, 0x95, 0x49, 0x7d, 0x29, 0x7d, 0x29, 0x7d, 0x09, 0x75, 0x49, 0x85,
        0x0a, 0xae, 0x09, 0xae, 0x09, 0xae, 0xc9, 0xa5, 0xe8, 0x74, 0x08, 0x75, 0x09, 0x75, 0x29, 0x7d, 0x29, 0x75, 0x29, 0x7d,
        0x29, 0x7d, 0x29, 0x7d, 0x29, 0x75, 0x49, 0x7d, 0xc9, 0x95, 0xc9, 0x95, 0xc9, 0x9d, 0xca, 0x9d, 0xca, 0x9d, 0xca, 0x9d,
        0xca, 0x9d, 0x49, 0x85, 0x49, 0x7d, 0x49, 0x7d, 0x29, 0x7d, 0x29, 0x7d, 0x29, 0x7d, 0x09, 0x7d, 0x29, 0x7d, 0x29, 0x7d,
        0x29, 0x7d, 0x29, 0x7d, 0x09, 0x75, 0x29, 0x85, 0x69, 0x8d, 0x89, 0x8d, 0xa9, 0x95, 0xca, 0x9d, 0xca, 0x9d, 0xca, 0x9d,
        0xca, 0x9d, 0xca, 0x9d, 0xa9, 0x95, 0x29, 0x7d, 0x49, 0x7d, 0x49, 0x7d, 0x29, 0x7d, 0x29, 0x7d, 0x29, 0x75, 0x29, 0x7d,
        0x29, 0x7d, 0x29, 0x7d, 0x29, 0x7d, 0x29, 0x7d, 0x29, 0x7d, 0x29, 0x7d, 0x29, 0x7d, 0x09, 0x7d, 0x29, 0x7d, 0x29, 0x7d,
        0x29, 0x7d, 0x29, 0x7d, 0x29, 0x7d, 0x29, 0x7d, 0x49, 0x7d, 0x69, 0x85, 0x49, 0x85, 0x49, 0x7d, 0x29, 0x7d, 0x6a, 0x85,
        0x25, 0x4b, 0x00, 0x00, 0x00, 0x00, 0x00, 0x00, 0x04, 0x21, 0x32, 0x84, 0xd0, 0x73, 0x45, 0x29, 0x61, 0x08, 0x00, 0x00,
        0x00, 0x00, 0x00, 0x00, 0x49, 0x42, 0x73, 0x8c, 0x12, 0x7c, 0x73, 0x8c, 0x7b, 0xf7, 0x9c, 0xff, 0x9c, 0xff, 0x9c, 0xff,
        0x9c, 0xf7, 0x9c, 0xff, 0x9c, 0xff, 0x9c, 0xff, 0x9c, 0xff, 0x9c, 0xff, 0x9c, 0xff, 0x9c, 0xff, 0xbc, 0xff, 0xdd, 0xff,
        0xfd, 0xff, 0xfb, 0xe6, 0x97, 0xb5, 0xb7, 0xbd, 0x97, 0xb5, 0xf8, 0xc5, 0xbc, 0xff, 0x9c, 0xff, 0x9c, 0xff, 0x9c, 0xff,
        0x9c, 0xff, 0x9c, 0xff, 0x9c, 0xff, 0xbc, 0xff, 0x9b, 0xff, 0x9b, 0xf7, 0x18, 0xce, 0xd8, 0xbd, 0xd8, 0xbd, 0xf8, 0xc5,
        0x18, 0xc6, 0x3b, 0xef, 0xbc, 0xff, 0x9c, 0xff, 0x9c, 0xff, 0x9c, 0xff, 0x9c, 0xff, 0x9c, 0xff, 0x9c, 0xff, 0x9c, 0xff,
        0x9c, 0xff, 0x9c, 0xff, 0x9c, 0xff, 0x9c, 0xff, 0x9c, 0xff, 0x9c, 0xff, 0xbc, 0xff, 0xda, 0xde, 0x18, 0xc6, 0x38, 0xce,
        0x18, 0xce, 0xd8, 0xbd, 0xb8, 0xbd, 0x3b, 0xef, 0x9c, 0xff, 0x18, 0xc6, 0xd8, 0xbd, 0xb7, 0xbd, 0x38, 0xce, 0x9b, 0xff,
        0x9b, 0xff, 0x9b, 0xf7, 0x9c, 0xff, 0x9c, 0xff, 0x9c, 0xff, 0x9c, 0xff, 0x9c, 0xff, 0x9c, 0xff, 0x9c, 0xff, 0x9c, 0xff,
        0x9c, 0xff, 0x9c, 0xff, 0x9c, 0xff, 0x9c, 0xff, 0x9c, 0xff, 0x9c, 0xff, 0x9c, 0xff, 0x9c, 0xff, 0x9c, 0xff, 0x9c, 0xff,
        0x9c, 0xff, 0xbc, 0xff, 0x9c, 0xff, 0xbd, 0xff, 0xdd, 0xff, 0x18, 0xc6, 0x76, 0xad, 0x56, 0xad, 0x99, 0xd6, 0xbc, 0xff,
        0x7b, 0xff, 0x7b, 0xf7, 0xec, 0x52, 0x87, 0x21, 0xe8, 0x31, 0x09, 0x32, 0x09, 0x3a, 0x09, 0x3a, 0x09, 0x3a, 0x4a, 0x42,
        0x4a, 0x42, 0x4a, 0x42, 0x4a, 0x42, 0x4a, 0x3a, 0x29, 0x3a, 0x29, 0x3a, 0x29, 0x3a, 0x29, 0x3a, 0x29, 0x3a, 0x29, 0x3a,
        0x29, 0x3a, 0x29, 0x3a, 0x29, 0x3a, 0x29, 0x3a, 0x29, 0x3a, 0x29, 0x3a, 0x29, 0x3a, 0x29, 0x3a, 0x2a, 0x3a, 0x29, 0x3a,
        0x35, 0x34, 0x7a, 0x35, 0x59, 0x3d, 0x9a, 0x45, 0x2e, 0x3b, 0x29, 0x3a, 0x4a, 0x3a, 0x29, 0x3a, 0x29, 0x3a, 0x29, 0x3a,
        0x29, 0x3a, 0xe8, 0x39, 0x2f, 0x33, 0x9f, 0x3e, 0x7f, 0x46, 0xbf, 0x46, 0x55, 0x3c, 0xe8, 0x39, 0x29, 0x3a, 0x29, 0x3a,
        0x2a, 0x3a, 0x2a, 0x3a, 0x29, 0x3a, 0x09, 0x3a, 0xad, 0x3a, 0x3e, 0x36, 0x3e, 0x36, 0x5f, 0x36, 0x7a, 0x35, 0xc8, 0x31,
        0xe9, 0x31, 0xe9, 0x31, 0xe9, 0x31, 0x09, 0x32, 0x09, 0x3a, 0x09, 0x3a, 0x09, 0x3a, 0x09, 0x3a, 0xc8, 0x29, 0x46, 0x19,
        0x46, 0x19, 0x67, 0x21, 0x67, 0x21, 0x88, 0x21, 0x87, 0x21, 0x82, 0x08, 0x20, 0x08, 0x20, 0x00, 0x60, 0x08, 0x68, 0x6c,
        0x49, 0x85, 0x09, 0x7d, 0x09, 0x7d, 0x09, 0x7d, 0x09, 0x75, 0x09, 0x75, 0x09, 0x75, 0x09, 0x75, 0x29, 0x7d, 0x49, 0x7d,
        0x49, 0x85, 0x69, 0x85, 0xc9, 0x9d, 0xc9, 0x95, 0xa9, 0x9d, 0x89, 0x8d, 0x09, 0x75, 0x09, 0x75, 0x09, 0x75, 0x09, 0x75,
        0x09, 0x75, 0x29, 0x75, 0x29, 0x75, 0x89, 0x8d, 0x2a, 0xae, 0x0a, 0xae, 0x29, 0xae, 0xa9, 0x95, 0x08, 0x7d, 0x49, 0x7d,
        0x49, 0x85, 0x28, 0x75, 0x29, 0x7d, 0x29, 0x7d, 0x29, 0x7d, 0x29, 0x75, 0x49, 0x7d, 0xaa, 0x95, 0xaa, 0x95, 0xa9, 0x95,
        0x28, 0x75, 0x29, 0x75, 0x29, 0x75, 0x09, 0x75, 0x08, 0x75, 0xe8, 0x74, 0xe8, 0x74, 0xe9, 0x74, 0xe8, 0x74, 0xe8, 0x74,
        0x08, 0x75, 0x08, 0x75, 0x28, 0x75, 0x29, 0x75, 0x29, 0x7d, 0x29, 0x7d, 0x29, 0x7d, 0x29, 0x7d, 0x09, 0x75, 0x69, 0x85,
        0x0a, 0xae, 0x0a, 0xae, 0x2a, 0xae, 0xc9, 0xa5, 0x08, 0x75, 0x09, 0x75, 0x09, 0x75, 0x09, 0x75, 0x29, 0x75, 0x29, 0x75,
        0x29, 0x75, 0x29, 0x7d, 0x29, 0x7d, 0x29, 0x75, 0x08, 0x75, 0x09, 0x75, 0x29, 0x75, 0x29, 0x75, 0x29, 0x75, 0x29, 0x7d,
        0x29, 0x7d, 0x29, 0x7d, 0x29, 0x7d, 0x29, 0x7d, 0x29, 0x7d, 0x09, 0x7d, 0x29, 0x7d, 0x09, 0x75, 0x29, 0x7d, 0x29, 0x7d,
        0x29, 0x7d, 0x29, 0x7d, 0x09, 0x75, 0x89, 0x8d, 0x0a, 0xa6, 0x29, 0xae, 0xa9, 0x95, 0x29, 0x7d, 0x49, 0x7d, 0x49, 0x7d,
        0x49, 0x7d, 0x29, 0x7d, 0x29, 0x7d, 0x29, 0x7d, 0x29, 0x7d, 0x29, 0x7d, 0x29, 0x7d, 0x29, 0x75, 0x29, 0x7d, 0x09, 0x75,
        0x09, 0x75, 0x08, 0x7d, 0x28, 0x7d, 0x29, 0x7d, 0x29, 0x7d, 0x29, 0x7d, 0x29, 0x7d, 0x29, 0x7d, 0x29, 0x7d, 0x29, 0x7d,
        0x29, 0x7d, 0x29, 0x7d, 0x29, 0x7d, 0x29, 0x7d, 0x49, 0x7d, 0x49, 0x7d, 0x49, 0x7d, 0x49, 0x7d, 0x49, 0x7d, 0xaa, 0x85,
        0x46, 0x4b, 0x00, 0x00, 0x00, 0x00, 0x00, 0x00, 0xe4, 0x18, 0xd1, 0x7b, 0x6f, 0x6b, 0x62, 0x08, 0x00, 0x00, 0x00, 0x00,
        0x00, 0x00, 0x00, 0x00, 0x4a, 0x42, 0x73, 0x8c, 0x32, 0x84, 0x93, 0x94, 0x7b, 0xf7, 0x9c, 0xff, 0x9c, 0xff, 0x9c, 0xff,
        0x9c, 0xff, 0x9c, 0xff, 0x9c, 0xff, 0x9c, 0xff, 0x9c, 0xff, 0x9c, 0xff, 0x9c, 0xff, 0x9c, 0xff, 0xbc, 0xff, 0x9c, 0xff,
        0xdd, 0xff, 0xfb, 0xe6, 0x97, 0xb5, 0xb7, 0xbd, 0x97, 0xb5, 0xf8, 0xc5, 0xbc, 0xff, 0x9c, 0xff, 0x9c, 0xff, 0x9c, 0xff,
        0xbc, 0xff, 0x9c, 0xff, 0x9c, 0xff, 0x9c, 0xff, 0x9b, 0xff, 0x9b, 0xf7, 0x38, 0xce, 0xd8, 0xbd, 0xd8, 0xbd, 0xd8, 0xbd,
        0xb7, 0xb5, 0xfa, 0xe6, 0xbc, 0xff, 0x9c, 0xff, 0x9c, 0xff, 0x9c, 0xff, 0x9c, 0xff, 0x9c, 0xff, 0x9c, 0xff, 0xbc, 0xff,
        0xbc, 0xff, 0x9c, 0xff, 0xbc, 0xff, 0x9c, 0xff, 0x9c, 0xff, 0x9c, 0xff, 0xbc, 0xff, 0x99, 0xd6, 0xb7, 0xbd, 0xd8, 0xbd,
        0xd8, 0xbd, 0xd8, 0xbd, 0xf8, 0xc5, 0x5b, 0xef, 0x9c, 0xff, 0x39, 0xc6, 0xd8, 0xbd, 0xb8, 0xbd, 0x39, 0xce, 0x9b, 0xff,
        0x9b, 0xff, 0x9b, 0xff, 0x9c, 0xff, 0x9c, 0xff, 0x9c, 0xff, 0x9c, 0xff, 0x9c, 0xff, 0x9c, 0xff, 0x9c, 0xff, 0x9c, 0xff,
        0x9c, 0xff, 0x9c, 0xff, 0x9c, 0xff, 0x9c, 0xff, 0x9c, 0xff, 0x9c, 0xff, 0x9c, 0xff, 0x9c, 0xff, 0x9c, 0xff, 0x9c, 0xff,
        0x9c, 0xff, 0xbc, 0xff, 0xbd, 0xff, 0xbd, 0xff, 0xdd, 0xff, 0x38, 0xce, 0x56, 0xad, 0x56, 0xad, 0x99, 0xd6, 0x9c, 0xff,
        0x7a, 0xf7, 0x9b, 0xf7, 0xeb, 0x52, 0x87, 0x21, 0xc8, 0x31, 0xe9, 0x31, 0x09, 0x3a, 0x09, 0x3a, 0x09, 0x3a, 0x4a, 0x42,
        0x4a, 0x42, 0x4a, 0x42, 0x4a, 0x3a, 0x4a, 0x3a, 0x29, 0x3a, 0x29, 0x3a, 0x29, 0x3a, 0x29, 0x3a, 0x29, 0x3a, 0x29, 0x3a,
        0x29, 0x3a, 0x29, 0x3a, 0x29, 0x3a, 0x29, 0x3a, 0x29, 0x3a, 0x29, 0x3a, 0x29, 0x3a, 0x29, 0x3a, 0x2a, 0x3a, 0x09, 0x3a,
        0x3a, 0x3d, 0xbf, 0x3e, 0x7f, 0x3e, 0x9f, 0x3e, 0x4f, 0x3b, 0x09, 0x3a, 0x29, 0x3a, 0x29, 0x3a, 0x29, 0x3a, 0x29, 0x3a,
        0x29, 0x3a, 0xe8, 0x39, 0x2f, 0x33, 0x9f, 0x3e, 0x7f, 0x4e, 0xbf, 0x4e, 0x75, 0x44, 0x09, 0x3a, 0x4a, 0x3a, 0x2a, 0x3a,
        0x2a, 0x3a, 0x29, 0x3a, 0x29, 0x3a, 0xe8, 0x39, 0xad, 0x3a, 0x1e, 0x2e, 0x3f, 0x36, 0x7f, 0x3e, 0x9a, 0x3d, 0xe9, 0x31,
        0x09, 0x32, 0xe9, 0x31, 0x09, 0x32, 0xe9, 0x31, 0xe8, 0x31, 0x09, 0x3a, 0x09, 0x3a, 0xe8, 0x31, 0xc8, 0x29, 0x26, 0x19,
        0x46, 0x19, 0x47, 0x21, 0x67, 0x21, 0x67, 0x21, 0x67, 0x21, 0x62, 0x08, 0x20, 0x08, 0x20, 0x00, 0x40, 0x08, 0x68, 0x6c,
        0x4a, 0x85, 0x09, 0x7d, 0x09, 0x7d, 0xe9, 0x74, 0x09, 0x75, 0x09, 0x7d, 0x09, 0x7d, 0x09, 0x7d, 0x09, 0x75, 0x09, 0x75,
        0x09, 0x75, 0x09, 0x75, 0x09, 0x75, 0x09, 0x75, 0x09, 0x75, 0x09, 0x75, 0x09, 0x75, 0x09, 0x75, 0x09, 0x75, 0xe9, 0x74,
        0xe8, 0x74, 0x09, 0x75, 0x29, 0x75, 0x69, 0x85, 0x2a, 0xae, 0x09, 0xae, 0x09, 0xae, 0xa9, 0x95, 0x28, 0x7d, 0x69, 0x85,
        0x49, 0x85, 0x29, 0x7d, 0x29, 0x7d, 0x29, 0x7d, 0x29, 0x7d, 0x29, 0x7d, 0x29, 0x7d, 0x29, 0x7d, 0x29, 0x7d, 0x29, 0x7d,
};

const lv_image_dsc_t doggy_face = {
    .header.cf    = LV_COLOR_FORMAT_RGB565,
    .header.magic = LV_IMAGE_HEADER_MAGIC,
    .header.w     = 320,
    .header.h     = 240,
    .data_size    = 76800 * 2,
    .data         = doggy_face_map,
};
